id,sortNo,分類用,name,yomi,名前,nameChange,所属確認用,城確認用,biography,文字数,旧・手動列伝,文字数,総合,leadership,strength,politics,diplomacy,intelligence,charm,aptAshigaru,aptKiba,aptTeppo,aptYumi,aptBugei,aptNinjutsu,aptMaritime,skill,旧革新,innovation,ambition,duty,affinity,personality,birthYear,startYear,endYear,isKilledInBattle,備考,realFatherId,adoptiveFather,realMotherId,wife,female,childless,clan,belongKunishuId,castleId,城主チェック,loyalty,achievementTotal,isGunshi,isRetired,faceIcon,courtRank,官位チェック,nemesis
2000001,1,浪人,新免|一真,しんめん|かずざね,新免一真,,浪人,三星城,美作の兵法家。新免無二斎。竹山城主・新免宗貫に仕え、天真流を修めた。足利将軍家の剣術師範・吉岡氏との試合に勝ち、主君から新免姓を許された。,69,,0,214,44,69,13,39,49,53,,,,,B,,,,18,5,52,27,25,aggressive,1549,1561,1626,,別名：新免無二斎,,,,,,,0,0,112,,50,0,,,,,,
2000002,2,浪人,新免|玄信,しんめん|はるのぶ,新免玄信,,浪人,三星城,兵法家。宮本武蔵。若年から諸国を修行し、巌流島で佐々木小次郎を破った。二刀を用いる二天一流を大成し、細川忠利に客分として仕え、晩年には兵法書「五輪書」を著した。,80,,0,222,28,86,24,31,53,70,,,,,S,,,,50,50,36,67,25,balanced,1584,1596,1645,,新免一真の子。別名：宮本武蔵,2000001,,,,,,0,0,112,,50,0,,,,,,
2000003,3,浪人,塚原|高幹,つかはら|たかもと,塚原高幹,,浪人,舞鶴城,剣豪。塚原卜伝。鹿島の太刀と香取神道流を学び、三度の廻国修行を重ねた。鹿島神宮に参籠して「一の太刀」を悟り鹿島新當流を大成。足利義輝・北畠具教らに剣を伝えた。,79,,0,225,42,84,24,36,39,72,D,,,,S,,,,50,50,42,90,44,balanced,1489,1501,1571,,別名：塚原卜伝,,,,,,,0,0,59,,50,0,,,,,,
2000004,4,浪人,成安|道頓,なりやす|どうとん,成安道頓,,浪人,高屋城,平野郷の有力者。新川開削を任され、東横堀川と西横堀川を結ぶ工事に着手。大坂の陣では豊臣方として戦い討死した。工事は安井道卜らに引き継がれ、道頓堀として完成した。,80,,0,228,24,15,79,61,49,56,,,,,,,,,71,80,57,63,15,aggressive,1533,1545,1615,true,別名：安井道頓,,,,,,,0,0,56,,50,0,,,,,,
2000005,5,浪人,益田|時貞,ますだ|ときさだ,天草四郎,,浪人,日野江城,天草四郎。幼少期より教養に優れた。島原の乱においてキリシタンの救世主として擁立され一揆軍の総大将を務める。幕府軍の総攻撃により一揆軍は全滅し、皆殺しにされた。,79,,0,322,73,49,63,67,70,70,C,,D,D,,,,,85,100,57,55,36,hermit,1621,1633,1638,,別名：天草四郎,,,,,,,0,0,157,,50,0,,,,,,
2001001,6,諸：仁木家,仁木|某,につき|なにがし,仁木某,,仁木家,喰代城,,0,,0,0,0,0,0,0,0,0,,,,,,,,,0,0,0,0,40,hermit,1510,9999,1560,,,,,,,,,0,1,43,,50,0,,,,,,
2001002,7,諸：仁木家,仁木|長政,につき|ながまさ,仁木長政,,仁木家,喰代城,伊賀守護。阿拝郡西部を中心に勢力を保ったが、国衆の惣国一揆と並存し支配は限定的だった。上野城付近に城郭を構え、吉田兼右を招いて新城の四方固・地鎮祈念を依頼した。,80,,0,242,50,56,39,44,53,55,,,,,,,,,50,50,40,80,40,conservative,1535,1547,1583,,仁木某の子,2001001,,,,,,0,1,43,仁木家当主,50,300,,,,,,
2001003,8,諸：仁木家,仁木|義視,につき|よしみ,仁木義視,,仁木家,喰代城,,0,,0,190,36,17,41,48,48,47,,,,,,,,医術,50,50,19,76,41,balanced,1543,1555,1589,,仁木某の子。伊賀諸勢力→織田信雄。別名：仁木友梅,2001001,,,,,,0,1,43,,50,0,,,,,,
2002001,9,諸：百地家,百地|正永,ももち|まさなが,百地正永,,百地家,柏原城,,0,,0,285,60,67,40,56,62,51,D,,,,,C,,,50,50,74,69,50,hermit,1517,1529,1591,,,,,,,,,0,2,80,百地家当主,50,300,,,,,,
2002002,10,諸：百地家,百地|正西,ももち|まさにし,百地正西,,百地家,柏原城,,0,,0,302,63,77,45,51,66,49,C,,D,D,,C,,,50,50,36,67,50,hermit,1556,1568,1640,,百地正永の子。別名：百地丹波,2002001,,,,,,0,2,80,,50,0,,,,,,
2003001,11,諸：根来衆,津田|算長,つだ|かずなが,津田算長,,根来衆,雑賀城,紀伊吐前城主。種子島から鉄砲を根来へ持ち帰り、芝辻清右衛門に複製を命じて国産銃を製造させた。根来衆へ操法を広め、足利義晴にも砲術を披露し津田流砲術の祖となった。,80,,0,289,66,71,39,60,53,44,,,S,D,,,,,50,50,60,40,83,balanced,1499,1511,1568,,,,,,,,,0,3,42,根来衆当主,50,300,,,,,,
2003002,12,諸：根来衆,津田|算正,つだ|かずまさ,津田算正,,根来衆,雑賀城,,0,,0,258,55,63,36,52,52,39,,,A,,,,,,50,50,70,61,83,balanced,1529,1541,1597,,津田算長の子,2003001,,,,,,0,3,42,,50,0,,,,,,
2005001,13,諸：徳田家,徳田|重清,とくだ|しげきよ,徳田重清,,徳田家,大聖寺城,,0,,0,235,55,61,36,39,44,48,,C,,,,,,,36,30,42,39,51,aggressive,1516,1528,1580,,,,,,,,,0,5,19,徳田家当主,50,300,,,,,,
2006001,14,諸：水野家,水野|忠政,みずの|ただまさ,水野忠政,,水野家,岡崎城,水野氏当主。緒川を本拠に知多北部で勢力を広げ、刈谷にも拠った。松平氏との友好を図って娘・於大を岡崎城主・松平広忠に嫁がせ、形原松平家などとも婚姻を重ねた。,77,,0,293,64,47,61,62,59,56,,,,,,,,,54,55,73,15,91,balanced,1493,1505,1543,,,,,,,,,0,6,48,,50,0,,,,,,
2006002,15,諸：水野家,水野|信元,みずの|のぶもと,水野信元,,水野家,岡崎城,水野氏当主。刈谷城主。今川氏から離れて織田信長と結び、徳川家康との清洲同盟成立にも関わった。のちに武田氏への内通を疑われ、信長の命で殺害された。,72,,0,322,68,71,44,67,72,62,D,,,D,,,C,,54,56,64,37,94,aggressive,1508,1520,1576,true,水野忠政の子。水野→織田→1575徳川,2006001,,,,,,0,6,48,水野家当主,50,300,,,,,,
2006003,16,諸：水野家,水野|利勝,みずの|としかつ,土井利勝,1572:土井|0:どい|0,水野家,岡崎城,徳川家臣。幼い秀忠の守役を務め、成長後は老中として幕政を担った。家光の代にも重用され、大老に任じられた。江戸幕府初期の法制や諸大名統制に深く関わった。,75,,0,306,42,25,86,84,69,60,,,,,,,,,64,70,45,61,94,conservative,1573,1585,1644,,水野信元の子。別名：土井利勝。織田→1575徳川,2006002,,,,,,0,6,48,,50,0,,,,,,
2006004,17,諸：水野家,水野|忠分,みずの|ただわけ,水野忠分,,織田家,清洲城,水野忠政の子。緒川城主。兄・信元とともに織田信長に属し、有岡城攻めに従軍して討死した。,43,,0,177,34,42,35,34,32,44,,,,,,,,,50,50,30,75,98,balanced,1537,1549,1579,true,水野忠政の子。織田家臣,2006001,,,,,,1,0,7,,95,0,,,,,,
2006005,18,諸：水野家,水野|分長,みずの|わけなが,水野分長,,水野家,岡崎城,水野忠分の子。長久手の戦い・小田原征伐で戦功を挙げ、徳川家康の大番頭となった。緒川を経て三河新城1万石を領する大名となり、秀忠・徳川頼房にも仕えた。,74,,0,237,59,69,34,34,41,51,,,,,,,,,48,47,38,62,98,conservative,1562,1574,1623,,水野忠分の子。水野→1590蒲生氏郷→1601徳川,2006004,,,,,,0,6,48,,50,0,,,,,,
2006006,19,諸：水野家,水野|重央,みずの|しげなか,水野重央,,水野家,岡崎城,水野忠分の三男。徳川家康に仕え、頼宣の養育係・付家老となった。浜松城主を経て頼宣の紀州入りに従い、新宮3万5千石を領して新宮水野家の祖となった。,71,,0,281,56,40,62,63,60,56,,,,,,,,,48,47,53,41,98,conservative,1570,1582,1621,,水野忠分の子。水野→1588徳川家臣,2006004,,,,,,0,6,48,,50,0,,,,,,
2006007,20,諸：水野家,水野|忠重,みずの|ただしげ,水野忠重,,水野家,岡崎城,水野忠政の子。兄・信元の旧領を与えられて刈谷城主となり、信長・信雄・秀吉を経て家康に帰属。関ヶ原直前、堀尾吉晴を接待中に加賀井重望と口論となり刺殺された。,77,,0,305,67,68,58,52,60,59,C,D,D,D,,,,,54,56,55,31,91,conservative,1541,1553,1600,true,水野忠政の子。水野→1561徳川→1580織田信雄→1584羽柴→徳川,2006001,,,,,,0,6,48,,50,0,,,,,,
2006008,21,諸：水野家,水野|勝成,みずの|かつなり,水野勝成,,水野家,岡崎城,徳川家臣。父・忠重と不和で出奔し、佐々・小西・加藤らを転々。家康の仲介で帰参し大坂の陣で戦功。大和郡山を経て福山10万石を領し、福山城・城下町・上水を整備した。,79,,0,372,79,95,71,62,65,75,C,C,C,B,D,,,鬼,57,60,85,21,91,balanced,1564,1576,1651,,水野忠重の子。水野→1561徳川→1580織田信雄→1584羽柴→1585浪人→1587佐々→1588小西行長→加藤清正→立花宗茂→三村親成→1594浪人→1599徳川秀忠→家光,2006007,,,,,,0,6,48,,50,0,,,,,,
2006009,22,諸：水野家,川口|宗勝,かわぐち|むねかつ,川口宗勝,,水野家,岡崎城,水野信元・織田信長らに仕え沓掛城主・弓大将となる。関ヶ原では西軍として伏見城攻めで奮戦し、秀頼から加増を受けた。敗戦後は所領を失うも秀忠に許され旗本となった。,79,,0,202,49,46,35,33,39,47,,,,,,,,,50,50,48,50,86,balanced,1548,1560,1612,,水野→織田→信雄→羽柴→徳川,,,,,,,0,6,48,,50,0,,,,,,
2008001,23,諸：甲賀衆,多羅尾|光俊,たらお|みつとし,多羅尾光俊,,甲賀衆,日野城,近江信楽の国衆。近衛家領の現地支配を担い、織田氏と松永久秀の取次も務めた。本能寺の変後、三河へ帰国する徳川家康を信楽で迎えて伊賀越えを助け、警護に尽力した。,78,,0,242,54,70,32,25,61,36,,,,,,B,,,50,50,22,65,25,balanced,1514,1526,1609,,,,,,,,,0,8,40,甲賀衆当主,50,300,,,,,,
2008002,24,諸：甲賀衆,多羅尾|光太,たらお|みつもと,多羅尾光太,,甲賀衆,日野城,光俊の子。徳川家康に仕え、関ヶ原後に信楽の初代代官へ任じられた。近江・河内・伊勢・大和の幕府直轄領を治め、その子孫も代官を世襲して幕末まで多羅尾に陣屋を構えた。,80,,0,222,60,66,25,21,50,41,,D,,,,C,,,50,50,21,67,25,balanced,1552,1564,1647,,多羅尾光俊の子。羽柴→徳川秀忠→家光,2008001,,,,,,0,8,40,,50,0,,,,,,
2008003,25,諸：甲賀衆,鵜飼|孫六,うかい|まごろく,鵜飼孫六,,甲賀衆,日野城,,0,,0,230,57,59,32,25,57,41,,,,,,A,,,50,50,55,40,90,balanced,1530,1542,1589,,,,,,,,,0,8,40,,50,0,,,,,,
2008004,26,諸：甲賀衆,杉谷|善住坊,すぎたに|ぜんじゅうぼう,杉谷善住坊,,甲賀衆,日野城,鉄砲遣い。六角義賢の依頼を受け、千草越で帰国途上の織田信長を狙撃したが失敗。逃亡を続けたのち捕縛され、信長の命で鋸挽きの刑に処された。,67,,0,212,40,62,23,30,57,37,,,S,,,C,,狙撃,50,50,58,36,33,balanced,1531,1543,1573,true,,,,,,,,0,8,40,,50,0,,,,,,
2009001,27,諸：愛洲衆,愛洲|久忠,あいす|ひさただ,愛洲久忠,,愛洲衆,舞鶴城,剣豪。愛洲移香斎。伊勢の愛洲氏に生まれ、諸国を遍歴して日向の鵜戸権現に参籠。剣理を悟って陰流を創始し、その系統は新陰流など近世剣術の諸流派へ大きな影響を与えた。,80,,0,205,46,70,21,26,42,65,,,,,B,,,,50,50,72,15,20,hermit,1452,1464,1538,,,,,,,,,0,9,59,,50,0,,,,,,
2009002,28,諸：愛洲衆,愛洲|宗通,あいす|むねみち,愛洲宗通,,愛洲衆,舞鶴城,久忠の子。愛洲元香斎。父の陰流を継ぎ、関東へ下って上泉信綱や佐竹義重らに奥義を伝えた。陰流は信綱の新陰流を通じて柳生新陰流などへ受け継がれた。,71,,0,206,49,75,24,22,36,64,D,,,,A,,,,36,30,47,44,31,hermit,1519,1531,1590,,愛洲久忠の子,2009001,,,,,,0,9,59,愛洲衆当主,50,300,,,,,,
2010001,29,諸：窪田家,窪田|経忠,くぼた|つねただ,窪田経忠,,窪田家,大聖寺城,,0,,0,240,49,53,34,44,60,48,,,,,,,,,32,25,50,45,51,aggressive,1511,1523,1576,true,,,,,,,,0,10,19,窪田家当主,50,300,,,,,,
2011001,30,諸：服部家,服部|友貞,はっとり|ともさだ,服部友貞,,服部家,長島城,,0,,0,224,57,55,35,37,40,48,D,,C,,,,,,36,30,58,61,51,aggressive,1515,1527,1568,,,,,,,,,0,11,44,服部家当主,50,300,,,,,,
2012001,31,諸：伊賀衆,伊賀崎|道順,いがさき|どうじゅん,伊賀崎道順,,伊賀衆,柏原城,,0,,0,172,39,55,13,9,56,27,,,,,,A,,,50,50,37,65,33,conservative,1539,1551,1599,,,,,,,,,0,12,80,伊賀衆当主,50,300,,,,,,
2012002,32,諸：伊賀衆,植田|光次,うえだ|みつつぐ,植田光次,,伊賀衆,柏原城,,0,,0,262,61,67,37,46,51,30,D,,,,,C,,,23,12,25,58,39,balanced,1512,1524,1586,,,,,,,,,0,12,80,,50,0,,,,,,
2012003,33,諸：伊賀衆,藤林|保豊,ふじばやし|やすとよ,藤林保豊,,伊賀衆,柏原城,,0,,0,261,61,66,33,39,62,38,,,,D,,A,,,50,50,50,50,85,conservative,1538,1550,1581,,,,,,,,,0,12,80,,50,0,,,,,,
2016001,34,諸：徳山家,徳山|則秀,とくやま|のりひで,徳山則秀,,徳山家,曽根城,柴田勝家に仕えて松任城を守り、のちに前田利家に属した。関ヶ原では東軍につき、戦後美濃で5千石を与えられ旗本となった。,58,,0,243,39,51,56,51,46,54,,,,,,,,,50,50,40,61,88,conservative,1544,1556,1606,,,,,,,,,0,16,182,徳山家当主,50,300,,,,,,
2013001,35,諸：風摩党,風摩,ふうま,風摩(初代),,風摩党,小田原城,,0,,0,211,61,65,12,19,54,26,D,,,D,,S,,,68,76,30,84,82,hermit,1486,1498,1552,,,,,,,,,0,13,14,,50,0,,,,,,
2013002,36,諸：風摩党,風摩,ふうま,風摩(2代目),,風摩党,小田原城,,0,,0,259,51,70,27,53,58,35,D,,,,,S,,,68,76,20,44,82,hermit,1537,1549,1616,,風摩（初代）の子,2013001,,,,,,0,13,14,風摩党当主,50,300,,,,,,
2014001,37,諸：羽茂家,羽茂|高信,はもち|たかのぶ,羽茂高信,,羽茂家,雑太城,,0,,0,231,42,39,53,50,47,42,,,,,,,,,18,5,46,36,21,balanced,1496,1508,1564,,,,,,,,,0,14,94,羽茂家当主,50,300,,,,,,
2014002,38,諸：羽茂家,羽茂|高季,はもち|たかすえ,羽茂高季,,羽茂家,雑太城,,0,,0,144,37,32,21,22,32,30,,,,,,,,,18,5,26,64,54,conservative,1514,1526,1589,,羽茂高信の子,2014001,,,,,,0,14,94,,50,0,,,,,,
2014003,39,諸：羽茂家,羽茂|高貞,はもち|たかさだ,羽茂高貞,,羽茂家,雑太城,佐渡国衆。羽茂本間氏当主。本間高貞。羽茂城を拠点に南佐渡へ勢力を広げ、西三川砂金山周辺にも進出した。上杉景勝の佐渡侵攻で落城し、同氏の佐渡支配は終焉した。,77,,0,191,38,46,43,36,28,36,,,,,,,,,18,5,43,40,54,balanced,1535,1547,1589,true,羽茂高季の子。別名：本間高茂、羽茂高茂,2014002,,,,,,0,14,94,,50,0,,,,,,
2014004,40,諸：羽茂家,羽茂|高頼,はもち|たかより,羽茂高頼,,羽茂家,雑太城,,0,,0,157,37,42,26,29,23,31,,,,,,,,,18,5,40,45,54,aggressive,1537,1549,1589,true,羽茂高季の子,2014002,,,,,,0,14,94,,50,0,,,,,,
2015001,41,諸：潟上家,葉梨|秀敏,はなし|ひでとし,葉梨秀敏,,潟上家,雑太城,,0,,0,184,29,30,44,43,38,38,,,,,,,,,26,16,43,45,20,conservative,1526,1538,1572,,,,,,,,,0,15,94,潟上家当主,50,300,,,,,,
2015002,42,諸：潟上家,葉梨|秀高,はなし|ひでたか,葉梨秀高,1572:0|帰本斎:0|きほんさい/1589:潟上|0:かたがみ|0,潟上家,雑太城,,0,,0,211,52,48,28,46,37,43,,,,,,,,,26,16,29,65,20,aggressive,1547,1559,1593,,葉梨秀敏の子,2015001,,,,,,0,15,94,,50,0,,,,,,
2015003,43,諸：潟上家,葉梨|秀光,はなし|ひでみつ,葉梨秀光,1589:潟上|0:かたがみ|0,潟上家,雑太城,,0,,0,166,40,46,27,21,32,37,,,,,,,,,26,16,33,58,20,balanced,1569,1581,1618,,葉梨秀高の子,2015002,,,,,,0,15,94,,50,0,,,,,,
2018001,44,諸：志摩衆,九鬼|泰隆,くき|やすたか,九鬼泰隆,,志摩衆,波切城,志摩国衆。北畠晴具に属して戦功を挙げる。志摩国では諸勢力間での不可侵条約が結ばれていたが、積極的に勢力を拡大。そのため周辺国衆から敵視されるようになった。,77,志摩国の豪族。北畠晴具に属して戦功を挙げる。志摩国では諸勢力間での不可侵条約が結ばれていたが、積極的に勢力を拡大。そのため周辺豪族から敵視されるようになった。,79,243,62,64,34,43,40,47,D,D,,,,,B,,26,16,69,50,3,balanced,1490,1502,1553,,,,,,,,,0,18,78,,50,0,,,,,,
2018002,45,諸：志摩衆,九鬼|定隆,くき|さだたか,九鬼定隆,,志摩衆,波切城,志摩国衆。泰隆の子。九鬼嘉隆の父。当時の九鬼氏は「嶋衆」の一勢力にすぎず周辺国衆と抗争した。定隆の没後は浄隆が継ぎ、その死後嘉隆が一族を率いて志摩統一へ進んだ。,80,志摩国の豪族。九鬼泰隆の子。志摩十三地頭に連なる。,25,258,67,61,41,45,44,52,,,,D,,,A,,36,30,62,51,3,balanced,1511,1523,1551,true,九鬼泰隆の子,2018001,,,,,,0,18,78,,50,0,,,,,,
2018003,46,諸：志摩衆,九鬼|浄隆,くき|きよたか,九鬼浄隆,,志摩衆,波切城,志摩九鬼氏当主。田城城主。弟の嘉隆とともに北畠氏の支援を受けた志摩諸勢力の攻撃を防いだが、戦いのさなかに死去した。幼い子の澄隆が家督を継いだ。,71,,0,236,63,65,35,30,43,69,C,,D,B,,,B,,41,37,71,47,3,balanced,1532,1544,1563,true,九鬼定隆の子,2018002,,,,,,0,18,78,志摩衆当主,50,300,,,,,,
2018004,47,諸：志摩衆,九鬼|澄隆,くき|すみたか,九鬼澄隆,,志摩衆,波切城,浄隆の子。志摩九鬼氏当主。幼くして家督を継ぎ叔父の嘉隆の補佐を受けた。志摩諸勢力の攻撃で田城城を失い朝熊山へ退いたが、嘉隆が織田信長に仕えたのち城を奪還した。,79,,0,204,51,67,28,20,38,41,,,,,,,A,,26,16,19,50,3,balanced,1551,1563,1584,true,九鬼浄隆の子,2018003,,,,,,0,18,78,,50,0,,,,,,
2018005,48,諸：志摩衆,九鬼|嘉隆,くき|よしたか,九鬼嘉隆,,志摩衆,波切城,九鬼氏当主。志摩国衆をまとめて織田信長に仕え、九鬼水軍を率いた。本願寺攻めでは毛利水軍と戦い、のちに羽柴秀吉にも従った。関ヶ原では西軍に属し、敗戦後に自害した。,80,,0,337,73,76,51,62,75,72,D,,C,B,,,S,,75,85,64,60,2,aggressive,1542,1554,1600,true,九鬼定隆の子,2018002,,,,,,0,18,78,,50,0,,,,,,
2018006,49,諸：志摩衆,九鬼|守隆,くき|もりたか,九鬼守隆,,志摩衆,波切城,九鬼嘉隆の子。父から家督を継ぎ、関ヶ原では徳川方の東軍に属した。戦後は鳥羽藩主として加増され、大坂の陣にも参戦。九鬼水軍を率いて幕府の海上輸送にも貢献した。,78,,0,283,63,64,41,56,59,47,D,,D,D,,,B,,57,60,38,67,2,conservative,1573,1585,1632,,九鬼嘉隆の子,2018005,,,,,,0,18,78,,50,0,,,,,,
2019001,50,諸：播磨国,有馬|重則,ありま|しげのり,有馬重則,,有馬家,三木城,摂津有馬氏の一族。三津田城主。有馬郡を領し、播磨へ勢力を伸ばした。子の則頼はのちに豊臣・徳川政権下で大名となった。,57,,0,209,48,69,33,27,32,42,D,,,,,,,,26,16,39,50,5,aggressive,1513,1525,1567,,,,,,,,,0,19,25,有馬家当主,50,300,,,,,,
2019002,51,諸：播磨有馬家,有馬|則頼,ありま|のりより,有馬則頼,,有馬家,三木城,播磨有馬氏当主。淡河城主。羽柴秀吉に仕えて各地を転戦し、秀吉の没後は子の豊氏と徳川家康に従った。関ヶ原で東軍として戦功を挙げ、戦後は摂津三田へ加増転封された。,79,,0,223,25,36,59,54,49,50,,,,,,,,,50,50,44,55,5,conservative,1533,1545,1602,,有馬重則の子,2019001,,,,,,0,19,25,,50,300,,,,,,
2019003,52,諸：播磨有馬家,有馬|豊氏,ありま|とようじ,有馬豊氏,,有馬家,三木城,有馬則頼の子。豊臣秀吉に仕え遠江横須賀を領した。関ヶ原では東軍として功を挙げ丹波福知山六万石へ加増。大坂の陣後は筑後久留米二十一万石へ転封され初代藩主となった。,80,,0,269,62,46,56,54,51,59,D,D,C,,,,,,64,70,53,50,95,conservative,1569,1581,1642,,有馬則頼の子。播磨有馬→羽柴→徳川,2019002,,,,,,0,19,25,,50,0,,,,,,
2019004,53,諸：播磨有馬家,稲次|重知,いなつぎ|しげとも,稲次重知,,有馬家,三木城,,0,,0,218,47,47,43,40,41,50,,,,,,,,,57,60,54,45,95,conservative,1559,1571,1638,,,,,,,,,0,19,25,,50,0,,,,,,
2020001,54,諸：塩屋家,塩屋|秋貞,しおや|あきさだ,塩屋秋貞,,塩屋家,松倉城,飛騨国衆。尾崎城主。武田勢の侵攻で越中へ退き、のち猿倉・栂尾両城を拠点に進出。福沢・今泉両城を攻略し、岩木にも砦を築いて城尾城を攻め、大沢野で討死した。,76,,0,244,36,41,67,58,42,47,,,,,,,,,22,11,39,58,44,conservative,1521,1533,1583,,,,,,,,,0,20,29,塩屋家当主,50,300,,,,,,
2021001,55,諸：土肥家,土肥|政繁,どい|まさしげ,土肥政繁,,土肥家,富山城,越中新川郡の国衆。弓庄城主。上杉景勝に従い、織田方の佐々成政が越中へ進出した後も弓庄城を守って抗戦した。,52,,0,218,59,52,27,32,48,45,,,,,,,,,29,21,37,55,3,aggressive,1540,1552,1590,,,,,,,,,0,21,24,土肥家当主,50,300,,,,,,
2022001,56,諸：川並衆,蜂須賀|利政,はちすか|としまさ,蜂須賀利政,1557:0|正勝:0|まさかつ,川並衆,吉藤城,尾張国衆。蜂須賀小六。羽柴秀吉に従い中国攻めを転戦し、毛利氏との講和や国境画定でも活躍。播磨龍野を領し、四国平定後に与えられた阿波は辞退して子の家政に譲った。,79,,0,372,71,80,67,78,76,69,C,,,C,,,,,71,80,43,67,10,aggressive,1526,1538,1586,,尾張国衆→羽柴。別名：蜂須賀政勝、蜂須賀小六,,,,,,,0,22,180,川並衆当主,50,300,,,,,,
2022002,57,諸：川並衆,蜂須賀|家政,はちすか|いえまさ,蜂須賀家政,,川並衆,吉藤城,蜂須賀正勝の子。秀吉の四国攻め後に阿波を与えられ、徳島城を築き城下町を整えた。九州平定や朝鮮出兵にも従軍。関ヶ原前に家督を至鎮へ譲り、徳川方との関係を整えた。,79,,0,363,69,62,76,81,75,60,D,,D,D,,,,,50,50,52,44,5,conservative,1558,1570,1638,,蜂須賀利政の子。尾張国衆→羽柴,2022001,,,,,,0,22,180,,50,0,,,,,,
2022003,58,諸：川並衆,蜂須賀|至鎮,はちすか|よししげ,蜂須賀至鎮,,川並衆,吉藤城,家政の子。徳川家康の養女を妻とし、関ヶ原では東軍に属して阿波領を安堵された。大坂の陣で戦功を挙げ淡路を加増され、阿波・淡路25万石余の基礎を築いた。,73,,0,332,70,55,71,70,66,67,,,,,,,,,54,55,45,55,6,aggressive,1586,1598,1620,,蜂須賀家政の子。尾張国衆→羽柴,2022002,,,,,,0,22,180,,50,0,,,,,,
2022004,59,諸：川並衆,前野|長康,まえの|ながやす,前野長康,,川並衆,吉藤城,豊臣家臣。秀吉の古参。墨俣築城、四国攻め、小田原攻めなどで功を挙げ、但馬出石六万石を領した。豊臣秀次事件に連座して謀反の罪に問われ、子・景定とともに切腹した。,79,,0,301,66,75,51,40,69,63,C,,D,,,,,,64,70,49,55,4,balanced,1528,1540,1595,,,,,,,,,0,22,180,,50,0,,,,,,
2022005,60,諸：川並衆,前野|忠康,まえの|ただやす,前野忠康,,川並衆,吉藤城,豊臣秀次家臣。舞兵庫。若江八人衆の一人。秀次失脚後は石田三成に属した。関ヶ原前の合渡川で千人を率いて黒田・田中勢と戦い、退却後も石田隊の先鋒として本戦に臨んだ。,80,,0,334,74,78,56,58,68,70,D,D,,D,,,,,64,70,33,78,4,aggressive,1560,1572,1600,true,前野長康の子,2022004,,,,,,0,22,180,,50,0,,,,,,
2023001,61,諸：赤木家,赤木|忠国,あかぎ|ただくに,赤木忠国,,赤木家,松山城,備中国衆。滝谷城主。尼子氏から離れて大内方に立ち、三村家親らと郡山城を囲む尼子軍の糧道を脅かして撤退を促した。大内義隆から感状と太刀を受け、のち毛利方に属した。,80,,0,226,55,47,43,38,43,42,,,,,,,,,18,5,30,59,48,balanced,1510,1522,1581,,三村→毛利,,,,,,,0,23,117,赤木家当主,50,300,,,,,,
2023002,62,諸：赤木家,赤木|忠房,あかぎ|ただふさ,赤木忠房,,赤木家,松山城,,0,,0,243,56,63,41,37,46,49,,,,,,,,,30,22,36,56,48,balanced,1542,1554,1607,,赤木忠国の子,2023001,,,,,,0,23,117,,50,0,,,,,,
2023003,63,諸：赤木家,赤木|忠直,あかぎ|ただなお,赤木忠直,,赤木家,松山城,,0,,0,209,49,61,34,30,35,45,,,,,,,,,36,30,66,45,48,aggressive,1563,1575,1614,true,赤木忠房の子,2023002,,,,,,0,23,117,,50,0,,,,,,
2024001,64,諸：高梨家,高梨|秀政,たかなし|ひでまさ,高梨秀政,,高梨家,飯山城,,0,,0,247,46,59,52,47,43,48,D,,,,,,,,25,15,46,50,24,balanced,1528,1540,1572,,,,,,,,,0,24,70,高梨家当主,50,300,,,,,,
2025001,65,諸：岩松家,岩松|氏純,いわまつ|うじずみ,岩松氏純,,由良家,厩橋城,岩松氏当主。昌純の弟。横瀬氏が実権を握るなか家督を継いだが、その支配を覆せず自害に追い込まれた。子の守純も金山城を追われ、岩松氏は横瀬氏の下克上で没落した。,78,,0,184,38,31,40,35,40,66,,,,,,,,,18,5,59,60,76,conservative,1507,1519,1548,,没後、由良家に乗っ取られる,,,,,,,0,25,6,,50,0,,,,,,
2025002,66,諸：岩松家,岩松|守純,いわまつ|もりずみ,岩松守純,,由良家,厩橋城,岩松氏当主。氏純の子。横瀬氏の下克上で金山城を追われ山田郡菱に隠棲。小田原征伐後は徳川家康と接触。のち子の豊純と召見されたが二十石のみを与えられ世良田へ移った。,80,,0,196,36,44,34,39,43,68,,,,,,,,,18,5,73,55,79,conservative,1532,1544,1616,,岩松氏純の子,2025001,,,,,,0,25,6,,50,0,,,,,,
2025003,67,諸：由良家,横瀬|泰繁,よこぜ|やすしげ,横瀬泰繁,,由良家,厩橋城,岩松家臣。横瀬氏当主。金山城を拠点に家中の実権を握り、享禄の変では主君・岩松昌純を排して下剋上を達成。横瀬氏が金山城主となり、のちの由良氏の基礎を築いた。,77,,0,319,66,62,65,65,61,63,D,,,,,,,,43,40,42,55,8,aggressive,1484,1496,1545,true,,,,,,,,0,25,6,,50,0,,,,,,
2025004,68,諸：由良家,由良|成繁,ゆら|なりしげ,由良成繁,,由良家,厩橋城,上野金山城主。横瀬氏から由良氏を称し、上杉・北条の間を転じながら東上野を維持。越相同盟では両氏の仲介に動き、北条方に転じた後は上杉謙信の攻撃から金山城を守った。,80,,0,308,55,55,63,67,68,56,D,,,,,,,,26,16,43,44,8,balanced,1506,1518,1578,,横瀬泰繁の子,2025003,,,,,,0,25,6,由良家当主,50,300,,,,,,
2025005,69,諸：由良家,由良|国繁,ゆら|くにしげ,由良国繁,,由良家,厩橋城,成繁の子。上野金山城主。北条氏と対立して城を失い、小田原征伐では北条方として籠城。母の妙印尼の働きもあり、戦後は常陸牛久に所領を与えられた。,70,,0,258,46,42,58,57,55,53,,,,,,,,,43,40,49,44,8,balanced,1550,1562,1611,,由良成繁の子、赤井輝の養子,2025004,2025009,,,,,0,25,6,,50,0,,,,,,
2025006,70,諸：由良家,渡瀬|繁詮,わたらせ|しげあき,渡瀬繁詮,,由良家,厩橋城,由良成繁の子。秀吉に仕え小田原征伐に従軍。後に秀次付きとなり遠江横須賀3万石を領し、秀次の蔵入地1万8千石も代官として管理。秀次事件に連座して改易され自害した。,79,,0,247,43,45,56,53,50,54,,,,,,,,,43,40,30,72,8,aggressive,1555,1567,1595,,由良成繁の子,2025004,,,,,,0,25,6,,50,0,,,,,,
2025007,71,長尾家,長尾|顕長,ながお|あきなが,長尾顕長,,長尾家,坂戸城,由良成繁の子。足利長尾氏の養子となり、館林城・足利城主を務めた。北条氏に属し、小田原征伐では小田原城に籠城した。,56,,0,219,49,44,43,40,43,48,,,,,,,,,36,30,31,67,14,aggressive,1556,1568,1621,,由良成繁の子、長尾当長の養子、赤井輝の養子,2025004,1001067|2025009,,,,,2,0,68,,95,0,,,,,,
2025008,72,諸：由良家,赤井|重秀,あかい|しげひで,赤井重秀,,由良家,厩橋城,,0,,0,239,39,36,54,58,52,47,,,,,,,,,26,16,36,54,2,balanced,1492,1504,1557,,,,,,,,,0,25,6,,50,0,,,,,,
2025009,73,諸：由良家,赤井|輝,あかい|てる,赤井輝,,由良家,厩橋城,由良成繁の妻。妙印尼。国繁らが北条氏に拘束された際は金山城を支え、小田原征伐では豊臣方に協力し由良家存続に貢献した。,58,,0,309,71,47,56,72,63,60,,,,,,,,,36,30,34,62,2,balanced,1514,1526,1594,,赤井重秀の子。別名：妙印尼,2025008,,,,true,,0,25,6,,50,0,,,akai_teru.webp,,,
2027001,74,諸：柳生家,柳生|家厳,やぎゅう|いえよし,柳生家厳,,柳生家,筒井城,大和柳生庄の国衆。柳生氏当主。三好長慶・松永久秀らに属して所領を守り、子の宗厳へ家督を譲った。,47,,0,271,61,71,55,45,39,62,C,,,,B,,,,29,21,37,55,91,aggressive,1497,1509,1585,,,,,,,,,0,27,53,柳生家当主,50,300,,,,,,
2027002,75,諸：柳生家,柳生|宗厳,やぎゅう|むねよし,柳生宗厳,1593:0|石舟斎:0|せきしゅうさい,柳生家,筒井城,大和柳生庄の国衆・剣豪。上泉信綱に新陰流を学び、印可を受けて柳生新陰流を継承。徳川家康に兵法を披露して子の宗矩を仕官させ、関ヶ原後には旧領500石を与えられた。,79,,0,248,53,83,33,38,41,77,,,,D,S,,,,43,40,40,85,91,hermit,1527,1539,1606,,柳生家厳の子。別名：柳生石舟斎,2027001,,,,,,0,27,53,,50,0,,,,,,
2027003,76,諸：柳生家,柳生|宗章,やぎゅう|むねあき,柳生宗章,,柳生家,筒井城,柳生宗厳の子。宗矩の兄。剣術に通じ、伯耆米子で横田村詮の客分となる。村詮が誅殺された横田騒動では横田一族に加勢し、米子城の一角に籠って抗戦した末に討死した。,78,,0,230,30,72,50,41,37,63,,,,,B,,,,57,60,38,67,91,hermit,1566,1578,1603,,柳生宗厳の子,2027002,,,,,,0,27,53,,50,0,,,,,,
2027004,77,諸：柳生家,柳生|宗矩,やぎゅう|むねのり,柳生宗矩,,柳生家,筒井城,柳生宗厳の子。家康に仕え旧領を回復し、秀忠・家光の兵法指南役を務めた。新陰流を将軍家へ広め、初代惣目付として大名監察に従事。加増を重ね大名となり柳生藩を立てた。,80,,0,374,63,82,73,77,79,74,C,,,D,A,,,,50,50,72,15,81,conservative,1571,1583,1646,,柳生宗厳の子。柳生→浪人→徳川,2027002,,,,,,0,27,53,,50,0,,,,,,
2027005,78,諸：柳生家,柳生|三厳,やぎゅう|じゅうべえ,柳生三厳,,柳生家,筒井城,柳生宗矩の子。柳生十兵衛。徳川家光の小姓となったが一時出仕を離れ、柳生庄で新陰流の研究と門弟指導に専念した。のち復帰し、兵法の研究成果を「月之抄」にまとめた。,79,,0,210,57,69,14,28,42,58,,,,,B,,,,50,50,61,45,91,aggressive,1607,1619,1650,,柳生宗矩の子。徳川家臣,2027004,,,,,,0,27,53,,50,0,,,,,,
2028001,79,諸：望月家,望月|吉棟,もちづき|よしむね,望月吉棟,,望月家,日野城,,0,,0,214,60,61,24,19,50,47,,,,,,C,,,50,50,58,35,33,balanced,1537,1549,1612,,,,,,,,,0,28,40,望月家当主,50,300,,,,,,
2029001,80,諸：森田家,森田|浄雲,もりた|じょううん,森田浄雲,,森田家,喰代城,伊賀国大内郷上之庄の地頭。天正伊賀の乱後、一之宮の蜂起に加わって羽柴方へ抵抗した。六十歳の老将ながら敵将を組み伏せて奮戦したが、蜂起は鎮圧され討死した。,76,,0,295,65,66,48,55,61,60,C,,,,,,,,39,35,60,73,43,balanced,1510,1522,1581,,,,,,,,,0,29,43,森田家当主,50,300,,,,,,
2030001,81,諸：越智家,越智|家増,おち|いえます,越智家増,,越智家,信貴山城,,0,,0,219,51,68,34,30,36,44,,D,,,,,,,26,16,36,55,20,aggressive,1519,1531,1577,,,,,,,,,0,30,39,越智家当主,50,300,,,,,,
2031001,82,諸：宮郷衆,太田|定久,おおた|さだひさ,太田定久,,宮郷衆,手取城,,0,,0,250,48,53,45,49,55,47,,,D,,,,,,22,11,34,55,59,balanced,1531,1543,1590,,,,,,,,,0,31,102,宮郷衆当主,50,300,,,,,,
2032001,83,諸：野長瀬家,野長瀬|盛秀,のながせ|もりひで,野長瀬盛秀,,野長瀬家,手取城,,0,,0,162,29,29,25,30,49,37,,,,,,,,,26,16,27,67,57,balanced,1537,1549,1586,,,,,,,,,0,32,102,野長瀬家当主,50,300,,,,,,
2033001,84,諸：原田美作家,原田|忠長,はらだ|ただなが,原田忠長,,原田家,三星城,,0,,0,257,41,43,57,58,58,52,,,,,,,,,36,30,43,50,34,balanced,1504,1516,1543,,尼子家臣,,,,,,,0,33,112,,50,0,,,,,,
2033002,85,諸：原田美作家,原田|貞佐,はらだ|さだすけ,原田貞佐,,原田家,三星城,,0,,0,169,36,42,31,27,33,40,,,,,,,,,36,30,39,55,34,aggressive,1528,1540,1592,,原田忠長の子。尼子→宇喜多,2033001,,,,,,0,33,112,原田家当主,50,300,,,,,,
2033003,86,諸：原田美作家,原田|忠佐,はらだ|ただすけ,原田忠佐,,原田家,三星城,,0,,0,221,35,51,46,43,46,47,,,,,,,,,36,30,39,55,65,balanced,1577,1589,1621,,原田貞佐の子。宇喜多家臣,2033002,,,,,,0,33,112,,50,0,,,,,,
2034001,87,諸：竹内家,竹内|久盛,たけうち|ひさもり,竹内久盛,,竹内家,高田城,美作一ノ瀬城主。武芸を研鑽して捕手・小具足を中心とする竹内流を創始した。流儀は子・孫の三代で体系化され、多くの支流を生んで後世の柔術諸流に大きな影響を与えた。,79,,0,191,34,67,27,26,37,46,D,,,,,,,,50,50,40,61,58,hermit,1503,1515,1595,,,,,,,,,0,34,113,竹内家当主,50,300,,,,,,
2035001,88,諸：志知衆,菅|重勝,かん|しげかつ,菅重勝,,志知衆,洲本城,,0,,0,172,37,43,32,29,31,41,,,,,,,,,50,50,58,35,42,balanced,1519,1531,1583,,菅遠江？,,,,,,,0,35,87,志知衆当主,50,300,,,,,,
2035002,89,諸：志知衆,菅|達長,かん|みちなが,菅達長,,志知衆,洲本城,淡路の水軍武将。豊臣秀吉の天下統一事業に加わり、水軍を率いて一万五千石の大名となる。文禄・慶長の役にも出陣し、海戦のほか輸送・船団護衛・城の守備を担った。,77,,0,225,55,67,28,31,44,50,D,,C,D,,,B,,50,50,56,38,42,aggressive,1555,1567,1614,,菅重勝の子,2035001,,,,,,0,35,87,,50,0,,,,,,
2036001,90,諸：中島家,中島|輝行,なかじま|てるゆき,中島輝行,,中島家,神辺城,,0,,0,230,47,47,43,44,49,46,,,,,,,,,29,21,40,50,50,balanced,1528,1540,1567,,,,,,,,,0,36,118,中島家当主,50,300,,,,,,
2036002,91,諸：中島家,中島|元行,なかじま|もとゆき,中島元行,,中島家,神辺城,,0,,0,259,61,60,50,45,43,51,D,,,,,,,,26,16,24,72,50,aggressive,1552,1564,1614,,中島輝行の子,2036001,,,,,,0,36,118,,50,0,,,,,,
2037001,92,諸：植木家,植木|秀長,うえき|ひでなが,植木秀長,,植木家,松山城,,0,,0,213,43,42,32,41,55,42,,,,,,,,,29,21,56,27,42,balanced,1494,1506,1569,,,,,,,,,0,37,117,植木家当主,50,300,,,,,,
2037002,93,諸：植木家,植木|秀資,うえき|ひですけ,植木秀資,,植木家,松山城,,0,,0,179,29,28,47,39,36,37,,,,,,,,,29,21,56,27,42,aggressive,1540,1552,1579,,植木秀長の子,2037001,,,,,,0,37,117,,50,0,,,,,,
2038001,94,諸：益田家,益田|尹兼,ますだ|ただかね,益田尹兼,,益田家,高津城,石見益田氏当主。大内義興に従って上洛し、尼子氏と戦った。のちに家督を子の藤兼に譲りつつ、益田氏の領国経営を支えた。,57,,0,265,65,54,46,48,52,53,,,,,,,C,,40,35,48,44,65,balanced,1493,1505,1565,,大内→陶→毛利,,,,,,,0,38,111,益田家当主,50,300,,true,,,,
2038002,95,諸：益田家,益田|藤兼,ますだ|ふじかね,益田藤兼,,益田家,高津城,石見益田氏当主。陶晴賢の敗死後、毛利氏と和睦してその傘下に入り、尼子攻めなどに従軍した。七尾城や三宅御土居を整え、海外貿易と城下町の発展にも力を注いだ。,76,,0,277,52,53,56,58,58,55,D,,,,,,C,,36,30,43,50,65,balanced,1529,1541,1596,,益田尹兼の子,2038001,,,,,,0,38,111,,50,0,,,,,,
2038003,96,諸：益田家,益田|元祥,ますだ|もとよし,益田元祥,,益田家,高津城,藤兼の子。毛利輝元に仕えて各地で戦功を挙げた。関ヶ原後は主家に従い石見益田から長門須佐へ移り、永代家老として領国経営と藩財政再建に尽力し長州藩の基礎を築いた。,79,,0,250,23,28,82,66,51,58,,,,,,,D,,36,30,31,67,65,conservative,1558,1570,1640,,益田藤兼の子,2038002,,,,,,0,38,111,,50,0,,,,,,
2038004,97,諸：益田家,益田|景祥,ますだ|かげよし,益田景祥,,益田家,高津城,毛利家臣。益田元祥の次男。幼少期に宗像氏貞の後継者として養子に入り、宗像才鶴と称した。兄・広兼の死後に実家へ戻り、小早川隆景に仕えて朝鮮出兵で軍功を挙げた。,78,,0,301,56,64,68,61,52,56,,,,,,,C,,26,16,28,66,65,aggressive,1577,1589,1630,,益田元祥の子,2038003,,,,,,0,38,111,,50,0,,,,,,
2039001,98,諸：阿曽沼家,阿曽沼|広秀,あそぬま|ひろひで,阿曽沼広秀,,阿曽沼家,鏡山城,安芸熊野の国衆。毛利氏に従い、厳島合戦に先立つ矢野要害攻めの時期には、毛利方の命を受けた軍勢で大内方を退けた阿土・熊野一帯の管理を担い、毛利方の支配を固めた。,79,,0,225,38,37,48,49,53,43,,,,,,,,,26,16,52,32,65,aggressive,1527,1539,1597,,,,,,,,,0,39,121,阿曽沼家当主,50,300,,,,,,
2040001,99,諸：羽床家,羽床|資載,はゆか|すけとし,羽床資載,,羽床家,天霧城,讃岐羽床城主。三好方として長尾氏らと藤目城奪回に参加し、西庄城も攻めた。長宗我部元親の讃岐侵攻では羽床城を守って抗戦したが降伏し、以後は長宗我部方に属した。,78,,0,233,49,51,47,42,44,49,D,,,,,,,,36,30,45,59,70,balanced,1533,1545,1582,,,,,,,,,0,40,128,羽床家当主,50,300,,,,,,
2041001,100,諸：高原家,高原|次利,たかはら|つぐとし,高原次利,,高原家,十河城,讃岐直島の国衆。水軍を率いて瀬戸内海で活動。備中高松城攻めで秀吉軍の海上警護を務め、直島・男木島・女木島の領有を認められた。九州攻めにも水軍を率いて参加した。,79,,0,213,38,41,56,43,35,45,,,,,,,,,36,30,39,42,56,conservative,1532,1544,1619,,,,,,,,,0,41,127,高原家当主,50,300,,,,,,
2042001,101,諸：筑紫家,筑紫|惟門,つくし|これかど,筑紫惟門,,筑紫家,古処山城,肥前勝尾城主。筑紫氏当主。大友氏の攻撃で一時没落したが再起し、兵を率いて博多を襲撃。龍造寺隆信・神代勝利らに敗れて再び没落し、筑前五ケ山に蟄居した。,74,,0,237,45,50,40,46,56,47,,,,,,,,,26,16,36,55,45,balanced,1531,1543,1567,,,,,,,,,0,42,149,筑紫家当主,50,300,,,,,,
2042002,102,諸：筑紫家,筑紫|広門,つくし|ひろかど,筑紫広門,,筑紫家,古処山城,肥前勝尾城主。大友・龍造寺・島津の間で独立を図るが島津軍に敗れ捕縛。秀吉の九州平定後に筑後で所領を得て朝鮮へ出陣。関ヶ原では西軍として大津城を攻め、改易された。,80,,0,278,41,46,59,65,67,50,,,,,,,,,26,16,59,21,45,balanced,1556,1567,1623,,筑紫惟門の子。立花家臣,2042001,,,,,,0,42,149,,50,0,,,,,,
2043001,103,諸：入来院家,入来院|重朝,いりきいん|しげとも,入来院重朝,,入来院家,平佐城,薩摩入来院氏当主。市来氏などと結んで島津貴久と争い、のちに和睦。北薩摩の所領を維持した。,44,,0,305,58,65,57,61,64,63,,,,,,,,,68,75,79,35,81,aggressive,1490,1502,1562,,,,,,,,,0,43,168,入来院家当主,50,300,,,,,,
2043002,104,諸：入来院家,入来院|重嗣,いりきいん|しげつぐ,入来院重嗣,,入来院家,平佐城,入来院氏当主。島津氏との抗争を続けたが、義久に降伏して高江・隈之城などの諸城を明け渡した。本領の清敷を安堵され、以後は島津氏に従った。,67,,0,286,57,48,56,64,61,63,,,,,,,,,70,79,39,58,48,balanced,1531,1543,1576,,入来院重朝の子,2043001,,,,,,0,43,168,,50,0,,,,,,
2043003,105,諸：入来院家,入来院|重豊,いりきいん|しげとよ,入来院重豊,,入来院家,平佐城,入来院重嗣の子。島津義久に従う。謀反の風聞が立つと所領の一部を返上し安堵された。高原城・耳川に参陣し、水俣城攻めでは脇大将を務めた。嗣子なく重時を養子とした。,79,,0,231,46,33,50,53,49,57,,,,,,,,,72,81,41,71,48,balanced,1558,1570,1583,,入来院重嗣の子,2043002,,,,,,0,43,168,,50,0,,,,,,
2043004,106,諸：入来院家,祁答院|良重,けどういん|よししげ,祁答院良重,,入来院家,平佐城,薩摩祁答院氏当主。蒲生氏らと結んで島津貴久と抗争し、祁答院地方を支配した。のち妻の島津氏に酒席で刺殺され、祁答院氏の嫡流は断絶した。,66,,0,226,56,66,27,31,46,47,,,,,,,,,36,30,43,50,80,balanced,1526,1538,1566,,,,,,,,,0,43,168,,50,0,,,,,,
2044001,107,諸：北原家,北原|兼孝,きたはら|かねたか,北原兼孝,,北原家,加久藤城,日向北原氏一族。兼守が嗣子なく没すると後継に推された。伊東義祐が未亡人を馬関田右衛門佐へ再嫁させて家督に介入すると、兼孝は殺害され領地は一時伊東氏に奪われた。,79,,0,221,31,40,36,49,65,51,,,,,,,,,47,45,31,72,51,balanced,1501,1513,1562,,,,,,,,,0,44,167,北原家当主,50,300,,,,,,
2045001,108,諸：三田井家,三田井|親武,みたい|ちかたけ,三田井親武,,三田井家,縣城,高千穂の国衆。三田井氏当主。九州平定後、高橋元種に従わず抵抗。元種に内通した重臣・甲斐宗摂に本城へ忍び込まれ、寝所で槍に刺されて討たれ、城にも火を放たれた。,78,,0,284,53,67,63,54,47,58,,,,,,,,,50,50,52,44,84,aggressive,1532,1544,1591,,,,,,,,,0,45,162,三田井家当主,50,300,,,,,,
2046001,109,諸：隈部家,隈部|親永,くまべ|ちかなが,隈部親永,,隈部家,柳川城,肥後国衆。隈府城主。佐々成政の検地に反発して肥後国衆一揆を起こし、城村城で立花宗茂らの大軍を相手に抗戦した。黒田孝高の勧告を受けて降伏し、翌年柳川で処刑された。,80,,0,232,38,40,44,51,59,44,,,,,,,,,26,16,55,27,65,balanced,1516,1528,1588,,,,,,,,,0,46,150,隈部家当主,50,300,,,,,,
2047001,110,諸：興福寺,福住|宗職,ふくずみ|むねもと,福住宗職,,興福寺,筒井城,筒井氏一族。大和福住の国衆。順昭の没後、幼い甥・順慶を後見して筒井家を支えた。春日大社関係者への書状を多数残し、西念寺の十一面観音開眼では大旦那を務めた。,77,,0,264,52,27,63,71,51,54,,,,,,,,,16,2,62,27,1,hermit,1501,1513,1569,,,,,,,,,0,47,53,興福寺当主,50,300,,,,,,
2047002,111,諸：興福寺,宝蔵院|胤栄,ほうぞういん|いんえい,宝蔵院胤栄,,興福寺,筒井城,興福寺宝蔵院の僧。槍術を好み、鎌槍を用いる宝蔵院流槍術を創始した。上泉信綱ら諸流の達人とも交流し、奈良を代表する武芸者として後世に大きな影響を与えた。,75,,0,260,52,70,43,48,47,62,D,,,,B,,,,50,50,52,44,2,balanced,1521,1533,1607,,,,,,,,,0,47,53,,50,0,,,,,,
2047003,112,諸：興福寺,宝蔵院|胤舜,ほうぞういん|いんしゅん,宝蔵院胤舜,,興福寺,筒井城,興福寺宝蔵院の僧。胤栄の跡を継ぎ、旧門弟から槍術を学んで宝蔵院流2代となった。表十五箇条に対して裏十一箇条の形を工夫し、宝蔵院流槍術の伝授体系を確立した。,77,,0,244,46,72,34,51,41,56,D,,,,B,,,,50,50,70,40,2,aggressive,1589,1601,1648,,,,,,,,,0,47,53,,50,0,,,,,,
2050001,113,諸：吉岡家,吉岡|直賢,よしおか|なおかた,吉岡直賢,,吉岡家,二条城,,0,,0,211,32,72,30,39,38,52,,,,,A,,,,36,30,49,55,85,conservative,1535,1547,1591,,別名：吉岡憲法,,,,,,,0,50,26,吉岡家当主,50,300,,,,,,
2050002,114,諸：吉岡家,吉岡|直綱,よしおか|なおつな,吉岡直綱,,吉岡家,二条城,,0,,0,199,35,79,24,29,32,58,D,,,,A,,,,20,8,40,61,75,conservative,1577,1589,1615,true,吉岡直賢の子。別名：吉岡清十郎,2050001,,,,,,0,50,26,,50,0,,,,,,
2050003,115,諸：吉岡家,吉岡|直重,よしおか|なおしげ,吉岡直重,,吉岡家,二条城,,0,,0,211,22,76,34,40,39,49,,,,,B,,,,75,86,74,32,75,aggressive,1580,1592,1614,true,吉岡直賢の子。別名：吉岡伝七郎,2050001,,,,,,0,50,26,,50,0,,,,,,
2051001,116,諸：鐘捲衆,鐘捲|通家,かねまき|みちいえ,鐘捲自斎,,鐘捲衆,金ヶ崎城,剣術家。鐘捲自斎。富田景政らに富田流を学び、小太刀と工夫した中太刀の技に通じた。山崎左近将監・長谷川宗喜と「富田の三家」と称され、鐘捲流を開き一派を成した。,78,,0,166,23,73,23,20,27,49,D,,,,B,,,,20,8,43,48,75,aggressive,1532,1544,1599,,別名：鐘捲自斎,,,,,,,0,51,18,鐘捲衆当主,50,300,,,,,,
2051002,117,諸：鐘捲衆,伊東|景久,いとう|かげひさ,伊東景久,,鐘捲衆,金ヶ崎城,剣豪。伊東一刀斎。鐘捲自斎に富田流を学び、回国修行を重ねて一刀流を創始した。古藤田俊直や神子上典膳らを育て、典膳に道統を伝えたのち消息を絶った。,72,,0,197,30,77,24,31,35,55,,,,,A,,,,50,50,48,50,76,hermit,1560,1572,1653,,別名：伊東一刀斎,,,,,,,0,51,18,,50,0,,,,,,
2051003,118,諸：鐘捲衆,岩流,がんりゅう,岩流,,鐘捲衆,金ヶ崎城,剣客。佐々木小次郎。巌流を称し、船島で宮本武蔵と決闘して敗死した。,33,,0,187,25,82,23,21,36,49,,,,,A,,,,50,50,40,61,75,aggressive,1590,1602,1612,true,別名：佐々木小次郎,,,,,,,0,51,18,,50,0,,,,,,
2052001,119,諸：羽川家,羽川|義稙,はねかわ|よしたね,羽川義稙,,羽川家,山根城,,0,,0,171,49,57,15,11,39,43,,,,,,,,,55,57,62,40,12,aggressive,1536,1548,1593,,,,,,,,,0,52,243,羽川家当主,50,300,,,,,,
2053001,120,諸：矢島家,矢島|満安,やじま|みつやす,矢島満安,,矢島家,山根城,,0,,0,248,53,70,40,34,51,55,D,,,,,,,,55,57,71,55,34,aggressive,1548,1560,1594,,,,,,,,,0,53,243,矢島家当主,50,300,,,,,,
2054001,121,諸：寒河江家,寒河江|広種,さがえ|ひろたね,寒河江広種,,寒河江家,山形城,寒河江氏16代当主。伊達稙宗・晴宗父子の争いが最上義守を巻き込むなか領国を維持し、先代までの兵乱に比べ安定した治世を築いた。三社託宣を残し、福泉寺を開基した。,78,,0,194,37,44,40,35,38,43,,,,,,,,,36,30,58,50,59,balanced,1501,1513,1546,,,,,,,,,0,54,226,,50,0,,,,,,
2054002,122,諸：寒河江家,寒河江|兼広,さがえ|かねひろ,寒河江兼広,,寒河江家,山形城,寒河江氏17代当主。寒河江城主。田地売券や公事免許状に安堵の花押を据え領主権を固め、家臣に城の堀掘りと壁塗りを課した。最上義守・義光父子の争いでは義光方についた。,80,,0,257,40,47,65,56,49,55,,,,,,,,,50,50,46,52,59,balanced,1529,1541,1578,,寒河江広種の子,2054001,,,,,,0,54,226,寒河江家当主,50,300,,,,,,
2054003,123,諸：寒河江家,吉川|元綱,きっかわ|もとつな,吉川元綱,,寒河江家,山形城,,0,,0,0,0,0,0,0,0,0,,,,,,,,,0,0,0,0,56,hermit,1520,9999,1570,,,,,,,,,0,54,226,,50,0,,,,,,
2054004,124,諸：寒河江家,寒河江|高基,さがえ|たかもと,寒河江高基,,寒河江家,山形城,吉川元綱の子。寒河江兼広の娘婿となり大江氏を継ぐ。大宝寺義氏救援のため六十里越を進軍。最上義光の侵攻で弟・柴橋頼綱が討死すると貫見楯へ退き、忠臣と自害した。,78,,0,209,35,43,45,47,39,57,,,,,,,,,50,50,45,53,59,balanced,1552,1564,1584,true,吉川元綱の子、寒河江兼広の娘婿,2054003,2054002,,,,,0,54,226,,50,0,,,,,,
2054005,125,諸：寒河江家,吉川|隆広,きっかわ|たかひろ,吉川隆広,,寒河江家,山形城,,0,,0,203,36,40,46,43,38,48,,,,,,,,,50,50,33,71,57,balanced,1554,1566,1584,true,吉川元綱の子,2054003,,,,,,0,54,226,,50,0,,,,,,
2054006,126,諸：寒河江家,柴橋|頼綱,しばはし|よりつな,柴橋頼綱,,寒河江家,山形城,吉川元綱の子。柴橋氏を継ぎ、兄・寒河江高基の筆頭家老となる。最上義光の侵攻では白鳥氏旧臣を糾合し中野まで反撃したが、偽装退却に誘われ鉄砲の伏兵を受け討死した。,79,,0,233,40,46,55,45,47,50,,,,,,,,,50,50,15,75,55,conservative,1558,1570,1584,true,吉川元綱の子,2054003,,,,,,0,54,226,,50,0,,,,,,
2054007,127,諸：寒河江家,中山|朝政,なかやま|ともまさ,中山朝政,,寒河江家,山形城,,0,,0,262,46,40,67,56,53,63,,,,,,,,,29,21,37,55,95,aggressive,1516,1528,1583,,,,,,,,,0,54,226,,50,0,,,,,,
2054008,128,諸：寒河江家,中山|朝正,なかやま|ともまさ,中山朝正,,寒河江家,山形城,,0,,0,221,41,32,53,47,48,42,,,,,,,,,29,21,60,76,95,balanced,1548,1560,1617,,中山朝政の子。寒河江→最上,2054007,,,,,,0,54,226,,50,0,,,,,,
2055001,129,諸：和田家,和田|業繁,わだ|なりしげ,和田業繁,,和田家,箕輪城,上野和田城主。上杉憲政、北条氏、上杉謙信、武田信玄と主家を転じた。長篠の戦いで武田方として戦い討死した。,52,,0,240,43,45,53,50,49,51,,,,,,,,,40,35,36,61,37,balanced,1531,1543,1575,,上杉憲政→北条→上杉→武田,,,,,,,0,55,31,和田家当主,50,300,,,,,,
2055002,130,諸：和田家,和田|信業,わだ|のぶなり,和田信業,,和田家,箕輪城,上野和田城主。和田業繁の娘婿。武田氏に仕え長篠などで活躍。武田氏滅亡後は滝川一益、北条氏直に従った。豊臣秀吉の小田原攻めで敗れると紀伊へ逃れ、同地で没した。,78,,0,156,29,28,33,30,36,40,,,,,,,,,40,35,28,72,37,balanced,1560,1572,1617,,和田業繁の養子。長野→織田→北条→紀伊浪人,,2055001,,,,,0,55,31,,50,0,,,,,,
2056001,131,諸：山内家,山内|氏勝,やまのうち|うじかつ,山内氏勝,,山内家,黒川城,奥会津只見の国衆。水久保城主。蘆名氏滅亡後も伊達政宗に降らず、中丸城を失うと水久保城へ籠城。上杉方の支援を受けて抗戦を続け、豊臣政権の奥州仕置まで持ちこたえた。,80,,0,246,64,53,38,37,54,51,,,,,,,,,36,30,38,57,40,balanced,1538,1550,1608,,,,,,,,,0,56,61,山内家当主,50,300,,,,,,
2058001,132,諸：赤星家,赤星|親隆,あかほし|ちかたか,赤星親隆,,赤星家,隈本城,,0,,0,272,45,50,64,60,53,46,,,,,,,,,26,16,43,44,63,conservative,1514,1526,1562,,,,,,,,,0,58,158,赤星家当主,50,300,,,,,,
2058002,133,諸：赤星家,赤星|統家,あかほし|むねいえ,赤星統家,,赤星家,隈本城,肥後国衆。龍造寺隆信へ二人の子を人質に出し降伏。参陣を渋り人質を殺されると島津氏へ転じ、沖田畷では赤装束の兵を率いて先鋒を務めた。九州征伐後に所領を失った。,78,,0,244,36,61,54,48,45,47,D,,,,,,,,26,16,36,55,63,aggressive,1551,1563,1614,true,赤星親隆の子,2058001,,,,,,0,58,158,,50,0,,,,,,
2058003,134,諸：赤星家,赤星|親武,あかぼし|ちかたけ,赤星親武,,赤星家,隈本城,,0,,0,226,43,62,39,39,43,56,,,,,,,,,50,50,39,62,63,aggressive,1562,1574,1615,true,赤星統家の子。加藤清正の家臣,2058002,,,,,,0,58,158,,50,0,,,,,,
2058004,135,諸：赤星家,赤星|道重,あかぼし|みちしげ,赤星道重,,赤星家,隈本城,,0,,0,212,51,59,27,30,45,66,,,,,,,,,70,79,58,45,63,conservative,1602,1614,1638,true,赤星親武の子,2058003,,,,,,0,58,158,,50,0,,,,,,
2059001,136,諸：原田筑前家,原田|隆種,はらだ|たかたね,原田隆種,1552:0|了栄:0|りょうえい,原田家,柳川城,筑前国衆。高祖山城主。大内義隆に属して大友宗麟と対抗し、怡土・志摩・早良三郡に勢力を張った。のちに秀吉の九州攻めで小早川隆景に攻められ、高祖城を失って没落した。,80,,0,309,72,73,48,54,62,62,D,D,,,,,,,26,16,64,28,71,aggressive,1513,1525,1584,,大内→大友→毛利→龍造寺→大友→龍造寺。別名：原田了栄,,,,,,,0,59,150,原田家当主,50,300,,,,,,
2059002,137,諸：原田筑前家,原田|信種,はらだ|のぶたね,原田信種,,原田家,柳川城,筑前高祖城主。九州平定で豊臣方に帰順し、小早川隆景の与力となって筑後四百町を与えられる。博多再興に際しては、避難した町人の還住と諸役免除を命じる奉書を受けた。,79,,0,229,48,55,43,40,43,48,,,D,,,,,,29,21,40,50,72,balanced,1560,1572,1598,,原田隆種の養子。立花家臣,,2059001,,,,,0,59,150,,50,0,,,,,,
2059003,138,諸：原田筑前家,原田|嘉種,はらだ|よしたね,原田嘉種,,原田家,柳川城,,0,,0,219,37,47,49,43,43,48,,,,,,,,,29,21,42,48,72,conservative,1584,1596,1660,,原田信種の子,2059002,,,,,,0,59,150,,50,0,,,,,,
2062001,139,諸：滝野家,滝野|貞清,たきの|さだきよ,滝野貞清,,滝野家,柏原城,,0,,0,206,43,52,33,35,43,43,,,,,,,,,30,22,39,52,38,balanced,1530,1542,1574,,,,,,,,,0,62,80,滝野家当主,50,300,,,,,,
2062002,140,諸：滝野家,滝野|吉政,たきの|よしまさ,滝野吉政,,滝野家,柏原城,伊賀国衆。柏原城主。大和吉野の勝手神社を柏原に勧請した。天正伊賀の乱では伊賀方最後の抗戦拠点となった柏原城に籠もり、織田軍との和睦をまとめて開城した。,75,,0,279,55,63,40,53,68,55,D,,D,,,,,,36,30,43,50,38,aggressive,1553,1565,1602,,滝野貞清の子,2062001,,,,,,0,62,80,,50,0,,,,,,
2063001,141,諸：寺崎家,寺崎|行重,てらさき|ゆきしげ,寺崎行重,,寺崎家,富山城,,0,,0,214,50,52,39,36,37,45,,,,,,,,,32,25,75,45,74,aggressive,1513,1525,1550,true,,,,,,,,0,63,24,,50,0,,,,,,
2063002,142,諸：寺崎家,寺崎|盛永,てらさき|もりなが,寺崎盛永,,寺崎家,富山城,越中国衆。願海寺城主。上杉方に属したのち謙信の死後に織田方へ転じる。佐々成政の分封後は上杉方へ寝返ったため願海寺城を攻め落とされ、子・喜六と自害を命じられた。,79,,0,259,53,45,44,61,56,53,D,,,,,,,,36,30,60,54,74,aggressive,1545,1557,1581,true,寺崎行重の子。上杉→1578織田→1581上杉,2063001,,,,,,0,63,24,寺崎家当主,50,300,,,,,,
2063003,143,諸：寺崎家,寺崎|喜六,てらさき|きろく,寺崎喜六,,寺崎家,富山城,寺崎盛永の子。父と願海寺城に拠る。織田方の攻撃で落城すると父と佐和山へ送られ、自害を命じられた。『信長公記』では父の切腹を見届け、十七歳で後を追って腹を切った。,80,,0,241,43,53,47,50,48,61,,,,,,,,,40,36,33,58,74,balanced,1565,1577,1581,true,寺崎盛永の子,2063002,,,,,,0,63,24,,50,0,,,,,,
2064001,144,諸：酒井家,酒井|定隆,さかい|さだたか,酒井定隆,,土気酒井家,小西城,上総酒井氏の祖。土気城主。1521年に長男・定治に土気城と家督を譲り、三男・隆敏とともに東金城に移った。以降、酒井氏は東金と土気の二流に別れた。,70,上総酒井氏の祖。土気城主。1521年に長男・定治に土気城と家督を譲り、三男・隆敏とともに東金城に移った。以降、酒井氏は東金と土気の二流に別れた。,70,0,0,0,0,0,0,0,,,,,,,,,0,0,0,0,57,hermit,1435,9999,1522,,,,,,,,,0,64,252,,50,0,,,,,,
2064002,145,諸：土気酒井家,酒井|定治,さかい|さだはる,酒井定治,,土気酒井家,小西城,土気酒井氏２代当主。定隆の子。里見方について北条氏と争い戦功を挙げた。父・定隆の養子で三男の隆敏が定隆とともに東金城に入り、酒井氏は二流に割れた。,73,土気酒井氏２代当主。定隆の子。里見方について北条氏と争い戦功を挙げた。父・定隆の養子で三男の隆敏が定隆とともに東金城に入り、酒井氏は二流に割れた。,73,244,54,59,45,44,42,47,,,,,,,,,28,19,41,63,29,aggressive,1464,1476,1540,,酒井定隆の子。別名：酒井貞治,2064001,,,,,,0,64,252,,50,0,,,,,,
2064003,146,諸：土気酒井家,酒井|黒治,さかい|つねはる,酒井玄治,,土気酒井家,小西城,土気酒井氏３代当主。定治の子。東金酒井氏と争うも千葉家臣の原氏の仲介で和解。北条氏に属しつつ里見氏とも誼を通じ、千葉親胤とともに関東に入った長尾景虎と争った。,79,土気酒井氏３代当主。定治の子。東金酒井氏と争うも千葉家臣の原氏の仲介で和解。北条氏に属しつつ里見氏とも誼を通じ、千葉親胤とともに関東に入った長尾景虎と争った。,79,275,58,63,47,63,44,51,,,,,,,,,28,19,39,51,29,conservative,1490,1502,1555,,酒井定治の子,2064002,,,,,,0,64,252,,50,0,,,,,,
2064004,147,諸：土気酒井家,酒井|胤治,さかい|たねはる,酒井胤治,,土気酒井家,小西城,土気酒井氏４代当主。玄治の子。第二次国府台合戦で北条・里見いずれにつくか決心がつかず、戦場に赴く途中で里見方の敗北を知り、里見勢に加勢して北条の追撃を阻止した。,80,土気酒井氏４代当主。玄治の子。第二次国府台合戦で北条・里見いずれにつくか決心がつかず、戦場に赴く途中で里見方の敗北を知り、里見勢に加勢して北条の追撃を阻止した。,80,278,71,69,39,50,49,55,D,,,D,,,,,32,25,73,76,29,aggressive,1536,1548,1577,,酒井玄治の子。千葉→1564里見→1576北条,2064003,,,,,,0,64,252,土気酒井家当主,50,300,,,,,,
2064005,148,諸：土気酒井家,酒井|康治,さかい|やすはる,酒井康治,,土気酒井家,小西城,土気酒井氏５代当主。胤治の子。里見配下として上杉方につき北条氏と対決。果敢に戦い一度は退けたが、やがて北条方に包囲され降伏した。北条氏が敗れると家康に属した。,79,土気酒井氏５代当主。胤治の子。里見配下として上杉方につき北条氏と対決。果敢に戦い一度は退けたが、やがて北条方に包囲され降伏した。北条氏が敗れると家康に属した。,79,267,61,67,40,52,47,52,D,,,,,,,,32,25,41,64,9,conservative,1556,1568,1608,,酒井胤治の子,2064004,,,,,,0,64,252,,50,0,,,,,,
2065001,149,諸：東金酒井家,酒井|隆敏,さかい|たかとし,酒井隆敏,,東金酒井家,小西城,東金酒井氏初代当主。定隆の三男で嫡子。上総東金城主。父・定隆が土気城を兄・定治に譲った際、父とともに東金城に入った。定治とともに里見実尭に属し北条氏と争った。,79,東金酒井氏初代当主。定隆の三男で嫡子。上総東金城主。父・定隆が土気城を兄・定治に譲った際、父とともに東金城に入った。定治とともに里見実尭に属し北条氏と争った。,79,0,0,0,0,0,0,0,,,,,,,,,0,0,0,0,57,hermit,1465,9999,1531,,酒井定隆の養子？,,2064001,,,,,0,65,252,,50,0,,,,,,
2065002,150,諸：東金酒井家,酒井|敏治,さかい|としはる,酒井敏治,,東金酒井家,小西城,東金酒井氏２代当主。隆敏の子。土気酒井氏と争うも、千葉家臣・臼井城主・原氏の仲介により和解した。,48,東金酒井氏２代当主。隆敏の子。土気酒井氏と争うも、千葉家臣・臼井城主原氏の仲介により和解した。,47,261,53,52,52,55,49,55,,,,,,,,,50,50,50,61,57,balanced,1487,1499,1545,,酒井隆敏の子,2065001,,,,,,0,65,252,,50,0,,,,,,
2065003,151,諸：東金酒井家,酒井|敏房,さかい|としふさ,酒井敏房,,東金酒井家,小西城,東金酒井氏３代当主。敏治の子。小弓城の原氏の指揮下にあったが、北条氏の勢力が及ぶとそれに従った。上杉謙信の関東出兵に一時は従うも復帰して北条方として活躍した。,79,東金酒井氏３代当主。敏治の子。小弓城の原氏の指揮下にあったが、北条氏の勢力が及ぶとそれに従った。上杉謙信の関東出兵に一時は従うも復帰して北条方として活躍した。,79,296,58,61,50,66,61,59,C,C,,,,,,,50,50,56,52,67,conservative,1516,1528,1577,,酒井敏治の子,2065002,,,,,,0,65,252,東金酒井家当主,50,300,,,,,,
2065004,152,諸：東金酒井家,酒井|政辰,さかい|まさとき,酒井政辰,,東金酒井家,小西城,東金酒井氏４代当主。敏房の子。北条配下として土気城攻めに参加した。小田原征伐の折は北条氏に忠義を尽くし、東金城に留守居役を置いて小田原城に籠城。敗北後蟄居した。,80,東金酒井氏４代当主。敏房の子。北条配下として土気城攻めに参加した。小田原征伐の折は北条氏に忠義を尽くし、東金城に留守居役を置いて小田原城に籠城。敗北後蟄居した。,80,283,56,60,51,62,54,59,D,,,,,,,,50,50,23,85,67,balanced,1544,1556,1603,,酒井敏房の子,2065003,,,,,,0,65,252,,50,0,,,,,,
2066001,153,諸：山川家,山川|国秀,やまかわ|くにひで,山川国秀,,山川家,白地城,阿波金川城主。末尾城の戦いで敗退した大西元武を匿った。元武主従は後事を国秀に託して自刃した。国秀は三角寺の住職・来慶法を尊師と頼み、主従八士を丁重に葬った。,78,阿波金川城主。末尾城の戦いで敗退した大西元武を匿った。元武主従は後事を国秀に託して自刃した。国秀は三角寺の住職・来慶法を尊師と頼み、主従八士を丁重に葬った。,78,221,53,46,37,43,42,43,,,,,,,,,22,11,50,76,68,aggressive,1541,1553,1594,,,,,,,,,0,66,131,山川家当主,50,300,,,,,,
2066002,154,諸：山川家,山川|国武,やまかわ|くにたけ,山川国武,,山川家,白地城,阿波金川城主。国秀の子。大西元武の徳を追慕し、東金川神に社殿を創建し氏神として祀った。,43,阿波金川城主。国秀の子。大西元武の徳を追慕し、東金川神に社殿を創建し氏神として祀った。,43,208,33,27,50,53,45,39,,,,,,,,,18,5,12,71,68,conservative,1567,1579,1622,,山川国秀の子,2066001,,,,,,0,66,131,,50,0,,,,,,
2067001,155,諸：吉良家,吉良|義尭,きら|よしたか,吉良義尭,,吉良家,岡崎城,三河西条吉良氏当主。吉良義元の子。通称三郎。遠江浜松付近まで勢力を伸ばし、織田信秀と結んで今川義元に対抗した。今川方の荒川義広らに攻撃されて敗れ、戦死した。,78,,0,165,28,28,35,34,40,46,,,,,,,,,43,40,33,67,15,balanced,1504,1516,1549,,,,,,,,,0,67,48,,50,0,,,,,,
2067002,156,諸：吉良家,吉良|義安,きら|よしやす,吉良義安,,吉良家,岡崎城,吉良氏13代当主。義尭の子。斯波氏と婚姻し織田方と結んで今川氏に対抗。降伏後も水野勢を西尾城へ入れて再び抗戦したが敗れ、西条を失い薮田へ移され監視下に置かれた。,79,,0,220,39,38,49,47,47,55,,,,,,,,,43,40,25,78,15,aggressive,1536,1548,1569,,吉良義尭の子。吉良→徳川,2067001,,,,,,0,67,48,吉良家当主,50,300,,,,,,
2067003,157,諸：吉良家,吉良|義定,きら|よしさだ,吉良義定,,吉良家,岡崎城,吉良氏当主。義安の子。戦国期に所領を失った吉良氏を三千石の旗本として再興した。父・義安を弔うため華蔵寺を建立し菩提寺と定め、近世の高家吉良氏へ家名をつないだ。,79,,0,219,42,48,42,46,41,53,,,,,,,,,43,40,19,73,15,conservative,1564,1576,1627,,吉良義安の子,2067002,,,,,,0,67,48,,50,0,,,,,,
2067004,158,諸：吉良家,吉良|義昭,きら|よしあき,吉良義昭,,吉良家,岡崎城,吉良氏14代当主。義尭の子。今川義元から東条城を与えられた。桶狭間後は松平元康と争い藤波畷で敗北。一向一揆では東条城を一時奪回したが再び敗れ、三河を退去した。,78,,0,207,46,47,41,38,35,52,,,,,,,,,43,40,42,55,20,aggressive,1537,1549,1570,true,吉良義尭の子。吉良→六角→摂津で戦死,2067001,,,,,,0,67,48,,50,0,,,,,,
2067005,159,諸：吉良家,富永|忠安,とみなが|ただやす,富永忠安,,吉良家,岡崎城,吉良氏家臣。富永伴五郎の父。吉良氏滅亡後は鵜ヶ池に隠居。徳川家康から仕官と住居を勧められたが辞退し、一族供養のため寺院建立を願い出て許され、妙満寺を創建した。,79,,0,254,45,45,60,55,49,60,,,,,,,,,47,45,34,67,17,conservative,1489,1501,1566,,吉良→浪人,,,,,,,0,67,48,,50,0,,,,,,
2901001,160,諸：京町衆,茶屋|四郎次郎,ちゃや|しろうじろう,茶屋四郎次郎,,京町衆,二条城,京都の豪商。初代茶屋四郎次郎清延。徳川家康に仕え、軍需調達や間者・講和使者を務めた。本能寺の変では伊賀越えを助け、のち近江代官や呉服御用達として徳川家を支えた。,80,,0,204,15,4,66,52,67,62,,,,,,,,,64,70,47,80,90,hermit,1545,1557,1596,,,,,,,,,0,901,26,京町衆当主,50,300,,,,,,
2901002,161,諸：京町衆,茶屋|又四郎,ちゃや|またしろう,茶屋又四郎,,京町衆,二条城,初代茶屋四郎次郎清延の子。三代清次を襲名し徳川家康に仕え、長崎で貿易・糸割符に携わった。交趾へ朱印船を派遣し、大坂の陣では講和使者や上方町人支配を担った。,77,,0,230,26,37,59,49,59,46,,,,,,,,,64,70,59,55,90,hermit,1584,1596,1622,,茶屋四郎次郎の子。別名：茶屋又四郎,2901001,,,,,,0,901,26,,50,0,,,,,,
2901003,162,諸：京町衆,角倉|了以,すみのくら|りょうい,角倉了以,,京町衆,二条城,京都の豪商。朱印船を安南・東京へ送り海外貿易で財を築いた。大堰川・富士川・天竜川を疎通させ、高瀬川も開削。京都と各地を結ぶ水運を整え、物流発展に貢献した。,77,,0,256,36,24,70,62,64,53,,,,,,,,,50,50,49,55,99,hermit,1554,1566,1614,,別名：角倉了以,,,,,,,0,901,26,,50,0,,,,,,
2901004,163,諸：京町衆,角倉|素庵,すみのくら|そあん,角倉素庵,,京町衆,二条城,角倉了以の子。父を助け大堰川・富士川・天竜川の開削や朱印船貿易に携わった。儒学・書道にも通じ、本阿弥光悦らと協力して嵯峨本を刊行し、角倉流書風の祖となった。,78,,0,207,26,12,59,52,58,50,,,,,,,,,50,50,14,55,23,hermit,1571,1583,1632,,角倉了以の子。別名：角倉素庵,2901003,,,,,,0,901,26,,50,0,,,,,,
2902001,164,諸：堺町衆,今井|宗久,いまい|そうきゅう,今井宗久,,堺町衆,石山御坊,堺の豪商・茶人。武野紹鴎に茶を学び、織田信長に接近して摂津五ヶ庄や生野銀山の代官を務めた。豊臣秀吉にも仕え、千利休・津田宗及と並ぶ天下三宗匠の一人となった。,78,,0,283,42,33,78,62,68,69,,,,,,,,,64,70,77,15,80,hermit,1520,1532,1593,,,,,,,,,0,902,33,堺町衆当主,50,300,,,,,,
2902002,165,諸：堺町衆,千|利休,せんの|りきゅう,千利休,,堺町衆,石山御坊,堺の茶人。武野紹鴎に学んでわび茶を大成し、織田信長・豊臣秀吉の茶頭となった。秀吉の禁中茶会や北野大茶湯を担い「天下一の茶湯者」と称されたが、秀吉の命で切腹した。,80,,0,259,14,5,82,90,68,92,,,,,,,,,50,50,72,15,5,hermit,1522,1534,1591,true,,,,,,,,0,902,33,,50,0,,,,,,
2902003,166,諸：堺町衆,津田|宗及,つだ|そうぎゅう,津田宗及,,堺町衆,石山御坊,堺の豪商・茶人。天王寺屋を営み、織田信長・豊臣秀吉に重用された。今井宗久・千利休と並ぶ天下三宗匠の一人。北野大茶湯では秀吉らと席を設け、茶会記を残した。,76,,0,195,9,11,65,51,59,67,,,,,,,,,36,30,24,70,5,hermit,1536,1548,1591,,,,,,,,,0,902,33,,50,0,,,,,,
2902004,167,諸：堺町衆,淀屋|常安,よどや|じょうあん,淀屋常安,,堺町衆,石山御坊,大坂の豪商。豊臣秀吉の伏見城築城に伴う淀川の築堤工事で財を築いた。大坂の陣では徳川方を支援し、大坂三郷の惣年寄を務める。中之島を開発して町の発展に尽力した。,78,,0,229,8,4,80,66,71,55,,,,,,,,,64,70,71,45,90,hermit,1560,1572,1622,,,,,,,,,0,902,33,,50,0,,,,,,
2903001,168,諸：博多町衆,島井|宗室,しまい|そうしつ,島井宗室,,博多町衆,立花山城,博多の豪商・茶人。海外交易で富を築き、大友宗麟や豊臣秀吉と交わった。神屋宗湛と博多復興を担い、朝鮮出兵では兵糧調達や渡海にも従事。晩年に商家経営の家訓を残した。,80,,0,244,36,25,63,52,68,67,,,,,,,,,64,70,71,45,0,hermit,1539,1551,1615,,,,,,,,,0,903,148,博多町衆当主,50,300,,,,,,
2903002,169,諸：博多町衆,大賀|宗九,おおが|そうきゅう,大賀宗九,,博多町衆,立花山城,博多の豪商。嶋井宗室・神屋宗湛とともに博多三傑と称された。黒田長政に重用され御用商人となり、福岡城築城や城下整備、博多の寺院復興に尽力。朱印船貿易にも携わった。,80,,0,212,23,11,68,50,60,64,,,,,,,,,50,50,21,45,10,hermit,1561,1573,1630,,,,,,,,,0,903,148,,50,0,,,,,,
2903003,170,諸：博多町衆,神屋|宗湛,かみや|そうたん,神屋宗湛,,博多町衆,立花山城,博多の豪商・茶人。豊臣秀吉に接近し、島井宗室と博多復興に携わった。海外交易でも富を築き、当代の茶人と広く交流。多数の茶会を記した『宗湛日記』を残した。,75,,0,235,26,24,65,52,68,63,,,,,,,,,64,70,71,45,1,hermit,1551,1563,1635,,,,,,,,,0,903,148,,50,0,,,,,,
9000001,171,親武将,篠原|一計,しのはら|かずえ,篠原一計,,浪人,見つかりません,,0,,0,0,0,0,0,0,0,0,,,,,,,,,0,0,0,0,0,hermit,1498,9999,1549,,,,,,,,,0,0,0,,50,0,,,,,,
9000002,172,親武将,三条|公頼,さんじょう|きんより,三条公頼,,浪人,見つかりません,,0,,0,0,0,0,0,0,0,0,,,,,,,,,0,0,0,0,0,hermit,1495,9999,1551,,,,,,,,,0,0,0,,50,0,,,,,,
9000003,173,親武将,岡本|牧西,おかもと|ぼくさい,岡本牧西,,浪人,見つかりません,,0,,0,0,0,0,0,0,0,0,,,,,,,,,0,0,0,0,0,hermit,1470,9999,1520,,,,,,,,,0,0,0,,50,0,,,,,,
1085001,174,赤尾津家,赤尾津|家保,あかおつ|いえやす,赤尾津家保,,赤尾津家,山根城,,0,,0,259,52,66,46,47,48,46,,,,,,,,,18,5,52,51,47,conservative,1507,1519,1567,,,,,,,,,85,0,243,山根城主,100,1000,,,,,,
1085002,175,赤尾津家,赤尾津|光政,あかおつ|みつまさ,赤尾津光政,,赤尾津家,山根城,,0,,0,288,58,40,60,64,66,51,,,,,,,,,21,9,38,42,47,conservative,1525,1537,1597,,赤尾津家保の子,1085001,,,,,,85,0,243,,95,500,,,,,,
1085003,176,赤尾津家,赤尾津|道俊,あかおつ|みちとし,赤尾津道俊,,赤尾津家,山根城,,0,,0,265,60,60,50,49,46,53,,,,,,,,,36,30,38,46,47,aggressive,1549,1561,1600,,赤尾津光政の子,1085002,,,,,,85,0,243,,95,0,,,,,,
1085004,177,赤尾津家,赤尾津|長保,あかおつ|ながやす,赤尾津長保,,赤尾津家,山根城,,0,,0,207,45,58,31,35,38,44,,,,,,,,,36,30,36,47,47,balanced,1571,1583,1647,,赤尾津道俊の子,1085003,,,,,,85,0,243,,95,0,,,,,,
1085005,178,赤尾津家,仁賀保|光誠,にかほ|みつしげ,仁賀保光誠,,赤尾津家,山根城,由利衆の仁賀保氏当主。兵庫頭。奥羽合戦で徳川方に参戦し、戦後は常陸国武田五千石へ移った。最上氏改易後に由利へ復帰して塩越を拠点に一万石を治めたが、翌年没した。,79,,0,285,46,47,65,65,62,56,,,,,,,,,36,30,53,50,45,balanced,1560,1572,1624,,赤尾津光政の子、仁賀保挙晴の養子。別名：仁賀保挙誠,1085002,1085013,,,,,85,0,243,,90,0,,,,,,
1085006,179,赤尾津家,仁賀保|誠政,にかほ|しげまさ,仁賀保誠政,,赤尾津家,山根城,,0,,0,208,33,35,44,50,46,45,,,,,,,,,36,30,37,58,45,aggressive,1601,1613,1653,,仁賀保光誠の子,1085005,,,,,,85,0,243,,90,0,,,,,,
1085007,180,赤尾津家,滝沢|政家,たきざわ|まさいえ,滝沢政家,,赤尾津家,山根城,,0,,0,193,34,28,48,43,40,38,,,,,,,,,18,5,27,78,57,balanced,1518,1530,1575,,,,,,,,,85,0,243,,85,500,,,,,,
1085008,181,赤尾津家,滝沢|政忠,たきざわ|まさただ,滝沢政忠,,赤尾津家,山根城,,0,,0,189,38,47,34,34,36,43,,,,,,,,,36,30,29,61,57,balanced,1540,1552,1594,,滝沢政家の子,1085007,,,,,,85,0,243,,85,0,,,,,,
1085009,182,赤尾津家,滝沢|政道,たきざわ|まさみち,滝沢政道,,赤尾津家,山根城,最上家臣。由利郡滝沢郷一万石を領した。前郷に滝沢城を築いて城下町を整え、慶祥庵を城下へ移して一族の菩提寺・慶祥寺とした。のち年賀を口実に家臣に殺害された。,77,,0,283,67,60,55,55,46,60,,,,D,,,,,50,50,42,71,78,aggressive,1561,1573,1609,,滝沢政忠の子,1085008,,,,,,85,0,243,,85,0,,,,,,
1085010,183,赤尾津家,仁賀保|挙久,にかほ|たかひさ,仁賀保挙久,,赤尾津家,山根城,出羽国衆。仁賀保氏当主。仁賀保挙政の子。由利郡仁賀保郷を拠点に周辺勢力と争い、なかでも矢島氏とは長年抗争を続けた。矢島領へ攻め込み、根井館で敗れて討死した。,78,,0,296,67,65,56,49,59,54,,,,D,,,,,22,11,37,58,45,aggressive,1513,1525,1576,,,,,,,,,85,0,243,,90,500,true,,,,,
1085011,184,赤尾津家,仁賀保|挙長,にかほ|たかなが,仁賀保挙長,,赤尾津家,山根城,,0,,0,234,48,58,42,44,42,46,,,,,,,,,22,11,36,67,45,aggressive,1539,1551,1577,,仁賀保挙久の子,1085010,,,,,,85,0,243,,90,0,,,,,,
1085012,185,赤尾津家,仁賀保|重挙,にかほ|しげたか,仁賀保重挙,,赤尾津家,山根城,,0,,0,206,44,52,40,37,33,41,,,,,,,,,22,11,31,60,45,balanced,1542,1554,1583,,仁賀保挙長の養子,,1085011,,,,,85,0,243,,90,0,,,,,,
1085013,186,赤尾津家,仁賀保|挙晴,にかほ|たかはる,仁賀保挙晴,,赤尾津家,山根城,,0,,0,206,40,42,38,46,40,42,,,,,,,,,22,11,25,69,45,aggressive,1558,1570,1586,,仁賀保重挙の養子,,1085012,,,,,85,0,243,,90,0,,,,,,
1040001,187,赤松家,赤松|村秀,あかまつ|むらひで,赤松村秀,,赤松家,置塩城,,0,,0,0,0,0,0,0,0,0,,,,,,,,,0,0,0,0,32,hermit,1500,9999,1540,,,,,,,,,40,0,104,,95,0,,,,,,
1040002,188,赤松家,赤松|晴政,あかまつ|はるまさ,赤松晴政,,赤松家,長水山城,赤松氏当主。浦上村宗に擁立されて家督を継ぎ実権を握られたが、細川晴元と通じて大物崩れで村宗を討ち、領国支配の回復を図った。その後は尼子氏の侵攻に苦しんだ。,77,,0,306,62,59,52,70,63,67,,,,,,,,謀将,36,30,56,34,32,balanced,1513,1525,1565,,赤松村秀の子,1040001,,,,,,40,0,239,長水山城主,80,700,,,,,,
1040003,189,赤松家,赤松|義祐,あかまつ|よしすけ,赤松義祐,,赤松家,置塩城,赤松氏当主。置塩城主。晴政の子。播磨守護として寺領や所領の安堵、鋳物師支配を担った。浦上宗景と争い織田信長との連携を図ったが劣勢となり、晩年は勢力を失った。,78,,0,227,35,41,54,51,46,56,,,,,,,,,36,30,56,42,42,conservative,1537,1549,1576,,赤松晴政の子,1040002,,,,,,40,0,104,置塩城主,100,1500,,,,,,
1040004,190,赤松家,赤松|則房,あかまつ|のりふさ,赤松則房,,赤松家,置塩城,赤松義祐の子。播磨の赤松氏当主。織田信長・羽柴秀吉に従い、四国平定後は阿波に所領を得た。のちに秀吉の御伽衆となった。,58,,0,243,36,45,54,54,54,60,,,,,,,,,36,30,31,67,42,balanced,1559,1571,1598,,赤松義祐の子,1040003,,,,,,40,0,104,,95,500,,,,,,
1040005,191,赤松家,赤松|則英,あかまつ|のりひで,赤松則英,,赤松家,置塩城,赤松則房の後継者。阿波住吉1万石を領した。関ヶ原では西軍に属し佐和山城に籠城。落城後に逃れたが京都で自害し、赤松氏の所領は没収された。,67,,0,208,42,42,45,40,39,56,,,,,,,,,50,50,52,44,42,balanced,1571,1583,1600,true,赤松則房の子。赤松→羽柴,1040004,,,,,,40,0,104,,95,500,,,,,,
1040006,192,赤松家,赤松|政秀,あかまつ|まさひで,赤松政秀,,赤松家,長水山城,播磨龍野城主。赤松氏一族として独立色を強め、浦上宗景や小寺氏と争った。のちに浦上氏に降伏し、死去した。,51,,0,290,67,63,46,56,58,65,D,D,,,,,,,50,50,61,77,27,balanced,1521,1533,1570,true,赤松村秀の子,1040001,,,,,,40,0,239,,90,200,,,,,,
1040007,193,赤松家,赤松|広秀,あかまつ|ひろひで,赤松広秀,1561:斎村|政広:さいむら|まさひろ,赤松家,長水山城,竹田城主。秀吉に従い朝鮮へ渡海。養蚕・漆器を奨励し藤原惺窩らを支援した。関ヶ原では西軍で田辺城を攻め、敗戦後に鳥取城攻めへ加わるも焼討ちの責を問われ自害した。,79,,0,231,42,44,61,47,37,68,,,,,,,,,43,40,53,38,27,balanced,1562,1574,1600,true,赤松政秀の子,1040006,,,,,,40,0,239,,90,0,,,,,,
1040008,194,赤松家,宇野|政頼,うの|まさより,宇野政頼,,赤松家,置塩城,赤松家臣。宍粟国衆。長水城を本拠とする宇野氏を率いた。織田の播磨侵攻では織田方につくが、第二次上月合戦を機に毛利方へ転じ、秀吉軍に篠ノ丸・長水両城を落とされた。,80,,0,230,42,40,51,49,48,51,,,,,,,,,50,50,52,44,7,aggressive,1516,1528,1580,,,,,,,,,40,0,104,,90,0,,,,,,
1040009,195,赤松家,梶原|景秀,かじわら|かげひで,梶原景秀,,赤松家,置塩城,,0,,0,234,63,61,35,29,46,49,D,,,,,,,,38,33,40,55,37,balanced,1531,1543,1590,,,,,,,,,40,0,104,,95,0,,,,,,
1040010,196,赤松家,得平|定阿弥,とくひら|じょうあみ,得平定阿弥,,赤松家,置塩城,,0,,0,235,28,23,56,62,66,42,,,,,,,,,16,2,25,65,32,hermit,1505,1517,1589,,,,,,,,,40,0,104,,95,0,true,,,,,
1040011,197,赤松家,鳥居|職種,とりい|もとたね,鳥居職種,,赤松家,置塩城,赤松家臣。安芸守。義祐・則房父子の奉行人として所領安堵や軍役命令を伝え、他家との取次も担った。信長の中国攻めでは織田方との外交窓口を務め、戦闘で討死した。,77,,0,291,56,55,57,61,62,61,,,,,,,,,64,70,60,40,37,conservative,1544,1556,1579,true,播磨浪人→1560赤松,,,,,,,40,0,104,,95,0,,,,,,
1040012,198,赤松家,福原|長尭,ふくはら|ながたか,福原長尭,,赤松家,置塩城,豊臣家臣。石田三成の妹婿。豊後府内城主。蔚山籠城戦をめぐり黒田長政らに糾弾され、三成失脚時に剃髪して緑雲と号した。関ヶ原では大垣城守将を務め、敗戦後に開城した。,80,,0,291,53,50,67,64,57,58,D,,C,,,,,,36,30,31,67,22,conservative,1551,1563,1600,,,,,,,,,40,0,104,,95,0,,,,,,
1040013,199,赤松家,難波|泰興,なんば|やすおき,難波泰興,,赤松家,置塩城,赤松家臣。晴政の奉行人。祝融軒光慶らと連署して奉書を発給し、寺社領の安堵や公事相論の糺明を担った。鶴林寺に残る書状は播州刀田太子堂合戦を伝える史料となっている。,80,,0,251,32,43,66,52,58,52,,,,,,,,,36,30,36,60,32,balanced,1511,1523,1581,,,,,,,,,40,0,104,,95,0,,,,,,
1040501,200,黒田家,小寺|則職,こでら|のりもと,小寺則職,,赤松家,御着城,赤松家臣。御着城主。中播磨を支配し、黒田重隆・職隆父子を迎えて家中に加えた。政職の代には重隆が姫路城代となり、黒田氏が小寺家の中核を担う基盤が築かれた。,76,,0,244,28,37,61,61,57,49,,,,,,,,,36,30,51,38,45,conservative,1495,1507,1576,,,,,,,,,40,0,86,御着城主,95,1000,,,,,,
1040502,201,黒田家,小寺|政職,こでら|まさもと,小寺政職,,赤松家,御着城,播磨御着城主。小寺氏当主として黒田孝高らを家臣に従えた。織田方と毛利方の間で揺れた末に毛利方へ傾き、羽柴秀吉の播磨平定で御着城を失った。,68,,0,295,54,55,69,63,54,42,,,,D,,,,,50,50,54,43,45,balanced,1525,1537,1582,,小寺則職の子,1040501,,,,,,40,0,86,,95,500,,,,,,
1040503,202,黒田家,小寺|氏職,こでら|うじもと,小寺氏職,,赤松家,御着城,,0,,0,238,47,43,55,49,44,50,,,,,,,,,40,36,43,52,45,conservative,1550,1562,1627,,小寺政職の子,1040502,,,,,,40,0,86,,95,0,,,,,,
1040504,203,黒田家,黒田|重隆,くろだ|しげたか,黒田重隆,,赤松家,御着城,小寺家臣。姫路城主。黒田孝高の祖父。小寺氏のもとで城を預かり、子・職隆と姫路城を改修して黒田氏の播磨での基盤を築いた。のち家督と城を職隆へ譲って隠居した。,77,,0,321,41,60,74,75,71,63,D,,,,,,,,43,40,45,50,6,conservative,1508,1520,1564,,,,,,,,,40,0,86,,90,0,,,,,,
1040505,204,黒田家,黒田|満隆,くろだ|みつたか,黒田満隆,1545:小寺|職隆:こでら|もとたか/1580:黒田|0:くろだ|0,赤松家,御着城,小寺家臣。姫路城主。父の重隆とともに小寺氏に仕え、姫路周辺の支配を担った。家督と姫路城を子の孝高に譲ったのちに国府山城へ移り、引き続き小寺氏を支えた。,75,,0,299,44,47,71,71,66,54,,,,,,,,,50,50,42,45,6,conservative,1524,1536,1585,,黒田重隆の子,1040504,,,,,,40,0,86,,90,500,,,,,,
1040506,205,黒田家,小寺|孝高,こでら|よしたか,小寺孝高,1580:黒田|0:くろだ|0/1593:0|如水:0|じょすい,赤松家,御着城,小寺家臣。姫路城主。主家に織田方参加を説き秀吉の中国攻めを支えるが、荒木村重を説得に赴いた有岡城で一年幽閉された。救出後は四国・九州平定に従い豊前中津を領した。,80,,0,417,85,68,80,89,95,72,,,B,C,,,C,退き巧者|謀将,71,80,71,27,6,aggressive,1546,1558,1604,,黒田満隆の子。別名：黒田孝高、黒田官兵衛、黒田如水,1040505,,,,,,40,0,86,,90,0,,,kuroda_yoshitaka.webp|1580:kuroda_yoshitaka2.webp,,,
1040507,206,黒田家,黒田|長政,くろだ|ながまさ,黒田長政,,赤松家,御着城,孝高の子。織田方の人質から秀吉家臣となり、賤ヶ岳・九州・朝鮮出兵を転戦。関ヶ原では東軍で戦い、吉川広家らへの調略で勝利に貢献。筑前52万石余を領し福岡城を築いた。,80,,0,411,81,84,80,81,85,75,,,A,C,,,C,謀将,71,80,63,38,7,conservative,1568,1580,1623,,黒田孝高の子,1040506,,,,,,40,0,86,,90,0,,,,,,
1040508,207,黒田家,黒田|忠之,くろだ|ただゆき,黒田忠之,,赤松家,御着城,長政の子。父の死後、福岡藩2代藩主となる。重臣・栗山利章との対立から黒田騒動を起こすが、幕府の裁定で改易を免れた。島原の乱では藩士を率いて原城攻めに出陣した。,79,,0,192,46,62,23,28,33,42,,,,,,,,,45,43,73,25,7,conservative,1602,1614,1654,,黒田長政の子,1040507,,,,,,40,0,86,,90,0,,,,,,
1040509,208,黒田家,黒田|一成,くろだ|かずしげ,黒田一成,,赤松家,御着城,黒田孝高の養子。荒木村重の家臣・加藤重徳の子で、孝高が有岡城に幽閉された際の縁から黒田家に入った。のちに黒田長政に仕え、黒田二十四騎の一人に数えられる。,76,,0,297,67,66,48,55,61,56,D,,,,,,,,68,75,30,84,8,balanced,1571,1583,1656,,黒田孝高の養子,,1040506,,,,,40,0,86,,90,0,,,,,,
1040510,209,黒田家,黒田|利則,くろだ|としのり,黒田利則,,赤松家,御着城,黒田家臣。職隆の三男。孝高の弟で黒田二十四騎の一人。秀吉・秀長に仕えたのち黒田家へ戻り、朝鮮出兵や関ヶ原に従軍した。筑前入国後は津屋崎一万二千石を領した。,77,,0,237,49,58,41,43,46,47,,,,,,,,,71,80,46,63,8,conservative,1561,1573,1612,,黒田満隆の子,1040505,,,,,,40,0,86,,90,0,,,,,,
1040511,210,黒田家,井上|之房,いのうえ|ゆきふさ,井上之房,,赤松家,御着城,黒田家臣。職隆から忠之まで四代に仕え、小田原・朝鮮の役に従軍。石垣原では吉弘統幸と槍を合わせ打ち勝つ。のち黒崎城を築き1万6千石を領した。黒田二十四騎の一人。,78,,0,337,69,75,55,62,76,52,D,,,,,,,,71,80,35,78,7,aggressive,1554,1566,1634,,,,,,,,,40,0,86,,90,0,,,,,,
1040512,211,黒田家,菅|正利,かん|まさとし,菅正利,,赤松家,御着城,黒田家臣。黒田二十四騎の一人。賤ヶ岳で初陣し、朝鮮出兵や関ヶ原で軍功を重ねた。長政の筑前入国後は三千石を与えられ、怡土・志摩両郡の代官を務めて民政も担った。,78,,0,344,62,73,68,71,70,62,D,,,D,,,,,65,71,35,76,10,conservative,1567,1579,1625,,,,,,,,,40,0,86,,90,0,,,,,,
1040513,212,黒田家,栗山|利安,くりやま|としやす,栗山利安,,赤松家,御着城,黒田家臣。孝高・長政父子に仕え、中国・九州攻めや朝鮮出兵を転戦して軍事と政務を担った。関ヶ原後は筑前入国に従い、筆頭家老格として福岡藩を支えた。黒田八虎の一人。,80,,0,337,74,70,60,61,72,62,D,,,,,,,,71,80,35,78,7,conservative,1550,1562,1631,,別名：栗山善助,,,,,,,40,0,86,,90,0,,,,,,
1040514,213,黒田家,栗山|利章,くりやま|としあきら,栗山利章,,赤松家,御着城,栗山利安の子。福岡藩家老。2代藩主・黒田忠之の側近政治を批判し、幕府へ訴えたことで黒田騒動を引き起こした。藩の改易は回避されたが、自身は盛岡藩預けとなった。,78,,0,277,49,47,61,62,58,54,,,,,,,,,71,80,35,78,12,conservative,1591,1603,1652,,栗山利安の子。別名：栗山大膳,1040513,,,,,,40,0,86,,90,0,,,,,,
1040515,214,黒田家,村田|吉次,むらた|よしつぐ,村田吉次,,赤松家,御着城,黒田家臣。二十四騎の一人。幼年から仕え、朝鮮出兵で活躍して長政から朱柄の槍を許された。関ヶ原時は如水に従い九州を転戦し、鍋島家臣にあやかって村田へ改姓した。,78,,0,234,43,74,42,37,38,56,,D,,,,,,,71,80,47,62,10,aggressive,1565,1577,1621,,,,,,,,,40,0,86,,90,0,,,,,,
1040516,215,黒田家,母里|友信,もり|とものぶ,母里友信,,赤松家,御着城,黒田家臣。孝高・長政父子に仕えた家老。福島正則との酒宴で名槍「日本号」を得た。関ヶ原時には大坂から黒田家の女性を脱出させ、のち江戸城普請にも携わった。,75,,0,287,64,84,30,33,76,58,C,,,D,D,,,猛将,36,30,27,72,6,aggressive,1556,1568,1615,,別名：母里太兵衛,,,,,,,40,0,86,,90,0,,,,,,
1047001,216,安芸家,安芸|元泰,あき|もとやす,安芸元泰,,安芸家,安芸城,,0,,0,232,44,33,49,57,49,48,,,,,,,,,29,21,28,67,9,balanced,1489,1501,1544,,,,,,,,,47,0,132,,100,0,,,,,,
1047002,217,安芸家,安芸|国虎,あき|くにとら,安芸国虎,,安芸家,安芸城,土佐国衆。安芸城主。長宗我部元親と土佐東部の支配を巡って争い、侵攻を受けて籠城した。家臣の離反で抗戦が困難になると、城兵の助命を条件に降伏して自害した。,76,,0,227,61,65,41,25,35,44,D,,,D,,,,,29,21,49,38,9,aggressive,1530,1542,1569,,安芸元泰の子,1047001,,,,,,47,0,132,安芸城主,100,1000,,,,,,
1047003,218,安芸家,安芸|弘恒,あき|ひろつね,安芸弘恒,,安芸家,安芸城,,0,,0,206,41,53,40,39,33,45,,,,,,,,,33,26,28,67,9,aggressive,1557,1569,1637,,安芸国虎の子,1047002,,,,,,47,0,132,,95,200,,,,,,
1047004,219,安芸家,安芸|家友,あき|いえとも,安芸家友,,安芸家,安芸城,,0,,0,263,44,35,67,57,60,52,,,,,,,,,29,21,28,67,10,conservative,1562,1574,1634,,安芸国虎の子,1047002,,,,,,47,0,132,,95,500,,,,,,
1047005,220,安芸家,有沢|重親,ありさわ|しげちか,有沢重親,,安芸家,安芸城,,0,,0,262,60,43,55,42,62,53,,,,,,,,,29,21,13,89,12,balanced,1504,1516,1569,,,,,,,,,47,0,132,,95,200,true,,,,,
1047006,221,安芸家,馬路|長正,うまじ|ながまさ,馬路長正,,安芸家,安芸城,,0,,0,204,41,37,44,42,40,45,,,,,,,,,36,30,32,65,12,balanced,1521,1533,1569,true,,,,,,,,47,0,132,,95,0,,,,,,
1047007,222,安芸家,馬路|隆正,うまじ|たかまさ,馬路隆正,,安芸家,安芸城,,0,,0,194,43,48,31,33,39,47,,,,,,,,,48,47,33,70,12,balanced,1536,1548,1569,true,馬路長正の子,1047006,,,,,,47,0,132,,95,0,,,,,,
1047008,223,安芸家,大野家|貞義,おおのや|さだよし,大野家貞義,,安芸家,安芸城,,0,,0,236,53,65,31,33,54,55,,,,,,,,,56,59,27,82,8,balanced,1520,1532,1575,true,,,,,,,,47,0,132,,95,0,,,,,,
1047009,224,安芸家,黒岩|種直,くろいわ|たねなお,黒岩種直,,安芸家,安芸城,,0,,0,222,38,47,45,44,48,44,,,,,,,,,26,16,36,55,21,balanced,1548,1560,1582,true,,,,,,,,47,0,132,,95,0,,,,,,
1047010,225,安芸家,畑山|元氏,はたやま|もとうじ,畑山元氏,,安芸家,安芸城,安芸家臣。越後守。幼少の安芸国虎を父・元明らと補佐した。長宗我部元親の圧迫で所領を失い、国虎の遺児・千寿丸を託されて阿波へ逃れた。のち中富川の戦いで戦死した。,79,,0,279,58,52,59,55,55,51,,,,,,,,,20,8,17,79,12,conservative,1530,1542,1582,true,,,,,,,,47,0,132,,95,0,,,,,,
1047011,226,安芸家,矢野|満俊,やの|みつとし,矢野満俊,,安芸家,安芸城,,0,,0,238,51,66,39,37,45,49,,,,,,,,,29,21,16,84,7,aggressive,1523,1535,1582,true,,,,,,,,47,0,132,,95,0,,,,,,
1047012,227,安芸家,矢野|藤平,やの|ふじひら,矢野藤平,,安芸家,安芸城,,0,,0,199,42,57,25,34,41,44,,,,,,,,,29,21,16,84,7,aggressive,1546,1558,1582,true,矢野満俊の子,1047011,,,,,,47,0,132,,95,0,,,,,,
1047013,228,安芸家,北川|道清,きたがわ|みちきよ,北川道清,,安芸家,安芸城,,0,,0,191,40,39,39,37,36,39,,,,,,,,,22,11,26,67,11,balanced,1538,1550,1569,true,,,,,,,,47,0,132,,95,0,,,,,,
1047014,229,安芸家,安田|親信,やすだ|ちかのぶ,安田親信,,安芸家,安芸城,,0,,0,213,50,43,39,41,40,43,,,,,,,,,23,12,28,65,97,balanced,1507,1519,1565,,,,,,,,,47,0,132,,90,0,,,,,,
1047015,230,安芸家,安田|鑑信,やすだ|かねのぶ,安田鑑信,,安芸家,安芸城,,0,,0,206,40,29,49,47,41,42,,,,,,,,,28,19,43,45,97,balanced,1534,1546,1592,,安田親信の子。安芸→長宗我部,1047014,,,,,,47,0,132,,90,0,,,,,,
1047016,231,安芸家,安田|泰綱,やすだ|やすつな,安田泰綱,,安芸家,安芸城,,0,,0,212,48,56,35,36,37,47,,,,,,,,,36,30,22,79,97,aggressive,1562,1574,1635,,安田鑑信の子。安芸→長宗我部,1047015,,,,,,47,0,132,,90,0,,,,,,
1047017,232,安芸家,安岡|重賢,やすおか|しげかた,安岡重賢,,安芸家,安芸城,,0,,0,203,35,29,52,45,42,39,,,,,,,,,18,5,24,68,96,balanced,1500,1512,1556,,,,,,,,,47,0,132,,90,0,,,,,,
1047018,233,安芸家,安岡|道清,やすおか|みちきよ,安岡道清,,安芸家,安芸城,,0,,0,224,47,56,40,38,43,44,,,,,,,,,22,11,27,65,96,balanced,1526,1538,1585,,安岡重賢の子。安芸→長宗我部,1047017,,,,,,47,0,132,,90,0,,,,,,
1047019,234,安芸家,安岡|重義,やすおか|しげよし,安岡重義,,安芸家,安芸城,,0,,0,178,41,43,34,31,29,37,,,,,,,,,22,11,39,48,95,balanced,1529,1541,1587,,安岡重賢の子。安芸→長宗我部,1047017,,,,,,47,0,132,,90,0,,,,,,
1047020,235,安芸家,安岡|重盛,やすおか|しげもり,安岡重盛,,安芸家,安芸城,,0,,0,210,43,45,44,41,37,43,,,,,,,,,26,16,35,56,96,balanced,1544,1556,1602,,安岡重賢の子、安岡道清の養子。安芸→長宗我部,1047017,1047018,,,,,47,0,132,,90,0,,,,,,
1055001,236,秋月家,秋月|文種,あきづき|もんしゅ,秋月文種,,秋月家,古処山城,筑前古処山城主。毛利氏と通じて大友氏に対抗したが、大友軍の攻撃を受け古処山城を失い、嫡男の晴種とともに敗死した。子の種実は毛利氏を頼り、のち秋月氏を再興した。,79,,0,240,53,62,44,41,40,57,D,D,,,,,,,29,21,44,44,34,conservative,1516,1528,1557,true,,,,,,,,55,0,149,,95,0,,,,,,
1055002,237,秋月家,秋月|晴種,あきづき|はるたね,秋月晴種,,秋月家,古処山城,,0,,0,235,57,54,41,44,39,59,,,,,,,,,32,25,50,66,34,aggressive,1536,1548,1557,true,秋月文種の子。家督,1055001,,,,,,55,0,149,,95,0,,,,,,
1055003,238,秋月家,秋月|種実,あきづき|たねざね,秋月種実,,秋月家,古処山城,文種の子。父の死後に毛利氏を頼り、のちに古処山城へ復帰して秋月氏を再興。大友氏と長く争い、島津氏とも結んだが、豊臣秀吉の九州平定に降伏し日向高鍋へ移された。,78,,0,357,73,68,65,77,74,71,D,D,,,,,,,33,26,68,55,34,balanced,1545,1557,1596,,秋月文種の子。家督,1055001,,,,,,55,0,149,古処山城主,100,1500,,,,,,1053003:240
1055004,239,秋月家,秋月|種長,あきづき|たねなが,秋月種長,,秋月家,古処山城,種実の子。家督を継いで筑前大隈城を守り、秀吉の九州平定に抵抗して日向財部3万石へ転封。関ヶ原では西軍から東軍へ転じ所領を安堵され、高鍋藩秋月家の祖となった。,78,,0,240,42,37,52,54,55,53,,,,,,,,,36,30,55,32,34,balanced,1567,1579,1614,,秋月種実の子。家督,1055003,,,,,,55,0,149,,95,500,,,,,,1053003:240
1055005,240,秋月家,秋月|元種,あきづき|もとたね,秋月元種,1578:高橋|0:たかはし|0,秋月家,古処山城,秋月種実の子。九州平定後、日向縣五万三千石を領し松尾城に入った。のち五ヶ瀬川・大瀬川に挟まれた地に縣城を築いた。南・中・北の三町を整え、延岡城下の基礎を築いた。,80,,0,227,28,43,55,52,49,50,,,,,,,,,29,21,49,38,35,conservative,1571,1583,1614,,秋月種実の子、高橋鑑種の養子,1055003,1053015,,,,,55,0,149,,95,500,,,,,,
1055006,241,秋月家,秋月|種冬,あきづき|たねふゆ,秋月種冬,1578:高橋|0:たかはし|0/1602:大庭|源馬:おおば|げんば,秋月家,小倉城,秋月氏一門。文種の子。兄・種実が旧領を回復すると、高橋鑑種の養子となり豊前小倉城へ入った。高橋氏の一員として兄・種実らと大友氏に対抗し、のち大庭源馬を称した。,79,,0,341,69,74,68,65,65,68,D,,,D,,,,,36,30,63,64,32,conservative,1549,1560,1614,,秋月文種の子、高橋鑑種の養子,1055001,1053015,,,,,55,0,143,小倉城主,95,700,,,,,,1053003:240
1055007,242,秋月家,長野|鑑良,ながの|かねよし,長野鑑良,,秋月家,古処山城,,0,,0,224,39,39,50,48,48,46,,,,,,,,,33,26,50,38,30,aggressive,1550,1562,1611,,秋月文種の四男,1055001,,,,,,55,0,149,,95,0,,,,,,
1055008,243,秋月家,秋月|種貞,あきづき|たねさだ,秋月種貞,,秋月家,古処山城,,0,,0,215,43,21,53,50,48,48,,,,,,,,,45,43,12,63,30,hermit,1579,1591,1628,,長野鑑良の子、秋月種長の養子,1055007,1055004,,,,,55,0,149,,95,0,,,,,,
1055009,244,秋月家,秋月|種春,あきづき|たねはる,秋月種春,,秋月家,古処山城,日向高鍋藩二代藩主。種貞の子。父が病弱なため幼くして祖父・種長の跡を継いだ。在任中は門閥譜代層の抗争で藩政が動揺したが、串間神社を再興して寺社保護にもあたった。,80,,0,244,46,43,57,52,46,54,,,,,,,,,50,50,43,57,34,aggressive,1610,1614,1659,,秋月種貞の子、秋月種長の養子。家督,1055008,1055004,,,,,55,0,149,,95,0,,,,,,
1055010,245,秋月家,秋月|種信,あきづき|たねのぶ,秋月種信,,秋月家,古処山城,日向高鍋藩三代藩主。秋月種春の長男。父の死後に家督を継ぎ、家臣団統制と民衆支配を整えて藩政を安定させた。さらに高鍋城を修復し、城地の財部を高鍋と改称した。,77,,0,224,39,39,50,48,48,46,,,,,,,,,33,26,50,38,34,balanced,1632,1644,1699,,秋月種春の子。家督,1055009,,,,,,55,0,149,,95,0,,,,,,
1055011,246,秋月家,井田|親之,いだ|ちかゆき,井田親之,,秋月家,古処山城,,0,,0,216,42,58,36,36,44,44,D,D,D,,,,,,29,21,44,44,33,aggressive,1532,1544,1587,true,,,,,,,,55,0,149,,95,0,,,,,,
1055012,247,秋月家,井田|親氏,いだ|ちかうじ,井田親氏,,秋月家,古処山城,,0,,0,217,56,68,28,25,40,46,,,,,,,,,33,26,38,55,33,aggressive,1562,1574,1581,true,井田親之の子,1055011,,,,,,55,0,149,,95,0,,,,,,
1055013,248,秋月家,板並|忠成,いたなみ|ただなり,板並忠成,,秋月家,古処山城,,0,,0,274,46,45,59,67,57,49,,,,,,,,,18,5,29,60,29,conservative,1535,1547,1603,,,,,,,,,55,0,149,,95,500,,,,,,
1055014,249,秋月家,板並|長常,いたなみ|ながつね,板並長常,,秋月家,古処山城,,0,,0,249,54,65,42,46,42,54,,,,,,,,,50,50,44,55,29,aggressive,1567,1579,1634,,板並忠成の子、秋月種実の養子,1055013,1055003,,,,,55,0,149,,95,0,,,,,,
1055015,250,秋月家,内田|実久,うちだ|さねひさ,内田実久,,秋月家,小倉城,秋月家臣。善兵衛。秋月種実に仕える宿老として筑前の諸戦に従い、大友氏との抗争を支えた。九州平定後に主家が日向高鍋へ移ると従い、高城の再興に携わって家老となった。,80,,0,316,67,62,70,61,56,55,D,,,,,,,,50,50,34,69,34,balanced,1538,1550,1617,,,,,,,,,55,0,143,,95,500,,,,,,
1055016,251,秋月家,内田|実頼,うちだ|さねより,内田実頼,,秋月家,小倉城,,0,,0,272,59,65,53,51,44,59,,,,,,,,,50,50,29,76,34,aggressive,1570,1582,1627,,内田実久の子。内田四郎右衛門。家督,1055015,,,,,,55,0,143,,95,0,,,,,,
1055017,252,秋月家,内田|実景,うちだ|さねもと,内田実元,,秋月家,小倉城,,0,,0,229,42,67,31,41,48,54,,,,,,,,,55,57,30,77,32,balanced,1575,1587,1639,,内田実久の子。内田仁右衛門,1055015,,,,,,55,0,143,,95,0,,,,,,
1055018,253,秋月家,恵利|暢尭,えり|のぶたか,恵利暢尭,,秋月家,古処山城,秋月家重臣。豊臣秀吉の九州征伐に際し、秀吉軍の強大さから主君・秋月種実へ和睦を進言。抗戦論を覆せず、妻子を刺殺したのち切腹し自らの死をもって主君を諫めた。,77,,0,310,53,50,70,70,67,56,,,,,,,,,57,60,26,84,24,balanced,1550,1562,1587,true,,,,,,,,55,0,149,,90,0,,,,,,
1055019,254,秋月家,河津|隆家,かわづ|たかいえ,河津隆家,,秋月家,古処山城,,0,,0,242,60,62,43,37,40,46,,,,,,,,,20,8,42,64,35,balanced,1533,1545,1570,true,,,,,,,,55,0,149,,95,0,,,,,,
1055020,255,秋月家,河津|氏澄,かわづ|うじずみ,河津氏澄,1570:晴気|氏澄:はるき|うじずみ,秋月家,古処山城,,0,,0,229,36,31,62,57,43,48,,,,,,,,,31,23,37,70,35,balanced,1560,1572,1608,,河津隆家の子,1055021,,,,,,55,0,149,,95,0,,,,,,
1055021,256,秋月家,熊井|久重,くまい|ひさしげ,熊井久重,,秋月家,小倉城,,0,,0,225,44,49,47,45,40,42,,,,,,,,,18,5,28,62,33,balanced,1542,1554,1587,true,,,,,,,,55,0,143,,95,0,,,,,,
1055022,257,秋月家,白井|種盛,しらい|たねもり,白井種盛,,秋月家,小倉城,,0,,0,323,65,51,62,68,77,64,,,,,,,,,67,74,88,20,71,balanced,1582,1594,1643,,内田実久の子,1055015,,,,,,55,0,143,,80,0,,,,,,
1055023,258,秋月家,白井|種重,しらい|たねしげ,白井種重,,秋月家,小倉城,,0,,0,319,63,65,50,67,74,63,,,,D,,,,,73,83,90,15,71,balanced,1604,1616,1663,,白井種盛の子,1055018,,,,,,55,0,143,,80,0,,,,,,
1055024,259,秋月家,福武|道恩,ふくたけ|どうおん,福武道恩,,秋月家,古処山城,,0,,0,289,61,53,44,64,67,53,,,,,,,,,20,8,15,88,34,conservative,1521,1533,1588,,別名：深江美濃守,,,,,,,55,0,149,,95,500,true,,,,,
1055025,260,秋月家,宗像|氏貞,むなかた|うじさだ,宗像氏貞,,秋月家,古処山城,筑前宗像大社の大宮司・領主。大友氏の圧迫に対抗し、毛利氏などと結んで宗像郡の支配維持を図った。男子の後継を欠き、死後に戦国大名としての宗像氏は断絶した。,76,,0,319,63,68,62,63,63,57,D,,,,,,,,20,8,43,65,34,balanced,1545,1557,1586,,,,,,,,,55,0,149,,95,700,,,,,,
1015001,261,浅井家,浅井|忠政,あざい|ただまさ,浅井忠政,,浅井家,小谷城,,0,,0,0,0,0,0,0,0,0,,,,,,,,,0,0,0,0,64,hermit,1451,9999,1520,,,,,,,,,15,0,23,,95,0,,,,,,
1015002,262,浅井家,浅井|直政,あざい|なおまさ,浅井直政,,浅井家,小谷城,京極家臣。北近江浅井氏当主。忠政の子。母・慶集と竹生島へ田地を寄進。男子がなく、同族直種の子・亮政を娘婿に迎えて惣領家を継がせ、戦国大名浅井氏へ家督をつないだ。,80,,0,287,55,46,66,59,61,55,,,,,,,,,18,5,38,48,64,balanced,1476,1488,1540,,浅井忠政の子。家督,1015001,,,,,,15,0,23,,95,0,,,,,,
1015003,263,浅井家,浅井|亮政,あざい|すけまさ,浅井亮政,,浅井家,小谷城,浅井氏初代当主。京極氏の家督争いを機に国人を束ねて台頭し北近江の実権を握る。小谷城を本拠に六角氏と抗争し、朝倉氏とも結んで勢力を維持。浅井氏の基礎を築いた。,78,,0,360,82,77,63,68,70,74,,B,,,,,,,29,21,53,32,64,aggressive,1491,1503,1542,,浅井直政の養子。家督,,1015002,,,,,15,0,23,,95,0,,,,,,
1015004,264,浅井家,浅井|久政,あざい|ひさまさ,浅井久政,,浅井家,小谷城,亮政の子。浅井氏2代当主。六角氏との戦いで劣勢となり、その影響下に入った。家臣の支持を得た嫡子の長政に家督を譲って隠居し、小谷城落城時に自害した。,73,,0,268,43,36,60,66,63,56,,,,,,,,,29,21,31,96,63,conservative,1526,1538,1573,true,浅井亮政の子。家督,1015003,,,,,,15,0,23,小谷城主,100,1500,,,azai_hisamasa.webp,272,左兵衛少尉,
1015005,265,浅井家,浅井|賢政,あざい|かたまさ,浅井賢政,1561:0|長政:0|ながまさ,浅井家,小谷城,浅井久政の子。六角氏への従属に反発する家臣に推され家督を継ぎ北近江で自立。信長の妹お市を娶るが、朝倉氏との関係を優先して断交。姉川で敗れ小谷城落城時に自害した。,80,,0,370,76,87,61,74,72,71,D,A,C,,D,,,,36,30,59,83,73,conservative,1545,1557,1573,true,浅井久政の子。別名：浅井長政。家督,1015004,,,,,,15,0,23,,95,500,,,azai_nagamasa.webp,,,
1015006,266,浅井家,浅井|輝政,あざい|てるまさ,浅井輝政,,浅井家,小谷城,浅井長政の子。浅井万福丸。実名不詳。,18,浅井長政の子。浅井万福丸。実名不詳。,18,320,62,76,59,58,65,67,,D,,D,,,,,50,50,63,85,73,aggressive,1564,1576,1573,true,浅井賢政の子。家督。別名：浅井万福丸,1015005,,,,,,15,0,23,,95,500,,,,,,
1015007,267,浅井家,浅井|井頼,あざい|いより,浅井井頼,,浅井家,小谷城,,0,,0,266,57,65,45,46,53,65,D,,D,D,,,,,30,22,67,33,74,balanced,1570,1582,1661,,浅井賢政の子,1015005,,,,,,15,0,23,,95,0,,,,,,
1015008,268,浅井家,浅井|政元,あざい|まさもと,浅井政元,,浅井家,小谷城,,0,,0,320,60,58,62,72,68,57,,,,,,,,,20,8,27,65,52,conservative,1548,1560,1573,true,浅井久政の子,1015004,,,,,,15,0,23,,95,0,,,,,,
1015009,269,浅井家,浅井|清政,あざい|きよまさ,浅井清政,,浅井家,小谷城,,0,,0,0,0,0,0,0,0,0,,,,,,,,,0,0,0,0,0,hermit,1482,9999,1541,,浅井忠政の子,1015001,,,,,,15,0,23,,95,0,,,,,,
1015010,270,浅井家,浅井|秀信,あざい|ひでのぶ,浅井秀信,,浅井家,小谷城,,0,,0,249,40,36,56,64,53,47,,,,,,,,,22,11,33,57,74,hermit,1511,1523,1544,,浅井清政の子,1015009,,,,,,15,0,23,,95,0,,,,,,
1015011,271,浅井家,浅井|亮親,あざい|すけちか,浅井亮親,,浅井家,小谷城,,0,,0,273,49,46,53,61,64,53,,,,,,,,,29,21,28,67,74,hermit,1519,1531,1573,true,浅井秀信の子,1015010,,,,,,15,0,23,,95,700,,,,,,
1015012,272,浅井家,浅井|貞政,あざい|さだまさ,浅井貞政,,浅井家,小谷城,,0,,0,185,45,26,40,40,34,41,,,,,,,,,33,26,41,51,75,conservative,1521,1533,1555,,浅井清政の子,1015009,,,,,,15,0,23,,95,0,,,,,,
1015013,273,浅井家,浅井|盛政,あざい|もりまさ,浅井盛政,,浅井家,小谷城,,0,,0,202,51,45,37,28,41,43,,,,,,,,,36,30,43,35,75,balanced,1544,1556,1583,true,浅井貞政の子。浅井→藤堂→羽柴,1015012,,,,,,15,0,23,,95,0,,,,,,
1015014,274,浅井家,浅井|吉政,あざい|よしまさ,浅井吉政,,浅井家,小谷城,,0,,0,202,47,52,29,35,39,45,,,,,,,,,40,36,38,45,74,balanced,1566,1578,1583,true,浅井盛政の子、浅井亮親の養子。浅井→藤堂→羽柴,1015013,1015011,,,,,15,0,23,,95,0,,,,,,
1015015,275,浅井家,浅井|惟安,あざい|これやす,浅井惟安,,浅井家,小谷城,,0,,0,262,59,56,51,50,46,48,,,,,,,,,18,5,10,88,51,conservative,1523,1535,1573,true,浅井清政の子,1015009,,,,,,15,0,23,,95,0,,,,,,
1015016,276,浅井家,赤尾|清綱,あかお|きよつな,赤尾清綱,,浅井家,小谷城,浅井家臣。赤尾氏の当主として小谷城内に屋敷を構え、海北綱親らとともに浅井家の宿老として重きをなした。小谷城落城時に捕らえられ処刑された。,68,,0,318,63,52,74,66,63,63,D,D,,,,,,,29,21,21,87,66,conservative,1514,1526,1573,true,,,,,,,,15,0,23,,100,300,,,,,,
1015017,277,浅井家,赤尾|清冬,あかいお|きよふゆ,赤尾清冬,,浅井家,小谷城,,0,,0,226,57,65,34,29,41,47,,,,,,,,,22,11,20,75,66,balanced,1539,1551,1591,,赤尾清綱の子。浅井→宮部,1015016,,,,,,15,0,23,,100,0,,,,,,
1015018,278,浅井家,阿閉|貞征,あつじ|さだゆき,阿閉貞征,,浅井家,小谷城,近江山本山城主。浅井長政に仕えたが、のちに織田信長へ降伏。信長の死後は明智光秀に属し、山崎の戦いで光秀が敗れると捕らえられ、子とともに処刑された。,73,,0,225,53,50,30,47,45,46,,,,,,,,,29,21,71,21,30,balanced,1528,1540,1582,true,浅井→羽柴→明智,,,,,,,15,0,23,,90,0,,,,,,
1015019,279,浅井家,阿閉|貞大,あつじ|さだひろ,阿閉貞大,,浅井家,小谷城,,0,,0,215,46,59,31,39,40,45,,,,,,,,,29,21,69,30,30,balanced,1552,1564,1582,true,阿閉貞征の子。浅井→羽柴→明智,1015018,,,,,,15,0,23,,90,0,,,,,,
1015020,280,浅井家,雨森|良広,あめのもり|よしひろ,雨森良広,,浅井家,小谷城,,0,,0,0,0,0,0,0,0,0,,,,,,,,,0,0,0,0,66,hermit,1480,9999,1530,,,,,,,,,15,0,23,,95,0,,,,,,
1015021,281,浅井家,雨森|良里,あめのもり|よしさと,雨森良里,,浅井家,小谷城,,0,,0,273,53,52,59,58,51,49,,,,,,,,,18,5,30,59,66,conservative,1506,1518,1535,true,雨森良広の子,1015020,,,,,,15,0,23,,95,0,,,,,,
1015022,282,浅井家,雨森|清定,あめのもり|きよさだ,雨森清定,,浅井家,小谷城,,0,,0,285,69,75,38,37,66,64,D,,D,,,,,,24,14,25,84,66,conservative,1524,1536,1573,true,雨森良里の子,1015021,,,,,,15,0,23,,95,300,,,,,,
1015023,283,浅井家,雨森|良定,あめのもり|よしさだ,雨森良定,,浅井家,小谷城,,0,,0,254,47,42,57,54,54,51,,,,,,,,,30,22,23,75,68,aggressive,1514,1526,1568,,雨森良広の子,1015020,,,,,,15,0,23,,95,0,,,,,,
1015024,284,浅井家,雨森|清良,あめのもり|きよよし,雨森清良,,浅井家,小谷城,,0,,0,218,53,61,34,34,36,48,,,,,,,,,36,30,32,80,68,aggressive,1536,1548,1570,true,雨森良定の子,1015023,,,,,,15,0,23,,95,0,,,,,,
1015025,285,浅井家,雨森|清次,あめのもり|きよつぐ,雨森清次,,浅井家,小谷城,,0,,0,239,51,59,45,42,42,51,,,,,,,,,42,39,31,55,86,balanced,1562,1574,1622,,雨森良定の子。浅井→阿閉→明智,1015023,,,,,,15,0,23,,95,0,,,,,,
1015026,286,浅井家,雨森|清広,あめのもり|きよひろ,雨森清広,,浅井家,小谷城,,0,,0,221,40,63,18,29,71,49,,,,,,,,,50,50,28,50,86,balanced,1606,1618,1684,,雨森清次の子。松平直政家臣,1015025,,,,,,15,0,23,,95,0,,,,,,
1015027,287,浅井家,安養寺|氏種,あんようじ|うじたね,安養寺氏種,,浅井家,佐和山城,,0,,0,292,43,32,74,74,69,59,,,,,,,,,50,50,32,72,43,conservative,1536,1548,1606,,,,,,,,,15,0,28,,85,0,,,,,,
1015028,288,浅井家,磯野|員昌,いその|かずまさ,磯野員昌,,浅井家,佐和山城,浅井家臣。佐和山城主。姉川の戦いで織田軍を激しく攻めた。のちに佐和山城を明け渡して織田方に降り、高島郡を領した。,56,,0,278,74,84,30,32,58,64,C,C,,D,,,,猛将,29,21,51,35,73,aggressive,1523,1535,1590,,,,,,,,,15,0,28,佐和山城主,95,200,,,,,,
1015029,289,浅井家,磯野|行信,いその|ゆきのぶ,磯野行信,,浅井家,佐和山城,,0,,0,247,58,67,39,37,46,49,,,,,,,,,29,21,69,52,73,aggressive,1550,1562,1582,true,磯野員昌の子,1015028,,,,,,15,0,28,,95,0,,,,,,
1015030,290,浅井家,小堀|正次,こぼり|まさつぐ,小堀正次,,浅井家,佐和山城,浅井家臣。浅井氏滅亡後は秀吉・秀長に仕えた。秀長の重臣として奉行を務め、検地など政務を担当。関ヶ原後は家康に備中国奉行を命じられ、子の政一と同国を治めた。,77,,0,293,47,56,74,56,60,60,,,,,,,,,50,50,43,56,92,conservative,1540,1552,1604,,磯野員昌の娘婿。磯野→羽柴→徳川,,1015028,,,,,15,0,28,,95,0,,,,,,
1015031,291,浅井家,小堀|政一,こぼり|まさかず,小堀政一,,浅井家,佐和山城,小堀正次の子。小堀遠州。幕府の作事奉行・伏見奉行を務め、備中松山城、駿府城、禁裏、二条城などの作事に携わった。古田織部に茶を学び、将軍家の茶道指南を務めた。,78,,0,297,44,46,70,63,74,64,,,,,,,,,75,85,60,44,92,conservative,1579,1591,1647,,小堀正次の子。磯野→羽柴→徳川,1015030,,,,,,15,0,28,,95,0,,,,,,
1015032,292,浅井家,遠藤|直経,えんどう|なおつね,遠藤直経,,浅井家,小谷城,浅井家臣。軍事・外交で活躍。姉川の戦いでは織田方の本陣へ迫り、竹中久作に討ち取られた。,43,,0,308,67,73,47,49,72,54,,C,D,B,,,,猛将,29,21,77,93,50,aggressive,1541,1553,1570,true,,,,,,,,15,0,23,,95,300,,,,,,
1015033,293,浅井家,小川|祐忠,おがわ|すけただ,小川祐忠,,浅井家,小谷城,豊臣家臣。近江出身。伊予国府城七万石を領した。関ヶ原では西軍から東軍へ転じ、大谷吉継隊を攻めて佐和山城攻めにも加わったが、戦後は所領を没収され翌年没した。,77,,0,224,37,42,40,47,58,48,,,,,,,,,50,50,64,27,77,balanced,1547,1559,1601,,,,,,,,,15,0,23,,90,0,,,,,,
1015034,294,浅井家,海北|綱親,かいほう|つなちか,海北綱親,,浅井家,小谷城,浅井家臣。海北氏の武将。赤尾氏・雨森氏と並ぶ重臣として知られ、浅井家を支えた。桃山画壇の巨匠・海北友松の父。,54,,0,310,75,62,52,47,74,54,D,C,,D,,,,,50,50,45,68,65,balanced,1509,1521,1573,true,,,,,,,,15,0,23,,95,300,true,,,,,
1015035,295,浅井家,垣見|一直,かきみ|かずなお,垣見一直,,浅井家,今浜城,豊臣家臣。豊後富来城主。名は家純とも。慶長の役で朝鮮へ出陣した。関ヶ原では西軍に属して大垣城に籠城したが、本戦敗北後、東軍へ内応した相良長毎らに殺害された。,78,,0,232,41,57,59,41,34,57,,,,,,,,,68,75,34,78,95,aggressive,1552,1564,1600,true,,,,,,,,15,0,186,,90,0,,,,,,
1015036,296,浅井家,朽木|稙綱,くつき|たねつな,朽木稙綱,,浅井家,朽木城,朽木氏当主。近江朽木谷を領し、京を追われた足利義晴をたびたび迎えて幕府を支援。幕府奉公衆として近江北西部の勢力を保った。,60,,0,330,64,53,71,72,70,62,D,,,,,,,,33,26,38,55,45,balanced,1498,1510,1549,,,,,,,,,15,0,177,,95,0,,,,,,
1015037,297,浅井家,朽木|晴綱,くつき|はるつな,朽木晴綱,,浅井家,朽木城,,0,,0,251,56,41,56,51,47,50,,,,,,,,,33,26,42,50,61,aggressive,1518,1530,1550,,朽木稙綱の子,1015036,,,,,,15,0,177,,95,0,,,,,,
1015038,298,浅井家,朽木|元綱,くつき|もとつな,朽木元綱,,浅井家,朽木城,近江朽木谷の国衆。将軍足利義昭や織田信長と関わり、金ヶ崎退却では信長の帰京を助けた。のちに豊臣・徳川政権にも仕え、関ヶ原では西軍から東軍へ転じて家名を保った。,79,,0,314,60,50,69,71,64,60,,,,,,,,,36,30,51,38,61,balanced,1549,1550,1632,,朽木晴綱の子,1015037,,,,,,15,0,177,朽木城主,95,300,,,,,,
1015039,299,浅井家,朽木|宣綱,くつき|のぶつな,朽木宣綱,,浅井家,朽木城,朽木元綱の長男。秀吉に仕え、のち徳川氏に従う。父の隠居で家督を継いだ。近江朽木荘など九千五百石余のうち六千四百石余を領して旗本となり、交代寄合に列した。,76,,0,211,39,38,47,43,44,48,,,,,,,,,46,44,42,56,61,conservative,1582,1594,1662,,朽木元綱の子,1015038,,,,,,15,0,177,,95,0,,,,,,
1015040,300,浅井家,毛屋|武久,けや|たけひさ,毛屋武久,,浅井家,今浜城,,0,,0,228,42,58,31,40,57,48,,D,,,,,,,36,30,35,61,9,aggressive,1554,1566,1628,,,,,,,,,15,0,186,,90,0,,,,,,
1015041,301,浅井家,新庄|直昌,しんじょう|なおまさ,新庄直昌,,浅井家,佐和山城,,0,,0,0,0,0,0,0,0,0,,,,,,,,,0,0,0,0,0,hermit,1513,9999,1549,,浅井→織田→羽柴→徳川,,,,,,,15,0,28,,90,0,,,,,,
1015042,302,浅井家,新庄|直頼,しんじょう|なおより,新庄直頼,,浅井家,佐和山城,浅井家臣。朝妻城主。直昌の子。姉川で第四陣を率い、浅井滅亡後は信長・秀吉に仕えた。関ヶ原で西軍に属し改易されたが、のち赦免され常陸麻生三万石に復帰した。,76,,0,237,33,59,50,48,47,52,D,D,,,,,,,36,30,59,58,5,balanced,1538,1550,1612,,新庄直昌の子。浅井→織田→羽柴→徳川,1015041,,,,,,15,0,28,,90,0,,,,,,
1015043,303,浅井家,新庄|直定,しんじょう|なおさだ,新庄直定,,浅井家,佐和山城,新庄直頼の長男。父と関ヶ原で西軍に属し伊賀上野城を占拠。戦後は徳川氏に仕え、常陸麻生藩主を継いだ。大坂両陣では長男・直好と出陣して戦功を挙げ、奏者番を務めた。,79,,0,208,37,50,43,39,39,56,,,,,,,,,52,53,21,89,5,conservative,1562,1574,1618,,新庄直頼の子。浅井→織田→羽柴→徳川,1015042,,,,,,15,0,28,,90,0,,,,,,
1015044,304,浅井家,堀|秀信,ほり|ひでのぶ,堀秀信,,浅井家,佐和山城,,0,,0,234,47,40,52,51,44,54,,,,,,,,,50,50,30,75,84,balanced,1587,1599,1627,,新庄直頼の子、堀秀村の養子。秀頼→徳川秀忠→家光,1015042,1015054,,,,,15,0,28,,90,0,,,,,,
1015045,305,浅井家,新庄|直忠,しんじょう|なおただ,新庄直忠,,浅井家,佐和山城,新庄直昌の次男。兄・直頼と秀吉に仕え朝鮮出兵に従軍。近江・伊勢に一万四千六百石を領した。関ヶ原後に失領し、のち家康に召し出され幕府直轄領の代官を務めた。,76,,0,264,48,59,64,53,40,49,D,D,,,,,,,36,30,27,59,10,balanced,1542,1554,1620,,新庄直昌の子。浅井→織田→羽柴→徳川,1015041,,,,,,15,0,28,,90,0,,,,,,
1015046,306,浅井家,藤堂|忠高,とうどう|ただたか,藤堂忠高,,浅井家,小谷城,,0,,0,0,0,0,0,0,0,0,,,,,,,,,0,0,0,0,0,hermit,1480,9999,1530,,,,,,,,,15,0,23,,90,0,,,,,,
1015047,307,浅井家,藤堂|虎高,とうどう|とらたか,藤堂虎高,,浅井家,小谷城,近江国犬上郡藤堂村の郷士。三井乗緝の二男で藤堂氏を継いだ。妻は多賀氏の娘で、次男に藤堂高虎が生まれた。初め与右衛門と称し、晩年は剃髪して白雲居士と号した。,77,,0,267,52,49,58,56,52,65,,,,,,,,,56,59,66,55,94,balanced,1516,1528,1599,,藤堂忠高の婿養子。武田信虎→浅井→津田信澄→羽柴秀長,,1015046,,,,,15,0,23,,90,0,,,,,,
1015048,308,浅井家,藤堂|高虎,とうどう|たかとら,藤堂高虎,,浅井家,小谷城,浅井氏など複数の主家を経て豊臣秀長に仕え、築城や軍事で活躍。関ヶ原では東軍に属し、大坂の陣でも徳川方として戦った。のちに伊勢津を領し、津藩の基礎を築いた。,77,,0,413,79,79,87,83,85,74,C,D,C,D,,,C,,71,80,76,35,94,conservative,1556,1568,1630,,藤堂虎高の子。浅井→津田信澄→羽柴秀長→徳川秀忠,1015047,,,,,,15,0,23,,90,0,,,,,,
1015049,309,浅井家,藤堂|高次,とうどう|たかつぐ,藤堂高次,,浅井家,小谷城,津藩2代藩主。藤堂高虎の子。父の跡を継ぎ、城下町整備・新田開発・河川堤防の築造や改修を進め、藤堂焼も保護した。のち隠居して嫡男・高久へ家督を譲った。,74,,0,304,60,67,65,60,52,58,,D,,,,,,,50,50,41,60,94,conservative,1602,1614,1676,,藤堂高虎の子,1015048,,,,,,15,0,23,,90,0,,,,,,
1015050,310,浅井家,藤堂|高刑,とうどう|たかのり,藤堂高刑,,浅井家,小谷城,藤堂家臣。高虎の甥。藤堂仁右衛門家初代。朝鮮出兵や関ヶ原で軍功を挙げた。大坂夏の陣では八尾で長宗我部盛親軍と激戦を繰り広げ、藤堂勢の将兵とともに討死した。,77,,0,259,48,68,46,46,51,59,,,,,,,,,50,50,24,84,95,aggressive,1577,1589,1615,true,藤堂高虎の猶子,,1015048,,,,,15,0,23,,90,0,,,,,,
1015051,311,浅井家,野村|直隆,のむら|なおたか,野村直隆,,浅井家,佐和山城,,0,,0,210,47,55,29,33,46,49,,,,,,,,,29,21,33,61,3,aggressive,1545,1557,1600,true,,,,,,,,15,0,28,,85,0,,,,,,
1015052,312,浅井家,樋口|直房,ひぐち|なおふさ,樋口直房,,浅井家,今浜城,浅井家臣。堀秀村と長比城・上平寺城を守り、美濃国境を塞いだ。信長の調略を受け内応し両城を開城。竹生島の通船返付への返書や上平寺領の諸公事免除を命じた書状も残る。,80,,0,338,70,57,74,57,80,66,,,,,,,,,36,30,39,55,88,conservative,1526,1538,1574,true,,,,,,,,15,0,186,,85,0,,,,,,
1015053,313,浅井家,堀|秀基,ほり|ひでもと,堀秀基,,浅井家,今浜城,,0,,0,239,34,46,62,54,43,58,,,,,,,,,50,50,33,71,73,balanced,1526,1538,1562,,,,,,,,,15,0,186,今浜城主,95,200,,,,,,
1015054,314,浅井家,堀|秀村,ほり|ひでむら,堀秀村,,浅井家,今浜城,浅井家臣。鎌刃城主。木下藤吉郎の説得で織田方に転じ、信長から戦時下の湖北支配を任された。発給文書は竹生島や菅浦にも及び、浅井氏滅亡後に改易され鎌刃城も廃された。,80,,0,315,67,54,63,66,65,58,,,,,,,,,50,50,40,61,83,aggressive,1557,1569,1599,,堀秀基の子,1015053,,,,,,15,0,186,,85,0,,,,,,
1015055,315,浅井家,三田村|国定,みたむら|くにさだ,三田村国定,,浅井家,今浜城,,0,,0,223,50,65,27,27,54,46,,,,,,,,,26,16,38,51,78,balanced,1543,1555,1573,true,,,,,,,,15,0,186,,85,0,,,,,,
1015056,316,浅井家,宮部|継潤,みやべ|けいじゅん,宮部継潤,,浅井家,佐和山城,もとは比叡山の僧で、浅井氏を経て羽柴秀吉に仕えた。鳥取城攻略で活躍し、戦後は因幡を任されて城下経営を進めた。九州平定にも従軍し、隠居後は秀吉の御伽衆となった。,79,,0,339,76,73,58,62,70,59,D,,,C,,,,,50,50,74,32,3,balanced,1528,1540,1599,,,,,,,,,15,0,28,,90,0,,,,,,
1015057,317,浅井家,宮部|長房,みやべ|ながふさ,宮部長房,,浅井家,佐和山城,豊臣家臣。宮部継潤の子。父から因幡鳥取城を継ぎ、文禄の役で朝鮮へ渡海。関ヶ原では徳川方から西軍へ転じ大津城を攻めた。敗戦後に改易され、南部利直に預けられた。,78,,0,194,25,40,49,41,39,34,,,,,,,,,36,30,59,27,7,balanced,1581,1593,1634,,宮部継潤の子。浅井家→織田→羽柴,1015056,,,,,,15,0,28,,90,0,,,,,,
1007001,318,朝倉家,朝倉|為景,あさくら|ためかげ,朝倉為景,,朝倉家,一乗谷城,,0,,0,0,0,0,0,0,0,0,,,,,,,,,0,0,0,0,50,hermit,1358,9999,1436,,,,,,,,,7,0,16,,95,0,,,,,,
1007002,319,朝倉家,朝倉|教景,あさくら|のりかげ,朝倉教景,,朝倉家,北庄城,,0,,0,0,0,0,0,0,0,0,,,,,,,,,0,0,0,0,50,hermit,1380,9999,1463,,朝倉為景の子,1007001,,,,,,7,0,76,,95,0,,,,,,
1007003,320,朝倉家,朝倉|家景,あさくら|いえかげ,朝倉家景,,朝倉家,一乗谷城,,0,,0,0,0,0,0,0,0,0,,,,,,,,,0,0,0,0,50,hermit,1402,9999,1451,,朝倉教景の子,1007002,,,,,,7,0,16,,95,0,,,,,,
1007004,321,朝倉家,朝倉|英林,あさくら|えいりん,朝倉英林,,朝倉家,一乗谷城,,0,,0,0,0,0,0,0,0,0,,,,,,,,,0,0,0,0,50,hermit,1428,9999,1481,,朝倉家景の子。7代目・朝倉孝景,1007003,,,,,,7,0,16,,95,0,,,,,,
1007005,322,朝倉家,朝倉|氏景,あさくら|うじかげ,朝倉氏景,,朝倉家,一乗谷城,,0,,0,0,0,0,0,0,0,0,,,,,,,,,0,0,0,0,50,hermit,1449,9999,1486,,朝倉英林の子。8代家督,1007004,,,,,,7,0,16,,95,0,,,,,,
1007006,323,朝倉家,朝倉|貞景,あさくら|さだかげ,朝倉貞景,,朝倉家,一乗谷城,,0,,0,0,0,0,0,0,0,0,,,,,,,,,0,0,0,0,50,hermit,1473,9999,1512,,朝倉氏景の子。9代家督,1007005,,,,,,7,0,16,,95,0,,,,,,
1007007,324,朝倉家,朝倉|宗淳,あさくら|そうじゅん,朝倉宗淳,,朝倉家,一乗谷城,越前朝倉氏10代当主。宗滴らを各地へ派遣して加賀・近江・若狭の争乱に介入し、弟・景高の反乱を鎮め大野郡を直轄化。幕府・朝廷とも結び、一乗谷の繁栄を支えた。,76,,0,387,77,64,85,86,75,66,D,C,,,,,,,26,16,39,50,50,conservative,1493,1505,1548,,朝倉貞景の子。10代家督,1007006,,,,,,7,0,16,,100,0,,,,,,
1007008,325,朝倉家,朝倉|延景,あさくら|のぶかげ,朝倉延景,1552:0|義景:0|よしかげ,朝倉家,一乗谷城,朝倉氏当主。若くして家督を継ぎ、一乗谷で内政と文芸を振興。足利義昭を迎え元服を執り行った。信長と対立して浅井氏と共闘したが刀根坂で大敗。景鏡に離反され自害した。,80,,0,357,63,55,81,89,69,69,D,,,A,,,,,25,15,20,43,50,aggressive,1533,1545,1573,true,朝倉宗淳の子。別名：朝倉義景。11代家督,1007007,,,,,,7,0,16,一乗谷城主,100,1500,,,asakura_yoshikage.webp,55,左衛門督,
1007009,326,朝倉家,朝倉|栄景,あさくら|ながかげ,朝倉栄景,,朝倉家,一乗谷城,朝倉義景の子。実名不詳。,12,朝倉義景の子。実名不詳。,12,284,51,36,62,73,62,60,,,,,,,,,18,5,29,60,50,hermit,1570,1582,1573,true,朝倉延景の子。12代家督。別名：朝倉愛王丸、西遊寺永尊。栄景は創作,1007008,,,,,,7,0,16,,95,0,,,,,,
1007010,327,朝倉家,朝倉|信景,あさくら|のぶかげ,朝倉信景,,朝倉家,一乗谷城,,0,,0,215,24,17,55,64,55,56,,,,,,,,,22,11,14,55,50,hermit,1571,1583,1652,,朝倉延景の子,1007008,,,,,,7,0,16,,95,0,,,,,,
1007011,328,朝倉家,朝倉|景高,あさくら|かげたか,朝倉景高,,朝倉家,一乗谷城,朝倉一門。貞景の子。大野郡司として郡内を治め、三条西実隆と交わった。兄の孝景と不和となり越前を追われ本願寺に三郡進上を約して宗家打倒を図るが拒まれ西国へ退いた。,80,,0,226,43,64,48,40,31,52,,,,,,,,,25,15,77,10,32,aggressive,1495,1507,1548,,朝倉貞景の子,1007006,,,,,,7,0,16,,95,0,,,,,,
1007012,329,朝倉家,朝倉|景鏡,あさくら|かげあきら,朝倉景鏡,1574:土橋|0:つちはし|0,朝倉家,一乗谷城,朝倉家臣。大野郡司。越前大野郡を支配する重臣として義景を支えたが、刀根坂敗戦後に離反。義景を自害へ追い込み信長に降ったのち、一向一揆との戦いで討死した。,76,,0,336,71,67,65,61,72,50,,D,,,,,,,25,15,71,7,27,aggressive,1525,1537,1574,true,朝倉景高の子,1007011,,,,,,7,0,16,,80,700,true,,,,,
1007013,330,今川家,朝倉|在重,あさくら|ありしげ,朝倉在重,,今川家,駿府城,駿河国衆。河内守。柿島村に住み、徳川家康に仕えた。海野弥兵衛とともに安倍山中から信濃・甲斐へ通じる山路を開き、のち諸国の材木巡察も命じられた。定林寺を開基した。,80,,0,302,59,63,63,57,60,54,,,,,,,,,42,39,37,61,42,balanced,1545,1557,1615,,朝倉景高の子,1007011,,,,,,5,0,13,,95,0,,,,,,
1007014,331,今川家,朝倉|宣正,あさくら|のぶまさ,朝倉宣正,,今川家,駿府城,徳川秀忠家臣。小田原攻め・上田攻めに従軍し、上田七本槍の一人に数えられた。のち徳川忠長の付家老となり掛川城主を兼ねたが、忠長の改易に連座して大和郡山へ蟄居した。,80,,0,260,61,68,47,44,40,47,D,,,,,,,,26,16,36,55,42,aggressive,1573,1585,1637,,朝倉在重の子,1007013,,,,,,5,0,13,,95,0,,,,,,
1007015,332,朝倉家,朝倉|景宗,あさくら|かげむね,朝倉景宗,,朝倉家,一乗谷城,,0,,0,0,0,0,0,0,0,0,,,,,,,,,0,0,0,0,0,hermit,1492,9999,1559,,朝倉氏景の子,1007005,,,,,,7,0,16,,95,0,,,,,,
1007016,333,朝倉家,朝倉|景連,あさくら|かげつら,朝倉景連,,朝倉家,北庄城,朝倉家臣。一乗谷奉行人。奉行人として文書発給を担った。鞍谷木地師の旧来の特権を認め、他国職人の進入を禁じるなど領国政務を支えた。三里浜の犬追物では奉行も務めた。,80,,0,341,56,66,80,74,65,59,D,,,,,,,,25,15,38,72,55,conservative,1511,1523,1566,,朝倉景宗の子,1007015,,,,,,7,0,76,,95,0,,,,,,
1007017,334,朝倉家,朝倉|教景,あさくら|のりかげ,朝倉教景,1503:0|宗滴:0|そうてき,朝倉家,一乗谷城,朝倉家臣。景豊の謀反を当主へ知らせ敦賀郡司となり、金ヶ崎城を拠点に軍事を担う。加賀一向一揆を総大将として撃退し、近江・畿内にも出兵して晩年まで朝倉軍を率いた。,79,,0,428,90,88,73,87,90,79,B,B,,C,,,,,36,30,35,61,55,balanced,1477,1489,1555,,朝倉英林の子,1007004,,,,,,7,0,16,,95,0,,,,,,
1007018,335,朝倉家,朝倉|景紀,あさくら|かげのり,朝倉景紀,,朝倉家,金ヶ崎城,朝倉氏一門。宗滴から敦賀郡司を継ぎ、加賀一向一揆討伐や若狭侵攻で軍を率いた。義景の軍事を支える一方、和歌・連歌・絵画・茶の湯にも通じた文武の将だった。,75,,0,344,75,72,60,68,69,67,C,D,,,,,,,25,15,50,50,55,conservative,1503,1515,1572,true,朝倉宗滴の子,1007017,,,,,,7,0,18,金ヶ崎城主,95,500,,,,,,
1007019,336,朝倉家,朝倉|景垙,あさくら|かげみつ,朝倉景垙,,朝倉家,金ヶ崎城,朝倉家臣。一門衆。朝倉景紀の子。父から敦賀郡司職を譲られて敦賀を支配し、加賀一向一揆との戦いに出陣した。加賀への出兵中、陣中で自害。弟・景恒が敦賀郡司を継いだ。,80,,0,267,68,66,52,25,56,63,D,,,,,,,,25,15,25,70,55,aggressive,1535,1547,1564,true,朝倉景紀の子,1007018,,,,,,7,0,18,,95,0,,,,,,
1007020,337,朝倉家,朝倉|景冬,あさくら|かげふゆ,朝倉景冬,,朝倉家,北庄城,,0,,0,0,0,0,0,0,0,0,,,,,,,,,0,0,0,0,0,hermit,1430,9999,1495,,朝倉家景の子,1007003,,,,,,7,0,76,,95,0,,,,,,
1007021,338,朝倉家,朝倉|景豊,あさくら|かげとよ,朝倉景豊,,朝倉家,北庄城,,0,,0,0,0,0,0,0,0,0,,,,,,,,,0,0,0,0,0,hermit,1460,9999,1503,,朝倉景冬の子,1007020,,,,,,7,0,76,,95,0,,,,,,
1007022,339,朝倉家,朝倉|春蘭軒,あさくら|しゅんらんけん,朝倉春蘭軒,,朝倉家,北庄城,,0,,0,0,0,0,0,0,0,0,,,,,,,,,0,0,0,0,0,hermit,1495,9999,1545,,朝倉景豊の子,1007021,,,,,,7,0,76,,95,0,,,,,,
1007023,340,朝倉家,朝倉|景嘉,あさくら|かげよし,朝倉景嘉,,朝倉家,北庄城,,0,,0,198,31,30,46,53,38,48,,,,,,,,,25,15,69,45,55,balanced,1534,1546,1611,,朝倉春蘭軒の子,1007022,,,,,,7,0,76,,95,0,,,,,,
1007024,341,朝倉家,朝倉|経景,あさくら|つねかげ,朝倉経景,,朝倉家,亥山城,,0,,0,0,0,0,0,0,0,0,,,,,,,,,0,0,0,0,0,hermit,1438,9999,1491,,朝倉家景の子,1007003,,,,,,7,0,75,,95,0,,,,,,
1007025,342,朝倉家,朝倉|景職,あさくら|かげもと,朝倉景職,,朝倉家,亥山城,,0,,0,0,0,0,0,0,0,0,,,,,,,,,0,0,0,0,0,hermit,1484,9999,1535,,朝倉経景の子,1007024,,,,,,7,0,75,,95,0,,,,,,
1007026,343,朝倉家,朝倉|景隆,あさくら|かげたか,朝倉景隆,,朝倉家,亥山城,朝倉家臣。加賀一向一揆との戦いで宗滴が陣中で病に倒れると、代わって出陣した。のち景鏡と加賀攻めの大将を務め、小松・御幸塚方面へ進攻して一向一揆と戦った。,76,,0,287,66,72,53,48,48,59,D,,,,,,,,29,21,36,56,72,balanced,1494,1506,1571,,朝倉景職の子,1007025,,,,,,7,0,75,亥山城主,95,500,,,,,,
1007027,344,朝倉家,朝倉|景健,あさくら|かげたけ,朝倉景健,,朝倉家,一乗谷城,朝倉家臣。姉川の戦いでは朝倉軍を率いて浅井氏を援け、織田・徳川連合軍と戦った。主家滅亡後は織田信長に降るが、一向一揆との戦いに敗れて自害を命じられた。,75,,0,248,64,66,40,39,39,56,D,C,,,,,,,29,21,40,18,72,balanced,1536,1548,1575,true,朝倉景隆の子,1007026,,,,,,7,0,16,,90,0,,,,,,
1007028,345,朝倉家,朝倉|将景,あさくら|まさかげ,朝倉将景,,朝倉家,一乗谷城,,0,,0,0,0,0,0,0,0,0,,,,,,,,,0,0,0,0,0,hermit,1403,9999,1459,,朝倉教景の子,1007002,,,,,,7,0,16,,95,0,,,,,,
1007029,346,朝倉家,朝倉|景正,あさくら|かげまさ,朝倉景正,,朝倉家,一乗谷城,,0,,0,0,0,0,0,0,0,0,,,,,,,,,0,0,0,0,0,hermit,1440,9999,1459,,朝倉将景の子,1007028,,,,,,7,0,16,,95,0,,,,,,
1007030,347,朝倉家,朝倉|景忠,あさくら|かげただ,朝倉景忠,,朝倉家,一乗谷城,,0,,0,0,0,0,0,0,0,0,,,,,,,,,0,0,0,0,0,hermit,1475,9999,1530,,朝倉景正の子,1007029,,,,,,7,0,16,,95,0,,,,,,
1007031,348,朝倉家,鳥羽|景富,とば|かげとみ,鳥羽景富,,朝倉家,一乗谷城,,0,,0,246,41,45,58,54,48,48,,,,,,,,,25,15,32,60,66,balanced,1512,1524,1573,true,朝倉景忠の子,1007030,,,,,,7,0,16,,95,500,,,,,,
1007032,349,朝倉家,鳥羽|景忠,とば|かげただ,鳥羽景忠,,朝倉家,一乗谷城,,0,,0,217,42,49,45,43,38,56,,,,,,,,,25,15,55,70,66,aggressive,1549,1561,1580,,鳥羽景富の子,1007031,,,,,,7,0,16,,95,0,,,,,,
1007033,350,朝倉家,朝倉|頼景,あさくら|よりかげ,朝倉頼景,,朝倉家,北庄城,,0,,0,0,0,0,0,0,0,0,,,,,,,,,0,0,0,0,0,hermit,1382,9999,1430,,朝倉為景の子,1007001,,,,,,7,0,76,,95,0,,,,,,
1007034,351,朝倉家,朝倉|景種,あさくら|かげたね,朝倉景種,,朝倉家,北庄城,,0,,0,0,0,0,0,0,0,0,,,,,,,,,0,0,0,0,0,hermit,1405,9999,1455,,朝倉頼景の子,1007033,,,,,,7,0,76,,95,0,,,,,,
1007035,352,朝倉家,朝倉|景頼,あさくら|かげより,朝倉景頼,,朝倉家,北庄城,,0,,0,0,0,0,0,0,0,0,,,,,,,,,0,0,0,0,0,hermit,1425,9999,1475,,朝倉景種の子,1007034,,,,,,7,0,76,,95,0,,,,,,
1007036,353,朝倉家,朝倉|景継,あさくら|かげつぐ,朝倉景継,,朝倉家,北庄城,,0,,0,0,0,0,0,0,0,0,,,,,,,,,0,0,0,0,0,hermit,1451,9999,1530,,朝倉景頼の子,1007035,,,,,,7,0,76,,95,0,,,,,,
1007037,354,朝倉家,北庄|景範,きたのしょう|かげのり,北庄景範,,朝倉家,北庄城,,0,,0,265,56,59,47,55,48,53,,,,,,,,,25,15,28,65,53,conservative,1481,1493,1553,,朝倉景継の子。別名：朝倉景範,1007036,,,,,,7,0,76,,95,0,,,,,,
1007038,355,朝倉家,北庄|景行,きたのしょう|かげゆき,北庄景行,,朝倉家,北庄城,朝倉一門。北庄城主。曹洞宗僧・勧雄宗学を外護して慶相院の開山を支援した。朝倉氏滅亡後も景行の旧館は信長方の北庄三人衆の政庁となり、越前支配の拠点に用いられた。,79,,0,289,69,68,53,45,54,59,,,,D,,,,,25,15,35,81,53,aggressive,1514,1526,1573,true,北庄景範の子。別名：朝倉景行,1007037,,,,,,7,0,76,北庄城主,95,500,,,,,,
1007039,356,朝倉家,魚住|景固,うおずみ|かげかた,魚住景固,,朝倉家,一乗谷城,朝倉家臣。一乗谷奉行人。景栄の子。義景末期に訴訟など政務を担った。朝倉氏滅亡後は信長に降り丹生郡を支配したが、越前一向一揆中府中城主・富田長繁に謀殺された。,78,,0,225,30,35,69,56,35,46,,,,,,,,,29,21,49,37,53,conservative,1531,1543,1574,true,,,,,,,,7,0,16,,90,0,,,,,,
1007040,357,朝倉家,印牧|美満,かねまき|よしみつ,印牧美満,,朝倉家,北庄城,朝倉家臣。丹後守。府中奉行を務め、青木景康と連署して訴訟処理など領国支配の実務を担った。加賀一向一揆との戦いでは三百余騎を率いて菅生村に陣取り、前線を支えた。,79,,0,287,53,51,65,61,57,50,,,,,,,,,29,21,32,62,57,conservative,1512,1524,1563,,,,,,,,,7,0,76,,95,0,,,,,,
1007041,358,朝倉家,河合|吉統,かわい|よしむね,河合吉統,,朝倉家,亥山城,朝倉家臣。一乗谷奉行人。義景の命を受けた奉書に連署し、寺社・領民に関わる政務を執行した。魚住景固らとの連署文書も残り、長く一乗谷の行政実務を中枢で支えた。,77,,0,287,41,42,70,73,61,56,,,,,,,,,36,30,11,78,51,balanced,1521,1533,1573,true,,,,,,,,7,0,75,,95,0,,,,,,
1007042,359,朝倉家,富田|景政,とだ|かげまさ,富田景政,,朝倉家,一乗谷城,朝倉家臣。富田流の剣豪。兄の勢源が眼病で退くと宗家を継いだ。朝倉氏滅亡後は前田利家に仕え七尾城守将となり、晩年には豊臣秀次の剣術師範も務めた。,71,,0,212,39,71,33,30,39,47,,,,C,B,,,,29,21,23,58,4,balanced,1525,1537,1594,,,,,,,,,7,0,16,,90,0,,,,,,
1007043,360,朝倉家,富田|重政,とだ|しげまさ,富田重政,,朝倉家,一乗谷城,前田家臣。富田景政の婿養子。末森合戦で戦功を挙げ、景政から富田流を継承した。前田三代に仕え1万3千石余を領し、大坂の陣でも戦功を重ね「名人越後」と称された。,77,,0,250,53,65,39,44,49,54,D,,,,B,,,,29,21,21,78,3,balanced,1554,1566,1625,,富田景政の養子。朝倉→前田,,1007042,,,,,7,0,16,,90,0,,,,,,
1007044,361,朝倉家,富田|長繁,とみた|ながしげ,富田長繁,,朝倉家,一乗谷城,朝倉家臣。織田信長の越前侵攻で主家を離反し、朝倉氏滅亡後は府中領主となった。処遇に不満を抱いて一揆勢と桂田長俊を滅ぼすが、やがて一向一揆勢と対立し攻め殺された。,80,,0,261,71,67,28,43,52,58,,,,D,,,,,29,21,49,38,25,aggressive,1551,1563,1574,true,,,,,,,,7,0,16,,90,0,,,,,,
1007045,362,朝倉家,鳥居|景近,とりい|かげちか,鳥居景近,,朝倉家,一乗谷城,朝倉家臣。義景の側近。奏者として当主の意向を伝え、訴訟取次を担った。高橋景業と連署奉書を発給するなど重用され、反信長連携の中で義景の政務・外交を支えた。,76,,0,293,58,55,62,62,56,55,,,,,,,,,25,15,36,83,57,aggressive,1532,1544,1573,true,,,,,,,,7,0,16,,95,0,,,,,,
1007046,363,朝倉家,萩原|宗俊,はぎわら|むねとし,萩原宗俊,,朝倉家,一乗谷城,朝倉家臣。八郎右衛門尉。宗滴の側近として談話を『朝倉宗滴話記』に書き留めた。合戦経験や軍勢の扱い、家臣統率の心得を記録し、宗滴の軍略と家訓を後世に伝えた。,77,,0,316,59,55,69,64,69,53,,,,,,,,,36,30,28,71,62,balanced,1516,1528,1570,true,,,,,,,,7,0,16,,95,0,,,,,,
1007047,364,朝倉家,堀江|景忠,ほりえ|かげただ,堀江景忠,,朝倉家,亥山城,朝倉家臣。坂井郡の国衆。加賀一向一揆と結んだ疑いで攻められ能登へ退く。滅亡後に越前へ戻り一向一揆に加わるが、織田信長と密約して寝返り、杉津口を背後から攻めた。,79,,0,305,65,51,63,65,61,57,D,,,,,,,,50,50,72,34,53,aggressive,1527,1539,1576,,,,,,,,,7,0,75,,80,0,,,,,,
1007048,365,朝倉家,前波|吉継,まえば|よしつぐ,前波吉継,1574:桂田|長俊:かつらだ|ながとし,朝倉家,一乗谷城,朝倉家臣。主君・義景を離れて織田信長に降り、朝倉・浅井攻めに従軍。朝倉氏滅亡後は越前守護代として一国支配を任されたが、富田長繁らの一揆に攻められ自害した。,77,,0,252,30,39,58,62,63,52,,,,,,,,,50,50,64,42,72,balanced,1541,1553,1574,true,,,,,,,,7,0,16,,85,0,,,,,,
1007049,366,朝倉家,真柄|家正,まがら|いえまさ,真柄家正,,朝倉家,金ヶ崎城,,0,,0,240,56,65,37,36,46,53,,,,,,,,,22,11,17,80,50,aggressive,1501,1513,1570,true,,,,,,,,7,0,18,,95,200,,,,,,
1007050,367,朝倉家,真柄|直隆,まがら|なおたか,真柄直隆,,朝倉家,金ヶ崎城,朝倉家臣。越前真柄の国衆。大太刀を振るう豪傑として名高く、足利義昭の一乗谷滞在時にも武勇を披露。姉川では織田・徳川軍と激戦を繰り広げ、子の隆基とともに討死した。,80,,0,244,61,78,27,31,47,68,C,,,B,C,,,猛将,29,21,66,93,50,aggressive,1536,1548,1570,true,真柄家正の子,1007049,,,,,,7,0,18,,95,0,,,,,,
1007051,368,朝倉家,真柄|直澄,まがら|なおずみ,真柄直澄,,朝倉家,金ヶ崎城,,0,,0,234,44,85,32,30,43,63,C,D,D,B,C,,,猛将,29,21,60,88,49,aggressive,1538,1550,1570,true,真柄家正の子,1007049,,,,,,7,0,18,,95,0,,,,,,
1007052,369,朝倉家,溝江|長逸,みぞえ|ながゆき,溝江長逸,,朝倉家,一乗谷城,朝倉家臣。金津城主。景逸の子。父と加賀一向一揆への備えを担い戦って軍功を挙げた。朝倉氏滅亡後は信長に降るが、翌年一揆勢の総攻撃を受け一族郎党三十余人と自害した。,80,,0,245,42,41,47,54,61,48,,,,,,,,,26,16,36,55,58,conservative,1539,1551,1574,true,,,,,,,,7,0,16,,95,0,,,,,,
1007053,370,朝倉家,山崎|長吉,やまざき|ながよし,山崎長吉,,朝倉家,一乗谷城,,0,,0,0,0,0,0,0,0,0,,,,,,,,,0,0,0,0,0,hermit,1490,9999,1530,,,,,,,,,7,0,16,,95,0,,,,,,
1007054,371,朝倉家,山崎|吉家,やまざき|よしいえ,山崎吉家,,朝倉家,一乗谷城,朝倉家臣。長吉の子。義景に仕えて各地を転戦。織田信長の越前侵攻では刀根坂で敗走する朝倉軍を支え、追撃を受けて討死した。,59,,0,330,63,46,75,77,69,63,C,D,,,,,,,36,30,27,72,51,aggressive,1516,1528,1573,true,山崎長吉の子,1007053,,,,,,7,0,16,,95,500,,,,,,
1007055,372,朝倉家,山崎|吉延,やまざき|よしのぶ,山崎吉延,,朝倉家,一乗谷城,朝倉家臣。山崎長吉の次男。朝倉義景が織田信長に敗れて越前へ退却した際、刀根坂で一族とともに追撃軍へ抗戦。兄の長門守ら山崎一族と奮戦したが、同地で討死した。,77,,0,314,56,58,72,65,63,49,,,,,,,,,36,30,24,77,63,balanced,1519,1531,1573,true,山崎長吉の子,1007053,,,,,,7,0,16,,95,0,,,,,,
1007056,373,朝倉家,山崎|長徳,やまざき|ながのり,山崎長徳,,朝倉家,一乗谷城,,0,,0,212,43,47,40,38,44,43,,,,,,,,,36,30,51,38,69,conservative,1552,1564,1620,,山崎吉延の子,1007055,,,,,,7,0,16,,95,0,,,,,,
1084001,374,浅利家,浅利|朝頼,あさり|ともより,浅利朝頼,,浅利家,十狐城,,0,,0,0,0,0,0,0,0,0,,,,,,,,,0,0,0,0,0,hermit,1470,9999,1530,,,,,,,,,84,0,217,,95,0,,,,,,
1084002,375,浅利家,浅利|則頼,あさり|のりより,浅利則頼,,浅利家,十狐城,比内浅利氏当主。甲斐から比内へ移って十狐城を築き弟らを各地の城代に置いて勢力下に収めた。城館を拠点に開墾を進め、戦乱で焼けた独鈷大日堂を再建し玉林寺も建立した。,80,,0,356,75,69,73,72,67,57,C,C,,,,,,,50,50,48,50,40,balanced,1499,1511,1550,,浅利朝頼の子。家督,1084001,,,,,,84,0,217,,95,0,,,,,,
1084003,376,浅利家,浅利|則祐,あさり|のりすけ,浅利則祐,,浅利家,十狐城,,0,,0,232,43,49,46,45,49,57,,,,,,,,,47,45,34,67,40,balanced,1523,1535,1562,,浅利則頼の子。家督,1084002,,,,,,84,0,217,十狐城主,100,1000,,,,,,
1084004,377,浅利家,浅利|勝頼,あさり|かつより,浅利勝頼,daimyo:0|義正:0|よしまさ,浅利家,十狐城,浅利氏当主。則頼の子。安東愛季と結び兄の則祐を自害に追い込み家督を握り、大館城を築いて比内を支配した。のち安東氏からの独立を図るが、和睦の席へ誘われ謀殺された。,80,,0,240,69,77,33,17,44,27,,D,,D,,,,,47,45,80,15,33,aggressive,1529,1541,1583,true,浅利則頼の子。家督,1084002,,,,,,84,0,217,,85,700,,,,,,
1084005,378,浅利家,浅利|頼平,あさり|よりひら,浅利頼平,,浅利家,十狐城,,0,,0,235,59,65,21,48,42,56,,,,,,,,,47,45,71,29,33,conservative,1554,1566,1598,true,浅利勝頼の子。家督,1084004,,,,,,84,0,217,,95,0,,,,,,
1084006,379,浅利家,浅利|頼広,あさり|よしひろ,浅利頼広,,浅利家,十狐城,,0,,0,205,51,58,41,27,28,57,,,,,,,,,50,50,33,63,33,balanced,1556,1568,1598,true,浅利勝頼の子、浅利頼重の養子,1084004,1084008,,,,,84,0,217,,95,0,,,,,,
1084007,380,浅利家,浅利|頼治,あさり|よりはる,浅利頼治,,浅利家,十狐城,,0,,0,214,42,41,48,44,39,56,,,,,,,,,50,50,36,59,33,balanced,1582,1594,1658,,浅利頼広の子,1084006,,,,,,84,0,217,,95,0,,,,,,
1084008,381,浅利家,浅利|頼重,あさり|よししげ,浅利頼重,,浅利家,十狐城,,0,,0,263,56,64,56,38,49,57,,,,,,,,,47,46,31,72,32,balanced,1500,1512,1565,,浅利朝頼の子,1084001,,,,,,84,0,217,,95,0,,,,,,
1084009,382,浅利家,浅利|正頼,あさり|まさより,浅利正頼,,浅利家,十狐城,,0,,0,243,48,50,51,48,46,59,,,,,,,,,47,46,31,80,31,balanced,1508,1520,1565,,浅利朝頼の子,1084001,,,,,,84,0,217,,95,0,,,,,,
1084010,383,浅利家,浅利|定頼,あさり|さだより,浅利定頼,,浅利家,十狐城,,0,,0,261,62,63,41,47,48,57,,D,,,,,,,47,46,30,74,30,balanced,1509,1521,1575,true,浅利朝頼の子,1084001,,,,,,84,0,217,,95,500,,,,,,
1084011,384,浅利家,片山|大膳,かたやま|だいぜん,片山大膳,,浅利家,十狐城,,0,,0,267,39,48,62,58,60,48,,,,,,,,,22,11,86,13,41,balanced,1523,1535,1574,,,,,,,,,84,0,217,,85,300,true,,,,,
1084012,385,浅利家,片山|弥伝,かたやま|やでん,片山弥伝,,浅利家,十狐城,,0,,0,217,47,60,31,30,49,50,,,,,,,,,37,32,58,28,41,aggressive,1559,1571,1631,,,,,,,,,84,0,217,,95,0,,,,,,
1084013,386,浅利家,門脇|政吉,かどわき|まさよし,門脇政吉,1562:浅利|0:あさり|0/1585:橋本|長兵衛:はしもと:ちょうべい,浅利家,十狐城,,0,,0,258,44,33,57,68,56,71,,,,,,,,,47,45,43,55,36,hermit,1529,1541,1613,,,,,,,,,84,0,217,,95,200,,,,,,
1084014,387,浅利家,門脇|盛吉,かどわき|もりよし,門脇盛吉,1562:浅利|0:あさり|0,浅利家,十狐城,,0,,0,217,51,60,30,34,42,56,,,,,,,,,47,46,40,59,36,balanced,1555,1567,1634,,門脇政吉の養子,,1084013,,,,,84,0,217,,95,0,,,,,,
1084015,388,浅利家,杉沢|喜助,すぎさわ|きすけ,杉沢喜助,,浅利家,十狐城,,0,,0,195,30,59,35,30,41,44,,,,,,,,,22,11,74,12,41,aggressive,1556,1568,1618,,,,,,,,,84,0,217,,80,0,,,,,,
1084016,389,浅利家,大藤|新助,だいとう|しんすけ,大藤新助,,浅利家,十狐城,,0,,0,211,29,26,50,59,47,51,,,,,,,,,35,29,35,61,38,conservative,1550,1562,1605,,,,,,,,,84,0,217,,95,300,,,,,,
1084017,390,浅利家,新田|大学,にった|だいがく,新田大学,,浅利家,十狐城,,0,,0,209,23,37,58,51,40,53,,,,,,,,,39,35,37,59,38,conservative,1548,1560,1607,,,,,,,,,84,0,217,,95,300,,,,,,
1017001,391,足利家,足利|義澄,あしかが|よしずみ,足利義澄,,足利家,二条城,,0,,0,0,0,0,0,0,0,0,,,,,,,,,0,0,0,0,0,hermit,1481,9999,1511,,,,,,,,,17,0,26,,95,0,,,,,,
1017002,392,足利家,足利|義晴,あしかが|よしはる,足利義晴,,足利家,二条城,足利義澄の子。室町幕府12代将軍。細川高国に擁立されたが畿内の争乱でたびたび近江へ退避し、将軍権力の再建を図った。晩年に将軍職を子の義藤へ譲り、なお義藤を支えた。,80,,0,283,62,30,66,65,60,87,,,,,,,,,22,11,62,15,35,balanced,1511,1521,1550,,足利義澄の子,1017001,,,,,,17,0,26,,95,0,,,,,,
1017003,393,足利家,足利|義藤,あしかが|よしふじ,足利義藤,1554:0|義輝:0|よしてる,足利家,二条城,足利義晴の子。室町幕府13代将軍。三好長慶の台頭で京都を追われ、近江朽木に滞在。和睦して帰京後も将軍権威の回復を図ったが、三好・松永勢に御所を襲撃され討死した。,79,,0,309,49,62,59,75,64,100,,,,,B,,,,25,15,50,79,38,conservative,1536,1546,1565,true,足利義晴の子。別名：足利義輝,1017002,,,,,,17,0,26,二条城主,100,2000,,,ashikaga_yoshiteru.webp,1|25,,
1017004,394,足利家興福寺,一乗院|覚慶,いちじょういん|かくけい,一乗院覚慶,daimyo:足利|義昭:あしかが|よしあき,興福寺,筒井城,足利義晴の子。興福寺一乗院で覚慶と称した。兄・義輝の死後に脱出して還俗し、織田信長に奉じられて15代将軍となる。のち信長と対立して挙兵するが敗れ、京都を追われた。,80,,0,267,52,11,42,88,74,99,,,,,,,,,29,21,61,21,50,aggressive,1537,1549,1597,,足利義晴の子。興福寺→足利。別名：足利義昭,1017002,,,,,,0,47,53,,50,1500,,,ichijouin_kakukei.webp|daimyo:ashikaga_yoshiaki.webp,,,
1017005,395,足利家阿波,足利|義維,あしかが|よしつな,足利義維,,阿波足利家,勝瑞城,足利義澄の子。三好元長・細川晴元らに擁立され堺を拠点に畿内を支配し、「堺公方」と呼ばれ将軍に準ずる待遇を受けた。元長の敗死で政権が崩壊すると阿波へ退いた。,77,,0,155,25,14,37,43,36,72,,,,,,,,,16,2,39,45,15,hermit,1511,1523,1573,,足利義澄の子。阿波足利,1017001,,,,,,0,48,129,阿波足利家当主,50,700,,,,,,
1017006,396,足利家阿波,足利|義栄,あしかが|よしひで,足利義栄,,阿波足利家,勝瑞城,足利義維の子。室町幕府14代将軍。三好三人衆に擁立され摂津富田に入ったが、松永久秀との対立で上洛できなかった。将軍宣下を受けたのち、義昭の上洛を前に病没した。,78,,0,153,23,9,36,47,38,81,,,,,,,,,16,2,45,36,15,conservative,1538,1550,1568,,足利義維の子。阿波足利,1017005,,,,,,0,48,129,,50,700,,,,,,
1017007,397,足利家,一色|昭孝,いっしき|ありたか,一色昭孝,1596:唐橋|0:からはし|0,足利家,二条城,,0,,0,188,21,22,67,46,32,45,,,,,,,,,22,11,38,50,39,conservative,1556,1568,1615,,足利家→徳川,,,,,,,17,0,26,,95,0,,,,,,
1017008,398,足利家,一色|藤長,いっしき|ふじなが,一色藤長,,足利家,二条城,室町幕府御供衆。足利義輝・義昭に仕えた。永禄の変後は義昭の南都脱出と擁立に尽力し、将軍就任後は副状を発給し諸国との取次を担った。追放後も将軍復帰を図り奔走した。,80,,0,224,23,28,71,60,42,62,,,,,,,,,25,15,39,85,36,aggressive,1536,1548,1596,,,,,,,,,17,0,26,,95,0,,,,,,
1017009,399,足利家,大館|義実,おおだて|よしざね,大館義実,,足利家,二条城,,0,,0,206,23,36,65,50,32,53,,,,,,,,,36,30,23,78,40,conservative,1537,1549,1601,,,,,,,,,17,0,26,,95,0,,,,,,
1017010,400,足利家,京極|高清,きょうごく|たかきよ,京極高清,,浅井家,朽木城,,0,,0,0,0,0,0,0,0,0,,,,,,,,,0,0,0,0,35,hermit,1460,9999,1538,,,,,,,,,15,0,177,,95,0,,,,,,
1017011,401,足利家,京極|高延,きょうごく|たかのぶ,京極高延,,浅井家,朽木城,京極高清の子。近江京極氏当主。弟の高吉と家督を争い、浅井亮政らの支援を受けて北近江で勢力維持を図った。,51,,0,177,33,33,30,34,47,52,,,,,,,,,26,16,39,50,35,balanced,1489,1501,1557,,京極高清の子,1017010,,,,,,15,0,177,,95,0,,,,,,
1017012,402,足利家,京極|高吉,きょうごく|たかよし,京極高吉,,浅井家,朽木城,京極高清の子。兄の高延と家督を争い、のち足利義昭の擁立に尽力した。織田信長の上洛後は嫡子・高次を人質に出して恭順し、自らは隠居。晩年にはキリシタンとなった。,78,,0,215,31,39,48,48,49,58,,,,,,,,,25,15,56,69,35,conservative,1504,1516,1581,,京極高清の子,1017010,,,,,,15,0,177,,95,0,,,,,,
1017013,403,足利家,京極|高次,きょうごく|たかつぐ,京極高次,,浅井家,朽木城,京極高吉の子。信長・秀吉に仕え近江大津城主となる。関ヶ原では東軍につき、大津城で西軍を引き止め本戦への参陣を遅らせた功により、戦後は若狭小浜を与えられた。,77,,0,315,68,74,48,59,66,73,D,,,C,,,,,26,16,43,44,43,conservative,1563,1573,1609,,京極高吉の子,1017012,,,,,,15,0,177,,95,0,,,,,,
1017014,404,足利家,京極|忠高,きょうごく|ただたか,京極忠高,,浅井家,朽木城,京極高次の子。若狭小浜藩主を継ぎ、大坂の陣では徳川方として戦った。のち出雲・隠岐26万4千石へ移封され松江藩主となったが、嗣子なく死去し京極家はいったん絶家した。,80,,0,228,57,39,49,42,41,64,,,,,,,,,48,47,45,52,43,conservative,1593,1605,1637,,京極高次の子。浅井→織田→羽柴→徳川,1017013,,,,,,15,0,177,,95,0,,,,,,
1017015,405,足利家,京極|高知,きょうごく|たかとも,京極高知,,浅井家,朽木城,高吉の子。豊臣秀吉に仕え信濃飯田城主となる。関ヶ原では東軍に属し、戦後丹後宮津12万石余を与えられた。,50,,0,311,68,59,58,54,72,74,,D,C,,,,,,64,70,53,50,45,balanced,1572,1584,1622,,京極高吉の子,1017012,,,,,,15,0,177,,95,0,,,,,,
1017016,406,足利家,小西|隆佐,こにし|りゅうさ,小西隆佐,,足利家,二条城,堺の豪商。小西行長の父。唐物薬種商として活動し、豊臣秀吉に理財の才を重用された。河内・和泉の蔵入地を管理し、石田三成と堺政所を務め、九州平定の軍需調達も担った。,80,,0,250,33,38,55,57,67,44,,,,,,,,,50,50,51,45,16,conservative,1530,1542,1592,,,,,,,,,17,0,26,,90,0,,,,,,
1017017,407,宇喜多家,小西|行長,こにし|ゆきなが,小西行長,,浦上家,岡山城,豊臣家臣。宇喜多氏を経て秀吉に仕え、九州平定後に肥後南半国を領したキリシタン大名。朝鮮出兵では先鋒を務め明との講和にも関与。関ヶ原で西軍に属し敗れ処刑された。,79,,0,393,78,67,87,86,75,73,D,,C,D,,,A,,71,80,55,50,15,balanced,1559,1571,1600,true,小西隆佐の子,1017016,,,,,,44,0,115,,90,0,,,,,,
1017018,408,足利家,小西|行景,こにし|ゆきかげ,小西行景,,足利家,二条城,小西行長家臣。行長の弟。五千石を領し宇土城代を務めた。関ヶ原では留守居として宇土城を守り、加藤清正の攻撃に一か月近く抗戦した。西軍敗北を知ると開城して自害した。,80,,0,274,55,51,58,56,54,62,,,C,,,,,,71,80,47,61,20,aggressive,1569,1581,1600,true,小西隆佐の子,1017016,,,,,,17,0,26,,90,0,,,,,,
1017019,409,足利家,津田|重久,つだ|しげひさ,津田重久,,足利家,槇島城,,0,,0,218,36,42,40,45,55,47,,,,,,,,,29,21,44,44,51,balanced,1549,1561,1634,,,,,,,,,17,0,90,,90,0,,,,,,
1017020,410,足利家,仁木|義治,にき|よしはる,仁木義治,,足利家,二条城,,0,,0,238,55,26,66,52,39,51,,,,,,,,,36,30,39,55,50,conservative,1565,1577,1653,,足利→細川→蜂須賀,,,,,,,17,0,26,,90,0,,,,,,
1017021,411,足利家,蜷川|親長,にながわ|ちかなが,蜷川親長,,足利家,槇島城,室町幕府政所代を務めた蜷川氏の一族。幕府滅亡後は長宗我部元親を頼って土佐へ下り、関ヶ原後の浦戸城接収に功を立て徳川家康に仕えた。故実・和歌・書にも通じた。,77,,0,235,25,10,65,67,68,41,,,,,,,,,25,15,8,61,51,aggressive,1534,1546,1610,,,,,,,,,17,0,90,,95,0,,,,,,
1017022,412,足利家,真木島|昭光,まきしま|あきみつ,真木島昭光,,足利家,槇島城,足利義昭の側近。槇島城主。信長と義昭が対立すると義昭方の中心として抗戦し、敗戦後も義昭に従って備後鞆へ移った。,55,,0,315,39,57,72,80,67,60,,,,,,,,謀将,29,21,31,78,50,hermit,1530,1542,1646,,,,,,,,,17,0,90,,95,0,,,,,,
1017023,413,足利家,松井|正之,まつい|まさゆき,松井正之,,足利家,二条城,,0,,0,210,28,19,58,55,50,56,,,,,,,,,36,30,36,60,55,conservative,1517,1529,1563,,,,,,,,,17,0,26,,95,0,,,,,,
1017024,414,足利家,松井|康之,まつい|やすゆき,松井康之,,足利家,二条城,細川家臣。家老。足利義輝・義昭に仕えたのち細川藤孝に属し、忠興にも仕えた。秀吉から大名取立てを誘われても主家に留まった。関ヶ原では杵築城を守り、大友勢を退けた。,80,,0,327,65,62,65,69,66,63,D,D,C,D,,,B,,50,50,32,72,55,balanced,1550,1562,1612,,松井正之の子。足利→細川,1017023,,,,,,17,0,26,,95,0,,,,,,
1017025,415,足利家,松井|興長,まつい|おきなが,松井興長,,足利家,二条城,松井康之の子。細川家家老。忠興・忠利らに仕え、豊前から肥後への転封に従った。忠興の没後は八代城を預かり、家老として主家を支え、中村正辰を召し抱え能も保護した。,79,,0,301,60,55,59,63,64,59,,,,,,,,,50,50,48,78,55,conservative,1582,1594,1661,,松井康之の子。足利→細川,1017024,,,,,,17,0,26,,90,0,,,,,,
1017026,416,足利家,三淵|晴員,みつぶち|はるかず,三淵晴員,,足利家,二条城,足利将軍家臣。義晴・義輝父子に仕え、子の藤英・藤孝らも将軍家を支えた。,35,,0,291,49,36,64,70,72,47,,,,,,,,,26,16,36,55,55,balanced,1500,1512,1570,,,,,,,,,17,0,26,,95,0,,,,,,
1017027,417,足利家,三淵|藤英,みつぶち|ふじひで,三淵藤英,,足利家,二条城,晴員の子。足利義輝・義昭に仕えた。義昭と織田信長が対立すると将軍方に属し、降伏後に所領を没収され自害した。,53,,0,255,26,36,61,72,60,50,,,,,,,,,29,21,16,84,50,conservative,1533,1545,1574,true,三淵晴員の子,1017026,,,,,,17,0,26,,95,0,,,,,,
1017028,418,足利家,三淵|光行,みつぶち|みつゆき,三淵光行,,足利家,二条城,三淵藤英の子。父の死後は叔父・細川幽斎に養育された。のち徳川家康に仕え、近江に千石を与えられて旗本となり、父の代に没落した三淵家を再興した。,70,,0,289,65,59,45,55,65,59,,,,,,,,,50,50,32,72,50,conservative,1571,1583,1623,,三淵藤英の子。足利→細川,1017027,,,,,,17,0,26,,90,0,,,,,,
1017029,419,足利家,細川|藤孝,ほそかわ|ふじたか,細川藤孝,1573:長岡|0:ながおか|0/1582:0|幽斎:0|ゆうさい,足利家,二条城,足利義輝・義昭に仕え、のち織田信長に属して丹後を領する。本能寺の変では明智光秀の誘いを拒み隠居。関ヶ原では田辺城に籠城し、古今伝授の継承者としても名を残した。,79,,0,424,73,75,90,97,89,89,C,,D,C,D,,,,46,44,77,70,55,balanced,1534,1546,1610,,三淵晴員の子、細川晴広（未登場）の養子。家督,1017026,,,,,,17,0,26,,90,500,true,,hosokawa_fujitaka.webp,78,兵部大輔,
1017030,420,足利家,細川|忠興,ほそかわ|ただおき,細川忠興,1573:長岡|0:ながおか|0/1615:細川|三斎:ほそかわ|さんさい,足利家,二条城,細川藤孝の子。信長・秀吉に仕え丹後を領し、宮津城を築く。関ヶ原では東軍に属し、戦後豊前小倉へ加増転封。千利休に学んだ茶人で、三斎と号して細川家の文化を培った。,79,,0,363,72,69,75,75,72,68,,,C,D,,,,,71,80,63,38,55,conservative,1563,1575,1645,,細川藤孝の子。家督,1017029,,,,,,17,0,26,,90,0,,,,,,
1017031,421,足利家,細川|興秋,ほそかわ|おきあき,細川興秋,,足利家,二条城,忠興の子。大坂の陣で豊臣方に加わり、敗戦後に切腹した。,27,,0,198,34,43,43,39,39,48,,,,,,,,,57,60,47,55,55,aggressive,1584,1596,1615,true,細川忠興の子,1017030,,,,,,17,0,26,,90,0,,,,,,
1017032,422,足利家,細川|忠利,ほそかわ|ただとし,細川忠利,1585:長岡|0:ながおか|0/1600:細川|0:ほそかわ|0,足利家,二条城,細川忠興の子。徳川家に近侍し大坂の陣にも出陣。父の隠居後に小倉藩を継ぎ、加藤忠広改易後は肥後熊本54万石へ転封。熊本では水前寺を築き宮本武蔵を客分に迎えた。,77,,0,335,67,57,71,75,65,70,,,,,,,,,57,60,42,61,56,aggressive,1586,1598,1641,,細川忠興の子。家督,1017030,,,,,,17,0,26,,90,0,,,,,,
1017033,423,足利家,細川|興元,ほそかわ|おきもと,細川興元,,足利家,二条城,細川藤孝の子。兄の忠興とともに織田・豊臣・徳川政権に仕えた。関ヶ原後に下野茂木1万石を領して大名となり、大坂の陣の功で常陸に加増され、谷田部細川家の祖となった。,80,,0,247,53,60,48,43,43,55,,,,,,,,,64,70,61,38,53,aggressive,1566,1578,1619,,細川藤孝の子,1017029,,,,,,17,0,26,,90,0,,,,,,
1017034,424,足利家,柳沢|元政,やなぎさわ|もとまさ,柳沢元政,,足利家,二条城,幕府家臣。足利義昭に仕えた。義昭の上使として九州へ赴き島津義久との交渉を担当し、毛利氏との連絡にも奔走。のちに毛利家臣となり、銀山運上の下代も務めた。,75,,0,297,49,51,69,68,60,56,D,,D,,D,,,,26,16,36,55,45,balanced,1536,1548,1613,,足利→羽柴→毛利,,,,,,,17,0,26,,95,0,,,,,,
1017035,425,足利家,和田|惟政,わだ|これまさ,和田惟政,,足利家,槇島城,足利義昭側近。義輝の横死後に義昭の脱出を助け、信長との連携に尽力。上洛後は摂津統括を任され芥川山城から高槻城へ移る。「都の副王」と評されたが白井河原で戦死した。,80,,0,343,61,58,73,80,71,65,D,,,D,,D,,,25,15,38,69,44,conservative,1530,1542,1571,true,,,,,,,,17,0,90,槇島城主,95,500,,,,254,伊賀守,
1017036,426,足利家,和田|惟長,わだ|これなが,和田惟長,,足利家,槇島城,和田惟政の子。父が白井河原で討死すると高槻城を継ぎ、包囲を受けながら城を守った。寺領安堵など領内統治も行ったが、高山友照・右近父子との抗争に敗れて城を失った。,79,,0,237,41,36,54,62,44,45,,,,,,,,,25,15,67,10,44,balanced,1551,1563,1628,,和田惟政の子,1017035,,,,,,17,0,90,,95,0,,,,,,
1033001,427,蘆名家,蘆名|盛高,あしな|もりたか,蘆名盛高,,蘆名家,黒川城,,0,,0,0,0,0,0,0,0,0,,,,,,,,,0,0,0,0,40,hermit,1448,9999,1518,,,,,,,,,33,0,61,,95,0,,,,,,
1033002,428,蘆名家,蘆名|盛滋,あしな|もりしげ,蘆名盛滋,,蘆名家,黒川城,,0,,0,0,0,0,0,0,0,0,,,,,,,,,0,0,0,0,47,hermit,1482,9999,1521,,蘆名盛高の子,1033001,,,,,,33,0,61,,95,0,,,,,,
1033003,429,蘆名家,針生|盛幸,はりゅう|もりゆき,針生盛幸,,蘆名家,黒川城,,0,,0,290,55,36,60,75,64,53,,,,,,,,,36,30,23,78,47,balanced,1509,1521,1553,,蘆名盛滋の子,1033002,,,,,,33,0,61,,95,0,,,,,,
1033004,430,蘆名家,針生|盛秋,はりゅう|もりあき,針生盛秋,,蘆名家,黒川城,,0,,0,322,61,54,64,71,72,60,,,,,,,,,36,30,83,28,47,hermit,1531,1543,1591,true,針生盛幸の子。伊達→蘆名,1033003,,,,,,33,0,61,,95,700,,,,,,
1033005,431,蘆名家,針生|盛信,はりゅう|もりのぶ,針生盛信,,蘆名家,黒川城,蘆名家臣。民部大輔。上杉家へ書状を発給し、白川御館へ差し出された宿老連署血判起請文にも名を連ねた。蘆名家の対外折衝に関わった人物として史料に名を残す。,75,,0,295,57,58,58,64,58,58,,,,,,,,,36,30,19,83,47,conservative,1553,1565,1625,,針生盛秋の子,1033004,,,,,,33,0,61,,95,0,,,,,,
1033006,432,蘆名家,針生|盛直,はりゅう|もりなお,針生盛直,,蘆名家,黒川城,,0,,0,249,43,39,56,60,51,57,,,,,,,,,40,36,33,66,47,conservative,1576,1588,1642,,針生盛信の子,1033005,,,,,,33,0,61,,95,0,,,,,,
1033007,433,蘆名家,針生|重信,はりゅう|しげのぶ,針生重信,,蘆名家,黒川城,,0,,0,238,42,35,54,57,50,54,,,,,,,,,50,50,42,58,47,conservative,1601,1613,1676,,針生盛直の子,1033006,,,,,,33,0,61,,95,0,,,,,,
1033008,434,蘆名家,蘆名|盛舜,あしな|もりきよ,蘆名盛舜,,蘆名家,黒川城,蘆名氏当主。黒川城主。家臣の猪苗代氏らの反乱を鎮圧して会津支配を固め、伊達稙宗と協力して葛西氏を攻めるなど南奥州へ勢力を伸ばした。,65,,0,317,45,58,75,73,66,47,D,,,,,,,,29,21,44,44,40,aggressive,1490,1502,1553,,蘆名盛高の子。家督,1033001,,,,,,33,0,61,,95,0,,,,,,
1033009,435,蘆名家,蘆名|氏方,あしな|うじかた,蘆名氏方,,蘆名家,黒川城,,0,,0,145,35,27,27,25,31,48,,,,,,,,,36,30,67,15,50,conservative,1516,1528,1561,,蘆名盛舜の子,1033008,,,,,,33,0,61,,95,500,,,,,,
1033010,436,蘆名家,蘆名|盛氏,あしな|もりうじ,蘆名盛氏,,蘆名家,黒川城,蘆名氏16代当主。黒川城主。周辺諸氏と抗争しつつ南奥州へ勢力を拡大し、向羽黒山城を築いた。蘆名氏の勢力を最大に伸ばし、会津を中心とする支配基盤を固めた。,75,,0,394,81,68,85,83,77,80,C,,,C,,,,,36,30,29,43,40,conservative,1521,1533,1580,,蘆名盛舜の子。家督,1033008,,,,,,33,0,61,黒川城主,100,1500,,,,,,
1033011,437,蘆名家,蘆名|盛興,あしな|もりおき,蘆名盛興,,蘆名家,黒川城,,0,,0,248,59,51,52,45,41,46,D,,,D,,,,,36,30,43,50,40,conservative,1547,1559,1575,,蘆名盛氏の子。家督,1033010,,,,,,33,0,61,,95,500,,,,,,
1033012,438,蘆名家,二階堂|盛隆,にかいどう|もりたか,二階堂盛隆,daimyo:蘆名|0:あしな|0,蘆名家,黒川城,蘆名氏当主。黒川城主。二階堂盛義の子。蘆名盛興の未亡人を娶って家督を継いだ。織田信長へ馬を贈り三浦介に任じられたが、家臣・大庭三左衛門に城内で殺害された。,77,,0,257,45,59,51,50,52,36,D,D,,,,,,,26,16,52,32,31,balanced,1561,1573,1584,,二階堂盛義の子。蘆名盛氏の養子。家督,1079003,1033010,,,,,33,0,61,,95,300,,,,,,
1033013,439,蘆名家,佐竹|義広,さたけ|よしひろ,佐竹義広,daimyo:蘆名|0:あしな|0,蘆名家,黒川城,蘆名氏当主。佐竹義重の子。蘆名家を継いで会津黒川城に入り、伊達政宗と争った。磨上原の戦いで大敗して会津を失い佐竹家へ戻る。のち角館に入り、城下の町割を整備した。,80,,0,230,48,52,51,42,37,51,,,,,,,,,36,30,39,55,21,balanced,1576,1588,1631,,佐竹義重の子、二階堂盛隆の養子,1032005,1033012,,,,,33,0,61,,95,300,,,,,,
1033014,440,蘆名家,穴沢|信徳,あなさわ|のぶのり,穴沢信徳,,蘆名家,黒川城,蘆名家臣。桧原口の守将。俊恒。伊達勢の侵攻に備え桧原峠へ空堀・逆茂木を設け、寡兵で撃退。のち戸山城・厳山城を築いて国境を守ったが、一族の内応を機に滅亡した。,78,,0,296,67,63,57,41,68,50,,,,D,,,,,31,23,27,70,45,balanced,1513,1525,1585,true,別名：沢俊恒,,,,,,,33,0,61,,95,200,,,,,,
1033015,441,蘆名家,穴沢|信堅,あなさわ|のぶかた,穴沢信堅,,蘆名家,黒川城,蘆名家臣。檜原領主。穴沢信徳の子。父とともに伊達勢の会津侵入を防ぎ、その功で蘆名盛氏から大荒井村を与えられた。のち檜原峠を守り、伊達氏との国境防衛を担った。,78,,0,277,60,67,47,48,55,52,,,,D,,,,,36,30,27,72,41,balanced,1531,1543,1585,true,穴沢信徳の子。別名：穴沢俊光,1033014,,,,,,33,0,61,,95,0,,,,,,
1033016,442,蘆名家,猪苗代|盛国,いなわしろ|もりくに,猪苗代盛国,,蘆名家,猪苗代城,蘆名家臣。猪苗代城主。蘆名氏の一族ながら伊達政宗へ内応し、猪苗代城へ迎え入れた。摺上原の戦いで伊達方勝利の糸口を作り、蘆名氏滅亡後は伊達氏に従って領国を離れた。,80,,0,268,61,45,49,55,58,47,,D,,D,,,,,29,21,83,9,65,aggressive,1536,1548,1594,,,,,,,,,33,0,216,猪苗代城主,80,300,,,,,,
1033017,443,蘆名家,猪苗代|盛胤,いなわしろ|もりたね,猪苗代盛胤,,蘆名家,猪苗代城,,0,,0,241,55,65,39,38,44,50,D,D,,,,,,,29,21,16,84,46,aggressive,1565,1577,1641,,猪苗代盛国の子,1033016,,,,,,33,0,216,,95,0,,,,,,
1033018,444,蘆名家,猪苗代|宗国,いなわしろ|むねくに,猪苗代宗国,,蘆名家,猪苗代城,,0,,0,235,48,67,37,43,40,33,,,,,,,,,29,21,71,21,62,aggressive,1569,1581,1644,,猪苗代盛国の子,1033016,,,,,,33,0,216,,95,0,,,,,,
1033019,445,蘆名家,鵜浦|入道,うのうら|にゅうどう,鵜浦入道,,蘆名家,黒川城,,0,,0,262,43,37,56,67,59,44,,,,,,,,,18,5,29,60,45,hermit,1522,1534,1587,,,,,,,,,33,0,61,,95,0,,,,,,
1033020,446,蘆名家,金上|盛備,かながみ|もりはる,金上盛備,,蘆名家,黒川城,蘆名家臣。金上氏当主として外交・軍事を担い、蘆名盛隆・亀王丸・義広を支えた。摺上原の戦いで伊達軍と戦い討死した。,56,,0,324,50,52,79,84,59,58,D,D,,D,,,,,43,40,51,84,45,balanced,1527,1539,1589,true,,,,,,,,33,0,61,,95,500,true,,,,,
1033021,447,蘆名家,佐瀬|氏胤,させ|うじたね,佐瀬氏胤,,蘆名家,黒川城,,0,,0,307,69,76,40,57,65,61,,D,,D,,,,,38,33,33,65,42,aggressive,1528,1540,1571,,別名：佐瀬源兵衛,,,,,,,33,0,61,,95,500,,,,,,
1033022,448,蘆名家,佐瀬|種常,させ|たねつね,佐瀬種常,,蘆名家,黒川城,,0,,0,264,43,49,66,59,47,51,,,,,,,,,36,30,35,57,44,conservative,1547,1559,1589,true,佐瀬氏胤の養子,,1033021,,,,,33,0,61,,95,200,,,,,,
1033023,449,蘆名家,富田|氏実,とみた|うじざね,富田氏実,,蘆名家,塩生城,,0,,0,231,29,34,70,58,40,48,,,,,,,,,36,30,66,17,46,balanced,1541,1553,1591,,,,,,,,,33,0,62,,95,500,,,,,,
1033024,450,蘆名家,富田|隆実,とみた|たかざね,富田隆実,,蘆名家,塩生城,,0,,0,221,58,72,29,27,35,37,C,,,,,,,,36,30,31,67,45,balanced,1569,1581,1589,true,富田氏実の子,1033023,,,,,,33,0,62,,95,0,,,,,,
1033025,451,蘆名家,富田|常雄,とみた|つねかつ,富田常雄,1573:佐瀬|0:させ|0,蘆名家,黒川城,,0,,0,252,52,61,47,49,43,53,,,,,,,,,36,30,16,88,44,aggressive,1574,1586,1589,true,富田氏実の子、佐瀬種常の養子,1033023,1033022,,,,,33,0,61,,95,0,,,,,,
1033026,452,蘆名家,新国|頼基,にいくに|よりもと,新国頼基,,蘆名家,黒川城,,0,,0,248,62,58,44,38,46,52,,,,,,,,,38,33,36,60,45,balanced,1528,1540,1598,,,,,,,,,33,0,61,,95,0,,,,,,
1033027,453,蘆名家,沼沢|実通,ぬまさわ|さねみち,沼沢実通,,蘆名家,黒川城,,0,,0,225,50,64,30,27,54,53,,,,,,,,,36,30,23,78,45,aggressive,1551,1563,1589,true,蘆名→鳥居→保科,,,,,,,33,0,61,,95,0,,,,,,
1033028,454,蘆名家,沼沢|重通,ぬまさわ|ただみち,沼沢重通,,蘆名家,黒川城,,0,,0,250,54,58,45,42,51,55,,,,,,,,,46,44,31,72,45,aggressive,1575,1587,1647,,沼沢実通の子。蘆名→鳥居→保科,1033027,,,,,,33,0,61,,95,0,,,,,,
1033029,455,蘆名家,沼沢|長政,ぬまさわ|ながまさ,沼沢長政,,蘆名家,黒川城,,0,,0,220,38,71,30,39,42,49,D,,,,,,,,46,44,40,58,46,hermit,1577,1589,1655,,沼沢実通の子。蘆名→鳥居→保科,1033027,,,,,,33,0,61,,95,0,,,,,,
1033030,456,蘆名家,平田|舜範,ひらた|きよのり,平田舜範,,蘆名家,塩生城,,0,,0,220,40,42,47,45,46,45,,,,,,,,,36,30,33,36,46,conservative,1519,1531,1583,,,,,,,,,33,0,62,塩生城主,95,500,,,,,,
1033031,457,蘆名家,慶徳|範重,けいとく|のりしげ,慶徳範重,,蘆名家,塩生城,,0,,0,229,60,64,32,32,41,52,D,,,,,,,,36,30,31,67,46,aggressive,1555,1567,1594,,平田舜範の子,1033030,,,,,,33,0,62,,95,0,,,,,,
1033032,458,蘆名家,清野|長範,きよの|ながのり,清野長範,,蘆名家,塩生城,上杉景勝家臣。もとは蘆名家臣・平田氏の出身で清野氏を継ぐ。会津移封後は伊南城一万一千石を任され南会津を支配。米沢移封にも従い、のち奉行として藩政を支えた。,77,,0,279,46,41,70,65,57,46,,,,,,,,,22,11,25,68,26,aggressive,1573,1585,1634,,平田舜範の子,1033030,,,,,,33,0,62,,85,0,,,,,,
1033033,459,蘆名家,松本|氏輔,まつもと|うじすけ,松本氏輔,,蘆名家,黒川城,,0,,0,240,44,49,53,49,45,53,,,,,,,,,43,40,57,36,47,balanced,1525,1537,1575,,,,,,,,,33,0,61,,95,500,,,,,,
1033034,460,蘆名家,松本|行輔,まつもと|ゆきすけ,松本行輔,,蘆名家,黒川城,,0,,0,224,39,48,46,45,46,47,,,,,,,,,50,50,86,10,47,aggressive,1569,1581,1584,true,松本氏輔の子,1033033,,,,,,33,0,61,,80,0,,,,,,
1058001,461,阿蘇家,阿蘇|惟憲,あそ|これのり,阿蘇惟憲,,阿蘇家,隈本城,,0,,0,0,0,0,0,0,0,0,,,,,,,,,0,0,0,0,0,hermit,1475,9999,1525,,,,,,,,,58,0,158,,95,0,,,,,,
1058002,462,阿蘇家,阿蘇|惟豊,あそ|これとよ,阿蘇惟豊,,阿蘇家,隈本城,阿蘇氏当主。大宮司職を奪われ日向へ逃れるが、甲斐親宣らの支援を得て復帰。甲斐氏を重用して領国支配を立て直し、朝廷の御所修理にも献金した。,68,,0,301,44,47,71,71,68,57,,,,,,,,,29,21,44,44,74,balanced,1493,1505,1559,,阿蘇惟憲の子,1058001,,,,,,58,0,158,,95,0,,,,,,
1058003,463,阿蘇家,阿蘇|惟将,あそ|これまさ,阿蘇惟将,,阿蘇家,隈本城,阿蘇大宮司。惟豊の子。家督を継ぎ、甲斐宗運の補佐を受けて龍造寺・島津両氏の圧力下で領国を維持。晩年は相良義陽へ水俣表合戦の情勢を伝える書状を送り、関係を保った。,80,,0,266,53,48,59,55,51,51,,,D,,,,,,29,21,28,67,76,conservative,1526,1538,1583,,阿蘇惟豊の子,1058002,,,,,,58,0,158,隈本城主,100,1000,,,,,,
1058004,464,阿蘇家,阿蘇|惟種,あそ|これたね,阿蘇惟種,,阿蘇家,隈本城,,0,,0,226,40,46,48,45,47,46,,,,,,,,,29,21,40,50,74,balanced,1539,1551,1584,,阿蘇惟豊の子,1058002,,,,,,58,0,158,,95,500,true,,,,,
1058005,465,阿蘇家,阿蘇|惟光,あそ|これみつ,阿蘇惟光,,阿蘇家,隈本城,,0,,0,154,30,31,37,27,29,36,,,,,,,,,29,21,37,55,74,balanced,1582,1594,1593,true,阿蘇惟種の子,1058004,,,,,,58,0,158,,95,500,,,,,,
1058006,466,阿蘇家,阿蘇|惟長,あそ|これなが,阿蘇惟長,,阿蘇家,隈本城,阿蘇氏当主。菊池家重臣の連判で肥後守護を継ぎ、菊池武経と改名して政隆を退けた。だが家臣団と対立して菊池を去り、阿蘇氏へ戻ると弟の惟豊と大宮司職をめぐり争った。,79,,0,286,52,56,61,60,57,51,,D,,,,,,,29,21,65,15,71,balanced,1480,1492,1537,,阿蘇惟憲の子,1058001,,,,,,58,0,158,,95,0,,,,,,
1058007,467,阿蘇家,甲斐|親宣,かい|ちかのぶ,甲斐親宣,,阿蘇家,岩尾城,阿蘇家臣。日向に逃れた阿蘇惟豊を支え、惟長・惟前父子から大宮司職を奪還させ再興に貢献。以後も重臣として戦功を重ね、子の親直は甲斐宗運と称して阿蘇氏を支えた。,78,,0,395,79,68,80,82,86,67,C,D,,,,,,,29,21,16,84,74,hermit,1479,1491,1536,,,,,,,,,58,0,159,,95,0,,,,,,
1058008,468,阿蘇家,甲斐|親直,かい|ちかなお,甲斐親直,1541:0|宗運:0|そううん,阿蘇家,岩尾城,阿蘇家臣。御船城主。大友氏と結んで阿蘇氏を支え、龍造寺・島津両氏の圧力に抗した。島津方として侵攻した相良義陽を破って討ち取り、肥後中央部の支配を守った。,76,,0,412,87,69,78,88,90,73,D,D,,,,,,,29,21,28,67,74,balanced,1515,1527,1584,,甲斐親宣の子,1058007,,,,,,58,0,159,岩尾城主,95,700,,,,,,
1058009,469,阿蘇家,甲斐|親英,かい|ちかひで,甲斐親英,,阿蘇家,岩尾城,,0,,0,266,45,47,54,58,62,51,,,,,,,,,29,21,49,38,76,balanced,1538,1550,1587,,甲斐親直の子,1058008,,,,,,58,0,159,,95,0,,,,,,
1058010,470,阿蘇家,北里|政義,きたざと|まさよし,北里政義,,阿蘇家,隈本城,,0,,0,233,48,48,44,44,49,46,,,,,,,,,29,21,53,32,73,aggressive,1553,1565,1592,,,,,,,,,58,0,158,,90,0,,,,,,
1058011,471,阿蘇家,坂梨|紹元,さかなし|あきもと,坂梨紹元,,阿蘇家,隈本城,,0,,0,190,53,50,21,20,46,39,,,,,,,,,22,11,27,65,71,balanced,1517,1529,1593,,,,,,,,,58,0,158,,95,0,,,,,,
1058012,472,阿蘇家,高森|惟直,たかもり|これなお,高森惟直,,阿蘇家,隈本城,,0,,0,237,38,43,50,52,54,47,,,,,,,,,29,21,40,50,73,balanced,1527,1539,1586,,,,,,,,,58,0,158,,95,0,,,,,,
1058013,473,阿蘇家,田代|快尊,たしろ|かいそん,田代快尊,,阿蘇家,岩尾城,,0,,0,210,47,66,32,28,37,45,,,,,,,,,22,21,21,77,74,aggressive,1526,1538,1584,,,,,,,,,58,0,159,,95,0,,,,,,
1058014,474,阿蘇家,田代|宗傳,たしろ|そうでん,田代宗傳,,阿蘇家,岩尾城,,0,,0,185,39,60,24,32,30,41,,,,,,,,,22,21,21,77,71,aggressive,1554,1566,1583,,田代快尊の子,1058013,,,,,,58,0,159,,95,0,,,,,,
1043001,475,尼子家,尼子|持久,あまご|もちひさ,尼子持久,,尼子家,月山富田城,,0,,0,0,0,0,0,0,0,0,,,,,,,,,0,0,0,0,1,hermit,1381,9999,1437,,,,,,,,,43,0,108,,95,0,,,,,,
1043002,476,尼子家,尼子|経久,あまご|つねひさ,尼子経久,,尼子家,月山富田城,尼子氏当主。守護代を解任され月山富田城を追われるが奪回し、出雲を平定。伯耆・石見・安芸へ勢力を伸ばして尼子氏を戦国大名へ成長させ、山陰・山陽に一大勢力を築いた。,80,,0,391,86,71,75,81,78,75,B,,,,,,,謀将,50,50,72,15,1,aggressive,1458,1470,1541,,尼子持久の子,1043001,,,,,,43,0,108,,95,0,,,,,,
1043003,477,尼子家,尼子|政久,あまご|まさひさ,尼子政久,,尼子家,月山富田城,,0,,0,0,0,0,0,0,0,0,,,,,,,,,0,0,0,0,1,hermit,1488,9999,1518,,尼子経久の子,1043002,,,,,,43,0,108,,95,0,,,,,,
1043004,478,尼子家,尼子|晴久,あまご|はるひさ,尼子晴久,,尼子家,月山富田城,尼子氏当主。祖父・経久から家督を継ぎ、備後・石見・播磨方面へ勢力を広げて大内・毛利両氏と争う。幕府から八か国守護に任じられ、新宮党を粛清して直轄支配を強めた。,79,,0,383,79,66,82,80,76,71,C,D,,B,,,,謀将,50,50,52,44,11,aggressive,1513,1525,1560,,尼子政久の子,1043003,,,,,,43,0,108,月山富田城主,100,1500,,,amago_haruhisa.webp,69,修理大夫,
1043005,479,尼子家,尼子|義久,あまご|よしひさ,尼子義久,,尼子家,月山富田城,,0,,0,168,29,37,37,31,34,47,,,,,,,,,50,50,40,61,11,balanced,1540,1552,1610,,尼子晴久の子,1043004,,,,,,43,0,108,,95,700,,,amago_yoshihisa.webp,,,
1043006,480,尼子家,尼子|倫久,あまご|ともひさ,尼子倫久,,尼子家,月山富田城,尼子氏一門。晴久の子。兄・義久と月山富田城に籠城し、毛利氏へ降伏した。安芸で幽閉されたのち毛利氏に従い、朝鮮出兵に参加。関ヶ原時には大津・膳所城の城番を務めた。,80,,0,229,54,40,43,43,49,52,,,,,,,,,50,50,34,70,12,balanced,1546,1558,1623,,尼子晴久の子。尼子→毛利,1043004,,,,,,43,0,108,,95,300,,,,,,
1043007,481,尼子家,尼子|元知,あまご|もとさと,尼子元知,,尼子家,月山富田城,,0,,0,196,31,24,48,41,52,42,,,,,,,,,29,21,31,63,11,conservative,1572,1584,1622,,尼子倫久の子、尼子義久の養子。尼子→毛利,1043006,1043005,,,,,43,0,108,,95,0,,,,,,
1043008,482,尼子家,尼子|秀久,あまご|ひでひさ,尼子秀久,,尼子家,月山富田城,,0,,0,233,44,56,40,45,48,53,,,,,,,,,50,50,34,70,12,balanced,1554,1566,1609,,尼子晴久の子,1043004,,,,,,43,0,108,,95,300,,,,,,
1043009,483,尼子家,尼子|国久,あまご|くにひさ,尼子国久,,尼子家,月山富田城,尼子家臣。経久の次男。新宮党を率い、甥・晴久を支えて伯耆で武田常信を破った。のち晴久と対立し、毛利元就に通じていると中傷され、子・誠久とともに殺害された。,77,,0,301,76,77,41,46,61,62,B,,,C,,,C,,29,21,40,50,4,aggressive,1492,1504,1554,true,尼子経久の子,1043002,,,,,,43,0,108,,95,0,,,,,,
1043010,484,尼子家,尼子|誠久,あまご|さねひさ,尼子誠久,,尼子家,月山富田城,尼子家臣。尼子国久の子。新宮谷を本拠とする精鋭・新宮党の中心を担った。当主・晴久の命で父ら一族とともに粛清され、新宮党は壊滅。三男・勝久だけが幼くして逃れた。,79,,0,270,68,79,26,34,63,57,C,,,C,,,C,,29,21,44,44,4,aggressive,1510,1522,1554,true,尼子国久の子,1043009,,,,,,43,0,108,,95,500,,,,,,
1043011,485,尼子家,尼子|勝久,あまご|かつひさ,尼子勝久,,尼子家,月山富田城,,0,,0,199,44,52,38,32,33,37,,,,D,,,,,50,50,48,50,1,balanced,1553,1565,1578,true,尼子誠久の子,1043010,,,,,,43,0,108,,95,0,,,,,,
1043012,486,尼子家,塩冶|興久,えんや|おきひさ,塩冶興久,,尼子家,月山富田城,,0,,0,191,42,56,31,27,35,48,,,,,,,,,30,22,77,34,88,aggressive,1497,1509,1534,true,尼子経久の子、塩冶貞慶（未登場）の養子,1043002,,,,,,43,0,108,,95,0,,,,,,
1043013,487,尼子家,尼子|清久,あまご|きよひさ,尼子清久,,尼子家,月山富田城,,0,,0,183,53,47,27,25,31,53,,,,,,,,,44,42,62,27,88,aggressive,1517,1529,1542,true,塩冶興久の子,1043012,,,,,,43,0,108,,95,0,,,,,,
1043014,488,尼子家,尼子|清定,あまご|きよさだ,尼子清定,,尼子家,月山富田城,,0,,0,0,0,0,0,0,0,0,,,,,,,,,0,0,0,0,16,hermit,1410,9999,1488,,尼子持久の子,1043001,,,,,,43,0,108,,95,0,,,,,,
1043015,489,尼子家,尼子|久幸,あまご|ひさゆき,尼子久幸,,尼子家,月山富田城,尼子家臣。経久の弟。甥の晴久を支え、尼子氏の安芸遠征に従軍した。吉田郡山城をめぐる戦いでは毛利元就・陶高房らの軍と戦い、尼子軍の退却戦のさなか討死した。,76,,0,277,77,65,49,43,43,57,,D,,,,,,,44,42,18,90,16,aggressive,1473,1485,1541,true,尼子清定の子,1043014,,,,,,43,0,108,,95,0,,,,,,
1043016,490,尼子家,三沢|為幸,みさわ|ためゆき,三沢為幸,,尼子家,三刀屋城,,0,,0,242,51,59,37,43,52,49,,,,,,,,,29,21,28,67,5,balanced,1489,1501,1540,,,,,,,,,43,0,109,,95,0,,,,,,
1043017,491,尼子家,三沢|為清,みさわ|ためきよ,三沢為清,,尼子家,三刀屋城,,0,,0,255,39,43,56,58,59,54,,,,,,,,,50,50,52,44,5,balanced,1536,1548,1588,,三沢為幸の子。尼子晴久の養子,1043016,1043004,,,,,43,0,109,,95,0,,,,,,
1043018,492,尼子家,三沢|為虎,みさわ|ためとら,三沢為虎,,尼子家,三刀屋城,,0,,0,213,54,56,31,34,38,46,,,,,,,,,36,30,36,60,5,aggressive,1557,1569,1614,,三沢為清の子,1043017,,,,,,43,0,109,,95,0,,,,,,
1043019,493,尼子家,赤穴|久清,あかな|ひさきよ,赤穴久清,,尼子家,三刀屋城,,0,,0,205,36,36,41,43,49,46,,,,,,,,,47,45,50,44,6,balanced,1471,1483,1553,,,,,,,,,43,0,109,,95,0,,,,,,
1043020,494,尼子家,赤穴|光清,あかな|みつきよ,赤穴光清,,尼子家,三刀屋城,尼子家臣。瀬戸山城主。大内義隆の出雲侵攻で籠城し、緒戦で熊谷直続を討ち取った。その後も攻撃を約二か月退けたが、総攻撃の最中に流れ矢を受け討死し、城は落ちた。,78,,0,280,61,62,44,52,61,59,,D,,,,,,,47,45,34,67,6,aggressive,1493,1505,1542,,赤穴久清の子,1043019,,,,,,43,0,109,,95,0,,,,,,
1043021,495,尼子家,赤穴|盛清,あかな|もりきよ,赤穴盛清,,尼子家,山吹城,,0,,0,229,36,41,51,50,51,31,,,,,,,,,50,50,52,44,6,conservative,1529,1541,1595,,赤穴光清の子,1043020,,,,,,43,0,110,,95,0,,,,,,
1043022,496,尼子家,秋上|宗信,あきあげ|むねのぶ,秋上宗信,,尼子家,山吹城,尼子家臣。森山城将。尼子勝久の再興軍に加わり出雲へ進攻後、毛利方へ転じた。安来町役の収取権を持ち、商人坪内氏に町役納入を催促するなど在地支配にも関与した。,77,,0,271,58,44,60,44,65,55,,,,,,,,,36,30,34,62,17,balanced,1545,1557,1594,,尼子→毛利,,,,,,,43,0,110,,95,0,,,,,,
1043023,497,尼子家,牛尾|幸清,うしお|ゆききよ,牛尾幸清,,尼子家,月山富田城,,0,,0,262,38,48,62,60,54,56,,,,,,,,,50,50,44,55,17,conservative,1496,1508,1571,,尼子→1562毛利,,,,,,,43,0,108,,95,500,,,,,,
1043024,498,尼子家,牛尾|久信,うしお|ひさのぶ,牛尾久信,,尼子家,月山富田城,,0,,0,205,49,53,30,26,47,49,,,,,,,,,50,50,37,65,17,balanced,1522,1534,1586,,牛尾幸清の子。尼子→1562毛利,1043023,,,,,,43,0,108,,95,0,,,,,,
1043025,499,尼子家,宇山|久兼,うやま|ひさかね,宇山久兼,,尼子家,山吹城,,0,,0,280,55,51,72,58,44,33,,,,,,,,,50,50,24,84,17,conservative,1511,1523,1566,,,,,,,,,43,0,110,,95,500,,,,,,
1043026,500,尼子家,江見|久盛,えみ|ひさもり,江見久盛,,尼子家,八橋城,,0,,0,257,70,66,30,27,64,57,,,,D,,,,,50,50,24,84,6,conservative,1502,1514,1580,,,,,,,,,43,0,107,,95,0,,,,,,
1043027,501,尼子家,小笠原|長雄,おがさわら|ながたか,小笠原長雄,,尼子家,山吹城,石見国衆。温湯城主。小笠原家当主。大内氏から尼子氏へ転じ、銀山を巡る争いに関与。吉川元春に温湯城を攻められ、尼子の援軍を待って籠城したが開城して毛利氏に降った。,80,,0,254,51,53,54,50,46,52,D,,,,,,,,36,30,39,55,5,conservative,1520,1532,1569,,,,,,,,,43,0,110,,95,0,,,,,,
1043028,502,尼子家,小笠原|長旌,おがさわら|ながあき,小笠原長旌,,尼子家,山吹城,,0,,0,224,52,27,35,57,53,48,,,,,,,,,36,30,33,63,5,balanced,1543,1555,1603,,小笠原長雄の嫡男。尼子→毛利,1043027,,,,,,43,0,110,,95,0,,,,,,
1043029,503,尼子家,小笠原|元枝,おがさわら|もとしげ,小笠原元枝,,尼子家,山吹城,,0,,0,251,46,63,55,43,44,51,,,,,,,,,32,25,36,57,6,balanced,1546,1558,1604,,小笠原長雄の次男。尼子→毛利,1043027,,,,,,43,0,110,,95,0,,,,,,
1043030,504,尼子家,小笠原|長親,おがさわら|ながちか,小笠原長親,,尼子家,山吹城,,0,,0,254,47,51,57,46,53,51,,,,,,,,,28,19,32,75,6,aggressive,1575,1587,1656,,小笠原元枝の子、小笠原長旌の養子。尼子→毛利→宇喜多（坂崎直盛）→毛利,1043029,1043028,,,,,43,0,110,,95,0,,,,,,
1043031,505,尼子家,亀井|秀綱,かめい|ひでつな,亀井秀綱,,尼子家,三刀屋城,尼子家臣。経久・晴久二代に仕えた重臣。伯耆国茶屋村領主として、戦乱で荒廃した楽々福・印賀両神社を経久と再興。棟札に名を残し、尼子氏の西伯耆支配を支えた。,76,,0,268,28,35,66,70,69,54,,,,,,,,,43,40,53,38,5,balanced,1471,1483,1566,true,,,,,,,,43,0,109,,95,500,,,,,,
1043032,506,尼子家,湯|惟宗,ゆ|これむね,湯惟宗,,尼子家,三刀屋城,,0,,0,191,44,46,31,29,41,47,,,,,,,,,50,50,37,65,9,aggressive,1499,1511,1580,,,,,,,,,43,0,109,,95,0,,,,,,
1043033,507,尼子家,湯|永綱,ゆ|ながつな,湯永綱,,尼子家,三刀屋城,,0,,0,219,43,54,45,36,41,47,,,,,,,,,38,33,43,50,7,balanced,1525,1537,1604,,湯惟宗の子,1043032,,,,,,43,0,109,,95,0,,,,,,
1043034,508,尼子家,亀井|茲矩,かめい|これのり,亀井茲矩,,尼子家,三刀屋城,尼子家臣・湯氏の出身。山中幸盛らの尼子再興戦に参加し、敗北後は羽柴秀吉に仕えた。因幡鹿野を領して城下を整え、関ヶ原では東軍に属す。朱印船でシャムと交易した。,78,,0,354,57,76,87,72,62,42,D,,,,C,,C,,50,50,60,32,4,balanced,1557,1569,1612,,湯永綱の子、亀井秀綱の養子,1043033,1043031,,,,,43,0,109,,95,0,,,,,,
1043035,509,尼子家,亀井|政矩,かめい|まさのり,亀井政矩,,尼子家,三刀屋城,亀井茲矩の子。父の跡を継ぎ因幡鹿野藩主となり、家康・秀忠に仕える。大坂冬・夏の陣に従軍したのち石見津和野四万三千石へ移封され、津和野藩亀井家の初代となった。,78,,0,277,51,40,63,63,60,58,,,,,,,,,50,50,47,51,4,conservative,1590,1602,1619,,亀井茲矩の子,1043034,,,,,,43,0,109,,95,0,,,,,,
1043036,510,尼子家,川副|久盛,かわぞえ|ひさもり,川副久盛,,尼子家,八橋城,尼子家臣。美作倉敷城主。尼子晴久の美作経略を支え、後藤勝基の三星城と長期にわたり抗争した。江見文書には本人の続目安堵状が残り、軍事だけでなく在地支配も担った。,79,,0,302,66,56,54,62,64,63,,,,,,,,,50,50,27,80,9,balanced,1493,1505,1569,,,,,,,,,43,0,107,八橋城主,95,200,,,,,,
1043037,511,尼子家,佐世|清宗,させ|きよむね,佐世清宗,,尼子家,月山富田城,,0,,0,247,36,39,66,58,48,53,,,,,,,,,43,40,37,61,6,conservative,1521,1533,1570,,尼子→降伏後毛利,,,,,,,43,0,108,,95,500,,,,,,
1043038,512,尼子家,佐世|元嘉,させ|もとよし,佐世元嘉,,尼子家,月山富田城,,0,,0,228,34,29,54,55,56,51,,,,,,,,,43,40,45,50,5,conservative,1546,1558,1620,,佐世清宗の子。尼子→降伏後毛利,1043037,,,,,,43,0,108,,95,0,,,,,,
1043039,513,尼子家,多胡|辰敬,たこ|ときたか,多胡辰敬,,尼子家,月山富田城,尼子家臣。石見岩山城主。若年武士の教訓として「多胡辰敬家訓」十七条を著した。手習い・学問、弓術、算用を重視し、礼法や人付き合い、諸芸にも心得を説いた。,75,,0,316,65,57,66,66,62,61,,,,,,,,,36,30,32,65,12,conservative,1497,1509,1562,,,,,,,,,43,0,108,,95,0,,,,,,
1043040,514,尼子家,立原|久綱,たちはら|ひさつな,立原久綱,,尼子家,羽衣石城,尼子家臣。主家滅亡後、山中幸盛らと尼子勝久を擁立して再興戦を展開。出雲・伯耆を転戦した。上月城の毛利方起請文でも幸盛と並ぶ宛名となり、再興軍の中枢を担った。,78,,0,351,77,59,65,74,76,47,D,D,,,,,,,50,50,40,61,2,conservative,1531,1543,1613,,,,,,,,,43,0,106,羽衣石城主,95,200,true,,,,,
1043041,515,尼子家,新見|国経,にいみ|くにつね,新見国経,,尼子家,比叡尾山城,,0,,0,247,41,46,65,53,42,49,,,,,,,,,33,26,46,44,5,aggressive,1486,1498,1547,,,,,,,,,43,0,119,,95,0,,,,,,
1043042,516,尼子家,新見|貞経,にいみ|さだつね,新見貞経,,尼子家,比叡尾山城,,0,,0,227,32,31,64,55,45,47,,,,,,,,,33,26,38,55,5,aggressive,1497,1509,1571,,新見国経の子,1043041,,,,,,43,0,119,比叡尾山城主,95,200,,,,,,
1043043,517,尼子家,本城|常光,ほんじょう|つねみつ,本城常光,,尼子家,山吹城,尼子家臣。石見山吹城主。石見銀山を巡る毛利氏との争奪戦で抗戦し、攻撃を受けても城を守った。のちに毛利方へ降伏し銀山を明け渡すが、同年中に一族ともども殺害された。,80,,0,319,78,70,37,58,76,60,B,,,,,,,猛将,50,50,72,30,4,aggressive,1513,1525,1562,true,,,,,,,,43,0,110,山吹城主,90,300,,,,,,
1043044,518,尼子家,本城|隆光,ほんじょう|たかみつ,本城隆光,,尼子家,山吹城,,0,,0,291,67,74,42,50,58,58,D,,,,,,,,50,50,62,37,4,balanced,1545,1557,1562,true,本城常光の子,1043043,,,,,,43,0,110,,90,0,,,,,,
1043045,519,尼子家,本城|春政,ほんじょう|はるまさ,本城春政,,尼子家,山吹城,,0,,0,297,56,62,55,61,63,63,,,,,,,,,50,50,24,83,5,conservative,1546,1558,1602,,本城常光の次男,1043043,,,,,,43,0,110,,100,0,,,,,,
1043046,520,尼子家,本城|家房,ほんじょう|いえふさ,本城家房,,尼子家,山吹城,,0,,0,256,53,38,57,57,51,56,,,,,,,,,50,50,30,75,5,conservative,1575,1587,1641,,本城春政の子,1043045,,,,,,43,0,110,,100,0,,,,,,
1043047,521,尼子家,本田|家吉,もとだ|いえよし,本田家吉,,尼子家,三刀屋城,尼子家臣。四郎左衛門尉。晴久の横田庄掌握後、原口村代官となり天満宮棟札に名を残す。鰐淵寺関係では立原幸隆と連署し、義久期の文書にも名が残り政務を支えた。,76,,0,303,60,49,68,60,66,63,,,,,,,,,50,50,30,75,12,conservative,1521,1533,1589,,,,,,,,,43,0,109,,95,0,,,,,,
1043048,522,尼子家,三刀屋|久扶,みとや|ひさすけ,三刀屋久扶,,尼子家,三刀屋城,出雲国衆。三刀屋城主。尼子氏から大内氏へ転じ、再び尼子方となる。毛利元就の出雲侵攻後は毛利方に従った。のち毛利輝元に所領を没収され、三刀屋城も廃城となった。,78,,0,260,54,38,54,56,58,56,,,,,,,,,50,50,43,56,22,aggressive,1513,1525,1591,,,,,,,,,43,0,109,三刀屋城主,95,300,,,,,,
1043049,523,尼子家,森脇|久仍,もりわき|ひさのり,森脇久仍,,尼子家,月山富田城,,0,,0,206,37,35,51,49,34,50,,,,,,,,,50,50,20,90,19,balanced,1533,1545,1616,,,,,,,,,43,0,108,,95,0,,,,,,
1043050,524,尼子家,山中|満幸,やまなか|みつゆき,山中満幸,,尼子家,月山富田城,,0,,0,348,76,65,71,65,71,70,D,D,,,,,,,50,50,55,75,1,balanced,1520,1532,1546,,,,,,,,,43,0,108,,95,0,,,,,,
1043051,525,尼子家,山中|幸高,やまなか|ゆきたか,山中幸高,1559:万松寺|円念:ばんしょうじ|えんねん,尼子家,月山富田城,,0,,0,238,49,13,46,62,68,55,,,,,,,,,48,47,65,88,2,hermit,1544,1556,1578,true,山中満幸の子,1043050,,,,,,43,0,108,,95,0,,,,,,
1043052,526,尼子家,山中|幸盛,やまなか|ゆきもり,山中幸盛,,尼子家,月山富田城,尼子家臣。義久が毛利氏に降伏した後も主家再興を諦めず、尼子勝久を擁して各地で戦った。羽柴秀吉の中国攻めにも加わるが、上月城で毛利軍に降伏し護送中に殺害された。,79,,0,321,74,89,34,61,63,80,D,C,,C,D,,,猛将,50,50,16,95,1,aggressive,1545,1557,1578,true,山中満幸の子、亀井秀綱の養子。別名：山中鹿之介,1043050,1043031,,,,,43,0,108,,95,0,,,,,,
1043053,527,尼子家,山中|幸元,やまなか|ゆきもと,山中幸元,1519:鴻池|直文:こうのいけ|なおふみ,尼子家,月山富田城,摂津鴻池村の商人。清酒造りを始め江戸へ送り利益を上げた。大坂へ本拠を移し、江戸への海上輸送にも成功して海運業へ進出。酒造と海運で富を築き、鴻池家の基礎を築いた。,80,,0,246,42,11,74,54,65,56,,,,,,,,,72,81,2,55,1,hermit,1570,1582,1651,,山中幸盛の子,1043052,,,,,,43,0,108,,95,0,,,,,,
1043054,528,尼子家,米原|綱寛,よねはら|つなひろ,米原綱寛,,尼子家,三刀屋城,,0,,0,264,65,69,34,57,39,56,D,,,,,,,,50,50,43,57,11,balanced,1521,1533,1613,,,,,,,,,43,0,109,,95,0,,,,,,
1043055,529,尼子家,羽倉|元蔭,わくら|もとかげ,羽倉元蔭,,尼子家,亀尾山城,,0,,0,231,58,66,27,27,53,53,,,,,,,,,50,50,27,80,9,aggressive,1538,1550,1571,true,,,,,,,,43,0,240,亀尾山城主,95,200,,,,,,
1057001,530,有馬家,有馬|晴純,ありま|はるずみ,有馬晴純,,有馬家,日野江城,肥前有馬氏10代当主。日野江城を本拠に肥前へ進出し、六郡を支配して全盛期を築いた。次男・純忠を大村氏へ養子に送り勢力を広げたが、領内に広がるキリスト教は禁圧した。,80,,0,354,73,60,83,73,65,63,,,B,D,,,C,,64,70,69,27,22,balanced,1483,1495,1566,,,,,,,,,57,0,157,日野江城主,100,1500,,,,,,
1057002,531,有馬家,有馬|義貞,ありま|よしさだ,有馬義貞,,有馬家,日野江城,,0,,0,173,27,32,45,36,33,27,,,,,,,,,64,70,45,61,22,balanced,1521,1533,1576,,有馬晴純の子,1057001,,,,,,57,0,157,,95,300,,,,,,
1057003,532,有馬家,有馬|義純,ありま|よしずみ,有馬義純,,有馬家,日野江城,,0,,0,149,24,29,34,32,30,43,,,,,,,,,64,70,43,64,21,conservative,1550,1562,1571,,有馬義貞の子,1057002,,,,,,57,0,157,,95,300,,,,,,
1057004,533,有馬家,有馬|晴信,ありま|はるのぶ,有馬晴信,,有馬家,日野江城,有馬氏当主。義貞の子。洗礼を受けてキリシタン大名となり、島津氏と結んで沖田畷で龍造寺隆信を破った。朝鮮出兵後は原城を築き、岡本大八事件に連座して切腹した。,77,,0,255,48,55,62,50,40,39,D,,C,,,,,,64,70,61,38,21,aggressive,1567,1576,1612,,有馬義貞の子,1057002,,,,,,57,0,157,,95,300,,,,,,
1057005,534,波多家,有馬|鎮,ありま|あき,有馬鎮,1536:波多|親:はた|ちかし,松浦家,亀丘城,,0,,0,254,60,68,40,46,40,48,,,,D,,,,,26,16,60,32,72,aggressive,1537,1549,1599,,有馬義貞の子、波多盛の養子。波多親,1057002,1056202,,,,,56,0,184,亀丘城主,85,500,,,,,,
1057006,535,波多家,波多|薀,はた|たくわ,波多薀,,松浦家,亀丘城,,0,,0,200,39,64,26,33,38,41,,,,,,,,,26,16,43,44,72,conservative,1584,1596,1648,,有馬鎮の子,1057005,,,,,,56,0,184,,85,0,,,,,,
1057007,536,有馬家,大村|純忠,おおむら|すみただ,大村純忠,,有馬家,玖島城,大村氏18代当主。有馬晴純の子で純前の養子。龍造寺・松浦・後藤氏と争う一方、横瀬浦・福田・長崎を開港。日本初のキリシタン大名となり、天正遣欧少年使節を派遣した。,79,,0,269,52,45,65,58,49,56,D,,C,,,,,,71,80,47,61,24,conservative,1533,1545,1587,,有馬晴純の子、大村純前の養子,1057001,1057011,,,,,57,0,156,玖島城主,95,500,,,,,,
1057008,537,有馬家,大村|喜前,おおむら|よしさき,大村喜前,,有馬家,玖島城,,0,,0,211,41,51,43,38,38,51,,,C,,,,,,75,85,65,38,21,balanced,1569,1581,1616,,大村純忠の子、有馬義純の養子,1057007,1057003,,,,,57,0,156,,95,0,,,,,,
1057009,538,有馬家,大村|純頼,おおむら|すみより,大村純頼,,有馬家,玖島城,肥前大村藩二代藩主。大村喜前の次男。父の在任中、庶家一門を追放する「御一門払い」を断行させた。のち父の跡を継いで大村藩主となったが、若くして死去した。,75,,0,222,43,49,47,42,41,56,,,,,,,,,75,86,38,77,21,conservative,1592,1604,1619,,大村喜前の子。有馬→大村,1057008,,,,,,57,0,156,,95,0,,,,,,
1057010,539,有馬家,大村|純伊,おおむら|すみこれ,大村純伊,,有馬家,玖島城,,0,,0,219,49,51,44,38,37,53,,,,,,,,,64,70,45,61,26,balanced,1459,1471,1547,,,,,,,,,57,0,156,,95,0,,,,,,
1057011,540,有馬家,大村|純前,おおむら|すみさき,大村純前,,有馬家,玖島城,大村氏当主。後継を定めるため、実子の貴明を後藤氏の養子とし、有馬晴純の子・純忠を養子に迎えた。のちに純忠へ家督を譲った。,60,,0,305,61,56,64,64,60,63,C,,C,,,,,,64,70,61,38,26,aggressive,1473,1485,1551,,大村純伊の子,1057010,,,,,,57,0,156,,95,0,,,,,,
1057012,541,諸：後藤家,大村|佐純,おおむら|すけずみ,大村佐純,1533:後藤|貴明:ごとう|たかあき,後藤家,須古城,大村純前の次男。後藤氏の養子となり武雄19代領主を継ぐ。大村・有馬氏らと争い、家督争いで龍造寺隆信の支援を受け惟明を破る。隆信に従い、三男・家信を養子に迎えた。,79,,0,327,65,66,56,73,67,59,,,,D,,,,,29,21,78,35,28,aggressive,1534,1546,1583,,大村純前の子、後藤純明の養子。後藤貴明,1057011,1057014,,,,,0,49,154,後藤家当主,50,0,,,,,,
1057013,542,龍造寺家,後藤|晴明,ごとう|はるあき,後藤晴明,,龍造寺家,佐嘉城,,0,,0,247,45,33,60,59,50,49,,,,,,,,,29,21,40,50,28,conservative,1562,1574,1584,true,大村佐純の子。龍造寺隆信の養子。龍造寺家均(りゅうぞうじいえなり),1057012,1054010,,,,,54,0,152,,95,0,,,,,,
1057014,543,諸：後藤家,後藤|純明,ごとう|すみあき,後藤純明,,後藤家,須古城,,0,,0,226,51,51,45,40,39,44,,,,,,,,,22,11,27,65,28,balanced,1502,1514,1553,,,,,,,,,0,49,154,,50,0,,,,,,
1057015,544,有馬家,西郷|純久,さいごう|すみひさ,西郷純久,,有馬家,日野江城,肥前国衆。高城主。西郷氏当主。有馬氏と結び、高城を本拠に高来郡北部から藤津・彼杵両郡へ勢力を広げた。船越・宇木・小野・沖など諸城を支城として伊佐早を支配した。,79,,0,285,59,50,60,60,56,54,D,,C,,,,,,26,16,27,67,26,aggressive,1492,1504,1552,,,,,,,,,57,0,157,,95,0,,,,,,
1057016,545,有馬家,西郷|純尭,さいごう|すみたか,西郷純尭,,有馬家,日野江城,,0,,0,242,33,50,43,52,64,46,D,,C,,,,,,26,16,52,32,25,balanced,1519,1531,1578,,西郷純久の子,1057015,,,,,,57,0,157,,95,200,true,,,,,
1057017,546,有馬家,西郷|純尚,さいごう|すみなお,西郷純尚,,有馬家,日野江城,,0,,0,169,33,33,38,38,27,37,,,,,,,,,26,16,22,55,26,conservative,1543,1555,1587,,西郷純尭の子,1057016,,,,,,57,0,157,,95,0,,,,,,
1057018,547,有馬家,深堀|純賢,ふかぼり|すみまさ,深堀純賢,,有馬家,日野江城,,0,,0,232,43,53,50,46,40,45,,,,,,,,,26,16,56,35,9,balanced,1548,1560,1616,,西郷純久の子。有馬→1573龍造寺→1586鍋島,1057015,,,,,,57,0,157,,90,200,,,,,,
1057019,548,有馬家,千々石|紀員,ちぢわ|のりかず,千々石紀員,,有馬家,日野江城,,0,,0,242,35,27,54,60,66,56,,,,,,,,,75,86,65,38,10,aggressive,1569,1581,1633,,,,,,,,,57,0,157,,90,0,,,,,,
1057020,549,有馬家,朝長|純利,ともなが|すみとし,朝長純利,,有馬家,玖島城,大村家臣。老臣・執政官として横瀬浦開港を担った。純忠の名代としてイエズス会のアルメイダと協議した。港周辺の土地や関税の条件を詰め、ポルトガル貿易を進めた。,77,,0,304,56,56,66,65,61,58,D,,D,,,,,,29,21,25,72,26,conservative,1519,1531,1573,,,,,,,,,57,0,156,,95,0,,,,,,
1057021,550,有馬家,朝長|前安,ともなが|さきやす,朝長前安,,有馬家,玖島城,,0,,0,267,64,64,58,45,36,60,,D,,,,,,,64,70,41,67,26,balanced,1578,1590,1635,,朝長純利の子,1057020,,,,,,57,0,156,,95,0,,,,,,
1057022,551,有馬家,長崎|純景,ながさき|すみかげ,長崎純景,,有馬家,玖島城,,0,,0,241,57,52,55,39,38,52,,,,,,,,,50,50,46,39,26,aggressive,1548,1560,1622,,,,,,,,,57,0,156,,95,0,,,,,,
1057023,552,有馬家,平井|経治,ひらい|つねはる,平井経治,,有馬家,須古城,,0,,0,243,46,43,44,51,59,50,,,,,,,C,,64,70,59,27,27,aggressive,1525,1537,1574,,,,,,,,,57,0,154,須古城主,95,500,,,,,,
1057024,553,有馬家,福田|兼親,ふくだ|かねちか,福田兼親,,有馬家,日野江城,,0,,0,212,37,29,51,48,47,49,,,,,,,,,66,73,69,28,24,conservative,1573,1585,1652,,,,,,,,,57,0,157,,95,0,,,,,,
1057025,554,有馬家,安富|純治,やすとみ|すみはる,安富純治,,有馬家,日野江城,,0,,0,239,51,53,44,43,48,54,,,,,,,,,64,70,57,44,22,balanced,1540,1552,1584,,,,,,,,,57,0,157,,95,0,,,,,,
1057026,555,有馬家,安富|純泰,やすとみ|すみやす,安富純泰,,有馬家,日野江城,,0,,0,236,43,53,40,45,55,56,,,D,,,,,,64,70,41,67,26,balanced,1560,1572,1609,,安富純治の子,1057025,,,,,,57,0,157,,95,0,,,,,,
1073001,556,安東宗家,安東|法季,あんどう|のりすえ,安東法季,,安東家,檜山城,,0,,0,0,0,0,0,0,0,0,,,,,,,,,0,0,0,0,35,hermit,1360,9999,1410,,,,,,,,,73,0,218,,95,0,,,,,,
1073002,557,安東宗家,安藤|盛季,あんどう|もりすえ,安藤盛季,,安東家,檜山城,,0,,0,0,0,0,0,0,0,0,,,,,,,,,0,0,0,0,35,hermit,1380,9999,1430,,安東法季の子,1073001,,,,,,73,0,218,,95,0,,,,,,
1073003,558,安東宗家,安藤|義季,あんどう|よしすえ,安藤義季,,安東家,檜山城,,0,,0,0,0,0,0,0,0,0,,,,,,,,,0,0,0,0,35,hermit,1420,9999,1470,,安藤盛季の孫,1073002,,,,,,73,0,218,,95,0,,,,,,
1073004,559,湊安東家,安藤|鹿季,あんどう|かのすえ,安藤鹿季,,安東家,湊城,,0,,0,0,0,0,0,0,0,0,,,,,,,,,0,0,0,0,50,hermit,1390,9999,1423,,安東法季の子,1073001,,,,,,73,0,219,,95,0,,,,,,
1073005,560,湊安東家,安東|宣季,あんどう|のぶすえ,安東宣季,,安東家,湊城,,0,,0,0,0,0,0,0,0,0,,,,,,,,,0,0,0,0,50,hermit,1473,9999,1533,,安藤鹿季の子孫,1073004,,,,,,73,0,219,,95,0,,,,,,
1073006,561,湊安東家,安東|尭季,あんどう|たかすえ,安東尭季,,安東家,湊城,湊安東氏当主。娘を檜山安東氏の舜季に嫁がせ、のち愛季の外祖父となった。庄内の砂越宗恂から大浦氏との交渉の取次を求められるなど、周辺諸勢力の仲介役を担った。,77,,0,332,65,55,73,72,67,52,D,,,,,,B,,36,30,31,67,50,balanced,1492,1504,1551,,安東宣季の子。別名：安東堯季,1073005,,,,,,73,0,219,,95,0,,,,,,
1073007,562,下国家,潮潟|道貞,うしおがた|みちさだ,潮潟道貞,,安東家,檜山城,,0,,0,0,0,0,0,0,0,0,,,,,,,,,0,0,0,0,34,hermit,1400,9999,1450,,安東法季の子,1073001,,,,,,73,0,218,,95,0,,,,,,
1073008,563,下国家,安東|重季,あんどう|しげすえ,安東重季,,安東家,檜山城,,0,,0,0,0,0,0,0,0,0,,,,,,,,,0,0,0,0,34,hermit,1420,9999,1470,,潮潟道貞の子,1073007,,,,,,73,0,218,,95,0,,,,,,
1073009,564,安東宗家,安東|政季,あんどう|まさすえ,安東政季,,安東家,檜山城,,0,,0,0,0,0,0,0,0,0,,,,,,,,,0,0,0,0,35,hermit,1440,9999,1490,,安東重季の子、安藤義季の養子,1073008,1073003,,,,,73,0,218,,95,0,,,,,,
1073010,565,安東宗家,安東|忠季,あんどう|ただすえ,安東忠季,,安東家,檜山城,,0,,0,0,0,0,0,0,0,0,,,,,,,,,0,0,0,0,35,hermit,1460,9999,1511,,安東政季の子,1073009,,,,,,73,0,218,,95,0,,,,,,
1073011,566,安東宗家,安東|尋季,あんどう|ひろすえ,安東尋季,,安東家,檜山城,檜山安東氏当主。檜山城主。松前大館を掌握した蠣崎義広から報告を受け、蝦夷島の守護を任せる書状を下した。以後、蠣崎氏は交易の運上を檜山へ納め、主従関係を保った。,79,,0,250,38,33,50,60,69,53,,,,,,,D,,36,30,51,38,35,balanced,1481,1493,1547,,安東忠季の子,1073010,,,,,,73,0,218,,95,0,,,,,,
1073012,567,安東宗家,安東|舜季,あんどう|きよすえ,安東舜季,,安東家,檜山城,檜山安東氏当主。檜山城主。尋季の子。湊安東氏の堯季の娘を妻に迎え、両家の融和を図った。檜山を本拠に勢力を維持し、のちに愛季が家督を継いで両安東家統合へ進んだ。,79,,0,332,67,59,73,70,63,67,D,,,,,,C,,54,55,41,61,35,conservative,1514,1526,1553,,安東尋季の子,1073011,,,,,,73,0,218,,100,0,,,,,,
1073013,568,安東宗家,安東|愛季,あんどう|ちかすえ,安東愛季,,安東家,檜山城,安東氏当主。檜山安東氏を率い、湊安東氏を従えて出羽北部の統合を進めた。男鹿の脇本城を築き、織田信長とも交渉して中央との関係を結ぶなど勢力基盤を固めた。,75,,0,407,83,72,82,86,84,77,C,,D,D,,,B,謀将,57,60,58,38,35,conservative,1539,1551,1587,,安東舜季の子・家督,1073012,,,,,,73,0,218,檜山城主,100,1500,,,,,,
1073014,569,安東宗家,安東|業季,あんどう|なりすえ,安東業季,,安東家,檜山城,安東愛季の嫡男。父が統合した檜山・湊両安東氏を継ぐ後継者として育てられたが、十六歳で早世。このため八歳の弟・実季が愛季の跡取りとなり、父の死後に家督を継いだ。,79,,0,298,61,49,65,64,59,60,,,,,,,D,,50,50,56,45,35,conservative,1566,1578,1582,,安東愛季の子,1073013,,,,,,73,0,218,,95,0,,,,,,
1073015,570,安東宗家,秋田|実季,あきた|さねすえ,秋田実季,,安東家,檜山城,安東愛季の跡を継ぎ、湊へ本拠を移して秋田姓を称す。秋田・檜山・比内を支配し、秀吉から5万石余を安堵され蔵入地代官も務めた。関ヶ原で東軍に属し常陸宍戸へ転封。,78,,0,337,69,58,73,71,66,67,D,,C,,,,B,,50,50,57,51,35,balanced,1576,1588,1660,,安東愛季の次男・家督,1073013,,,,,,73,0,218,,95,500,,,,,,
1073016,571,安東宗家,秋田|俊季,あきた|としすえ,秋田俊季,,安東家,檜山城,秋田実季の長男。父・実季が幕命で蟄居すると、常陸宍戸五万石を与えられた。正保二年に五千石を加増され、五万五千石で三春へ移封されて三春藩秋田家の初代藩主となった。,80,,0,264,56,42,61,56,49,56,,,,,,,D,,50,50,48,50,35,balanced,1598,1610,1649,,秋田実季の子,1073015,,,,,,73,0,218,,95,500,,,,,,
1073017,572,安東宗家,秋田|盛季,あきた|もりすえ,秋田盛季,,安東家,檜山城,三春藩主。秋田俊季の子。父の死後に家督を継ぎ、五千石を弟・季久へ分知した。悪化した藩財政の再建に取り組み、寛文・延宝年間に新田開発を進めて収入増加を図った。,78,,0,262,48,36,66,62,50,55,,,,,,,D,,50,50,49,48,35,conservative,1620,1632,1676,,秋田俊季の子,1073016,,,,,,73,0,218,,95,500,,,,,,
1073018,573,湊安東家,安東|茂季,あんどう|しげすえ,安東茂季,,安東家,湊城,,0,,0,228,42,52,45,46,43,52,,,,,,,C,,57,60,12,61,47,aggressive,1540,1552,1579,,安東舜季の子、安東尭季の養子,1073012,1073006,,,,,73,0,219,湊城主,95,500,,,,,,
1073019,574,湊安東家,安東|通季,あんどう|みちすえ,安東通季,1603:湊|季政:みなと|ひでまさ,安東家,湊城,湊安東氏。茂季の嫡子。父の死後に豊島城主となり、湊家嫡流を唱えて戸沢盛安・南部信直らと結んだ。天正十七年に湊城の実季を急襲して湊合戦を起こしたが、敗れた。,77,,0,261,61,64,38,52,46,56,,,D,,,,B,,64,70,85,32,47,balanced,1564,1576,1619,,安東茂季の子。別名：湊高季、湊秀政。秋田→1589反乱→蒲生→戸沢→南部,1073018,,,,,,73,0,219,,95,0,,,,,,
1073020,575,湊安東家,安東|季隆,あんどう|すえたか,安東季隆,1603:湊|0:みなと|0,安東家,湊城,,0,,0,176,38,17,42,44,35,42,,,,,,,D,,64,70,36,45,45,balanced,1588,1600,1643,,安東通季の子,1073019,,,,,,73,0,219,,95,0,,,,,,
1073021,576,湊安東家,涌本|脩季,わきもと|ながすえ,涌本脩季,,安東家,湊城,,0,,0,248,58,56,44,41,49,50,,,,,,,C,,36,30,60,45,45,aggressive,1542,1554,1587,true,安東舜季の子,1073012,,,,,,73,0,219,,95,0,,,,,,
1073022,577,安東家庶流,安東|氏季,あんどう|うじすえ,安東氏季,,安東家,檜山城,,0,,0,227,46,49,46,39,47,55,,,,,,,,,64,70,45,68,36,balanced,1511,1523,1603,,安東忠季の子,1073010,,,,,,73,0,218,,95,0,,,,,,
1073023,578,安東家庶流,安東|種季,あんどう|たねすえ,安東種季,,安東家,檜山城,,0,,0,228,40,35,55,51,47,54,,,,,,,,,64,70,26,59,36,balanced,1565,1577,1635,,安東氏季の子。安東→1602佐竹,1073022,,,,,,73,0,218,,95,0,,,,,,
1073024,579,下国家,安東|家政,あんどう|いえまさ,安東家政,,蠣崎家,徳山館,,0,,0,0,0,0,0,0,0,0,,,,,,,,,0,0,0,0,34,hermit,1460,9999,1510,,安東重季の子,1073008,,,,,,67,0,187,,95,0,,,,,,
1073025,580,下国家,下国|某,しもくに|なにがし,下国某,,蠣崎家,徳山館,,0,,0,0,0,0,0,0,0,0,,,,,,,,,0,0,0,0,34,hermit,1485,9999,1535,,安東家政の子,1073024,,,,,,67,0,187,,95,0,,,,,,
1073026,581,下国家,下国|師季,しもくに|もろすえ,下国師季,,蠣崎家,徳山館,,0,,0,245,48,42,58,53,44,52,,,,,,,,,43,40,45,50,34,balanced,1514,1526,1563,,下国某の子,1073025,,,,,,67,0,187,,95,0,,,,,,
1073027,582,下国家,下国|重季,しもくに|しげすえ,下国重季,,蠣崎家,徳山館,,0,,0,209,31,24,54,55,45,48,,,,,,,,,46,44,39,60,34,balanced,1533,1545,1586,,下国師季の子,1073026,,,,,,67,0,187,,95,0,,,,,,
1073028,583,安東家,一部|勝景,いちぶ|かつかげ,一部勝景,,安東家,湊城,,0,,0,267,61,68,47,44,47,52,,D,,,,,B,,17,4,28,62,42,aggressive,1516,1528,1588,true,安東愛季→1587安東通季,,,,,,,73,0,219,,90,0,,,,,,
1073029,584,安東家,一部|景家,いちぶ|かげいえ,一部景家,,安東家,湊城,,0,,0,240,56,54,45,41,44,51,,,,,,,C,,34,28,35,60,42,aggressive,1535,1547,1607,,一部勝景の子,1073028,,,,,,73,0,219,,90,0,,,,,,
1073030,585,安東家,一部|景国,いちぶ|かげくに,一部景国,,安東家,湊城,,0,,0,230,52,60,38,35,45,45,,,,,,,C,,22,11,32,58,43,balanced,1549,1561,1621,,一部勝景の子,1073028,,,,,,73,0,219,,90,0,,,,,,
1073031,586,安東家,五十目|秀盛,いそのめ|ひでもり,五十目秀盛,,安東家,檜山城,出羽国衆。五十目内記と称す。馬場目城滅亡後に五十目の領主となる。山間部の市を砂沢城下へ移し、人と物資の集まる町場を育て、後の五城目発展の基礎を築いた。,75,,0,282,65,63,58,41,55,58,D,,,,,,,,40,35,54,78,61,balanced,1538,1550,1591,,安東→1588南部,,,,,,,73,0,218,,95,0,,,,,,
1073032,587,安東家,大浦|智忠,おおうら|ともただ,大浦智忠,,安東家,檜山城,,0,,0,213,31,25,60,53,44,47,,,,,,,,,36,30,21,67,36,conservative,1569,1581,1634,,,,,,,,,73,0,218,,95,0,,,,,,
1073033,588,安東家,大高|光忠,おおたか|みつただ,大高光忠,,安東家,檜山城,,0,,0,228,36,25,49,60,58,46,,,,,,,,,26,16,33,55,33,conservative,1529,1541,1587,,,,,,,,,73,0,218,,95,0,true,,,,,
1073034,589,安東家,大高|康澄,おおたか|やすずみ,大高康澄,,安東家,檜山城,,0,,0,256,58,62,45,38,53,52,,,,,,,,,37,32,33,65,35,balanced,1545,1557,1600,true,,,,,,,,73,0,218,,95,0,,,,,,
1073035,590,安東家,川尻|重之,かわじり|しげゆき,川尻重之,,安東家,湊城,,0,,0,207,40,33,37,48,49,41,,,,,,,,,21,9,33,56,45,conservative,1549,1561,1616,,豊島重村家臣。安東→1570仁賀保,,,,,,,73,0,219,,90,0,,,,,,
1073036,591,安東家,嘉成|康清,かんなり|やすきよ,嘉成康清,,安東家,檜山城,,0,,0,253,60,58,55,37,43,49,,,,,,,B,,26,16,29,65,35,balanced,1501,1513,1559,,,,,,,,,73,0,218,,95,0,,,,,,
1073037,592,安東家,嘉成|資清,かんなり|すけきよ,嘉成資清,,安東家,檜山城,,0,,0,289,67,69,52,44,57,58,D,,,,,,B,,34,28,47,72,35,balanced,1537,1549,1593,,嘉成康清の子,1073036,,,,,,73,0,218,,95,0,,,,,,
1073038,593,安東家,嘉成|貞清,かんなり|さだきよ,嘉成貞清,,安東家,檜山城,,0,,0,217,64,57,35,31,30,48,,,,,,,C,,38,33,41,68,35,aggressive,1561,1573,1590,true,嘉成資清の子,1073037,,,,,,73,0,218,,95,0,,,,,,
1073039,594,安東家,嘉成|重盛,かなり|しげもり,嘉成重盛,,安東家,檜山城,,0,,0,235,56,65,37,33,44,51,,,,,,,C,,42,39,33,67,34,aggressive,1565,1577,1623,,嘉成資清の子,1073037,,,,,,73,0,218,,95,0,,,,,,
1073040,595,安東家,豊島|重村,としま|しげむら,豊島重村,,安東家,檜山城,,0,,0,234,57,50,42,37,48,51,,,,,,,,,50,50,67,37,44,balanced,1536,1548,1579,true,,,,,,,,73,0,218,,90,0,,,,,,
1073041,596,安東家,豊島|重氏,とよしま|しげうじ,豊島重氏,,安東家,檜山城,,0,,0,212,47,54,38,34,39,47,,,,,,,,,50,50,45,40,44,balanced,1564,1576,1579,true,豊島重村の子,1073040,,,,,,73,0,218,,90,0,,,,,,
1073042,597,安東家,永井|広治,ながい|ひろはる,永井広治,,安東家,湊城,出羽太平城主。左近将監。仙北の小野寺義道と結び、安東実季の攻略を企てた。翌年の湊合戦では湊道季に加勢し、戸沢氏の援軍を得ながら安東軍と戦ったが敗北した。,76,,0,295,59,61,61,51,63,57,,,,,,,D,,31,23,32,62,41,balanced,1530,1542,1588,true,,,,,,,,73,0,219,,90,0,,,,,,
1073043,598,安東家,南部|季賢,なんぶ|すえかた,南部季賢,,安東家,檜山城,,0,,0,249,28,34,59,70,58,64,,,,,,,,,64,70,45,61,40,conservative,1540,1552,1594,,,,,,,,,73,0,218,,90,0,,,,,,
1073044,599,安東家,花輪|親行,はなわ|ちかゆき,花輪親行,,安東家,花輪館,,0,,0,245,57,47,47,44,50,51,,,,,,,,,43,40,68,36,40,aggressive,1521,1533,1581,,,,,,,,,73,0,196,花輪館主,90,200,,,,,,
1073045,600,安東家,円子|延親,まるこ|のぶちか,円子延親,,安東家,花輪館,,0,,0,225,51,40,43,45,46,51,,,,,,,,,50,50,42,58,40,balanced,1544,1556,1614,,花輪親行の子,1073044,,,,,,73,0,196,,90,0,,,,,,
1073046,601,安東家,三浦|盛永,みうら|もりなが,三浦盛永,,安東家,湊城,,0,,0,234,48,39,53,49,45,43,,,,,,,,,18,5,47,49,40,balanced,1537,1549,1570,true,,,,,,,,73,0,219,,90,0,,,,,,
1073047,602,安東家,三浦|盛季,みうら|もりよし,三浦盛季,,安東家,湊城,,0,,0,247,56,52,50,46,43,47,,,,,,,,,24,14,25,55,40,balanced,1558,1570,1600,true,三浦盛永の子,1073046,,,,,,73,0,219,,90,0,,,,,,
1074001,603,伊達家,伊達|成宗,いだて|しげむね,伊達成宗,,伊達家,米沢城,,0,,0,0,0,0,0,0,0,0,,,,,,,,,0,0,0,0,74,hermit,1435,9999,1487,,,,,,,,,74,0,228,,100,0,,,,,,
1074002,604,伊達家,伊達|尚宗,だて|ひさむね,伊達尚宗,,伊達家,米沢城,,0,,0,0,0,0,0,0,0,0,,,,,,,,,0,0,0,0,74,hermit,1453,9999,1514,,伊達成宗の子,1074001,,,,,,74,0,228,,100,0,,,,,,
1074003,605,伊達家,伊達|稙宗,いだて|たねむね,伊達稙宗,,伊達家,米沢城,伊達氏当主。陸奥国守護となり、税制を整備して分国法「塵芥集」を制定し領国支配を強化。南奥羽に勢力を伸ばしたが、子の晴宗と天文の乱を戦い、敗れて隠居した。,76,,0,406,77,62,89,92,86,41,,C,D,D,,,,,36,30,55,32,74,balanced,1488,1500,1565,,伊達尚宗の子、亘理宗隆の娘婿,1074002,1074063,,,,,74,0,228,,85,1000,,,,,,
1074004,606,伊達家,伊達|晴宗,いだて|はるむね,伊達晴宗,,伊達家,米沢城,伊達氏15代当主。父・稙宗を幽閉して天文の乱を起こし、七年の争乱を制して家督を継承。米沢へ本拠を移し、所領の再配分と家臣団統制で乱後の領国再建を進めた。,75,,0,395,79,79,82,77,78,74,D,C,D,B,,,,,50,50,64,27,69,aggressive,1519,1531,1577,,伊達稙宗の子。家督,1074003,,,,,,74,0,228,米沢城主,100,1500,,,,36,左京大夫,
1074005,607,大崎家,大崎|義宣,おおさき|よしのぶ,大崎義宣,,大崎家,名生城,,0,,0,173,32,26,30,44,41,46,,,,,,,,,54,55,37,67,90,balanced,1526,1536,1550,true,伊達稙宗の子、大崎義直の養子,1074003,1076004,,,,,76,0,203,,95,0,,,,,,
1074006,608,伊達家,伊達|実元,いだて|さねもと,伊達実元,,伊達家,米沢城,伊達一門。大森城主。稙宗の三男。越後上杉氏への入嗣問題が天文の乱の契機となる。乱後は兄・晴宗に赦され大森城主に留まり、のちに田手宗光と輝宗の対立を仲介した。,78,,0,271,52,54,58,55,52,58,,D,D,,,,,,50,50,48,50,66,balanced,1527,1539,1587,,伊達稙宗の３男,1074003,,,,,,74,0,228,,95,500,,,,,,
1074007,609,伊達家,伊達|成実,いだて|しげざね,伊達成実,,伊達家,米沢城,伊達実元の子。政宗の従弟として人取橋・摺上原などで軍功を重ねる。のち亘理を領して城下・用水を整備し新田開発を進め、政宗の死後も藩政を支えた。「成実記」を残す。,79,,0,380,83,89,75,54,79,72,,A,B,C,D,,,猛将,85,100,57,55,66,balanced,1568,1580,1646,,伊達実元の子,1074006,,,,,,74,0,228,,95,0,,,,,,
1074008,610,伊達家,伊達|輝宗,いだて|てるむね,伊達輝宗,,伊達家,米沢城,伊達氏当主。晴宗の子。家中統制を進め、相馬氏と抗争したのち和睦して政宗へ家督を譲った。隠居後に畠山義継に拉致され、粟ノ巣で追撃する伊達勢との戦闘中に死亡した。,79,,0,306,66,57,71,62,50,60,,C,D,D,,,,,64,70,45,61,69,conservative,1544,1556,1585,,伊達晴宗の子。家督,1074004,,,,,,74,0,228,,95,500,,,idate_terumune.webp,,,
1074009,611,伊達家,伊達|政宗,いだて|まさむね,伊達政宗,,伊達家,米沢城,伊達氏17代当主。摺上原で蘆名氏を破るなど南奥州へ勢力を拡大。小田原参陣で秀吉に臣従し、関ヶ原後は仙台を開府して62万石を治め、慶長遣欧使節を欧州へ派遣した。,77,,0,424,88,84,90,79,83,83,,B,B,B,,,D,謀将|医術,85,100,85,15,69,aggressive,1567,1579,1636,,伊達輝宗の子。家督,1074008,,,,,,74,0,228,,95,500,,,idate_masamune.webp,,,
1074010,612,伊達家,伊達|秀宗,いだて|ひでむね,伊達秀宗,,伊達家,米沢城,伊達政宗の長男。父と大坂冬の陣に出陣し、戦功で宇和郡10万石を与えられ宇和島藩を立てた。仙台から家臣・商人・職人ら約1600人を伴って入部し南予支配の基礎を築いた。,79,,0,298,60,68,56,56,58,69,,D,,,,,,,76,87,36,79,68,aggressive,1591,1596,1658,,伊達政宗の子,1074009,,,,,,74,0,228,,95,0,,,,,,
1074011,613,伊達家,伊達|忠宗,いだて|ただむね,伊達忠宗,,伊達家,米沢城,伊達政宗の次男。仙台伊達家2代当主。父の死後に家督を継ぎ、家臣団や藩政組織を整備。領内総検地を実施し、仙台藩の支配体制を確立した。,65,,0,329,67,55,81,60,66,75,,,,,,,,,55,57,40,63,69,conservative,1600,1611,1658,,伊達政宗の子。家督,1074009,,,,,,74,0,228,,95,500,,,,,,
1074012,614,伊達家,伊達|政道,いだて|まさみち,伊達政道,,伊達家,米沢城,,0,,0,212,26,57,30,41,58,53,,,,,,,,,64,70,45,61,84,aggressive,1568,1580,1590,,伊達輝宗の子。通称：伊達小次郎,1074008,,,,,,74,0,228,,85,0,,,,,,
1074013,615,伊達家,伊達|政景,いだて|まさかげ,伊達政景,1567:留守|0:るす|0,伊達家,米沢城,晴宗の三男。留守顕宗の養子となり留守氏を継ぐ。甥の政宗に従って大崎合戦や葛西大崎一揆鎮圧に出陣し、のちに一関を領した。,59,,0,320,71,63,61,60,65,64,,,,,,,,,50,50,40,61,67,balanced,1549,1561,1607,,伊達晴宗の３男、留守顕宗の養子。別名：留守政景,1074004,1074062,,,,,74,0,228,,95,0,,,,,,
1074014,616,伊達家,伊達|盛重,いだて|もりしげ,伊達盛重,,伊達家,米沢城,,0,,0,153,27,33,37,28,28,40,,,,,,,,,50,50,56,38,67,balanced,1553,1565,1615,,伊達晴宗の子,1074004,,,,,,74,0,228,,95,0,,,,,,
1074015,617,伊達家,伊達|政重,いだて|まさしげ,伊達政重,1577:国分|盛重:こくぶん|もりしげ/1577:伊達|0:いだて|0,伊達家,米沢城,,0,,0,153,27,33,37,28,28,40,,,,,,,,,50,50,56,38,66,balanced,1553,1565,1615,,伊達晴宗の５男,1074004,,,,,,74,0,228,,95,0,,,,,,
1074016,618,伊達家,伊達|宗澄,だて|むねすみ,伊達宗澄,,伊達家,米沢城,,0,,0,248,54,35,56,49,54,52,,,,,,,,,35,29,35,60,69,conservative,1529,1541,1590,,伊達稙宗の５男,1074003,,,,,,74,0,228,,95,0,,,,,,
1074017,619,伊達家,伊達|景宗,だて|かげむね,伊達景宗,1491:留守|景宗:るす|かげむね,伊達家,米沢城,留守氏16代当主。伊達尚宗の子。伊達氏から留守家へ入嗣し、岩切城を本拠に宮城郡を治めた。天文の乱では晴宗方につき、稙宗方の国分宗政と対立し松森で戦った。,75,,0,299,40,49,72,71,67,63,,,,,,,,,50,50,36,67,64,conservative,1492,1504,1554,,伊達尚宗の子,1074002,,,,,,74,0,228,,100,0,,,,,,
1074018,620,伊達家,粟野|長国,あわの|ながくに,粟野長国,,伊達家,北目城,伊達家臣。新三郎。遠江守。北目城主。父・高国の跡を継ぎ、名取郡北方一円を領して伊達家の大老臣となった。天文の乱では伊達稙宗方に属し、亘理氏らと行動した。,76,,0,289,56,52,63,61,57,55,,,,,,,,,50,11,49,71,66,balanced,1509,1521,1566,,,,,,,,,74,0,205,北目城主,95,300,,,,,,
1074019,621,伊達家,粟野|宗国,あわの|むねくに,粟野宗国,,伊達家,北目城,伊達家臣。大膳亮。名取郡北方三十三郷の旗頭として北目城を本拠とした。伊達政宗の国替えに際して所替えを拒み、北目城をめぐって伊達勢と争った末に所領を失った。,77,,0,278,63,67,55,42,51,55,D,,,,,,,,50,19,56,70,66,aggressive,1551,1563,1623,,粟野長国の長男,1074018,,,,,,74,0,205,,95,0,,,,,,
1074020,622,伊達家,粟野|盛国,あわの|もりくに,粟野盛国,,伊達家,北目城,,0,,0,298,64,66,56,61,51,63,,D,,,,,,,50,50,38,69,66,balanced,1576,1588,1621,,粟野宗国の子,1074019,,,,,,74,0,205,,95,0,,,,,,
1074021,623,伊達家,粟野|国治,あわの|くにはる,粟野国治,,伊達家,北目城,,0,,0,229,41,37,53,55,43,49,,,,,,,,,36,30,62,41,65,balanced,1553,1565,1591,,粟野長国の次男,1074018,,,,,,74,0,205,,95,0,,,,,,
1074022,624,伊達家,石母田|景頼,いしもだ|かげより,石母田景頼,,伊達家,米沢城,伊達家臣。石母田城主。伊達政宗に仕え重臣として数々の戦功を挙げた。奥州仕置で伊達氏が移封されると主家に従って石母田を離れ伊具郡へ移り、のち桑折姓を称した。,77,,0,250,49,35,60,56,50,33,,,,,,,,,75,86,50,60,69,conservative,1559,1571,1625,,,,,,,,,74,0,228,,95,0,,,,,,
1074023,625,葛西家,岩淵|又五郎,いわぶち|またごろう,岩淵又五郎,1596:五島|寿庵:ごとう|じゅあん/1612:後藤|0:ごとう|0,葛西家,寺池城,後藤寿庵。岩淵氏の出身で長崎に逃れて洗礼を受け、のちに伊達政宗に仕え胆沢郡福原を領した。寿庵堰を開削して荒地開発に尽力したが、禁教下でも棄教を拒み領地を去った。,80,,0,334,63,58,74,73,66,67,,,,,,,,,75,86,51,58,69,balanced,1577,1589,1638,,葛西→1596長崎浪人→1611伊達,,,,,,,70,0,200,,95,0,,,,,,
1074024,626,伊達家,遠藤|基信,えんどう|もとのぶ,遠藤基信,,伊達家,米沢城,伊達家臣。輝宗の重臣。中野宗時の謀反を訴えて信任を得た。外交役として蘆名・北条氏らとの折衝を担い、織田信長とも関係を築く。輝宗の横死後は墓前で殉死した。,76,,0,296,31,39,75,81,70,47,,,,,,,,,50,50,20,90,74,balanced,1532,1544,1585,true,,,,,,,,74,0,228,,95,0,,,,,,
1074025,627,蘆名家,大条|実頼,おおえだ|さねより,大条実頼,,蘆名家,黒川城,伊達家臣。蘆名家に仕え、政宗の代に帰参して奉行職を務める。丸森城主となると鳥屋館を築いて移転。長谷堂合戦では自ら戦って負傷し、のち政宗の書状を受け藩政を担った。,80,,0,282,50,55,63,59,55,62,,,,,,,,,60,64,44,60,69,aggressive,1556,1568,1624,,～1586年まで蘆名→伊達,,,,,,,33,0,61,,95,0,,,,,,
1074026,628,伊達家,鬼庭|良直,おににわ|よしなお,鬼庭良直,1575:0|左月斎:0|さげつさい,伊達家,米沢城,伊達家臣。晴宗・輝宗・政宗に仕え、家中の軍事を支えた。人取橋の戦いでは劣勢の伊達軍を退却させるため殿軍を務め、佐竹・蘆名連合軍と戦い討死した。,71,,0,319,76,73,44,46,80,69,,B,,,,,,,71,80,40,72,70,aggressive,1513,1525,1585,true,,,,,,,,74,0,228,,95,0,true,,,,,
1074027,629,伊達家,鬼庭|綱元,おににわ|つなもと,鬼庭綱元,,伊達家,米沢城,伊達家臣。父・良直の隠居後に家督を継ぎ、政宗の奉行として軍事や豊臣政権との折衝を担った。一時出奔するも帰参し、茂庭姓を称して仙台藩の政務を長く支えた。,75,,0,359,74,68,67,69,81,64,,D,C,,,,,,57,60,42,61,70,conservative,1549,1561,1640,,鬼庭良直の子,1074026,,,,,,74,0,228,,95,0,,,,,,
1074028,630,伊達家,片倉|景重,かたくら|かげしげ,片倉景重,,伊達家,米沢城,,0,,0,212,28,26,35,64,59,43,,,,,,,,,22,11,32,58,69,hermit,1528,1540,1560,,,,,,,,,74,0,228,,95,0,,,,,,
1074029,631,伊達家,片倉|景綱,かたくら|かげつな,片倉景綱,,伊達家,米沢城,伊達家臣。政宗を軍事・政務で補佐し、人取橋・摺上原などに従軍。外交交渉でも重きをなし、関ヶ原後に白石城を与えられて城下を整え、片倉氏の白石支配の基礎を築いた。,79,,0,372,77,72,73,76,74,76,,,B,,,,,,75,85,44,72,69,balanced,1557,1569,1615,,片倉景重の子,1074028,,,,,,74,0,228,,95,0,,,,,,
1074030,632,伊達家,片倉|重綱,かたくら|しげつな,片倉重綱,,伊達家,米沢城,伊達家臣。景綱の子。大坂夏の陣で伊達家の先陣を率い、道明寺口で後藤又兵衛らと激戦を展開して「鬼小十郎」と称された。父の死後に白石城主を継ぎ、のち重長と改名した。,80,,0,323,68,76,61,60,58,74,C,,,D,,,,鬼,78,90,46,67,69,aggressive,1584,1596,1659,,片倉景綱の子。別名：片倉重長,1074029,,,,,,74,0,228,,95,0,,,,,,
1074031,633,伊達家,萱場|元時,かやば|もととき,萱場元時,,伊達家,米沢城,伊達成実家臣。同名の父の子。鉄砲の名手で、伊達政宗から稲富流に比する腕前と賞された。政宗は鶴を撃たせる際にも成実へ元時の派遣を求め、陪臣ながら技量を認められた。,80,,0,327,61,71,67,66,62,68,,D,,,,,,,50,50,32,72,65,aggressive,1557,1569,1627,,,,,,,,,74,0,228,,95,0,,,,,,
1074032,634,伊達家,桑折|貞長,こおり|さだなが,桑折貞長,,伊達家,杉目城,伊達家臣。桑折景長の子。晴宗の奥州探題就任に尽力し、牧野久仲とともに奥州守護代に任じられた。中野宗時らの謀反後、久仲に代わって小松城主となり晴宗政権を支えた。,79,,0,298,41,41,72,73,71,60,,,,,,,,,43,40,45,50,70,balanced,1506,1518,1577,,,,,,,,,74,0,214,,95,0,,,,,,
1074033,635,伊達家,桑折|宗長,こおり|むねなが,桑折宗長,,伊達家,杉目城,伊達家臣。桑折貞長の子。相馬氏との戦いや人取橋の戦いで働き、摺上原の戦いにも出陣した。政宗の代には評定衆として軍政を補佐。隠居後は点了斎不曲と号した。,75,,0,300,55,64,70,61,50,60,,,,,,,,,40,35,40,55,70,aggressive,1532,1544,1614,,桑折貞長の子,1074032,,,,,,74,0,214,,95,0,,,,,,
1074034,636,伊達家,国分|盛氏,こくぶん|もりうじ,国分盛氏,,伊達家,杉目城,,0,,0,207,40,43,48,40,36,46,,,,,,,,,36,30,39,55,67,balanced,1506,1518,1575,,,,,,,,,74,0,214,,95,0,,,,,,
1074035,637,伊達家,国分|盛顕,こくぶん|もりあき,国分盛顕,,伊達家,杉目城,,0,,0,173,26,40,34,33,40,42,,,,,,,,,36,30,27,72,67,balanced,1528,1540,1582,,国分盛氏の子,1074034,,,,,,74,0,214,,95,0,,,,,,
1074036,638,伊達家,後藤|信康,ごとう|のぶやす,後藤信康,,伊達家,米沢城,伊達家臣。本姓は湯目氏。後藤家を継ぎ孫兵衛と称す。黄母衣で戦い「黄後藤」と恐れられた。軍奉行を務め、対蘆名戦や朝鮮出兵で功を挙げ、仙台城築城では総奉行を担った。,80,,0,257,60,72,26,37,62,47,,C,,D,,,,,50,50,48,50,69,balanced,1555,1567,1614,,,,,,,,,74,0,228,,95,0,,,,,,
1074037,639,伊達家,小梁川|盛宗,こやながわ|もりむね,小梁川盛宗(初代),,伊達家,小国城,,0,,0,0,0,0,0,0,0,0,,,,,,,,,0,0,0,0,0,hermit,1440,9999,1500,,,,,,,,,74,0,227,,95,0,,,,,,
1074038,640,伊達家,小梁川|親朝,こやながわ|ちかとも,小梁川親朝,,伊達家,小国城,伊達家臣。小梁川氏当主。稙宗に従い最上義定と長谷堂で戦い、敵軍を破って城を攻略した。戦後は長谷堂城の守備を任され、翌年の伊達・最上両家の和睦まで前線を支えた。,79,,0,310,63,70,56,58,63,53,D,,,,,,,,36,30,42,79,75,balanced,1466,1478,1538,,小梁川盛宗(初代)の子・家督,1074037,,,,,,74,0,227,,95,0,,,,,,
1074039,641,伊達家,小梁川|親宗,こやながわ|ちかむね,小梁川親宗,,伊達家,小国城,伊達家臣。高畠城主。親朝の子。天文の乱では晴宗方に属し、一族の宗朝が稙宗方につく中で家を支える。中野宗時と上洛し、北条氏康にも謁見するなど重臣として活動した。,79,,0,292,57,54,64,65,52,50,,,,,,,,,36,30,37,72,75,balanced,1495,1507,1546,,小梁川親朝の子・家督,1074038,,,,,,74,0,227,,95,0,,,,,,
1074040,642,伊達家,小梁川|盛宗,こやながわ|もりむね,小梁川盛宗(二代目),,伊達家,小国城,伊達家臣。小梁川氏当主。親宗の子。中務と称し、輝宗・政宗父子に仕えた謀臣。輝宗の死後に出家して泥蟠斎と号す。政宗の代にも軍議に参画し、軍師として政宗を支えた。,79,,0,283,41,51,63,59,69,48,,,,,,,,,36,30,61,65,75,aggressive,1523,1535,1595,,小梁川親宗の子・家督,1074039,,,,,,74,0,227,小国城主,95,500,,,,,,
1074041,643,伊達家,小梁川|宗重,こやながわ|むねしげ,小梁川宗重,,伊達家,小国城,,0,,0,263,51,50,58,56,48,45,,,,,,,,,36,30,34,69,75,balanced,1545,1557,1602,,小梁川盛宗(二代目)の子・家督,1074040,,,,,,74,0,227,,95,0,,,,,,
1074042,644,伊達家,小梁川|宗朝,こやながわ|むねとも,小梁川宗朝,,伊達家,小国城,伊達家臣。稙宗の重臣。京都に遊学後、帰国して稙宗に仕えた。晴宗が稙宗を西山城に幽閉すると救出し、天文の乱を戦った。稙宗の丸森隠退にも従い、その死に殉じた。,77,,0,307,60,71,57,59,60,51,C,,,,,,,,36,30,31,67,74,aggressive,1469,1481,1565,,小梁川盛宗(初代)の子,1074037,,,,,,74,0,227,,95,0,,,,,,
1074043,645,伊達家,小梁川|宗秀,こやながわ|むねひで,小梁川宗秀,,伊達家,小国城,,0,,0,263,54,58,54,52,45,43,D,,,,,,,,36,30,47,44,74,balanced,1510,1522,1570,,小梁川宗朝の子,1074042,,,,,,74,0,227,,95,0,,,,,,
1074044,646,伊達家,桜田|資親,さくらだ|すけちか,桜田資親,,伊達家,米沢城,,0,,0,244,60,57,40,37,50,44,,,,,,,,,48,46,40,60,69,balanced,1543,1555,1620,,～1560年まで浪人→伊達,,,,,,,74,0,228,,95,0,,,,,,
1074045,647,伊達家,桜田|元親,さくらだ|もとちか,桜田元親,,伊達家,米沢城,伊達家臣。桜田資親の子。相馬駒ヶ峯城主。関ヶ原期に上杉領へ侵攻して河股城を攻め、白石城攻略を助けた。のち伊達秀宗の宇和島入部に従い、侍大将として藩政を支えた。,79,,0,273,51,33,60,68,61,47,,,,,,,,,48,47,65,38,69,balanced,1575,1587,1632,,桜田資親の子,1074044,,,,,,74,0,228,,95,0,,,,,,
1074046,648,伊達家,白石|宗綱,しろいし|むねつな,白石宗綱,,伊達家,白石城,,0,,0,0,0,0,0,0,0,0,,,,,,,,,0,0,0,0,0,hermit,1500,9999,1530,,,,,,,,,74,0,206,,95,0,,,,,,
1074047,649,伊達家,白石|宗利,しろいし|むねとし,白石宗利,,伊達家,白石城,,0,,0,267,52,46,62,56,51,56,,,,,,,,,36,30,32,80,70,balanced,1529,1541,1572,,白石宗綱の子,1074046,,,,,,74,0,206,白石城主,95,500,,,,,,
1074048,650,伊達家,白石|宗実,しろいし|むねざね,白石宗実,,伊達家,白石城,伊達家臣。白石城主。宗利の子。輝宗・政宗に仕え、政宗の岩出山移封後は水沢城へ移った。水沢では一万六千石を知行し、政宗の名代として城の修築と藩境警備にあたった。,79,,0,289,66,64,48,57,54,50,,C,C,D,,,,,50,50,44,55,70,balanced,1553,1565,1599,,白石宗利の子,1074047,,,,,,74,0,206,,95,0,,,,,,
1074049,651,伊達家,白石|宗直,しろいし|むねなお,白石宗直,,伊達家,白石城,伊達家臣。伊達宗清の子で白石宗実の養子。寺池城主となり大坂の陣で活躍。伊達姓を許され登米伊達家の祖となり、北上川の治水で相模土手を築くなど新田開発を進めた。,78,,0,269,58,65,62,36,48,58,,,,,,,,,50,50,46,52,70,balanced,1577,1589,1629,,白石宗実の養子,,1074048,,,,,74,0,206,,95,0,,,,,,
1074050,652,伊達家,白石|綱辰,しろいし|つなとき,白石綱辰,,伊達家,白石城,,0,,0,245,52,59,48,45,41,53,,,,,,,,,38,33,34,63,67,balanced,1530,1542,1573,,白石宗綱の子,1074046,,,,,,74,0,206,,95,0,,,,,,
1074051,653,伊達家,白石|綱与,しろいし|つなよ,白石綱与,,伊達家,白石城,,0,,0,242,50,34,61,51,46,51,,,,,,,,,32,25,31,64,67,conservative,1551,1563,1597,,白石綱辰の子,1074050,,,,,,74,0,206,,95,0,,,,,,
1074052,654,伊達家,鈴木|元信,すずき|もとのぶ,鈴木元信,,伊達家,米沢城,伊達家臣。和泉守。政宗に取り立てられ、知行割奉行として領国支配を担った。朝鮮出兵では御用人として豊臣秀吉との折衝にあたり、伊達家の行政と外交を支えた。,75,,0,263,21,47,80,65,50,53,,,,,,,,,64,70,49,55,67,balanced,1555,1567,1620,,,,,,,,,74,0,228,,95,0,,,,,,
1074053,655,伊達家,中野|宗時,なかの|むねとき,中野宗時,,伊達家,杉目城,伊達家臣。伊達稙宗の法令「塵芥集」制定に関与。天文の乱で晴宗方を支え、戦後は四郷の惣成敗職を得た。のちに輝宗への謀反が露見し、小松城を追われ相馬領へ逃れた。,78,,0,294,30,30,77,83,74,48,,,,,,,,,57,60,71,27,66,balanced,1503,1515,1575,,,,,,,,,74,0,214,杉目城主,95,500,,,,,,
1074054,656,伊達家,中野|親時,なかの|ちかとき,中野親時,,伊達家,杉目城,,0,,0,238,45,54,48,40,51,53,,,,,,,,,58,61,63,35,66,balanced,1530,1542,1591,,中野宗時の子,1074053,,,,,,74,0,214,,95,0,,,,,,
1074055,657,伊達家,牧野|久仲,まきの|ひさなか,牧野久仲,,伊達家,杉目城,,0,,0,260,23,23,74,73,67,52,,,,,,,,,36,30,59,27,74,conservative,1532,1544,1605,,中野宗時の子,1074053,,,,,,74,0,214,,95,0,,,,,,
1074056,658,伊達家,支倉|常長,はせくら|つねなが,支倉常長,,伊達家,米沢城,伊達家臣。六右衛門。伊達政宗の命で慶長遣欧使節を率い、月の浦から太平洋を渡ってメキシコを経てスペイン・ローマへ赴いた。通商と宣教師招聘を交渉し、七年後帰国した。,80,,0,244,26,51,64,56,47,71,,,C,,,,C,,75,85,49,61,70,balanced,1571,1583,1622,,,,,,,,,74,0,228,,95,0,,,,,,
1074057,659,伊達家,原田|宗時,はらだ|むねとき,原田宗時,,伊達家,米沢城,伊達家臣。政宗の宿老。摺上原合戦前の会津侵攻で桧原城方面を任され、朝鮮出兵にも従軍。政宗が釜山へ渡った際、現地で流行した病に倒れ死去した。各地の軍務を担った。,79,,0,270,69,74,31,38,58,56,,B,,D,,,,,36,30,35,61,69,aggressive,1565,1577,1593,,,,,,,,,74,0,228,,95,0,,,,,,
1074058,660,伊達家,屋代|景頼,やしろ|かげより,屋代景頼,,伊達家,米沢城,伊達家臣。政宗の側近。奉行を務め、朝鮮出兵で政宗が渡海すると岩出山城の留守居として国政を担った。伊達成実出奔後は角田城を接収し、のち勘気を受け改易された。,77,,0,285,56,62,35,55,77,57,,C,C,D,,,,,43,40,58,32,65,conservative,1563,1575,1608,,,,,,,,,74,0,228,,95,0,,,,,,
1074059,661,伊達家,山岡|重長,やまおか|しげなが,山岡重長,,伊達家,米沢城,伊達家臣。腰物奉行などを務め、文禄の役に従軍した。豊臣秀吉の命で小成田から山岡へ改姓し、志摩と称した。のち仙台藩の奉行職に進み、伊達政宗の家政を支えた。,76,,0,300,71,50,58,61,60,55,,,,,,,,,64,70,46,60,70,conservative,1553,1565,1626,,,,,,,,,74,0,228,,95,0,,,,,,
1074060,662,伊達家,湯目|景康,ゆのめ|かげやす,湯目景康,,伊達家,米沢城,伊達家臣。佐沼城主。人取橋・摺上原を転戦し、葛西大崎一揆後に佐沼一千五百石を領した。秀次事件で政宗に嫌疑が及ぶと秀吉へ直訴して疑いを解き、津田姓を賜った。,77,,0,321,65,49,68,70,69,58,,,,,,,,,55,57,30,78,70,aggressive,1564,1576,1638,,,,,,,,,74,0,228,,95,0,,,,,,
1074061,663,伊達家,世瀬|蔵人,よせ|くらんど,世瀬蔵人,,伊達家,米沢城,,0,,0,220,37,66,24,38,55,20,D,,C,D,,B,,,75,86,43,65,67,balanced,1551,1563,1630,,,,,,,,,74,0,228,,95,0,,,,,,
1074062,664,伊達家,留守|顕宗,るす|あきむね,留守顕宗,,伊達家,米沢城,,0,,0,210,31,38,63,45,33,48,,,,,,,,,36,30,23,78,67,conservative,1519,1531,1586,,,,,,,,,74,0,228,,95,0,,,,,,
1074063,665,伊達家,亘理|宗隆,わたり|むねたか,亘理宗隆,,伊達家,米沢城,伊達家臣。亘理氏当主。嫡男がなく、娘を伊達稙宗に嫁がせ、外孫の綱宗・元宗を養子に迎えた。綱宗が天文の乱で討死すると元宗を後継とし、亘理氏を伊達一門へ結びつけた。,80,,0,303,67,74,49,54,59,57,,D,,,,,,,64,70,39,69,64,aggressive,1493,1505,1556,,,,,,,,,74,0,228,,100,0,,,,,,
1074064,666,伊達家,亘理|元宗,わたり|もとむね,亘理元宗,,伊達家,亘理城,伊達氏一門。亘理宗隆の跡を継いで亘理城主となり、輝宗・政宗に仕えた。子の重宗と相馬氏との戦いで活躍。のちに涌谷へ移って同地を治め、涌谷亘理氏の祖となった。,77,,0,356,75,61,68,79,73,37,C,C,C,D,,,,,71,80,43,67,64,balanced,1530,1542,1594,,亘理宗隆の子,1074063,,,,,,74,0,207,亘理城主,95,500,,,,,,
1074065,667,伊達家,亘理|重宗,わたり|しげむね,亘理重宗,,伊達家,亘理城,伊達家臣。亘理元宗の子。相馬氏との境目を守り、最上氏攻めでは出陣と和睦交渉を担った。政宗の小田原参陣中にも相馬勢を撃退。のちに父と涌谷へ移り朝鮮出兵に従軍した。,80,,0,295,66,66,39,54,70,56,D,,,,,,,,43,40,37,61,64,balanced,1552,1564,1620,,亘理元宗の子,1074064,,,,,,74,0,207,,95,0,,,,,,
1074066,668,伊達家,亘理|定宗,わたり|さだむね,亘理定宗,1606:伊達|0:いだて|0,伊達家,亘理城,伊達家臣。亘理重宗の子。涌谷邑主三代として二万二千六百四十石を領した。伊達政宗の長女・五郎八姫の婚礼に際して伊達姓を許され一門に列し、涌谷伊達家の祖となった。,79,,0,274,65,59,47,51,52,57,,,,,,,,,62,67,34,75,64,balanced,1574,1586,1652,,亘理重宗の子,1074065,,,,,,74,0,207,,95,0,,,,,,
1074067,669,伊達家,粟野|重次,あわの|しげつぐ,粟野重次,,伊達家,北目城,伊達家臣。亘理重宗の子。粟野宗国の養子。政宗から伊達秀宗に従い宇和島移転を命じられたが辞退し、知行を没収された。のち忠宗に許され、仙台へ帰参して家名を保った。,79,,0,301,57,50,74,72,48,58,,,,,,,,,50,50,38,63,65,balanced,1575,1587,1659,,亘理重宗の子、粟野宗国の養子,1074065,1074019,,,,,74,0,205,,95,0,,,,,,
1050001,670,一条家,一条|房通,いちじょう|ふさみち,一条房通,,一条家,中村御所,公卿。一条房家の子。一条冬良の養子となって宗家を継ぎ、左大臣を経て関白に就任。従一位・准三宮に進み、五摂家の一条家当主として朝廷で重きをなした。和歌を好んだ。,79,,0,290,58,24,76,72,60,85,,,,,,,,,26,16,31,61,93,hermit,1509,1517,1556,,,,,,,,,50,0,136,,95,0,,,,,,
1050002,671,一条家,一条|房家,いちじょう|ふさいえ,一条房家,,一条家,中村御所,土佐一条氏当主。中村を本拠に幡多郡を治め、公家文化を受け継ぐ城下町と交易を育てた。長宗我部国親を保護して岡豊城への復帰を助けるなど、土佐の諸勢力にも影響した。,79,,0,367,75,54,78,86,74,80,C,D,,,,,,,26,16,36,55,93,balanced,1475,1487,1539,,,,,,,,,50,0,136,,95,0,,,,,,
1050003,672,一条家,一条|房冬,いちじょう|ふさふゆ,一条房冬,,一条家,中村御所,土佐一条氏二代当主。房家の長子。伏見宮邦高親王の王女・玉姫を妻とし、権中納言から左近衛大将へ進み正二位となった。父が築いた中村の繁栄を受け継ぎ、最盛期を担った。,80,,0,261,54,53,61,51,42,65,D,,,,,,,,26,16,39,50,93,balanced,1498,1510,1541,,一条房家の子,1050002,,,,,,50,0,136,,95,0,,,,,,
1050004,673,一条家,一条|房基,いちじょう|ふさもと,一条房基,,一条家,中村御所,一条氏当主。房冬の子。土佐中村を拠点に津野氏・大平氏らを攻めて勢力を拡大し、土佐西部の支配を強めた。のちに自害した。,58,,0,319,64,58,63,67,67,74,C,,,,,,,,26,16,24,72,93,aggressive,1522,1534,1549,,一条房冬の子,1050003,,,,,,50,0,136,,95,0,,,,,,
1050005,674,一条家,一条|兼定,いちじょう|かねさだ,一条兼定,,一条家,中村御所,一条氏当主。房基の子。西園寺氏と争い、安芸氏と結んで長宗我部元親を挟撃しようとした。家臣に追放され宗麟を頼って受洗。旧領回復を図るも渡川で敗れ、伊予へ退いた。,79,,0,269,61,53,62,33,60,89,D,,,,,,,,26,16,68,51,93,conservative,1543,1555,1585,,一条房基の子、一条房通の養子,1050004,1050001,,,,,50,0,136,中村御所主,100,1500,,,ichijou_kanesada.webp,16,権中納言,
1050006,675,一条家,一条|内政,いちじょう|ただまさ,一条内政,,一条家,中村御所,,0,,0,175,28,40,34,41,32,60,,,,,,,,,22,11,75,26,86,conservative,1562,1574,1585,,一条兼定の子,1050005,,,,,,50,0,136,,95,700,,,,,,
1050007,676,一条家,一条|政親,いちじょう|まさちか,一条政親,,一条家,中村御所,,0,,0,206,44,28,41,50,43,57,,,,,,,,,22,11,24,70,80,hermit,1578,1590,1625,,一条内政の子,1050006,,,,,,50,0,136,,95,700,,,,,,
1050008,677,一条家,土居|家忠,どい|いえただ,土居家忠,1542:0|宗珊:0|そうさん,一条家,中村御所,一条家臣。土居宗珊と称した。後世の軍記では兼定を諫めて殺害された重臣として描かれるが、同時代史料から確認できる出自や具体的事績は乏しい。,68,,0,329,67,62,71,66,63,70,C,D,,C,,,,,57,60,46,84,92,hermit,1512,1524,1573,true,一条房家の子。別名：土居宗珊,1050002,,,,,,50,0,136,,90,500,true,,,,,
1050009,678,一条家,土居|家通,どい|いえみち,土居家通,,一条家,中村御所,,0,,0,263,60,58,53,46,46,59,,,,,,,,,60,64,41,79,92,conservative,1532,1544,1593,,土居家忠の子,1050011,,,,,,50,0,136,,95,0,,,,,,
1050010,679,一条家,飛鳥井|雅量,あすかい|まさかず,飛鳥井雅量,,一条家,中村御所,,0,,0,235,34,21,51,72,57,69,,,,,,,,,19,7,40,45,85,conservative,1529,1541,1587,true,飛鳥井頼孝の子。一条→長宗我部,,,,,,,50,0,136,,95,200,,,,83,左近衛少将,
1050011,680,一条家,飛鳥井|某,あすかい|なにがし,飛鳥井某,,一条家,中村御所,,0,,0,0,0,0,0,0,0,0,,,,,,,,,0,0,0,0,85,hermit,1550,9999,1600,,飛鳥井雅量の子。別名：虎熊丸？,,,,,,,50,0,136,,95,0,,,,,,
1050012,681,一条家,鹿持|雅春,かもち|まさはる,鹿持雅春,,一条家,中村御所,,0,,0,239,40,28,44,66,61,62,,,,,,,,,36,30,42,51,85,conservative,1582,1594,1662,,飛鳥井某の子。一条→長宗我部,,,,,,,50,0,136,,95,100,,,,,,
1050013,682,一条家,安並|直敏,あなみ|なおとし,安並直敏,,一条家,中村御所,,0,,0,215,34,39,60,51,31,30,,,,,,,,,19,7,57,21,72,aggressive,1514,1526,1575,true,,,,,,,,50,0,136,,80,300,,,,,,
1050014,683,一条家,安並|有次,あなみ|ありつぐ,安並有次,,一条家,宿毛城,,0,,0,223,46,58,38,39,42,44,,,,,,,,,19,7,30,59,72,aggressive,1546,1558,1621,,安並直敏の子。一条→藤堂,,,,,,,50,0,137,,90,0,,,,,,
1050015,684,一条家,小島|政章,おじま|まさあき,小島政章,,一条家,宿毛城,,0,,0,273,62,54,51,54,52,48,,,,,,,,,26,16,27,67,93,balanced,1538,1550,1591,,,,,,,,,50,0,137,宿毛城主,95,500,,,,,,
1050016,685,一条家,小島|政倶,おじま|まさとも,小島政倶,,一条家,宿毛城,,0,,0,197,33,26,50,48,40,48,,,,,,,,,26,16,27,67,93,conservative,1561,1573,1634,,小島政章の子,,,,,,,50,0,137,,95,0,,,,,,
1050017,686,一条家,加久見|宗清,かくみ|むねきよ,加久見宗清,,一条家,中村御所,,0,,0,224,48,71,35,32,38,44,D,,,,,,,,26,16,57,25,93,aggressive,1549,1561,1593,,,,,,,,,50,0,136,,95,0,,,,,,
1050018,687,一条家,窪川|俊光,くぼかわ|としみつ,窪川俊光,,一条家,宿毛城,,0,,0,202,45,47,38,35,37,46,,,,,,,,,26,16,43,44,90,aggressive,1530,1542,1579,true,,,,,,,,50,0,137,,90,0,,,,,,
1050019,688,一条家,佐竹|義之,さたけ|よしゆき,佐竹義之,,一条家,中村御所,,0,,0,244,44,35,55,60,50,45,,,,,,,,,19,7,24,68,88,balanced,1509,1521,1570,,一条→長宗我部,,,,,,,50,0,136,,95,0,,,,,,
1050020,689,一条家,佐竹|義直,さたけ|よしなお,佐竹義直,,一条家,中村御所,,0,,0,255,62,61,46,39,47,57,,,,,,,,,46,44,28,76,88,balanced,1533,1545,1586,,佐竹義之の子。一条→長宗我部,,,,,,,50,0,136,,95,0,,,,,,
1050021,690,一条家,佐竹|親辰,さたけ|ちかとき,佐竹親辰,,一条家,中村御所,土佐国衆。久礼城主。佐竹義直の子。父の討死後に家督を継ぎ、長宗我部氏に仕えた。土佐の書家六人の一人に数えられ、長宗我部氏改易後は堺へ移り、同地で没した。,76,,0,267,39,28,65,63,72,64,,,,,,,,,65,71,51,52,88,hermit,1562,1574,1616,,佐竹義直の子。一条→長宗我部,,,,,,,50,0,136,,95,0,,,,,,
1050022,691,一条家,佐竹|義秀,さたけ|よしひで,佐竹義秀,,一条家,中村御所,,0,,0,232,52,60,39,42,39,55,,,,,,,,,43,40,32,68,90,balanced,1535,1547,1581,true,佐竹義之の子。一条→長宗我部,,,,,,,50,0,136,,95,0,,,,,,
1050023,692,一条家,佐竹|親直,さたけ|ちかなお,佐竹親直,,一条家,中村御所,長宗我部家臣。上ノ加江城主・佐竹義秀の子。父の跡を継ぎ、上ノ加江・押岡・小草を領した。長宗我部元親の娘を妻とし、大坂夏の陣では盛親に従い、豊臣方として討死した。,80,,0,265,61,59,45,47,53,55,,D,,,,,,,43,40,37,61,80,aggressive,1566,1578,1615,,佐竹義秀の子。一条→長宗我部,,,,,,,50,0,136,,95,0,,,,,,
1050024,693,一条家,佐竹|朝親,さたけ|ともちか,佐竹朝親,1616:賀江|0:かえ|0/1628:柴田|朝意:しばた|とももと,一条家,中村御所,仙台藩士。奉行を務める。伊達宗勝・原田甲斐らの非を伊達宗重が幕府へ訴えた伊達騒動で、酒井忠清邸の審問中に宗重を斬った原田甲斐を討つ。自身も重傷を負い死去した。,79,,0,246,43,57,62,34,50,64,,,,,,,,,65,71,80,26,80,aggressive,1609,1621,1671,,佐竹親直の子。一条→長宗我部→伊達,,,,,,,50,0,136,,95,0,,,,,,
1050025,694,一条家,敷地|藤安,しきち|ふじやす,敷地藤安,,一条家,中村御所,,0,,0,245,41,39,58,55,52,51,,,,,,,,,36,30,43,50,90,balanced,1469,1481,1540,true,,,,,,,,50,0,136,,95,0,,,,,,
1050026,695,一条家,持明院|基孝,じみょういん|もとたか,持明院基孝,,一条家,中村御所,,0,,0,169,23,15,34,57,40,66,,,,,,,,,18,5,17,20,93,hermit,1520,1532,1611,,,,,,,,,50,0,136,,95,1000,,,,26,参議,
1050027,696,一条家,津野|基高,つの|もとたか,津野基高,,一条家,中村御所,,0,,0,175,34,32,42,34,33,50,,,,,,,,,24,14,46,39,27,aggressive,1503,1515,1553,,,,,,,,,50,0,136,,90,0,,,,,,
1050028,697,一条家,安宗|実刻,あきむね|さねくに,安宗実刻,,一条家,中村御所,,0,,0,197,41,32,41,45,38,44,,,,,,,,,19,7,29,61,69,balanced,1515,1527,1574,true,,,,,,,,50,0,136,,95,0,,,,,,
1050029,698,一条家,羽生|道成,はぶ|みちなり,羽生道成,,一条家,中村御所,,0,,0,182,22,60,33,24,43,41,,,,,,,,,22,11,61,17,72,aggressive,1516,1528,1575,true,,,,,,,,50,0,136,,80,300,,,,,,
1050030,699,一条家,源|康政,みなもとの|やすまさ,源康政,,一条家,中村御所,,0,,0,206,19,7,64,54,62,63,,,,,,,,,75,85,42,71,92,hermit,1531,1543,1575,true,,,,,,,,50,0,136,,95,0,,,,,,
1013001,700,丹後一色家,一色|義直,いっしき|よしなお,一色義直,,一色家,弓木城,,0,,0,0,0,0,0,0,0,0,,,,,,,,,0,0,0,0,48,hermit,1429,9999,1502,,,,,,,,,13,0,21,,95,0,,,,,,
1013002,701,丹後一色家,一色|義秀,いっしき|よしひで,一色義秀,,一色家,弓木城,,0,,0,0,0,0,0,0,0,0,,,,,,,,,0,0,0,0,48,hermit,1468,9999,1498,true,一色義直の子,1013001,,,,,,13,0,21,,95,0,,,,,,
1013003,702,丹後一色家,一色|義有,いっしき|よしあり,一色義有,,一色家,弓木城,,0,,0,0,0,0,0,0,0,0,,,,,,,,,0,0,0,0,48,hermit,1487,9999,1512,true,一色義秀の養子,,1013002,,,,,13,0,21,,95,0,,,,,,
1013004,703,丹後一色家,一色|義清,いっしき|よしきよ,一色義清,,一色家,弓木城,,0,,0,232,58,48,40,41,45,73,,,D,,,,,,29,21,37,55,48,aggressive,1498,1510,1546,,一色義秀の養子,,1013002,,,,,13,0,21,,95,0,,,,,,
1013005,704,丹後一色家,一色|義員,いっしき|よしかず,一色義員,,一色家,弓木城,,0,,0,303,66,60,50,67,60,72,D,,,,,,,,36,30,53,63,48,conservative,1519,1531,1582,true,一色義清の子,1013004,,,,,,13,0,21,弓木城主,100,1500,,,,37,左京大夫,
1013006,705,丹後一色家,一色|義俊,いっしき|よしとし,一色義俊,,一色家,弓木城,,0,,0,259,57,69,39,43,51,71,,,,,,,,,50,50,54,70,48,balanced,1546,1558,1582,true,一色義員の子,1013005,,,,,,13,0,21,,95,500,,,,,,
1013007,706,丹後一色家,一色|重之,いっしき|しげゆき,一色重之,,一色家,弓木城,,0,,0,264,51,60,55,49,49,63,,,,,,,,,50,50,40,61,49,balanced,1550,1562,1611,,一色義員の子,1013005,,,,,,13,0,21,,95,0,,,,,,
1013008,707,丹後一色家,一色|重直,いっしき|しげなお,一色重直,,一色家,弓木城,,0,,0,249,38,51,62,53,45,62,,,,,,,,,50,50,29,68,49,conservative,1573,1585,1639,,一色重之の子,1013007,,,,,,13,0,21,,95,0,,,,,,
1013012,708,丹後一色家,石川秀廉,いしかわ|ひでかど,石川秀廉,,一色家,弓木城,,0,,0,294,63,54,59,56,62,59,,,,,,,,,50,50,57,36,47,aggressive,1469,1481,1542,,,,,,,,,13,0,21,,95,0,,,,,,
1013009,709,丹後一色家,石川|秀門,いしかわ|ひでかど,石川秀門,,一色家,弓木城,,0,,0,211,56,49,37,32,37,44,,,,,,,,,26,16,34,66,46,aggressive,1530,1542,1582,true,石川秀廉の子,1013012,,,,,,13,0,21,,95,500,,,,,,
1013010,710,丹後一色家,石川|秀澄,いしかわ|ひでずみ,石川秀澄,,一色家,弓木城,,0,,0,226,49,61,37,30,49,48,,,,,,,,,34,28,41,61,46,balanced,1555,1567,1582,true,石川秀門の子,1013009,,,,,,13,0,21,,95,0,,,,,,
1013011,711,丹後一色家,石川|五郎,いしかわ|ごろう,石川五郎,,一色家,弓木城,,0,,0,222,54,68,10,19,71,47,D,,,,,B,,,18,5,82,15,55,aggressive,1558,1570,1594,true,石川秀門の子。別名：石川五右衛門,1013009,,,,,,13,0,21,,90,0,,,,,,
1013013,712,丹後一色家,稲富|祐秀,いなとみ|すけひで,稲富祐秀,,一色家,建部山城,一色家臣。弓木城を本拠とした稲富氏の武将。近江の佐々木義国から種子島伝来の鉄砲術を学び、その技を一族へ伝えた。孫の直家が工夫を加え、のちの稲富流砲術へ発展した。,80,,0,273,51,64,41,49,68,60,,,C,,,,,,71,80,62,42,53,conservative,1508,1520,1567,,,,,,,,,13,0,81,建部山城主,95,500,,,,,,
1013014,713,丹後一色家,稲富|直秀,いなとみ|なおひで,稲富直秀,,一色家,建部山城,,0,,0,240,40,55,46,51,48,56,,,,,,,,,71,80,55,50,53,balanced,1529,1541,1569,,稲富祐秀の子,1013013,,,,,,13,0,81,,95,0,,,,,,
1013015,714,丹後一色家,稲富|祐直,いなとみ|すけなお,稲富祐直,,一色家,弓木城,一色・細川家臣。祖父から砲術を学び稲富流を創始。関ヶ原時にガラシャの自害へ殉じず忠興の怒りを買うが、家康に救われる。のちに国友鍛冶集団の組織化にも尽力した。,78,,0,236,57,63,30,36,50,56,,,C,,,,,,71,80,47,61,53,aggressive,1551,1563,1611,,稲富直秀の子,1013014,,,,,,13,0,21,,95,0,,,,,,
1013016,715,丹後一色家,高屋|良閑,たかや|りょうえい,高屋良閑,,一色家,建部山城,,0,,0,240,65,57,39,29,50,51,,,,,,,,,19,7,15,60,46,conservative,1520,1532,1582,true,,,,,,,,13,0,81,,95,0,,,,,,
1013017,716,丹後一色家,吉原|西雲,よしわら|さいうん,吉原西雲,,一色家,弓木城,,0,,0,247,29,38,64,59,57,47,,,,,,,,,22,11,41,55,51,balanced,1523,1535,1580,,,,,,,,,13,0,21,,95,500,true,,,,,
1060001,717,伊東家,伊東|祐国,いとう|すけくに,伊東祐国,,伊東家,都於郡城,,0,,0,0,0,0,0,0,0,0,,,,,,,,,0,0,0,0,77,hermit,1450,9999,1548,,,,,,,,,60,0,164,,95,0,,,,,,
1060002,718,伊東家,伊東|尹祐,いとう|ただすけ,伊東尹祐,,伊東家,都於郡城,,0,,0,0,0,0,0,0,0,0,,,,,,,,,0,0,0,0,77,hermit,1468,9999,1523,,伊東祐国の子,1060001,,,,,,60,0,164,,95,0,,,,,,
1060003,719,伊東家,伊東|義祐,いとう|よしすけ,伊東義祐,,伊東家,都於郡城,伊東氏当主。尹祐の子。都於郡城主。飫肥城を攻略して日向で勢力を拡大し伊東氏の最盛期を築いた。のち島津義久に敗れて日向を追われ、豊後を経て流浪し堺で没した。,77,,0,278,62,54,63,54,45,45,D,D,,,,,,,36,30,55,32,77,balanced,1512,1524,1585,,伊東尹祐の子,1060002,,,,,,60,0,164,都於郡城主,100,1500,,,,66,大膳大夫,
1060004,720,伊東家,伊東|祐松,いとう|すけます,伊東祐松,1555:0|帰雲斎:0|きうんさい,伊東家,都於郡城,,0,,0,248,50,39,43,52,64,47,,,,,,,,,26,16,69,32,79,conservative,1510,1522,1578,,伊東義祐の子,1060003,,,,,,60,0,164,,90,500,true,,,,,
1060005,721,伊東家,伊東|義益,いとう|よします,伊東義益,,伊東家,都於郡城,伊東氏当主。義祐の嫡男。父から家督を譲られ、一条房基の娘・阿喜多を正室に迎えた。若くして病没し、嫡子が幼少だったため義祐が再び国政を担うこととなった。,75,,0,297,46,53,63,67,68,58,,D,D,,,,,,36,30,39,55,78,balanced,1546,1558,1569,,伊東義祐の子,1060003,,,,,,60,0,164,,95,300,,,,,,
1060006,722,伊東家,伊東|義賢,いとう|よしかた,伊東義賢,,伊東家,都於郡城,,0,,0,220,36,37,53,48,46,46,,,,,,,,,36,30,47,44,78,hermit,1568,1580,1594,,伊東義益の子,1060005,,,,,,60,0,164,,95,0,,,,,,
1060007,723,伊東家,伊東|祐兵,いとう|すけたか,伊東祐兵,,伊東家,都於郡城,伊東義祐の次男。飫肥城主となるが島津氏に日向を追われ、のち秀吉に仕える。九州攻めで案内役を務めた功により飫肥を与えられ伊東氏を再興。帰還後は城下を整備した。,78,,0,329,69,66,65,64,65,31,D,C,D,,,,,,36,30,43,50,77,balanced,1559,1571,1600,,伊東義祐の子,1060003,,,,,,60,0,164,,95,500,,,,,,
1060008,724,伊東家,伊東|祐慶,いとう|すけのり,伊東祐慶,,伊東家,都於郡城,日向飫肥藩主。伊東祐兵の次男。父の跡を継いで伊東家二代となる。清武城に籠もった稲津掃部助を攻めて自害させ、新検地を実施。薩摩藩との境界争いを有利に解決した。,78,,0,258,41,51,62,56,48,53,,D,,,,,,,36,30,35,61,77,conservative,1589,1600,1636,,伊東祐兵の子,1060007,,,,,,60,0,164,,95,0,,,,,,
1060009,725,伊東家,伊東|祐武,いとう|すけたけ,伊東祐武,,伊東家,都於郡城,,0,,0,0,0,0,0,0,0,0,,,,,,,,,0,0,0,0,81,hermit,1470,9999,1533,,伊東祐国の子,1060001,,,,,,60,0,164,,95,0,,,,,,
1060010,726,伊東家,伊東|祐安,いとう|すけやす,伊東祐安,,伊東家,都於郡城,,0,,0,238,57,53,37,41,50,49,,,,,,,,,36,30,43,50,81,aggressive,1523,1535,1572,,伊東祐武の子,1060009,,,,,,60,0,164,,95,200,,,,,,
1060011,727,伊東家,伊東|祐青,いとう|すけはる,伊東祐青,,伊東家,都於郡城,,0,,0,253,50,43,51,56,53,58,,,,,,,,,75,85,56,51,77,balanced,1505,1517,1577,,町の配偶者,,,,14,,,60,0,164,,95,0,,,,,,
1060012,728,伊東家,伊東|祐益,いとう|すけます,伊東祐益,,伊東家,都於郡城,伊東マンショ。天正遣欧少年使節の正使としてローマへ赴き教皇に謁見。帰国後イエズス会に入り、マカオで司祭に叙階された。各地で布教に従事し長崎で病没した。,75,,0,291,68,23,63,68,69,64,,,,,,,,,75,85,53,55,82,hermit,1569,1581,1612,,伊東祐青と町の子。伊東マンショ,1060011,,14,,,,60,0,164,,95,0,,,,,,
1060013,729,伊東家,荒武|宗幸,あらたけ|むねゆき,荒武宗幸,,伊東家,都於郡城,,0,,0,249,61,67,40,39,42,54,D,,,,,,,,43,40,45,50,77,aggressive,1486,1498,1549,,,,,,,,,60,0,164,,95,0,,,,,,
1060014,730,伊東家,稲津|重政,いなづ|しげまさ,稲津重政,,伊東家,都於郡城,,0,,0,205,60,69,25,23,28,54,,D,,,,,,,50,50,72,15,77,aggressive,1574,1586,1602,,,,,,,,,60,0,164,,95,0,,,,,,
1060015,731,伊東家,落合|兼朝,おちあい|かねとも,落合兼朝,,伊東家,都於郡城,伊東家臣。若狭守。義祐の重臣として外交を担い、相良家との和睦後には国境で会談。野村元綱と連署状を発給し、伊東家の由緒・儀礼を記す「御代々覚書事」をまとめた。,78,,0,290,58,40,68,63,61,51,,,,,,,,,36,30,43,50,94,balanced,1520,1532,1584,,,,,,,,,60,0,164,,80,500,,,,,,
1060016,732,伊東家,川崎|祐長,かわさき|すけなが,川崎祐長,,伊東家,都於郡城,,0,,0,260,36,42,64,70,48,49,,,,,,,,,26,16,11,95,72,conservative,1533,1545,1615,,,,,,,,,60,0,164,,90,200,,,,,,
1060017,733,伊東家,木脇|祐守,きわき|すけもり,木脇祐守,,伊東家,都於郡城,伊東家臣。島津氏との和睦後、伊東祐兵が飫肥城主となると執事に任じられ、松尾二十町を領した。祐兵を補佐する重臣として、南日向の要地・飫肥の支配に携わった。,76,,0,283,67,63,49,50,54,47,C,D,,,,,,,26,16,31,61,80,aggressive,1515,1527,1580,,,,,,,,,60,0,164,,95,0,,,,,,
1060018,734,伊東家,長倉|祐有,ながくら|すけなお,長倉祐有,,伊東家,高城,,0,,0,213,47,43,30,39,54,54,,,,,,,,,47,45,62,27,79,balanced,1474,1486,1541,true,,,,,,,,60,0,163,,95,0,,,,,,
1060019,735,伊東家,長倉|祐政,ながくら|すけまさ,長倉祐政,,伊東家,高城,,0,,0,241,62,60,35,37,47,47,,C,,,,,,,26,16,36,55,79,aggressive,1538,1550,1578,,長倉祐有の子,1060018,,,,,,60,0,163,,95,0,,,,,,
1060020,736,伊東家,福永|祐友,ふくなが|すけとも,福永祐友,,伊東家,都於郡城,,0,,0,238,47,55,45,42,49,61,,,,,,,,,57,60,43,60,68,balanced,1531,1543,1587,,,,,,,,,60,0,164,,95,0,,,,,,
1060021,737,伊東家,米良|重方,めら|しげかた,米良重方,,伊東家,都於郡城,伊東家臣。須木・小林城主。筑後守。小林城や飫肥で戦功を挙げた。木崎原の戦いでは伊東軍の主力として島津義弘勢と戦い討死した。敗戦は伊東氏に大きな打撃を与えた。,78,,0,318,73,77,47,47,74,52,D,,,,,,,,36,30,26,74,80,aggressive,1534,1546,1572,,,,,,,,,60,0,164,,95,0,,,,,,
1060022,738,伊東家,米良|矩重,めら|のりしげ,米良矩重,,伊東家,都於郡城,,0,,0,281,68,53,47,47,66,51,,,,,,,,,36,30,39,55,94,balanced,1535,1547,1601,,米良重方の子,1060021,,,,,,60,0,164,,80,0,,,,,,
1060023,739,伊東家,米良|祐次,めら|すけつぐ,米良祐次,,伊東家,高城,,0,,0,266,70,71,27,38,60,48,C,,C,,,,,,29,21,37,55,79,aggressive,1529,1541,1578,,,,,,,,,60,0,163,高城主,95,300,,,,,,
1060024,740,伊東家,山田|宗昌,やまだ|むねまさ,山田宗昌,1579:0|匡得:0|きょうとく,伊東家,高城,伊東家臣。のち山田匡得。主家が日向を追われた後も豊後に残り、佐伯惟定の客将として戦った。堅田合戦では佐伯軍を指揮して島津軍を破り、九州平定後は伊東氏に帰参した。,80,,0,319,72,78,51,47,71,50,C,,D,,,,,,29,21,21,78,73,balanced,1544,1556,1620,,別名：山田匡得,,,,,,,60,0,163,,90,0,,,,,,
1004001,741,今川家,今川|国氏,いまがわ|くにうじ,今川国氏,,今川家,駿府城,,0,,0,0,0,0,0,0,0,0,,,,,,,,,0,0,0,0,41,hermit,1243,9999,1282,,,,,,,,,5,0,13,,95,0,,,,,,
1004002,742,今川家,今川|基氏,いまがわ|もとうじ,今川基氏,,今川家,駿府城,,0,,0,0,0,0,0,0,0,0,,,,,,,,,0,0,0,0,41,hermit,1259,9999,1323,,今川国氏の子,1004001,,,,,,5,0,13,,95,0,,,,,,
1004003,743,今川家,今川|範国,いまがわ|のりくに,今川範国,,今川家,駿府城,,0,,0,0,0,0,0,0,0,0,,,,,,,,,0,0,0,0,41,hermit,1295,9999,1384,,今川基氏の子,1004002,,,,,,5,0,13,,95,0,,,,,,
1004004,744,今川家,今川|範氏,いまがわ|のりうじ,今川範氏,,今川家,駿府城,,0,,0,0,0,0,0,0,0,0,,,,,,,,,0,0,0,0,41,hermit,1316,9999,1365,,今川範国の子,1004003,,,,,,5,0,13,,95,0,,,,,,
1004005,745,今川家,今川|義忠,いまがわ|よしただ,今川義忠,,今川家,駿府城,,0,,0,0,0,0,0,0,0,0,,,,,,,,,0,0,0,0,41,hermit,1436,9999,1476,,今川範氏の子孫,1004004,,,,,,5,0,13,,95,0,,,,,,
1004006,746,今川家,今川|氏親,いまがわ|うじちか,今川氏親,,今川家,駿府城,,0,,0,0,0,0,0,0,0,0,,,,,,,,,0,0,0,0,41,hermit,1471,9999,1526,,今川義忠の子,1004005,,,,,,5,0,13,,95,0,,,,,,
1004007,747,今川家,今川|氏輝,いまがわ|うじてる,今川氏輝,,今川家,駿府城,今川氏親の子。父の死後に家督を継ぎ、遠江支配の安定に努めた。弟の彦五郎と同日に急死し、家督争いの花倉の乱を招いた。,57,,0,335,76,55,71,69,64,69,,D,,,,,,,47,45,55,38,41,balanced,1513,1525,1536,true,今川氏親の子,1004006,,,,,,5,0,13,,95,0,,,,,,
1004008,748,今川家,玄広|恵探,げんこう|えたん,玄広恵探,,今川家,駿府城,今川氏親の子。遍照光寺住持。氏輝の死後、弟・栴岳承芳と家督を争う。花蔵の乱では葉梨城を本拠、方ノ上城を支城に抗戦した。敗れ、承芳が今川義元として家督を継いだ。,79,,0,237,51,64,41,39,42,55,,,,,,,,,36,30,71,10,82,aggressive,1517,1529,1536,true,今川氏親の子。別名：今川良真,1004006,,,,,,5,0,13,,95,0,,,,,,
1004009,749,今川家,今川|義元,いまがわ|よしもと,今川義元,,今川家,駿府城,今川氏10代当主。花倉の乱を制して家督を継ぎ、三河まで勢力を拡大。今川仮名目録追加を制定し、武田・北条と三国同盟を結んだ。尾張へ出兵し桶狭間で討死した。,75,,0,402,87,70,83,79,83,95,,,,A,,,,,50,50,80,69,40,aggressive,1519,1531,1560,true,今川氏親の子、常恵院の配偶者,1004006,,,24,,,5,0,13,駿府城主,100,1500,,,imagawa_yoshimoto.webp,76,治部大輔,1006006:999
1004010,750,今川家,今川|氏真,いまがわ|うじざね,今川氏真,,今川家,駿府城,今川氏当主。桶狭間で父・義元が討死した後に家督を継ぐが、三河の離反と武田・徳川の侵攻で領国を失い掛川城を開城。北条氏を経て家康に保護され、和歌・蹴鞠に親しんだ。,80,,0,267,48,32,66,64,57,84,,,,,C,,,,38,33,38,57,40,conservative,1538,1550,1614,,今川義元と定恵院の子。今川→北条→徳川,1004009,,24,8,,,5,0,13,,100,1000,,,imagawa_ujizane.webp,,,
1004011,751,今川家,今川|範以,いまがわ|のりもち,今川範以,,今川家,駿府城,,0,,0,198,27,16,46,63,46,72,,,,,,,,,26,16,32,60,35,conservative,1570,1582,1608,,今川氏真の子。今川→北条→徳川,1004010,,8,,,,5,0,13,,95,200,,,,,,
1004012,752,今川家,今川|直房,いまがわ|なおふさ,今川直房,,今川家,駿府城,江戸幕府高家。今川範以の子で氏真の孫。徳川家に仕え朝廷との交渉を担った。東照大権現の宮号宣下では家光の使者として上洛し、その功で井草村など五百石を加増された。,79,,0,203,19,9,44,72,59,76,,,,,,,,,22,11,29,62,25,conservative,1594,1606,1662,,今川範以の子。秀忠家臣,1004011,,,,,,5,0,13,,95,200,,,,,,
1004013,753,今川家,品川|高久,しながわ|たかひさ,品川高久,,今川家,駿府城,江戸幕府旗本。今川氏真の次男。徳川秀忠に仕えて名馬を賜り、今川家の嫡流と区別するため品川を称した。上野碓氷郡に千石を与えられ、子孫は高家品川家として続いた。,78,,0,184,20,14,51,57,42,63,,,,,,,,,18,5,39,46,20,conservative,1576,1588,1639,,今川氏真の子。江戸幕府旗本,1004010,,8,,,,5,0,13,,95,0,,,,,,
1004014,754,今川家,今川|貞世,いまがわ|さだよ,今川貞世,,今川家,駿府城,,0,,0,0,0,0,0,0,0,0,,,,,,,,,0,0,0,0,56,hermit,1326,9999,1420,,今川範国の子,1004003,,,,,,5,0,13,,95,0,,,,,,
1004015,755,今川家,瀬名|一秀,せな|かずひで,瀬名一秀,,今川家,駿府城,,0,,0,0,0,0,0,0,0,0,,,,,,,,,0,0,0,0,56,hermit,1432,9999,1482,,今川貞世の子孫,1004014,,,,,,5,0,13,,95,0,,,,,,
1004016,756,今川家,瀬名|氏貞,せな|うじさだ,瀬名氏貞,,今川家,駿府城,今川家臣。遠江蒲東方の国衆。瀬名一秀の子。蒲東方に所領を持ち、竜泉寺へ稲荷山の寺領を寄進した。寺社領を保護し、蒲東方における今川氏の在地支配を担った。,75,,0,313,63,52,68,67,63,62,D,,,,,,,,43,40,25,78,56,balanced,1497,1509,1538,,瀬名一秀の子,1004015,,,,,,5,0,13,,95,0,,,,,,
1004017,757,今川家,瀬名|氏俊,せな|うじとし,瀬名氏俊,,今川家,駿府城,,0,,0,236,33,32,65,58,48,51,,,,,,,,,43,40,25,78,56,balanced,1519,1531,1565,,瀬名氏貞の子,1004016,,,,,,5,0,13,,95,0,,,,,,
1004018,758,今川家,瀬名|氏詮,せな|うじあきら,瀬名氏詮,,今川家,駿府城,,0,,0,225,35,38,55,51,46,44,,,,,,,,,28,19,35,52,56,balanced,1544,1556,1573,,瀬名氏俊の子,1004017,,,,,,5,0,13,,95,0,,,,,,
1004019,759,今川家,瀬名|政勝,せな|まさかつ,瀬名政勝,,今川家,駿府城,,0,,0,206,41,53,34,38,40,44,,,,,,,,,36,30,36,65,52,balanced,1566,1578,1616,,瀬名氏詮の子,1004018,,,,,,5,0,13,,95,0,,,,,,
1004020,760,今川家,瀬名|清貞,せな|きよさだ,瀬名清貞,,今川家,駿府城,,0,,0,226,48,51,45,43,39,47,,,,,,,,,36,30,36,59,52,balanced,1589,1601,1674,,瀬名政勝の子,1004019,,,,,,5,0,13,,95,0,,,,,,
1004021,761,今川家,関口|氏純,せきぐち|うじずみ,関口氏純,,今川家,駿府城,今川家臣。今川一門の重臣。家康正室・築山殿の父とされる。娘は人質時代の家康に嫁いだ。義元の死後、菩提寺・天沢寺へ所領の一部を寄進する替地証文を発給している。,78,,0,263,29,32,69,65,68,54,,,,,,,,,36,30,39,65,54,conservative,1523,1535,1568,,瀬名氏貞の子。別名：関口氏純、関口親永,1004016,,,,,,5,0,13,,95,0,true,,,,,
1004022,762,今川家,今川|経国,いまがわ|つねくに,今川経国,,今川家,犬居城,,0,,0,0,0,0,0,0,0,0,,,,,,,,,0,0,0,0,61,hermit,1260,9999,1320,,今川国氏の子,1004001,,,,,,5,0,54,,95,0,,,,,,
1004023,763,今川家,関口|政興,せきぐち|まさおき,関口政興,,今川家,犬居城,,0,,0,0,0,0,0,0,0,0,,,,,,,,,0,0,0,0,61,hermit,1465,9999,1500,,今川経国の子孫,1004022,,,,,,5,0,54,,95,0,,,,,,
1004024,764,今川家,関口|氏縁,せきぐち|うじより,関口氏縁,,今川家,犬居城,,0,,0,243,45,36,60,54,48,48,,,,,,,,,28,19,29,66,61,balanced,1495,1507,1560,true,関口政興の子,1004023,,,,,,5,0,54,,95,0,,,,,,
1004025,765,今川家,関口|氏経,せきぐち|うじつね,関口氏経,,今川家,犬居城,今川家臣。氏真の奉行人として遠江井伊谷を支配。領内の徳政をめぐり氏真の命を受け、井伊直虎と連署して実施を命じる文書を発給し、今川氏衰退期の井伊谷統制を担った。,79,,0,291,58,46,67,61,59,58,,,,,,,,,50,50,34,70,61,conservative,1518,1530,1570,,関口氏縁の子,1004024,,,,,,5,0,54,,95,0,,,,,,
1004026,766,今川家,関口|次郎,せきぐち|じろう,関口次郎,1553:井伊|直虎:いい|なおとら,今川家,犬居城,,0,,0,286,58,65,46,64,53,63,,,,,,,,,54,56,50,69,91,conservative,1554,1566,1582,,関口氏経の子、井伊直盛の養子。別名：井伊直虎,1004025,1301039,,,,,5,0,54,,95,0,,,,,,
1004027,767,今川家,青木|一重,あおき|かずしげ,青木一重,,今川家,駿府城,豊臣、徳川家臣。麻田藩初代藩主。姉川の戦いで武功を挙げ、丹羽長秀を経て秀吉に仕えた。秀頼の大坂七手組番頭となり、落城後は家康に召し出され麻田一万石を領した。,78,,0,244,52,60,48,42,42,58,,,,,,,,,50,50,41,59,95,conservative,1551,1563,1628,,,,,,,,,5,0,13,,95,0,,,,,,
1004028,768,今川家,朝比奈|泰煕,あさひな|やすひろ,朝比奈泰煕,,今川家,高天神城,,0,,0,0,0,0,0,0,0,0,,,,,,,,,0,0,0,0,93,hermit,1460,9999,1511,,,,,,,,,5,0,71,,95,0,,,,,,
1004029,769,今川家,朝比奈|泰能,あさひな|やすよし,朝比奈泰能,,今川家,高天神城,今川家臣。掛川城主。氏親・義元の二代を支え、遠江支配の拠点として掛川城を築いた。今川氏の西方支配と勢力拡大を長く支え、子の泰朝にも掛川城主の地位を継がせた。,78,,0,282,63,57,55,54,53,59,C,,,,,,,,50,50,40,61,41,aggressive,1487,1499,1557,,朝比奈泰煕の子,1004028,,,,,,5,0,71,,95,0,,,,,,
1004030,770,今川家,朝比奈|泰朝,あさひな|やすとも,朝比奈泰朝,,今川家,高天神城,今川家臣。掛川城主。桶狭間では織田方の鷲津砦を攻めた。義元の死後も氏真を支え、駿府を追われた主君を掛川城に迎える。家康軍に半年抗戦し、開城後も氏真に従った。,78,,0,324,74,68,56,62,64,67,D,C,,,,,,謀将,50,50,55,96,41,balanced,1528,1540,1579,,朝比奈泰能の子,1004029,,,,,,5,0,71,高天神城主,95,500,,,,,,
1004031,771,今川家,朝比奈|泰基,あさひな|やすもと,朝比奈泰基,,今川家,高天神城,,0,,0,255,59,67,39,42,48,58,,,,,,,,,50,50,41,88,41,balanced,1553,1565,1606,,朝比奈泰朝の子。今川→酒井忠次家臣,1004030,,,,,,5,0,71,,95,0,,,,,,
1004032,772,今川家,朝比奈|俊永,あさひな|としなが,朝比奈俊永,,今川家,駿府城,,0,,0,0,0,0,0,0,0,0,,,,,,,,,0,0,0,0,50,hermit,1481,9999,1530,,朝比奈泰煕の養子,,1004028,,,,,5,0,13,,95,0,,,,,,
1004033,773,今川家,朝比奈|親徳,あさひな|ちかのり,朝比奈親徳,,今川家,駿府城,今川家臣。氏輝・義元・氏真に仕え、奉行人として訴訟や伝馬などの政務を担った。桶狭間後も氏真のもとで領国支配を支えた。,58,,0,317,54,58,67,74,64,63,,,,,,,,,38,33,36,75,50,balanced,1508,1520,1566,,朝比奈俊永の子,1004032,,,,,,5,0,13,,95,300,,,,,,
1004034,774,今川家,朝比奈|信置,あさひな|のぶおき,朝比奈信置,,今川家,駿府城,今川・武田家臣。今川氏衰退後に武田信玄へ仕え、駿河庵原一帯を支配した。一乗寺を旧庵原氏領へ移して再興し、同族僧を開山に招くなど寺院保護を通じて統治にあたった。,79,,0,261,61,65,47,39,49,57,,D,,,,,,,50,50,63,60,50,balanced,1528,1540,1582,true,朝比奈親徳の子,1004033,,,,,,5,0,13,,95,0,,,,,,
1004035,775,今川家,朝比奈|信良,あさひな|のぶよし,朝比奈信良,,今川家,駿府城,,0,,0,231,46,53,42,45,45,52,,,,,,,,,50,50,47,65,50,aggressive,1558,1570,1582,true,朝比奈信置の子,1004034,,,,,,5,0,13,,95,0,,,,,,
1004036,776,今川家,朝比奈|元永,あさひな|もとなが,朝比奈元永,,今川家,駿府城,,0,,0,225,45,59,39,38,44,50,,,,,,,,,50,50,78,38,48,aggressive,1561,1573,1628,,朝比奈信置の子,1004034,,,,,,5,0,13,,95,0,,,,,,
1004037,777,今川家,朝比奈|宗利,あさひな|むねとし,朝比奈宗利,,今川家,駿府城,,0,,0,250,47,63,55,39,46,55,,,,,,,,,50,50,41,67,48,balanced,1563,1575,1647,,朝比奈信置の子,1004034,,,,,,5,0,13,,95,0,,,,,,
1004038,778,今川家,天野|藤秀,あまの|ふじひで,天野藤秀,,今川家,犬居城,,0,,0,243,53,49,44,46,51,52,,,,,,,,,50,50,65,42,42,balanced,1532,1544,1595,,今川→武田→北条,,,,,,,5,0,54,犬居城主,95,300,,,,,,
1004039,779,今川家,安部|元真,あんべ|もとざね,安部元真,,今川家,駿府城,,0,,0,245,49,51,41,47,57,54,,,,,,,,,50,50,51,63,43,balanced,1513,1525,1587,,今川→浪人→徳川,,,,,,,5,0,13,,95,300,,,,,,
1004040,780,今川家,伊丹|康直,いたみ|やすなお,伊丹康直,,今川家,駿府城,伊丹氏の一族。伊丹城落城後に流浪し、今川義元に仕えたのち武田信玄の船大将となった。武田氏滅亡後は家康に従い、駿河の船奉行を務めるなど三家にわたり水軍を担った。,79,,0,284,58,61,54,49,62,54,D,,C,B,,,B,,57,60,55,55,46,balanced,1523,1535,1596,,今川→武田→徳川,,,,,,,5,0,13,,95,0,,,,,,
1004041,781,今川家,飯尾|乗連,いのお|のりつら,飯尾乗連,,今川家,曳馬城,,0,,0,210,33,31,45,44,57,47,,,,,,,,,36,30,23,78,54,balanced,1501,1513,1565,true,,,,,,,,5,0,12,,95,0,,true,,,,
1004042,782,今川家,飯尾|連龍,いのお|つらたつ,飯尾連龍,,今川家,曳馬城,今川家臣。引馬城主。乗連の子。桶狭間後に今川氏真の求心力が衰えると家康へ通じようとし、氏真の攻撃を引馬城で退けた。和睦後に駿府へ呼び出され、氏真に謀殺された。,79,,0,248,55,57,40,42,54,31,,,,,,,,,50,50,66,61,54,balanced,1526,1538,1565,true,飯尾乗連の子,1004041,,,,,,5,0,12,曳馬城主,95,300,,,,,,
1004043,783,今川家,鵜殿|長持,うどの|ながもち,鵜殿長持,,今川家,駿府城,,0,,0,214,31,33,50,49,51,50,,,,,,,,,50,50,40,61,42,conservative,1513,1525,1557,,,,,,,,,5,0,13,,95,0,,,,,,
1004044,784,今川家,鵜殿|長照,うどの|ながてる,鵜殿長照,,今川家,駿府城,今川家臣。上ノ郷城主。長持の子。三河の今川方有力者で、桶狭間後も氏真方に残る。松平元康の攻撃を堅固な城で防いだが、夜襲と放火で落城し討死。二子は捕虜となった。,79,,0,265,62,73,39,38,53,37,D,C,,,,,,,50,50,10,65,42,conservative,1533,1545,1562,true,鵜殿長持の子,1004043,,,,,,5,0,13,,95,500,,,,,,
1004045,785,今川家,鵜殿|氏長,うどの|うじなが,鵜殿氏長,,今川家,駿府城,,0,,0,169,30,26,42,36,35,29,,,,,,,,,50,50,48,50,27,balanced,1549,1561,1624,,鵜殿長照の子,1004044,,,,,,5,0,13,,95,0,,,,,,
1004046,786,今川家,小笠原|春義,おがさわら|はるよし,小笠原春義,,今川家,高天神城,,0,,0,214,25,38,55,57,39,51,,,,,,,,,22,11,45,68,44,conservative,1496,1508,1572,,遠江小笠原家。今川→1569徳川,,,,,,,5,0,71,,95,0,,,,,,
1004047,787,今川家,小笠原|氏興,おがさわら|うじおき,小笠原氏興,,今川家,高天神城,今川家臣。遠江高天神城主。華厳院に寄進状を出し、桶狭間の戦いでは今川義元に従軍した。敗戦後は高天神城へ戻り、のち氏助へ城主の座を譲って遠江小笠原氏を継がせた。,79,,0,253,56,58,39,54,46,55,,,,,,,,,26,16,41,61,44,balanced,1529,1541,1569,,遠江小笠原家。小笠原春義の子。今川→1569徳川,1004046,,,,,,5,0,71,,95,0,,,,,,
1004048,788,今川家,小笠原|氏助,おがさわら|うじすけ,小笠原氏助,,今川家,高天神城,,0,,0,199,57,69,32,20,21,49,,,,,,,,,54,56,46,55,50,aggressive,1551,1563,1590,,遠江小笠原家。小笠原氏興の子。今川→1569徳川,1004047,,,,,,5,0,71,,95,0,,,,,,
1004049,789,今川家,岡部|親綱,おかべ|ちかつな,岡部親綱,,今川家,吉田城,今川家臣。花倉の乱で義元方として駿府・方ノ上城・葉梨城を転戦し、葉梨城を攻略。寿桂尼が花倉方へ持参した注書も奪還して義元へ進上し、自筆の感状で忠節を賞された。,79,,0,305,61,71,52,56,65,63,D,C,,,,,,,50,50,40,71,36,aggressive,1498,1510,1562,,,,,,,,,5,0,100,,95,200,,true,,,,
1004050,790,今川家,岡部|久綱,おかべ|ひさつな,岡部久綱,,今川家,吉田城,,0,,0,286,57,67,44,61,57,60,,,,,,,,,50,50,35,68,36,conservative,1521,1533,1547,,岡部親綱の子,1004049,,,,,,5,0,100,,95,0,,,,,,
1004051,791,今川家,岡部|正綱,おかべ|まさつな,岡部正綱,,今川家,吉田城,今川家臣。今川氏衰退後は武田信玄・勝頼に仕え、遠江・駿河方面で活動。武田氏滅亡後は徳川家康に仕えた。,50,,0,326,66,69,66,62,63,58,D,,,D,,,,,50,50,43,67,36,conservative,1542,1554,1583,,岡部久綱の子,1004050,,,,,,5,0,100,,95,0,,,,,,
1004052,792,今川家,岡部|長盛,おかべ|ながもり,岡部長盛,,今川家,吉田城,徳川家臣。岡部正綱の子。家督を継ぎ小牧・長久手に従軍。大名となって丹波亀山・福知山を経て美濃大垣五万石へ転封され、大垣藩岡部家の祖となった。茶道にも通じた。,78,,0,236,38,50,56,49,43,49,D,,,,,,,,36,30,43,50,16,conservative,1568,1580,1632,,岡部正綱の子,1004051,,,,,,5,0,100,,95,0,,,,,,
1004053,793,今川家,岡部|元信,おかべ|もとのぶ,岡部元信,,今川家,鳴海城,今川家臣。桶狭間後も鳴海城を守り、今川義元の首級返還と引き換えに開城。のちに武田氏に仕え、高天神城を守って徳川軍と戦い討死した。,64,,0,333,71,80,64,54,64,67,B,C,,C,,,,,50,50,40,77,42,balanced,1527,1539,1581,,岡部親綱の子,1004049,,,,,,5,0,57,鳴海城主,95,300,,,,,,
1004054,794,今川家,小原|鎮実,おはら|しげざね,小原鎮実,,今川家,吉田城,,0,,0,269,59,65,49,42,54,51,,,,,,,,,22,11,22,72,40,balanced,1514,1526,1568,,,,,,,,,5,0,100,,95,0,,,,,,
1004055,795,今川家,葛山|氏元,かつらやま|うじもと,葛山氏元,,今川家,興国寺城,駿河国衆。葛山城主。今川氏に属して駿東一帯を支配した。信玄の駿河侵攻で今川氏真に背き武田方へ転じたが、旧領を失い、のち謀反を疑われて諏訪湖で自害した。,75,,0,255,37,32,58,64,64,44,,,,,,,,,36,30,61,31,53,balanced,1524,1536,1574,,,,,,,,,5,0,101,興国寺城主,95,700,,,,,,
1004056,796,今川家,九英|承菊,きゅうえい|しょうぎく,九英承菊,1543:太原|崇孚:たいげん|そうふ,今川家,駿府城,今川氏の僧将。義元の教育役から軍師となり、花倉の乱で家督継承を助けた。三河侵攻や領国統治・外交を担い、武田・北条との三国同盟成立にも尽力。臨済寺住持も務めた。,79,,0,425,84,54,94,100,93,78,B,,,C,,,,,50,50,52,44,29,hermit,1496,1508,1555,,別名：太原崇孚、太原雪斎,,,,,,,5,0,13,,95,500,,,,,,
1004057,797,今川家,久野|宗能,くの|むねよし,久野宗能,,今川家,駿府城,今川家臣。久野城主。元宗が桶狭間で討死すると、僧籍から還俗して家督を継ぐ。家康に属し、関東移封に従って久野を離れる。関ヶ原後に旧領へ戻り、再び久野城主となった。,80,,0,264,43,47,56,58,60,52,,,,,,,,,36,30,43,50,27,balanced,1527,1539,1609,,氏真→徳川,,,,,,,5,0,13,,95,0,,,,,,
1004058,798,今川家,菅沼|定盈,すがぬま|さだみつ,菅沼定盈,,今川家,曳馬城,徳川家臣。野田城主。桶狭間後に家康へ従う。武田信玄の二万余に約四百の城兵で抗し、幾度も城外へ打って出て一月余籠城。井戸水を断たれ、城兵の助命を条件に開城した。,79,,0,272,50,60,53,55,54,59,D,,,,,,,,36,30,42,46,44,balanced,1543,1555,1604,,,,,,,,,5,0,12,,95,0,,,,,,
1004059,799,今川家,菅沼|定芳,すがぬま|さだよし,菅沼定芳,,今川家,曳馬城,丹波亀山藩主。菅沼定盈の六男。兄・定仍の遺領を継ぎ伊勢長島を領する。近江膳所を経て亀山へ転封し、保津川の筏師を諸役免除で保護。鍬山神社を再興し領内支配を進めた。,80,,0,210,38,35,49,44,44,49,,,,,,,,,48,47,24,82,69,conservative,1587,1599,1643,,菅沼定盈の子。今川→徳川,1004058,,,,,,5,0,12,,95,0,,,,,,
1004060,800,今川家,孕石|元泰,はらみいし|もとやす,孕石元泰,,今川家,興国寺城,,0,,0,239,51,58,56,34,40,50,,,,,,,,,45,43,51,43,42,balanced,1532,1544,1581,true,今川→武田→羽柴→山内,,,,,,,5,0,101,,95,0,,,,,,
1004061,801,今川家,孕石|元成,はらみいし|もとしげ,孕石元成,,今川家,興国寺城,,0,,0,242,52,48,51,46,45,50,,,,,,,,,45,43,55,37,47,aggressive,1563,1575,1632,,孕石元泰の子。今川→武田→羽柴→山内,1004060,,,,,,5,0,101,,95,0,,,,,,
1004062,802,今川家,松井|宗信,まつい|むねのぶ,松井宗信,,今川家,吉田城,今川家臣。二俣城主として遠江の所領・代官職を担い、義元の三河・尾張方面への軍事行動に従った。田原城攻めで戦功を挙げ、桶狭間では義元本隊に従って討死した。,76,,0,308,62,70,61,53,62,55,D,,,,,,,,20,8,12,86,41,balanced,1515,1527,1560,true,,,,,,,,5,0,100,吉田城主,95,400,,,,,,
1004063,803,今川家,松下|之綱,まつした|ゆきつな,松下之綱,,今川家,曳馬城,今川家臣。遠江頭陀寺城主。少年時代の豊臣秀吉を家人として抱え、引間城主・飯尾氏のもとへ伴った。のち徳川家康、秀吉に仕え、遠江久野一万六千石を領して城を改修した。,80,,0,231,44,39,55,45,48,53,,,,,,,,,62,67,31,65,24,conservative,1537,1549,1598,,60～70年は遠江曳馬城、77年は北近江長浜城、82年は播磨姫路城、83年以降は丹波亀山城。,,,,,,,5,0,12,,95,0,,,,,,
1004064,804,今川家,三浦|元政,みうら|もとまさ,三浦元政,,今川家,駿府城,今川家臣。三浦氏の有力武将として同心衆を統率。武田信玄の駿河侵攻では氏真を掛川城へ護衛し、大手で追撃軍を撃退した。のち穴山信君に招かれ武田方へ転じた。,75,,0,292,60,55,62,58,57,58,,,,,,,,,39,35,35,70,40,balanced,1535,1547,1599,,,,,,,,,5,0,13,,95,0,,,,,,
1004065,805,今川家,由比|正信,ゆい|まさのぶ,由比正信,,今川家,曳馬城,,0,,0,185,43,27,41,37,37,39,,,,,,,,,26,16,32,60,42,conservative,1516,1528,1560,true,,,,,,,,5,0,12,,95,0,,,,,,
1004066,806,今川家,由比|正純,ゆい|まさずみ,由比正純,,今川家,曳馬城,,0,,0,196,54,50,33,28,31,44,,,,,,,,,32,25,22,78,42,balanced,1545,1557,1569,true,由比正信の子,1004065,,,,,,5,0,12,,95,0,,,,,,
1301001,807,徳川家,松平|長親,まつだいら|ながちか,松平長親,,今川家,岡崎城,松平氏5代当主。安祥城を本拠に西三河を治め、北条早雲の侵攻を二度退けた。家督を信忠に譲った後も実権を保つ。一族を支え清康の代へつながる松平氏発展の基盤を残した。,80,,0,351,70,61,74,74,72,58,C,D,,,,,,,47,45,46,50,90,balanced,1473,1485,1544,,,,,,,,,5,0,48,,95,0,,,,,,
1301002,808,徳川家,松平|信忠,まつだいら|のぶただ,松平信忠,,今川家,岡崎城,,0,,0,0,0,0,0,0,0,0,,,,,,,,,0,0,0,0,90,hermit,1490,9999,1531,,松平長親の子,1301001,,,,,,5,0,48,,95,0,,,,,,
1301003,809,徳川家,松平|清康,まつだいら|きよやす,松平清康,,今川家,岡崎城,三河松平氏当主。岡崎城を得て本拠を移し、牧野・戸田・奥平・菅沼氏らを従えて三河統一を進める。尾張守山への出陣中に家臣に殺され、その死を機に松平氏の支配は崩れた。,80,,0,368,87,78,65,68,70,69,A,,,,,,,,50,50,64,27,90,balanced,1511,1523,1535,,松平信忠の子,1301002,,,,,,5,0,48,,95,0,,,,,,
1301004,810,徳川家,松平|広忠,まつだいら|ひろただ,松平広忠,,今川家,岡崎城,松平氏当主。清康の死後に岡崎城を追われるが今川義元の支援で復帰。織田信秀の三河侵攻に対抗して今川氏への従属を強め、家康を人質に送った。のちに家臣に殺害された。,79,,0,319,71,54,71,66,57,37,D,,,D,,,,,50,50,44,55,90,aggressive,1526,1535,1549,,松平清康の子,1301003,,,,,,5,0,48,,95,0,,,,,,
1301005,811,徳川家,松平|忠政,まつだいら|ただまさ,松平忠政,,今川家,岡崎城,,0,,0,234,51,55,46,42,40,51,,,,,,,,,43,40,38,60,87,balanced,1541,1553,1599,,松平広忠の子。元信の兄。,1301004,,,,,,5,0,48,,95,0,,,,,,
1301006,812,徳川家,松平|元信,まつだいら|もとやす,松平元信,1558:0|元康:0|もとやす/1563:0|家康:0|いえやす/1566:徳川|0:とくがわ|0,今川家,岡崎城,江戸幕府の初代征夷大将軍。広忠の子。今川義元の死後、織田信長と同盟して勢力を拡大。関ヶ原の戦いで東軍を率いて勝利し、天下人としての地位を確立した。,73,江戸幕府の初代征夷大将軍。広忠の子。今川義元の死後、織田信長と同盟して勢力を拡大。関ヶ原の戦いで東軍を率いて勝利し、天下人としての地位を確立した。,73,467,97,88,96,94,92,96,S,,,C,,,,退き巧者,54,56,100,85,90,conservative,1542,1554,1616,,松平広忠と於大の方の子。別名：徳川家康,1301004,,13,11,,,5,0,48,岡崎城主,100,700,,,tokugawa_ieyasu.webp|1582:tokugawa_ieyasu2.webp,,,
1301007,813,徳川家,松平|信康,まつだいら|のぶやす,松平信康,1566:徳川|0:とくがわ|0,今川家,岡崎城,徳川家康の嫡男。岡崎城主。信長の娘・徳姫を妻とし三河の軍事を担う。武田勝頼と対陣した際には殿軍を務め武勇を示したが、家康の命で岡崎を離れ、二俣城で切腹した。,78,,0,321,72,83,51,52,63,63,C,D,C,,D,,,,43,40,37,61,78,aggressive,1559,1567,1579,true,松平元信の子,1301006,,11,,,,5,0,48,,90,500,,,,,,
1301008,814,徳川家,松平|秀康,まつだいら|ひでやす,松平秀康,,今川家,岡崎城,徳川家康の次男。小牧・長久手の戦い後に豊臣秀吉の養子となり、のちに結城晴朝の養嗣子となった。関ヶ原では宇都宮で上杉景勝を抑え、戦後は越前六十八万石を領した。,78,,0,287,73,80,52,43,39,60,D,,C,,,,,猛将,50,50,44,55,19,balanced,1574,1586,1607,,松平元信の子、結城晴朝の嗣子。別名：結城秀康。徳川→羽柴→結城,1301006,1029010,,,,,5,0,48,,90,500,,,,,,
1301009,815,徳川家,松平|忠直,まつだいら|ただなお,松平忠直,,今川家,岡崎城,越前北庄藩主。結城秀康の子。父の遺領を継ぎ、大坂夏の陣では越前勢を率いて三千余の首級を挙げた。のちに参勤を怠るなど幕府に反発し、改易され豊後萩原へ配流された。,79,,0,238,69,70,35,30,34,52,,C,C,,,,,,50,50,52,44,94,aggressive,1595,1607,1650,,松平秀康の子,1301008,,,,,,5,0,48,,90,0,,,,,,
1301010,816,徳川家,松平|忠昌,まつだいら|ただまさ,松平忠昌,,今川家,岡崎城,徳川一門。結城秀康の次男。兄の忠直が配流されると越前福井五十万石余へ入封。北庄を福居と改め、家中へ掟を出して武具・軍法役付や代官らの職務を定め、藩政を整えた。,79,,0,287,58,70,58,53,48,62,D,,,,,,,,50,50,22,87,93,aggressive,1598,1610,1645,,松平秀康の子,1301008,,,,,,5,0,48,,90,0,,,,,,
1301011,817,徳川家,松平|直政,まつだいら|なおまさ,松平直政,,今川家,岡崎城,徳川一門。結城秀康の三男。大坂冬の陣で兄の忠直に従い十四歳で初陣し、真田丸を攻めた。越前大野、信濃松本を経て出雲松江へ転封され、松平家の藩政の礎を築いた。,77,,0,293,62,52,62,56,61,59,,,,,,,,,50,50,59,34,93,aggressive,1601,1613,1666,,松平秀康の子,1301008,,,,,,5,0,48,,90,0,,,,,,
1301012,818,徳川家,徳川|秀忠,とくがわ|ひでただ,徳川秀忠,,今川家,岡崎城,江戸幕府2代将軍。家康の三男。関ヶ原では真田昌幸に阻まれ本戦に遅参。大坂の陣で豊臣氏を滅ぼし、家康の没後は大名・朝廷統制を進め幕府を強化。家光へ将軍職を譲った。,80,,0,351,59,52,86,75,79,74,,,,D,,,,,50,50,72,42,90,aggressive,1579,1591,1632,,松平元信の子,1301006,,,,,,5,0,48,,90,500,,,,,,
1301013,819,徳川家,徳川|家光,とくがわ|いえみつ,徳川家光,,今川家,岡崎城,江戸幕府3代将軍。秀忠の子。老中・若年寄など幕府職制を整備し、参勤交代を制度化。島原の乱を鎮圧し、キリシタン禁制と貿易統制を強化して幕藩体制を確立した。,76,,0,344,55,62,82,71,74,68,D,,D,,,,,,50,50,44,55,90,hermit,1604,1616,1651,,徳川秀忠の子,1301012,,,,,,5,0,48,,90,0,,,,,,
1301014,820,徳川家,徳川|家綱,とくがわ|いえつな,徳川家綱,,今川家,岡崎城,徳川家光の長男。幼くして江戸幕府四代将軍となり、松平信綱・保科正之らの補佐を受ける。末期養子の禁を緩和し殉死を禁止。明暦の大火後、江戸復興と防火整備を進めた。,79,,0,205,19,11,64,52,59,69,,,,,,,,,50,50,31,73,90,conservative,1641,1653,1680,,徳川家光の子,1301013,,,,,,5,0,48,,90,0,,,,,,
1301015,821,徳川家,徳川|綱吉,とくがわ|つなよし,徳川綱吉,,今川家,岡崎城,徳川家光の子。兄・家綱の養子となり幕府五代将軍に就任。儒学を重んじて文治政治を推進し、湯島聖堂を建立。生類を慈しむ一連の政策を行い、その治世に元禄文化が栄えた。,80,,0,268,16,20,85,70,77,73,,,,,,,,,79,91,45,68,90,conservative,1646,1658,1709,,徳川家光の子、徳川家綱の養子,1301013,1301014,,,,,5,0,48,,90,0,,,,,,
1301016,822,徳川家,松平|正之,なつだいら|まさゆき,松平正之,1610:保科|0:ほしな|0,今川家,岡崎城,将軍秀忠の庶子。保科正光の養子となり高遠藩を継ぎ、山形を経て会津23万石を領す。藩政を整え「会津家訓十五箇条」を定め、家光の死後は家綱を補佐して幕政を主導した。,79,,0,330,55,43,80,78,74,67,,,,,,,,,29,21,28,68,85,conservative,1611,1623,1673,,徳川秀忠の子、保科正光（武田）の養子。別名：保科正之,1301012,1002068,,,,,5,0,48,,90,0,,,,,,
1301017,823,徳川家,松平|忠吉,まつだいら|ただよし,松平忠吉,,今川家,岡崎城,徳川家康の四男。東条松平家を継ぎ忍城主となる。関ヶ原では井伊直政と先陣を争い、島津勢との戦闘で負傷しつつ奮戦。戦後は尾張清洲五十二万石を領するが嗣子なく没した。,80,,0,261,56,63,56,46,40,50,,,D,,,,,,64,70,41,67,85,balanced,1580,1592,1607,,松平元信の子,1301006,,,,,,5,0,48,,90,0,,,,,,
1301018,824,徳川家,松平|忠輝,まつだいら|ただてる,松平忠輝,,今川家,岡崎城,徳川家康の六男。長沢松平家を継ぎ、信濃川中島を経て越後を領す。高田城を築いて居城とするが、大坂の陣での不手際などから改易される。各地に預けられ信濃諏訪で没した。,80,,0,233,51,60,37,37,48,43,D,,D,,,,,,64,70,49,55,94,aggressive,1592,1604,1683,,松平元信の子,1301006,,,,,,5,0,48,,90,0,,,,,,
1301019,825,徳川家,徳川|義直,とくがわ|よしなお,徳川義直,,今川家,岡崎城,尾張徳川家初代当主。家康の九男で名古屋城を居城とした。成瀬正成・竹腰正信らを用いて藩政を整え儒学を奨励。剣術にも通じ柳生利厳を召し抱え御三家筆頭の基礎を築いた。,80,,0,352,59,65,77,77,74,69,,,,,,,,,50,50,53,75,82,conservative,1601,1606,1650,,松平元信の子,1301006,,,,,,5,0,48,,90,0,,,,,,
1301020,826,徳川家,徳川|頼宣,とくがわ|よりのぶ,徳川頼宣,,今川家,岡崎城,紀州徳川家初代当主。家康の十男。駿府を経て紀伊を領し、和歌山城を居城とした。家臣団の編成や城下町整備を進め、御三家の一つである紀州徳川家の基礎を築いた。,76,,0,305,50,56,73,67,59,63,,,,,,,,,50,50,70,65,79,aggressive,1602,1606,1671,,松平元信の子,1301006,,,,,,5,0,48,,90,0,,,,,,
1301021,827,徳川家,松平|頼房,まつだいら|よりふさ,松平頼房,1636:徳川|0:とくがわ|0,今川家,岡崎城,水戸徳川家初代当主。家康の十一男として水戸に封じられ、家臣団を編成して藩政の基礎を固めた。水戸城と城下町を整備し東照宮も創建。御三家として東北への備えを担った。,80,,0,351,68,57,76,77,73,66,,,,,,,,,67,74,38,15,76,aggressive,1603,1615,1661,,松平元信の子,1301006,,,,,,5,0,48,,90,0,,,,,,
1301022,828,徳川家,松平|光圀,まつだいら|みつくに,徳川光圀,,今川家,岡崎城,水戸徳川家２代当主。殉死禁止・寺社整理・勧農を進め、朱舜水らを招いて文教を振興。彰考館を設け「大日本史」の編纂を始め、文化財保護にも努めて水戸学の基礎を築いた。,80,,0,306,64,30,73,72,67,75,,,,,,,,,50,50,19,33,76,hermit,1628,1636,1701,,松平頼房の子,1301021,,,,,,5,0,48,,90,0,,,,,,
1301023,829,徳川家,内藤|信成,ないとう|のぶなり,内藤信成,,今川家,岡崎城,徳川家臣。松平広忠の子。内藤清長の養子。長篠・小田原の役で戦功を挙げ、韮山城主を経て駿府城主となった。のちに近江長浜4万石を領し、長浜藩初代藩主となった。,77,,0,273,65,56,49,50,53,59,,,,,,,,,54,55,37,67,80,aggressive,1545,1557,1612,,松平広忠の子、内藤清長の養子。別名：松平信成,1301004,1301105,,,,,5,0,48,,95,0,,,,,,
1301024,830,徳川家,内藤|信正,ないとう|のぶまさ,内藤信正,,今川家,岡崎城,徳川家臣。内藤信成の長男。小牧・長久手で初陣し戦功を重ね、父の死後は長浜を継いだ。のちに高槻四万石へ移り伏見城代を務め、大坂直轄化に伴い初代大坂城代となった。,79,,0,300,58,70,56,57,59,59,,,,D,,,,,49,49,23,84,82,aggressive,1568,1580,1626,,内藤信成の子,1301023,,,,,,5,0,48,,90,0,,,,,,
1301025,831,久松松平家,久松|俊勝,ひさまつ|としかつ,久松俊勝,,今川家,岡崎城,,0,,0,0,0,0,0,0,0,0,,,,,,,,,0,0,0,0,87,hermit,1526,9999,1587,,,,,,13,,,5,0,48,,90,0,,,,,,
1301026,832,久松松平家,松平|康元,まつだいら|やすもと,松平康元,,今川家,岡崎城,,0,,0,0,0,0,0,0,0,0,,,,,,,,,0,0,0,0,87,hermit,1552,9999,1603,,久松俊勝と於大の方の長男,1301025,,13,,,,5,0,48,,90,0,,,,,,
1301027,833,久松松平家,松平|忠良,まつだいら|ただよし,松平忠良,,今川家,岡崎城,美濃大垣藩主。松平康元の長男。父の死後に下総関宿四万石を継ぐ。大坂夏の陣で戦功を挙げ、一万石を加増されて美濃大垣五万石へ転封され、久松松平家の大垣藩を開いた。,79,,0,239,47,53,50,45,44,55,,,,,,,,,50,50,22,86,87,aggressive,1582,1594,1624,,松平康元の子,1301026,,,,,,5,0,48,,90,0,,,,,,
1301028,834,久松松平家,松平|定勝,まつだいら|さだかつ,松平定勝,,今川家,岡崎城,久松俊勝と於大の方の子。家康の異父弟。小牧・長久手では蟹江城攻めの先陣で功を立て、関ヶ原にも従軍。遠江掛川城主、伏見城代を経て伊勢桑名十一万石へ移封された。,78,,0,240,49,33,59,55,44,53,,,,,,,,,50,50,42,58,87,aggressive,1560,1572,1624,,久松俊勝と於大の方の子,1301025,,13,,,,5,0,48,,90,0,,,,,,
1301029,835,久松松平家,松平|定行,まつだいら|さだゆき,松平定行,,今川家,岡崎城,松平定勝の子。桑名藩主を経て伊予松山十五万石へ移封され、松山藩主となる。幕命で長崎警備を担い、領内では茶や楮の栽培、製茶・製紙を奨励して藩政の基礎を築いた。,78,,0,271,49,62,66,53,41,63,,,,,,,,,68,76,30,84,87,conservative,1587,1599,1668,,松平定勝の子,1301028,,,,,,5,0,48,,90,0,,,,,,
1301030,836,徳川家,青山|忠成,あおやま|ただなり,青山忠成,,今川家,岡崎城,徳川家臣。三河出身。幼少から家康に近侍し、三男・秀忠の傅役を務める。関東入部後は関東総奉行・江戸町奉行として町政を担い、一時蟄居するも赦され二万八千石を領した。,80,,0,257,38,41,64,60,54,55,,,,,,,,,50,50,44,55,80,conservative,1551,1563,1613,,,,,,,,,5,0,48,,90,0,,,,,,
1301031,837,徳川家,青山|忠俊,あおやま|ただとし,青山忠俊,,今川家,岡崎城,青山忠成の子。秀忠に近侍し、大坂の陣で戦功を挙げた。家光の補導役から老中となり、酒井忠世・土井利勝とともに幕政を補佐したが、家光への諫言で減封され、蟄居した。,79,,0,221,38,38,67,46,32,50,,,,,,,,,50,50,44,55,85,conservative,1578,1590,1643,,青山忠成の子,1301030,,,,,,5,0,48,,90,0,,,,,,
1301032,838,徳川家,阿部|定吉,あべ|さだよし,阿部定吉,,今川家,岡崎城,松平家臣。清康に仕える。森山崩れで子が清康を殺害すると自害を図るが止められ、広忠を補佐。岡崎を追われた広忠に従い伊勢・遠江を流浪し、義元の援助で帰還を支えた。,79,,0,281,56,39,69,55,62,58,D,,,,,,,,43,40,33,67,90,balanced,1505,1517,1549,,,,,,,,,5,0,48,,95,0,,,,,,
1301033,839,徳川家,阿部|正豊,あべ|まさとよ,阿部正豊,,今川家,岡崎城,,0,,0,118,20,29,21,21,27,30,,,,,,,,,43,40,70,15,90,balanced,1521,1533,1535,,阿部定吉の子,1301032,,,,,,5,0,48,,95,0,,,,,,
1301034,840,徳川家,阿部|正勝,あべ|まさかつ,阿部正勝,,今川家,岡崎城,徳川家臣。家康に仕え、天竜川での武田勝頼との戦いや小田原征伐で功を挙げた。家康の関東入国後は伊豆市原五千石を与えられ、のち大名となる阿部家の基礎を築いた。,77,,0,222,45,56,42,33,46,53,,,,,,,,,50,50,17,93,89,conservative,1541,1553,1600,,,,,,,,,5,0,48,,95,0,,,,,,
1301035,841,徳川家,阿部|正次,あべ|まさつぐ,阿部正次,,今川家,岡崎城,徳川家臣。阿部正勝の長男。大坂の陣で功を立て、大多喜・小田原を経て武蔵岩槻を領した。奏者番ののち大坂城代となり、二十一年にわたり大坂城守護と西国監視を担った。,79,,0,297,40,60,75,67,55,61,D,,D,D,,,,,29,21,21,78,89,conservative,1569,1581,1647,,阿部正勝の子,1301034,,,,,,5,0,48,,90,0,,,,,,
1301036,842,徳川家,安藤|直次,あんどう|なおつぐ,安藤直次,,今川家,岡崎城,徳川家臣。家康に仕え、姉川・小牧長久手などで戦功。老中として幕政を担い掛川2万石を領す。家康の十男・頼宣の守役・付家老となり、紀伊田辺3万8千石余を領した。,77,,0,337,61,61,74,73,68,49,C,D,,,,,,,64,70,30,82,79,conservative,1555,1567,1635,,,,,,,,,5,0,48,,90,0,,,,,,
1301037,843,徳川家,井伊|直平,いい|なおひら,井伊直平,,今川家,犬居城,井伊氏一門。直虎の曾祖父。直虎が女城主となる前には虎松の後見人を務めた。高齢ながら今川氏真の命で戦いへ向かう途中に急死し、菩提寺となった渓雲寺で弔われた。,77,,0,248,63,63,56,33,33,48,,D,,,,,,,22,11,52,73,91,aggressive,1479,1491,1563,,,,,,,,,5,0,54,,95,0,,,,,,
1301038,844,徳川家,井伊|直満,いい|なおみつ,井伊直満,,今川家,犬居城,,0,,0,210,55,63,39,20,33,41,,,,,,,,,22,11,36,52,91,balanced,1506,1518,1545,true,井伊直平の子,1301037,,,,,,5,0,54,,95,0,,,,,,
1301039,845,徳川家,井伊|直盛,いい|なおもり,井伊直盛,,今川家,犬居城,今川家臣。遠江井伊谷の井伊氏二十二代当主。男子がなく一族の直親を後継とする。今川義元の尾張侵攻に従軍し、桶狭間の戦いで義元とともに討死。直親が家督を継いだ。,78,,0,265,51,58,42,51,63,55,D,,,,,,,,43,40,37,61,91,aggressive,1526,1538,1560,true,井伊直満の子,1301038,,,,,,5,0,54,,95,0,,,,,,
1301040,846,徳川家,井伊|直政,いい|なおまさ,井伊直政,,今川家,犬居城,徳川家臣。武田旧臣を率いて「井伊の赤備え」を編成し、各地で軍功を重ねた。関ヶ原では東軍の軍監として諸将との交渉も担い、戦後に近江佐和山18万石を与えられた。,77,,0,410,86,91,79,77,77,84,,A,B,C,,,,赤備え|鬼,68,75,50,55,90,balanced,1561,1573,1602,,井伊直盛の子,1301039,,,,,,5,0,54,,90,0,,,,,,
1301041,847,徳川家,井伊|直勝,いい|なおかつ,井伊直勝,,今川家,犬居城,井伊直政の長男。佐和山を継ぎ彦根城築城を開始。病弱で大坂の陣に出陣できず、家康の命で彦根を弟・直孝へ譲る。上野安中三万石を分与され、安中井伊家の祖となった。,78,,0,278,66,24,64,64,60,57,,,,,,,,,50,50,52,44,90,conservative,1590,1602,1662,,井伊直政の長男,1301040,,,,,,5,0,54,,90,0,,,,,,
1301042,848,徳川家,井伊|直孝,いい|なおたか,井伊直孝,,今川家,犬居城,徳川家臣。直政の次男。大坂の陣で井伊の赤備えを率いて戦功を挙げ、兄の直勝に代わって井伊家を継いだ。彦根藩主として幕政にも関わり、譜代大名の中核を担った。,76,,0,313,67,68,62,57,59,67,D,C,C,,,,,,68,75,42,67,89,aggressive,1590,1602,1659,,井伊直政の次男,1301040,,,,,,5,0,54,,90,0,,,,,,
1301043,849,徳川家,石川|清兼,いしかわ|きよかね,石川清兼,,今川家,長篠城,松平家臣。三河石川氏の一族。忠成とも名乗り、家康の伯父。家康誕生時には蟇目の役を務めた。本證寺門徒の連判状では石川氏一族が多数署名し、その筆頭格に名を連ねた。,79,,0,260,51,44,61,52,52,56,,,,,,,,,50,50,37,65,96,balanced,1488,1500,1578,,,,,,,,,5,0,45,,95,0,,,,,,
1301044,850,徳川家,石川|康正,いしかわ|やすまさ,石川康正,,今川家,長篠城,,0,,0,230,43,51,54,41,41,51,,,,,,,,,50,50,46,52,96,balanced,1512,1524,1561,,石川清兼の子,1301043,,,,,,5,0,45,,95,0,,,,,,
1301045,851,徳川家,石川|数正,いしかわ|かずまさ,石川数正,,今川家,長篠城,徳川家臣。家康の側近として外交を担い、浜松移転後は岡崎城代を務める。小牧・長久手後の秀吉との交渉中、突如豊臣方へ出奔。のち信濃松本を領し城郭・城下整備を進めた。,80,,0,363,67,53,78,87,78,73,D,,,D,,,,,50,50,46,38,96,conservative,1533,1545,1592,,石川康正の子。徳川→羽柴,1301044,,,,,,5,0,45,長篠城主,95,300,,,,,,
1301046,852,徳川家,石川|康長,いしかわ|やすなが,石川康長,,今川家,長篠城,松本城主。石川数正の子。父と松本城を築き、家督後は天守・城下町・宿駅を整備。関ヶ原後も所領を保つが、大久保長安事件に連座し改易され、豊後佐伯へ配流された。,77,,0,197,26,36,49,43,43,48,,,,,,,,,50,50,36,67,96,balanced,1554,1566,1642,,石川数正の子,1301045,,,,,,5,0,45,,90,0,,,,,,
1301047,853,徳川家,石川|康勝,いしかわ|やすかつ,石川康勝,,今川家,長篠城,豊臣家臣。石川数正の次男。はじめ結城秀康に従い、のち父とともに秀吉へ仕える。父の遺領一万五千石を継ぎ関ヶ原では徳川方。改易後は大坂の陣で豊臣方に属し戦死した。,79,,0,246,44,41,51,54,56,52,,,,,,,,,50,50,50,40,93,conservative,1556,1568,1615,true,石川数正の子,1301045,,,,,,5,0,45,,90,0,,,,,,
1301048,854,徳川家,石川|家成,いしかわ|いえなり,石川家成,,今川家,長篠城,徳川家康の重臣。寺部城攻めで先鋒を務め、三河一向一揆では改宗して家康方に立つ。鎮圧後は西三河の旗頭として諸将を統率し、掛川城攻略後は城番となって遠江を守った。,79,,0,282,50,59,57,58,58,59,D,,,,,,,,50,50,40,61,89,aggressive,1534,1546,1609,,石川清兼の子,1301043,,,,,,5,0,45,,95,0,,,,,,
1301049,855,徳川家,以心|崇伝,いしん|すうでん,以心崇伝,,浪人,二条城,臨済宗僧。南禅寺住職。家康に招かれて幕政に参与し、寺社行政とキリスト教禁制を担当。武家諸法度・禁中並公家諸法度の制定に関わり、金地院僧録として宗教界も統制した。,80,,0,329,57,21,90,98,63,55,,,,,,,,,50,50,64,27,90,balanced,1569,1581,1633,,京浪人→1608徳川,,,,,,,0,0,26,,90,0,,,,,,
1301050,856,徳川家,板倉|勝重,いたくら|かつしげ,板倉勝重,,今川家,岡崎城,徳川家臣。家康に仕えて京都所司代となり、公家・寺社や西国大名の監視、京都の司法・行政を担った。大坂の陣後も京都統治を任され、幕府の畿内支配を支えた。,74,,0,311,26,29,88,92,76,50,,,,,,,,,57,60,21,75,92,aggressive,1545,1557,1624,,,,,,,,,5,0,48,,95,0,,,,,,
1301051,857,徳川家,伊奈|忠次,いな|ただつぐ,伊奈忠次,,今川家,岡崎城,徳川家臣。家康に仕え五か国総検地や小田原攻めの兵站を担う。関東入国後は小室を拠点に代官頭として検地・治水・新田開発・宿駅整備を進め、幕府地方支配の基礎を築いた。,80,,0,227,25,31,86,55,30,64,,,,,,,,,43,40,30,72,81,aggressive,1550,1562,1610,,,,,,,,,5,0,48,,90,0,,,,,,
1301052,858,徳川家,伊奈|忠政,いな|ただまさ,伊奈忠政,,今川家,岡崎城,武蔵小室藩主。忠次の子。父の跡を継いで代官頭となり関東支配を担った。大坂冬の陣では淀川の堤普請を監督し、夏の陣でも軍功を挙げた。のち鬼怒川の治水にも尽力した。,79,,0,290,43,59,70,57,61,56,,,,,,,,,50,50,36,66,81,aggressive,1585,1597,1618,,伊奈忠次の子,1301051,,,,,,5,0,48,,90,0,,,,,,
1301053,859,徳川家,稲垣|重綱,いながき|しげつな,稲垣重綱,,今川家,岡崎城,上野伊勢崎藩主。稲垣長茂の長男。父の死後に家督を継ぐ。大坂の陣で戦功を挙げ、越後藤井・三条を経て三河刈谷藩主へ転封。大坂城代を務め、二万三千石を領した。,76,,0,237,38,55,49,47,48,51,,,,,,,,,50,50,55,40,85,aggressive,1583,1595,1654,,,,,,,,,5,0,48,,90,0,,,,,,
1301054,860,徳川家,宇津|忠茂,うつ|ただしげ,宇津忠茂,,今川家,長篠城,,0,,0,0,0,0,0,0,0,0,,,,,,,,,0,0,0,0,90,hermit,1476,9999,1547,,,,,,,,,5,0,45,,90,0,,,,,,
1301055,861,徳川家,大久保|忠俊,おおくぼ|ただとし,大久保忠俊,,今川家,長篠城,松平家臣。清康・広忠・家康三代に仕える。広忠の岡崎帰還に尽力した。三河一向一揆では上和田で一揆勢と戦い、平定後は門徒武士や寺院の赦免に努め、和議を仲介した。,78,,0,267,44,46,62,60,55,57,,,,,,,,,50,50,40,61,90,conservative,1499,1511,1581,,宇津忠茂の子,1301054,,,,,,5,0,45,,95,0,,,,,,
1301056,862,徳川家,大久保|忠員,おおくぼ|ただかず,大久保忠員,,今川家,長篠城,松平・徳川家臣。宇津忠茂の子。清康・広忠・家康三代に仕え、蟹江城の戦いで七本槍の一人として奮戦。三河一向一揆では一族と上和田砦を守り、家康方を支えた。,75,,0,262,62,53,44,50,53,58,D,D,,,,,,,50,50,63,80,84,conservative,1511,1523,1583,,宇津忠茂の子,1301054,,,,,,5,0,45,,95,0,,,,,,
1301057,863,徳川家,大久保|忠世,おおくぼ|ただよ,大久保忠世,,今川家,長篠城,徳川家臣。三河一向一揆や三方ヶ原・小牧長久手などを転戦し、二俣城主として武田氏に備えた。家康の関東移封後は小田原城４万５千石を与えられ、西方の要地を任された。,79,,0,297,69,74,52,44,58,60,D,,C,D,D,,,,50,50,40,86,84,balanced,1532,1544,1594,,大久保忠員の子,1301056,,,,,,5,0,45,,95,0,,,,,,
1301058,864,徳川家,大久保|忠隣,おおくぼ|ただちか,大久保忠隣,,今川家,長篠城,徳川家臣。忠世の子。家康の近習として諸戦に従い、政務にも携わった。父の遺領を継ぎ小田原城主となり、秀忠付の重臣として幕政を担ったが、のち改易され近江で蟄居した。,80,,0,276,62,62,63,46,43,45,D,,D,D,,,,,57,60,50,50,80,conservative,1553,1565,1628,,大久保忠世の子,1301057,,,,,,5,0,45,,90,0,,,,,,
1301059,865,徳川家,石川|忠総,いしかわ|ただふさ,石川忠総,,今川家,長篠城,大垣藩主。大久保忠隣の次男。石川家成の養子。大垣城に総堀を築き整備。実父の改易で一時幽閉されたが赦され、大坂の陣で軍功を挙げ日田・佐倉を経て膳所藩主となった。,79,,0,287,51,55,65,61,55,63,,,,,,,,,70,79,51,56,80,conservative,1582,1594,1651,,大久保忠隣の子、石川家成の養子。別名：大久保忠総,1301058,1301048,,,,,5,0,45,,90,0,,,,,,
1301060,866,徳川家,大久保|忠佐,おおくぼ|ただすけ,大久保忠佐,,今川家,長篠城,徳川家臣。忠員の次男。三河一向一揆、長篠、長久手などで戦功を重ねた。関東移封後は上総茂原五千石を領し、関ヶ原後に駿河沼津二万石の城主となった。嗣子なく没した。,79,,0,279,64,74,36,46,59,66,C,,,D,,,,,50,50,45,78,95,aggressive,1537,1549,1613,,大久保忠員の子,1301056,,,,,,5,0,45,,95,0,,,,,,
1301061,867,徳川家,大久保|忠教,おおくぼ|ただたか,大久保忠教,,今川家,岡崎城,徳川家臣。家康に仕え17歳で初陣、各地を転戦。大坂冬・夏の陣では槍奉行、のちに旗奉行を務めた。晩年、徳川家と大久保一族の事績を記した「三河物語」を著した。,76,,0,361,73,80,65,71,72,75,C,,C,D,,,,,57,60,22,90,96,aggressive,1560,1572,1639,,大久保忠員の子,1301056,,,,,,5,0,48,,90,0,,,,,,
1301062,868,徳川家,大須賀|康高,おおすか|やすたか,大須賀康高,,今川家,岡崎城,徳川家臣。姉川・三方ヶ原・長篠に従軍。高天神城攻略の拠点として家康の命で横須賀城を築き初代城主となる。落城後は遠州南部を預かり、新田開発にも尽力した。,75,,0,274,68,71,30,37,68,44,D,D,D,D,,,C,,50,50,48,50,86,aggressive,1527,1539,1589,,,,,,,,,5,0,48,,95,0,,,,,,
1301063,869,徳川家,小笠原|信嶺,おがさわら|のぶみね,小笠原信嶺,,今川家,高天神城,武田家臣。松尾小笠原氏当主。信玄から偏諱を受け、長篠城守備や三河侵攻に従軍した。武田氏滅亡後は家康に属して天正壬午の乱を戦い、関東移封に従い武蔵本庄へ移った。,79,,0,292,56,49,64,54,69,50,,,,,,,,,36,30,53,35,85,conservative,1547,1559,1598,,松尾小笠原家,,,,,,,5,0,71,,95,0,,,,,,
1301064,870,徳川家,奥平|貞勝,おくだいら|さだかつ,奥平貞勝,,今川家,吉田城,三河作手の国人。奥平氏当主。大名の勢力争いの中で松平氏、今川氏に従い、のち武田氏に属した。家の存続を図りながら作手を支配し、子の定能らへ奥平氏の基盤を伝えた。,79,,0,272,38,35,70,68,61,53,,,,,,,,,40,35,36,61,88,conservative,1512,1524,1595,,,,,,,,,5,0,100,,95,0,,,,,,
1301065,871,徳川家,奥平|定能,おくだいら|さだよし,奥平定能,,今川家,吉田城,奥三河国衆。亀山城主。貞勝の子。武田信玄に本領を安堵され武田方に属したが、信玄の死後に離反。家康から所領と信昌への亀姫輿入れを約され、家臣と徳川方へ転じた。,78,,0,252,44,47,49,48,64,60,,,,,,,,,36,30,40,40,68,balanced,1537,1549,1598,,奥平貞勝の子,1301064,,,,,,5,0,100,,95,0,,,,,,
1301066,872,徳川家,奥平|信昌,おくだいら|のぶまさ,奥平信昌,,今川家,吉田城,奥三河の国衆。長篠城主。武田勝頼の大軍に包囲されながら城を守り抜き、長篠の戦いの勝利に貢献。戦後は新城城を築いて城下町を整え、徳川家康の娘・亀姫を娶った。,77,,0,303,71,73,35,52,72,41,C,,D,,,,,,36,30,43,50,68,conservative,1555,1567,1615,,奥平定能の子,1301065,,,,,,5,0,100,,90,0,,,,,,
1301067,873,徳川家,奥平|家昌,おくだいら|いえまさ,奥平家昌,,今川家,吉田城,徳川家臣。宇都宮藩初代藩主。信昌の子。母は家康の娘・亀姫。関ヶ原では秀忠に従い上田城を攻め、宇都宮十万石を領した。寺院再興や大膳市を開設し、商業振興に努めた。,79,,0,261,54,69,40,44,54,58,,,,,,,,,50,50,38,64,68,aggressive,1577,1589,1614,,奥平信昌の子,1301066,,,,,,5,0,100,,90,0,,,,,,
1301068,874,徳川家,奥平|忠昌,おくだいら|ただまさ,奥平忠昌,,今川家,吉田城,下野宇都宮藩主。奥平家昌の長男。父の死後、幼少で宇都宮十万石を継ぐ。一万石加増後に下総古河へ転封。本多正純の改易後に宇都宮へ再封され、十一万石を領した。,76,,0,244,50,63,47,42,42,58,,,,,,,,,50,50,34,69,68,conservative,1608,1614,1668,,奥平家昌の子,1301067,,,,,,5,0,100,,90,0,,,,,,
1301069,875,徳川家,奥平|忠政,おくだいら|ただまさ,奥平忠政,,今川家,吉田城,,0,,0,0,0,0,0,0,0,0,,,,,,,,,0,0,0,0,67,hermit,1580,9999,1614,,奥平信昌の子,1301066,,,,,,5,0,100,,90,0,,,,,,
1301070,876,徳川家,奥平|忠隆,おくだいら|ただたか,奥平忠隆,,今川家,吉田城,,0,,0,172,25,23,43,40,41,59,,,,,,,,,50,50,29,76,67,conservative,1608,1614,1632,,奥平忠政の子,1301069,,,,,,5,0,100,,90,0,,,,,,
1301071,877,徳川家,松平|忠明,まつだいら|ただあき,松平忠明,,今川家,高天神城,徳川家臣。奥平信昌の子。家康の外孫。大坂の陣後に大坂城主となり市街復興を担った。大坂が幕府直轄となると大和郡山へ移り、二ノ丸屋形や城門を整備して城下を拡充した。,80,,0,322,66,50,76,71,59,57,,,,,,,,,50,50,49,48,66,balanced,1583,1592,1644,,奥平信昌の子、松平元信の養子。別名：奥平忠明,1301066,1301006,,,,,5,0,71,,90,0,,,,,,
1301072,878,徳川家,奥平|貞治,おくだいら|さだはる,奥平貞治,,今川家,高天神城,徳川家臣。奥平貞勝の子。関ヶ原の戦いでは、家康の命で小早川秀秋勢を監視した。小早川勢が東軍へ転じると先頭に立って大谷吉継勢と戦い、玉村付近で討死したと伝わる。,79,,0,263,44,64,65,51,39,54,,,,,,,,,40,35,24,78,88,aggressive,1540,1552,1600,,奥平貞勝の子,1301064,,,,,,5,0,71,,95,0,,,,,,
1301073,879,徳川家,高力|清長,こうりき|きよなが,高力清長,,今川家,岡崎城,徳川家臣。三河一向一揆で家康方として戦い、のち本多重次・天野康景と三河三奉行を務め民政を担う。遠江・駿河経略や小田原征伐にも従い、関東移封後は岩槻を領した。,78,,0,375,75,63,81,85,71,69,D,,D,,,,,,50,50,14,69,92,conservative,1530,1542,1608,,,,,,,,,5,0,48,,95,0,,,,,,
1301074,880,徳川家,高力|正長,こうりき|まさなが,高力正長,,今川家,岡崎城,,0,,0,0,0,0,0,0,0,0,,,,,,,,,0,0,0,0,0,hermit,1558,9999,1599,,高力清長の子,1301073,,,,,,5,0,48,,90,0,,,,,,
1301075,881,徳川家,高力|忠房,こうりき|ただふさ,高力忠房,,今川家,岡崎城,徳川家臣。正長の子。祖父・清長の跡を継いで岩槻藩主となり、のち浜松城主へ転じた。島原・天草一揆後は島原を領し、荒廃した農村へ移住民を招いて復興。社寺も再興した。,80,,0,320,56,51,74,73,66,60,,,,,,,,,50,50,20,90,92,hermit,1584,1596,1656,,高力正長の子,1301074,,,,,,5,0,48,,90,0,,,,,,
1301076,882,徳川家,近藤|康用,こんどう|やすもち,近藤康用,,今川家,犬居城,,0,,0,221,30,48,53,47,43,59,,,,,,,,,50,50,28,78,90,balanced,1517,1529,1588,,,,,,,,,5,0,54,,95,0,,,,,,
1301077,883,徳川家,酒井|忠次,さかい|ただつぐ,酒井忠次,,今川家,吉田城,徳川家臣。家康の人質時代から仕え、吉田城主として東三河衆を統率。三河一向一揆・姉川・三方ヶ原を転戦し、長篠では鳶ヶ巣山砦への奇襲を指揮して勝利に貢献した。,77,,0,384,83,74,67,75,85,68,C,,,C,,,,,57,60,31,69,88,conservative,1527,1539,1596,,,,,,,,,5,0,100,,95,300,,,,,,
1301078,884,徳川家,酒井|家次,さかい|いえつぐ,酒井家次,,今川家,吉田城,徳川家臣。吉田城主。酒井忠次の子。長篠で功を立て父の家督を継承。家康の関東移封で下総臼井へ移り、のちに高崎五万石、大坂の陣後は越後高田十万石を領した。,75,,0,244,48,49,51,48,48,53,,,,,,,,,50,50,40,61,88,conservative,1564,1576,1618,,酒井忠次の子,1301077,,,,,,5,0,100,,90,0,,,,,,
1301079,885,徳川家,酒井|忠勝,さかい|ただかつ,酒井小五郎,,今川家,吉田城,,0,,0,0,0,0,0,0,0,0,,,,,,,,,0,0,0,0,88,hermit,1594,9999,1647,,酒井家次の子,1301078,,,,,,5,0,100,,90,0,,,,,,
1301080,886,徳川家,酒井|忠当,さかい|ただまさ,酒井忠当,,今川家,吉田城,出羽庄内藩主。酒井忠勝の子。父の跡を継いで鶴岡藩主となり、遺志に従って弟二人へ新田を分知。岳父松平信綱の指導を受けて法令を整え、庄内藩の統治体制を整備した。,78,,0,226,47,31,53,45,50,59,,,,,,,,,65,71,49,55,88,conservative,1617,1629,1660,,酒井小五郎の子,1301079,,,,,,5,0,100,,90,0,,,,,,
1301081,887,徳川家,本多|康俊,ほんだ|やすとし,本多康俊,,今川家,長篠城,徳川家臣。酒井忠次の次男。本多忠次の養子。関ヶ原で功を立て三河西尾二万石を領した。西尾では矢作川の新川開削を進め、大坂の陣後は近江膳所三万石へ加増転封された。,79,,0,298,70,57,53,57,61,56,,,,,,,,,50,50,52,44,86,balanced,1569,1581,1621,,酒井忠次の子、本多忠次（未登場）の養子。別名：酒井康俊,1301077,,,,,,5,0,45,,90,0,,,,,,
1301082,888,徳川家,小笠原|信之,おがさわら|のぶゆき,小笠原信之,,今川家,長篠城,酒井忠次の三男。徳川家康の命で小笠原信嶺の養子となり、武蔵本庄を領した。会津征伐と関ヶ原では徳川秀忠に従って転戦し、のち下総古河二万石を与えられ藩主となった。,79,,0,257,60,55,42,46,54,59,,,,,,,,,50,50,31,73,84,conservative,1570,1582,1614,,酒井忠次の子、小笠原信嶺の養子,1301077,1301063,,,,,5,0,45,,90,0,,,,,,
1301083,889,徳川家,小笠原|政信,おがさわら|まさのぶ,小笠原政信,,今川家,長篠城,下総古河藩主。小笠原信之の子。幼くして父の遺領を継ぎ、大坂の陣に出陣した。日光東照宮へ社参する徳川秀忠を古河城で饗応し、のち下総関宿二万二千七百石へ移封された。,80,,0,261,56,38,54,59,54,60,,,,,,,,,50,50,20,89,84,balanced,1607,1614,1640,,小笠原信之の子。小笠原信嶺の養子,1301082,1301063,,,,,5,0,45,,90,0,,,,,,
1301084,890,雅楽頭酒井家,酒井|正親,さかい|まさちか,酒井正親,,今川家,駿府城,松平・徳川家臣。清康・広忠・家康の三代に仕えた。家康の東三河進出に従い吉良義昭の西条城を攻略し、城主となった。のち城は西尾城と呼ばれ、当地支配を担った。,76,,0,270,57,48,58,51,56,57,,,,,,,,,47,46,33,70,82,balanced,1521,1533,1576,,,,,,,,,5,0,13,,95,0,,,,,,
1301085,891,雅楽頭酒井家,酒井|重忠,さかい|しげただ,酒井重忠,,今川家,駿府城,徳川家臣。酒井正親の次男。姉川・長久手で戦い、父の死後は西尾城主となった。関東移封後は川越一万石を領して商人を集めた。のちに上野厩橋三万三千石へ加増転封された。,80,,0,299,64,49,61,63,62,58,,,,,,,,,47,45,22,84,88,balanced,1549,1561,1617,,酒井正親の子,1301084,,,,,,5,0,13,,90,0,,,,,,
1301086,892,雅楽頭酒井家,酒井|忠世,さかい|ただよ,酒井忠世,,今川家,駿府城,徳川家臣。酒井重忠の子。家康に仕え、のち秀忠付の家老となった。父の遺領を継いで厩橋城主となり、老中として幕政を支えた。加増を重ね十二万二千五百石余を領した。,78,,0,290,34,31,76,76,73,50,,,,,,,,,50,50,44,55,92,conservative,1572,1584,1636,,酒井重忠の子,1301085,,,,,,5,0,13,,90,0,,,,,,
1301087,893,雅楽頭酒井家,西尾|忠永,にしお|ただなが,西尾忠永,,今川家,駿府城,徳川家臣。酒井重忠の三男。西尾吉次の養子となり、関ヶ原の戦いに従軍した。奏者番・書院番頭を務めて原市藩主となり、大坂の陣で戦功を挙げ、常陸土浦へ加増転封された。,80,,0,258,55,34,57,57,55,58,,,,,,,,,50,50,38,63,93,conservative,1584,1596,1620,,酒井重忠の子。別名：酒井忠康,1301085,,,,,,5,0,13,,90,0,,,,,,
1301088,894,雅楽頭酒井家,酒井|忠利,さかい|ただとし,酒井忠利,,今川家,駿府城,徳川家臣。酒井正親の子。家康に仕え駿河田中城主を務めた。のち武蔵川越二万石へ入り検地を実施し、喜多院を復興。二度の加増で三万七千石となり、家光を補佐した。,77,,0,226,53,31,57,46,39,57,,,,,,,,,47,46,36,65,82,conservative,1559,1571,1627,,酒井正親の子,1301084,,,,,,5,0,13,,90,0,,,,,,
1301089,895,徳川家,酒井|忠勝,さかい|ただかつ,酒井忠勝,,今川家,駿府城,徳川家臣。酒井忠利の子。家光の側近として老中・大老を務め、若狭小浜12万石余を領した。家光の没後は遺命を受けて家綱を補佐し、幕政の安定に尽力した。,72,,0,314,48,35,86,74,71,56,,,,,,,,,47,45,39,61,82,conservative,1587,1599,1662,,酒井忠利の子,1301088,,,,,,5,0,13,,90,0,,,,,,
1301090,896,徳川家,榊原|康政,さかきばら|やすまさ,榊原康政,,今川家,岡崎城,徳川四天王の一人。姉川・三方ヶ原・長篠などで先鋒を務め、小牧・長久手では檄文で秀吉を激怒させた。家康の関東移封後は館林10万石を領し、城下町整備や検地を進めた。,79,,0,404,85,83,76,80,80,77,C,D,,C,,,,猛将,50,50,40,61,90,aggressive,1548,1560,1606,,,,,,,,,5,0,48,,95,0,,,,,,
1301091,897,徳川家,大須賀|忠政,おおすか|ただまさ,大須賀忠政,,今川家,岡崎城,徳川家臣。榊原康政の子。大須賀康高の養子となり横須賀城主を継いだ。関東移封後は上総久留里を領し、関ヶ原後に遠江横須賀へ復帰。城下の町割や侍町整備を進めた。,77,,0,296,55,55,75,63,48,59,,,,,,,,,54,55,45,55,86,conservative,1581,1593,1607,,榊原康政の子、大須賀康高の養子。別名：榊原忠政,1301090,1301062,,,,,5,0,48,,90,0,,,,,,
1301092,898,徳川家,榊原|忠次,さかきばら|ただつぐ,榊原忠次,,今川家,岡崎城,榊原氏当主。大須賀忠政の子。幼くして横須賀藩主となり、叔父・榊原康勝の死後は榊原家を継承。館林から白河十四万石、姫路十五万石へ移封され、将軍後見役を務めた。,78,,0,302,56,48,70,67,61,58,,,,,,,,,65,71,58,42,91,aggressive,1605,1617,1665,,大須賀忠政の子、榊原康勝の跡を継ぐ,1301091,1301093,,,,,5,0,48,,90,0,,,,,,
1301093,899,徳川家,榊原|康勝,さかきばら|やすかつ,榊原康勝,,今川家,岡崎城,館林藩2代藩主。榊原康政の三男。父の死後10万石を継いだ。大坂冬の陣では佐竹義宣を救援。夏の陣では木村重成と戦い天王寺・岡山にも参戦したが、戦後まもなく病没した。,80,,0,291,66,69,52,52,52,57,,D,,,,,,,50,50,48,50,90,aggressive,1590,1602,1615,,榊原康政の子,1301090,,,,,,5,0,48,,90,0,,,,,,
1301094,900,徳川家,鈴木|重好,すずき|しげよし,鈴木重好,,今川家,犬居城,,0,,0,245,44,59,56,46,40,59,,,,,,,,,50,50,32,72,90,aggressive,1548,1560,1635,,,,,,,,,5,0,54,,95,0,,,,,,
1301095,901,徳川家,竹腰|正信,たけのこし|まさのぶ,竹腰正信,,今川家,岡崎城,尾張藩付家老。徳川義直の同母兄。家康に仕え、成瀬正成とともに義直へ付属された。美濃今尾三万石を領し藩政の指導監督を担う。竹腰家は成瀬家と並ぶ両家年寄となった。,79,,0,219,34,19,63,50,53,54,,,,,,,,,68,75,40,69,88,aggressive,1591,1603,1645,,,,,,,,,5,0,48,,90,0,,,,,,
1301096,902,徳川家,戸田|氏鉄,とだ|うじかね,戸田氏鉄,,今川家,岡崎城,徳川家臣。大坂の陣後に近江膳所を領し、のちに尼崎へ移って新城を築き大坂西方を守った。大坂城普請奉行も務め、さらに美濃大垣へ転封され大垣藩戸田氏の祖となった。,78,,0,282,59,52,62,58,51,58,,,,,,,,,50,50,39,62,89,conservative,1576,1588,1655,,,,,,,,,5,0,48,,90,0,,,,,,
1301097,903,徳川家,戸田|氏信,とだ|うじのぶ,戸田氏信,,今川家,岡崎城,美濃大垣藩二代藩主。戸田氏鉄の長男。父の死後に家督を継ぎ、三人の弟へ新墾地一万三千石を分与。家臣団の編制を整え、法令集「定帳」を制定して藩政の基盤を固めた。,78,,0,223,40,37,51,48,47,58,,,,,,,,,50,50,34,70,89,conservative,1600,1612,1681,,戸田氏鉄の子,1301096,,,,,,5,0,48,,90,0,,,,,,
1301098,904,徳川家,戸田|忠次,とだ|ただつぐ,戸田忠次,,今川家,岡崎城,,0,,0,235,51,68,32,41,43,67,,,,,,,,,36,30,71,67,79,aggressive,1531,1543,1597,,,,,,,,,5,0,48,,95,0,,,,,,
1301099,905,徳川家,戸田|尊次,とだ|たかつぐ,戸田尊次,,今川家,岡崎城,,0,,0,211,48,52,38,35,38,57,,,,,,,,,50,50,40,46,79,balanced,1565,1577,1615,,戸田忠次の子,1301098,,,,,,5,0,48,,90,0,,,,,,
1301100,906,徳川家,戸田|忠能,とだ|ただよし,戸田忠能,,今川家,岡崎城,,0,,0,224,51,29,56,47,41,56,,,,,,,,,50,50,49,33,79,aggressive,1586,1598,1647,,戸田尊次の子,1301099,,,,,,5,0,48,,90,0,,,,,,
1301101,907,徳川家,戸田|康長,とだ|やすなが,戸田康長,1574:松平|0:まつだいら|0,今川家,岡崎城,徳川家臣。忠重の子。家康の異父妹・松姫を妻とし、他家では初めて松平姓を許される。関東入国後に武蔵一万石を得て各地を転封し、上野高崎から信濃松本七万石へ移った。,79,,0,266,51,64,52,49,50,60,,,,,,,,,50,50,22,87,88,aggressive,1562,1574,1633,,戸田忠重（未登場）の子。別名：松平康長,,,,,,,5,0,48,,90,0,,,,,,
1301102,908,徳川家,鳥居|忠吉,とりい|ただよし,鳥居忠吉,,今川家,岡崎城,松平家臣。岡崎奉行衆。主家が今川氏の支配下にある中、留守の岡崎城で年貢・訴訟を担った。倹約して武具・米穀・銭を蓄え、のちに家康が自立する際の軍資を支えた。,77,,0,277,62,56,63,46,50,56,D,,,D,,,,,36,30,11,95,90,aggressive,1493,1505,1572,,,,,,,,,5,0,48,,95,0,,,,,,
1301103,909,徳川家,鳥居|元忠,とりい|もとただ,鳥居元忠,,今川家,岡崎城,徳川家臣。忠吉の子。姉川・三方ヶ原・長篠などで戦功を重ね、小田原攻めでは津久井・岩槻城を攻略。関ヶ原前には伏見城を千八百で守り、四万の西軍に抗戦して戦死した。,79,,0,272,64,77,46,39,46,61,C,,,D,,,,,50,50,4,97,90,conservative,1539,1551,1600,true,鳥居忠吉の子,1301102,,,,,,5,0,48,,95,0,,,,,,
1301104,910,徳川家,鳥居|成次,とりい|なりつぐ,鳥居成次,,今川家,岡崎城,徳川家臣。谷村藩主。元忠の子。関ヶ原後に甲斐郡内を与えられ谷村を拠点とした。富士御室浅間神社を修理し、のち忠長の付家老となって甲斐・駿河で三万五千石を領した。,79,,0,250,61,58,49,42,40,60,,,,,,,,,50,50,17,93,90,balanced,1570,1582,1631,,鳥居元忠の子,1301103,,,,,,5,0,48,,90,0,,,,,,
1301105,911,徳川家,内藤|清長,ないとう|きよなが,内藤清長,,今川家,岡崎城,,0,,0,0,0,0,0,0,0,0,,,,,,,,,0,0,0,0,95,hermit,1501,9999,1564,,,,,,,,,5,0,48,,90,0,,,,,,
1301106,912,徳川家,内藤|家長,ないとう|いえなが,内藤家長,,今川家,岡崎城,徳川家臣。内藤清長の子。家康の関東入国に伴い上総佐貫城主となり二万石を領した。関ヶ原前哨戦では鳥居元忠らと伏見城を守り、西軍の大軍に抗戦して落城時に自害した。,79,,0,228,51,69,35,27,46,47,,,,,,,,,36,30,22,65,95,aggressive,1546,1558,1600,true,内藤清長の子,1301105,,,,,,5,0,48,,95,0,,,,,,
1301107,913,徳川家,内藤|政長,ないとう|まさなが,内藤政長,,今川家,岡崎城,徳川家臣。内藤家長の子。父とともに家康に仕え長久手や会津攻めに従軍。父が伏見城で戦死すると上総佐貫二万石を継ぎ、のち陸奥磐城平七万石へ加増転封された。,75,,0,215,53,38,44,40,40,47,,,,,,,,,50,50,55,40,95,balanced,1568,1580,1634,,内藤家長の子,1301106,,,,,,5,0,48,,90,0,,,,,,
1301108,914,徳川家,内藤|忠興,ないとう|ただおき,内藤忠興,,今川家,岡崎城,磐城平藩二代藩主。政長の子。総検地「寛永寅の縄」や小川江の開削、平藩初の成文法「壁書」を進めて藩制を整えた。二度大坂城代を務め、『磐城風土記』の編纂も命じた。,79,,0,262,45,66,52,49,50,55,,,,,,,,,50,50,43,56,95,conservative,1592,1604,1674,,内藤政長の子,1301107,,,,,,5,0,48,,90,0,,,,,,
1301109,915,徳川家,内藤|清成,ないとう|きよなり,内藤清成,,今川家,岡崎城,徳川家臣。家康側近。秀忠の傅役を務め、関東入国後は相模五千石を領す。青山忠成らと関八州の庶務を担い、のち関東総奉行として江戸市中まで統括し二万一千石に加増。,78,,0,275,35,43,72,67,58,56,,,,,,,,,50,50,48,50,80,conservative,1555,1567,1608,,高遠内藤家,,,,,,,5,0,48,,90,0,,,,,,
1301110,916,徳川家,永井|直勝,ながい|なおかつ,永井直勝,,今川家,岡崎城,徳川家臣。信康に付属後、家康の近臣となり小牧・長久手で池田恒興を討ち取った。対豊臣氏の外交にも携わり、小幡・笠間を経て下総古河七万二千石を領し評定衆に列した。,79,,0,311,66,71,55,58,61,60,,D,,D,,,,,50,50,56,38,90,aggressive,1563,1575,1625,,,,,,,,,5,0,48,,90,0,,,,,,
1301111,917,徳川家,長坂|信政,ながさか|のぶまさ,長坂信政,,今川家,岡崎城,,0,,0,251,59,84,24,31,53,64,C,,,,C,,,朱槍,50,50,36,67,95,aggressive,1519,1531,1572,,,,,,,,,5,0,48,,95,0,,,,,,
1301112,918,徳川家,成瀬|正成,なるせ|まさなり,成瀬正成,,今川家,岡崎城,徳川家臣。家康の小姓となり、小牧・長久手を初陣に歴戦。駿府で年寄を務め、義直の付家老として尾張藩政を担う。大坂の陣後、秀忠から犬山城を拝領し成瀬家の祖となった。,80,,0,380,80,72,78,76,74,68,D,C,A,,,,,,57,60,42,61,82,balanced,1567,1579,1625,,,,,,,,,5,0,48,,90,0,,,,,,
1301113,919,徳川家,南光坊|天海,なんこうぼう|てんかい,南光坊天海,,浪人,黒川城,天台宗の僧。徳川家康に重んじられ政務に関わり、家康の没後は日光への改葬を主導した。上野に寛永寺を開き、日光山の整備や大蔵経刊行に尽力。徳川三代を宗教面で支えた。,80,,0,280,21,21,87,85,66,65,,,,,,,,,50,50,64,27,89,hermit,1536,1548,1643,,蘆名氏浪人→徳川,,,,,,,0,0,61,,95,0,,,,,,
1301114,920,徳川家,服部|保長,はっとり|やすなが,服部保長,,今川家,岡崎城,,0,,0,219,38,62,28,30,61,44,,,,,,A,,,50,50,43,65,94,hermit,1513,1525,1565,,,,,,,,,5,0,48,,95,0,,,,,,
1301115,921,徳川家,服部|正成,はっとり|まさなり,服部正成,,今川家,岡崎城,徳川家臣。服部保長の子。姉川・三方ヶ原で戦い、本能寺の変では堺滞在中の家康の伊賀越えを助け三河へ帰還させた。関東移封後は与力三十騎・伊賀同心二百人を率いた。,78,,0,256,65,79,22,31,59,51,C,,,,,S,,鬼|踏破,50,50,23,95,90,hermit,1542,1554,1596,,服部保長の子。別名：服部半蔵,1301114,,,,,,5,0,48,,95,0,,,,,,
1301116,922,徳川家,服部|正就,はっとり|まさなり,服部正就,,今川家,岡崎城,徳川家臣。服部正成の長男。父の死後に家督と半蔵の名跡を継ぎ、伊賀同心を率いるが統率問題から改易。岳父松平定勝に預けられ、再起を期して大坂の陣に参戦し討死した。,79,,0,135,32,50,11,18,24,39,,,,,,C,,,50,50,43,85,90,hermit,1576,1588,1615,true,服部正成の子,1301115,,,,,,5,0,48,,90,0,,,,,,
1301117,923,徳川家,林|羅山,はやし|らざん,林羅山,,浪人,二条城,儒者。藤原惺窩に朱子学を学び、４代将軍に仕えた。法令文書を起草し、「寛永諸家系図伝」を編纂。上野忍岡に学塾と孔子廟を設け、林家による幕府教学の基礎を築いた。,78,,0,292,50,22,80,77,63,59,,,,,,,,,64,70,65,32,90,hermit,1583,1595,1657,,京浪人→1605徳川,,,,,,,0,0,26,,90,0,,,,,,
1301118,924,徳川家,平岩|親吉,ひらいわ|ちかよし,平岩親吉,,今川家,岡崎城,徳川家臣。家康の幼少期から近侍し、長男・信康の傅役を務めた。のちに八男仙千代を養子に迎えた。九男義直の傅役にも任じられ、尾張入封後は犬山城主として藩政を支えた。,80,,0,289,46,47,72,66,58,59,,,,,,,,,36,30,21,89,90,conservative,1542,1554,1611,,,,,,,,,5,0,48,,95,0,,,,,,
1301119,925,本多宗家,本多|助政,ほんだ|すけまさ,本多助政,,今川家,岡崎城,,0,,0,0,0,0,0,0,0,0,,,,,,,,,0,0,0,0,14,hermit,1400,9999,1430,,,,,,,,,5,0,48,,90,0,,,,,,
1301120,926,本多宗家,本多|定通,ほんだ|さだみち,本多定通,,今川家,岡崎城,,0,,0,0,0,0,0,0,0,0,,,,,,,,,0,0,0,0,14,hermit,1400,9999,1430,,本多助政の子,1301119,,,,,,5,0,48,,90,0,,,,,,
1301121,927,本多宗家,本多|定助,ほんだ|さだすけ,本多定助,,今川家,岡崎城,,0,,0,0,0,0,0,0,0,0,,,,,,,,,0,0,0,0,14,hermit,1400,9999,1430,,本多定通の子孫,1301120,,,,,,5,0,48,,90,0,,,,,,
1301122,928,本多宗家,本多|助時,ほんだ|すけとき,本多助時,,今川家,岡崎城,,0,,0,0,0,0,0,0,0,0,,,,,,,,,0,0,0,0,14,hermit,1400,9999,1430,,本多定助の子,1301121,,,,,,5,0,48,,90,0,,,,,,
1301123,929,本多宗家,本多|忠豊,ほんだ|ただとよ,本多忠豊,,今川家,岡崎城,,0,,0,0,0,0,0,0,0,0,,,,,,,,,0,0,0,0,14,hermit,1400,9999,1430,,本多助時の子孫,1301122,,,,,,5,0,48,,90,0,,,,,,
1301124,930,本多宗家,本多|忠高,ほんだ|ただたか,本多忠高,,今川家,岡崎城,松平家臣。忠豊の子。松平広忠に仕え、織田氏との戦いに従軍。小豆坂の戦いで討死し、幼い忠勝は叔父・忠真に育てられた。,57,,0,318,67,70,67,61,53,59,C,,,,,,,,50,50,28,78,90,aggressive,1526,1538,1549,,本多忠豊の子,1301123,,,,,,5,0,48,,95,0,,,,,,
1301125,931,本多宗家,本多|忠勝,ほんだ|ただかつ,本多忠勝,,今川家,岡崎城,徳川家臣。徳川四天王の一人。姉川・三方ヶ原・長篠・小牧長久手など各地で奮戦し、家康の覇業を軍事面で支えた。関ヶ原でも戦い、戦後は伊勢桑名10万石を領した。,76,,0,356,82,99,56,48,71,74,S,A,,A,B,,,三河の鹿,50,50,45,94,90,aggressive,1548,1560,1610,,本多忠高の子,1301124,,,,,,5,0,48,,95,0,,,,,,
1301126,932,本多宗家,本多|忠政,ほんだ|ただまさ,本多忠政,,今川家,岡崎城,本多忠勝の子。関ヶ原・大坂の陣で徳川方として戦い、父の跡を継いで桑名藩主となる。のちに播磨姫路15万石を領した。,55,,0,326,74,80,50,60,62,55,C,D,D,,,,,,57,60,35,72,91,conservative,1575,1587,1631,,本多忠勝の子,1301125,,,,,,5,0,48,,90,0,,,,,,
1301127,933,本多宗家,本多|政朝,ほんだ|まさとも,本多政朝,,今川家,岡崎城,播磨姫路藩主。本多忠政の次男。叔父忠朝の戦死後に上総大多喜藩を継ぎ、播磨龍野五万石へ転封。兄忠刻に先立たれ、父の死後は姫路十五万石の本家を継ぎ、藩主となった。,79,,0,226,40,50,51,44,41,61,,,,,,,,,55,57,35,70,91,conservative,1599,1611,1638,,本多忠政の子,1301126,,,,,,5,0,48,,90,0,,,,,,
1301128,934,本多宗家,本多|忠朝,ほんだ|ただとも,本多忠朝,,今川家,岡崎城,徳川家臣。本多忠勝の次男。関ヶ原で初陣を飾り大多喜城主となる。大坂夏の陣では天王寺口で豊臣軍と激戦を繰り広げ、毛利勝永勢との戦闘で討死した。,70,,0,314,67,77,63,52,55,63,,C,D,B,,,,,50,50,44,55,92,aggressive,1582,1594,1615,true,本多忠勝の子,1301125,,,,,,5,0,48,,90,0,,,,,,
1301129,935,本多重次家,本多|正時,ほんだ|まさとき,本多正時,,今川家,岡崎城,,0,,0,0,0,0,0,0,0,0,,,,,,,,,0,0,0,0,14,hermit,1400,9999,1430,,本多定助の子,1301121,,,,,,5,0,48,,90,0,,,,,,
1301130,936,本多重次家,本多|重正,ほんだ|しげまさ,本多重正,,今川家,岡崎城,,0,,0,0,0,0,0,0,0,0,,,,,,,,,0,0,0,0,14,hermit,1400,9999,1430,,本多正時の子孫,1301129,,,,,,5,0,48,,90,0,,,,,,
1301131,937,本多重次家,本多|重次,ほんだ|しげつぐ,本多重次,,今川家,岡崎城,徳川家臣。通称作左衛門。三河一向一揆や掛川城攻めで活躍し、高力清長・天野康景と岡崎三奉行を務めた。剛毅な性格から「鬼作左」と恐れられ、豊臣秀吉の命で蟄居した。,79,,0,278,56,63,67,55,37,49,D,,D,,,,,,50,50,44,78,89,aggressive,1529,1541,1596,,本多重正の子,1301130,,,,,,5,0,48,,95,0,,,,,,
1301132,938,本多正信家,本多|定政,ほんだ|さだまさ,本多定政,,今川家,岡崎城,,0,,0,0,0,0,0,0,0,0,,,,,,,,,0,0,0,0,14,hermit,1400,9999,1430,,本多助政の子,1301119,,,,,,5,0,48,,90,0,,,,,,
1301133,939,本多正信家,本多|俊正,ほんだ|としまさ,本多俊正,,今川家,岡崎城,,0,,0,0,0,0,0,0,0,0,,,,,,,,,0,0,0,0,14,hermit,1400,9999,1430,,本多定政の子孫,1301132,,,,,,5,0,48,,90,0,,,,,,
1301134,940,本多正信家,本多|正信,ほんだ|まさのぶ,本多正信,,今川家,岡崎城,徳川家臣。三河一向一揆では一揆方に属して出奔したが、のちに帰参して家康の側近となる。関東移封後は関東総奉行を務め、秀忠の代にも幕政の中枢で政策・政務を担った。,79,,0,335,27,26,93,95,94,34,,,,,,,,,36,30,77,53,90,hermit,1538,1550,1616,,本多俊正の子,1301133,,,,,,5,0,48,,95,0,,,,,,
1301135,941,本多正信家,本多|正純,ほんだ|まさずみ,本多正純,,今川家,岡崎城,徳川家臣。家康の側近として国政に参与。大坂冬の陣後は大坂城惣堀を埋立て、家康の没後は葬儀・東照社造営を指揮。宇都宮15万石余へ加増されたが改易され横手で没した。,79,,0,290,31,31,79,85,64,48,,,,,,,,,50,50,56,38,85,conservative,1565,1577,1637,,本多正信の子,1301134,,,,,,5,0,48,,90,0,,,,,,
1301136,942,本多正信家,本多|政重,ほんだ|まさしげ,本多政重,,今川家,岡崎城,本多正信の次男。家康を離れて宇喜多秀家・福島正則・前田利長らに仕え、直江兼続の婿となって上杉家にも仕官。妻の死後は前田家へ戻り、加賀藩の国老として重きをなした。,80,,0,273,37,66,51,57,62,56,,,,,,,,,50,50,55,40,84,aggressive,1580,1592,1647,,本多正信の子,1301134,,,,,,5,0,48,,90,0,,,,,,
1301137,943,本多正信家,本多|忠純,ほんだ|ただずみ,本多忠純,,今川家,岡崎城,下野皆川藩初代藩主。本多正信の三男。家康に仕え下野榎本一万石を領して大名となる。大坂夏の陣の戦功で一万八千石を加増され皆川へ移るが、のちに家臣に殺害された。,78,,0,178,27,66,33,25,27,43,,,,,,,,,50,50,55,40,83,aggressive,1586,1598,1632,,本多正信の子,1301134,,,,,,5,0,48,,90,0,,,,,,
1301138,944,本多豊後守家,本多|康重,ほんだ|やすしげ,本多康重,,今川家,岡崎城,徳川家臣。本多広孝の子。高天神城攻めや小牧・長久手で戦功を挙げ、父の跡を継いだ。家康の関東移封後は上野白井を領し、関ヶ原後に岡崎五万石へ加増転封された。,76,,0,273,64,61,49,48,51,59,D,,,,,,,,54,55,33,72,90,aggressive,1554,1562,1611,,,,,,,,,5,0,48,,90,0,,,,,,
1301139,945,本多豊後守家,本多|康紀,ほんだ|やすのり,本多康紀,,今川家,岡崎城,三河岡崎藩主。本多康重の長男。父の死後に家督を継ぐ。大坂冬の陣では備前島に出陣し、夏の陣でも大野治房勢と戦って武功を挙げた。岡崎城を修築し三層の天守を再建した。,80,,0,239,42,49,57,49,42,55,,,,,,,,,54,56,35,70,90,balanced,1579,1591,1623,,本多康重の子,1301138,,,,,,5,0,48,,90,0,,,,,,
1301140,946,徳川家,牧野|康成,まきの|やすなり,牧野康成,,今川家,岡崎城,徳川家臣。大胡藩初代藩主。家康の東海道平定戦で武功を挙げ、関東移封に伴い上野大胡二万石を領した。大胡城を居城とし、城下の町割を整えて近世大胡の基礎を築いた。,78,,0,253,54,54,42,47,56,52,D,D,D,,,,,,36,30,35,61,91,balanced,1555,1567,1609,,,,,,,,,5,0,48,,90,0,,,,,,
1301141,947,徳川家,牧野|忠成,まきの|ただなり,牧野忠成,,今川家,岡崎城,徳川家臣。牧野康成の子。父の跡を継ぎ大胡藩主となり、のち越後長峰を経て長岡藩初代藩主となった。長岡城を完成させ、家臣屋敷や町割を整備し、新田開発にも努めた。,78,,0,278,61,51,61,56,49,58,,,,,,,,,45,43,39,60,91,conservative,1581,1593,1655,,牧野康成の子,1301140,,,,,,5,0,48,,90,0,,,,,,
1301142,948,徳川家,三宅|康信,みやけ|やすのぶ,三宅康信,,今川家,岡崎城,徳川家臣。三宅康貞の子。父とともに家康に仕え、関ヶ原や大坂の陣に従軍。父の跡を継いで三河挙母一万石を領し、のち伊勢亀山へ転封され一万二千石となり藩祖となった。,79,,0,224,48,56,43,38,39,49,,,,,,,,,40,36,41,55,90,aggressive,1563,1575,1632,,,,,,,,,5,0,48,,90,0,,,,,,
1301143,949,徳川家,渡辺|守綱,わたなべ|もりつな,渡辺守綱,,今川家,岡崎城,徳川家臣。槍の半蔵。家康に仕え、今川氏真との戦いで殿を務めて奮戦し異名を得た。長篠・小牧長久手でも活躍し、のちに尾張徳川家へ付属され寺部を領して重臣となった。,79,,0,223,60,82,24,24,33,57,C,,,D,C,,,,36,30,40,69,92,balanced,1542,1554,1620,,,,,,,,,5,0,48,,95,0,,,,,,
1302001,950,大給松平家,大給|親忠,おぎゅう|ちかただ,大給親忠,,大給家,岡崎城,,0,,0,0,0,0,0,0,0,0,,,,,,,,,0,0,0,0,93,hermit,1431,9999,1501,,,,,,,,,0,68,48,,50,0,,,,,,
1302002,951,大給松平家,大給|乗元,おぎゅう|のりもと,大給乗元,,大給家,岡崎城,,0,,0,236,48,53,53,36,46,45,,,,,,,,,26,16,48,52,93,balanced,1446,1458,1537,,大給親忠の子。別名：松平乗元,1302001,,,,,,0,68,48,,50,0,,,,,,
1302003,952,大給松平家,大給|乗正,おぎゅう|のりまさ,大給乗正,,大給家,岡崎城,,0,,0,258,55,58,55,42,48,49,,,,,,,,,26,16,36,61,93,balanced,1482,1494,1541,,大給乗元の子。別名：松平乗正,1302002,,,,,,0,68,48,,50,0,,,,,,
1302004,953,大給松平家,大給|乗勝,おぎゅう|のりかつ,大給乗勝,,大給家,岡崎城,,0,,0,0,0,0,0,0,0,0,,,,,,,,,0,0,0,0,93,hermit,1496,9999,1524,,大給乗正の子。別名：松平乗勝,1302003,,,,,,0,68,48,,50,0,,,,,,
1302005,954,大給松平家,大給|親乗,おぎゅう|ちかのり,大給親乗,,大給家,岡崎城,大給松平家当主。大給城主。乗勝の子。別名・松平親乗。松平清康に従って宇利城攻めで戦功を立てた。のちに滝脇松平氏と戦い、同族間の争いの中で大給家を率いた。,76,,0,247,54,62,48,38,45,49,,,,,,,,,37,32,47,45,93,balanced,1515,1527,1577,,大給乗勝の子。別名：松平親乗,1302004,,,,,,0,68,48,大給家当主,50,300,,,,,,
1302006,955,大給松平家,大給|真乗,おぎゅう|さねのり,大給真乗,,大給家,岡崎城,徳川家臣。大給親乗の子。松平真乗とも称した。家康に仕え、遠江小山城攻めや姉川の戦いで功を挙げ、長篠の戦いにも従軍。大給松平氏の有力武将として各地を転戦した。,78,,0,278,63,68,51,40,56,54,,,,D,,,,,37,32,40,55,93,balanced,1546,1558,1582,,大給親乗の子。別名：松平真乗,1302005,,,,,,0,68,48,,50,0,,,,,,
1302007,956,大給松平家,大給|家乗,おぎゅう|いえのり,大給家乗,,大給家,岡崎城,徳川家臣。松平真乗の長男。家康の関東入国で上野那波一万石を与えられ、関ヶ原後は美濃岩村二万石へ転封。山麓に居館を移して城下町を整え、近世岩村藩の基礎を築いた。,79,,0,271,61,61,52,42,55,54,,,,,,,,,37,32,37,58,93,balanced,1575,1587,1614,,大給真乗の子。別名：松平家乗,1302006,,,,,,0,68,48,,50,0,,,,,,
1302008,957,大給松平家,大給|乗次,おぎゅう|のりつぐ,大給乗次,,大給家,岡崎城,,0,,0,0,0,0,0,0,0,0,,,,,,,,,0,0,0,0,82,hermit,1456,9999,1515,,大給親忠の子。別名：松平乗次,1302001,,,,,,0,68,48,,50,0,,,,,,
1302009,958,大給松平家,大給|元次,おぎゅう|もとつぐ,大給元次,,大給家,岡崎城,,0,,0,0,0,0,0,0,0,0,,,,,,,,,0,0,0,0,82,hermit,1475,9999,1530,,大給乗次の子。別名：松平元次,1302008,,,,,,0,68,48,,50,0,,,,,,
1302010,959,大給松平家,大給|貞次,おぎゅう|さだつぐ,大給貞次,,大給家,岡崎城,,0,,0,211,46,47,42,39,37,44,,,,,,,,,37,32,63,43,82,balanced,1496,1508,1550,,大給元次の子。別名：松平貞次,1302009,,,,,,0,68,48,,50,0,,,,,,
1302011,960,宮石松平家,宮石|宗次,みやいし|むねつぐ,宮石宗次,,大給家,岡崎城,,0,,0,224,50,63,43,34,34,47,,,,,,,,,40,36,61,47,82,aggressive,1519,1531,1560,true,大給貞次の子。別名：松平宗次,1302010,,,,,,0,68,48,,50,0,,,,,,
1302012,961,宮石松平家,宮石|康次,みやいし|やすつぐ,宮石康次,,大給家,岡崎城,,0,,0,224,54,61,43,34,32,46,,,,,,,,,40,36,77,32,82,aggressive,1544,1556,1615,,宮石宗次の子。別名：松平康次,1302011,,,,,,0,68,48,,50,0,,,,,,
1302013,962,宮石松平家,宮石|正次,みやいし|まさつぐ,宮石正次,,大給家,岡崎城,,0,,0,208,37,31,52,47,41,44,,,,,,,,,40,36,70,41,82,conservative,1584,1596,1637,,宮石康次の子。別名：別名：松平正次,1302012,,,,,,0,68,48,,50,0,,,,,,
1302014,963,宮石松平家,大河内|信貞,おおこうち|のぶさだ,大河内信貞,,今川家,岡崎城,,0,,0,207,43,49,38,37,40,46,,,,,,,,,48,47,57,50,80,balanced,1522,1534,1558,,吉良→松平。信貞のとき家康に仕えた。,,,,,,,5,0,48,,95,0,,,,,,
1302015,964,宮石松平家,大河内|秀綱,おおこうち|ひさつな,大河内秀綱,,今川家,岡崎城,,0,,0,254,46,50,63,46,49,55,,,,,,,,,53,54,39,64,80,balanced,1546,1558,1618,,大河内信貞の子,1302014,,,,,,5,0,48,,95,0,,,,,,
1302016,965,宮石松平家,大河内|久綱,おおこうち|ひさつな,大河内久綱,,今川家,岡崎城,徳川家臣。大河内秀綱の子。家康に仕え、父の死後に武蔵高麗郡の知行を継いだ。妻沼陣屋の代官として幕領を支配し、熊谷や羽生領を検地。年貢実務を担い忍城城代も務めた。,80,,0,238,36,31,70,50,51,53,,,,,,,,,53,54,60,62,80,conservative,1570,1582,1646,,大河内秀綱の子,1302015,,,,,,5,0,48,,90,0,,,,,,
1302017,966,長沢松平家,長沢|正綱,ながさわ|まさつな,長沢正綱,,今川家,岡崎城,徳川家臣。大河内秀綱の次男。家康の命で長沢松平家を継ぎ松平正綱を称す。駿府で近習出頭人・勘定頭を務め、家康の日光遷葬に供奉。日光廟普請や杉並木寄進にも尽力した。,80,,0,271,32,28,81,63,67,60,,,,,,,,,68,76,41,62,81,conservative,1576,1588,1648,,大河内秀綱の子、宮石正次の養子。別名：松平正綱,1302015,1302013,,,,,5,0,48,,90,0,,,,,,
1302018,967,長沢松平家,長沢|信綱,ながさわ|のぶつな,長沢信綱,,今川家,岡崎城,松平信綱。幼く家光に近侍し老中として幕政を担う。島原の乱を鎮圧し、家光の没後は家綱を補佐して慶安事件や明暦の大火に対処。川越では野火止用水を開き新田を拓いた。,79,,0,382,81,70,84,71,76,76,D,,,D,,,,,73,83,33,68,81,conservative,1596,1608,1662,,大河内久綱の子、長沢正綱の養子。別名：松平信綱,1302016,1302017,,,,,5,0,48,,90,0,,,,,,
1080001,968,岩城家,岩城|常隆,いわき|つねたか,岩城常隆(11代),,岩城家,飯野平城,岩城氏11代当主。,8,岩城氏11代当主。,8,0,0,0,0,0,0,0,,,,,,,,,0,0,0,0,40,hermit,1460,9999,1510,,,,,,,,,80,0,210,,95,0,,,,,,
1080002,969,岩城家,岩城|由隆,いわき|よしたか,岩城由隆,,岩城家,飯野平城,岩城氏13代当主。,8,岩城氏13代当主。,8,225,48,39,43,53,42,44,,,,,,,,,29,21,40,50,40,conservative,1477,1489,1542,,岩城常隆(11代)の子,1080001,,,,,,80,0,210,,95,0,,,,,,
1080003,970,岩城家,岩城|成隆,いわき|なりたか,岩城成隆,,岩城家,飯野平城,岩城氏14代当主。,8,岩城氏14代当主。,8,213,52,45,38,44,34,43,,,,,,,,,29,21,24,59,40,balanced,1498,1510,1554,,岩城由隆の子,1080002,,,,,,80,0,210,,95,0,,,,,,
1080004,971,岩城家,白土|隆通,しらと|たかみち,白土隆通,,岩城家,飯野平城,,0,,0,253,43,37,53,62,58,48,,,,,,,,,36,30,19,62,45,conservative,1551,1563,1600,,岩城成隆の子,1080003,,,,,,80,0,210,,95,0,,,,,,
1080005,972,岩城家,白土|隆良,しらと|たかよし,白土隆良,,岩城家,飯野平城,,0,,0,228,46,40,46,55,41,45,,,,,,,,,36,30,14,41,45,conservative,1572,1584,1624,,白土隆通の子,1080004,,,,,,80,0,210,,95,0,,,,,,
1080006,973,岩城家,白土|重隆,しらと|しげたか,白土重隆,daimyo:岩城|0:いわき|0,岩城家,飯野平城,岩城氏15代当主。由隆の子。娘・久保姫を伊達晴宗へ嫁がせ、その長男・親隆を養嗣子に迎えた。天文の乱では晴宗方に加勢し、婚姻外交で伊達・佐竹らとの関係を整えた。,78,岩城氏15代当主。由隆の子。,13,314,62,57,59,71,65,56,,,,,,,,,29,21,49,38,40,aggressive,1500,1512,1569,,岩城由隆の子。別名：岩城重隆,1080002,,,,,,80,0,210,飯野平城主,100,1000,,,,,,
1080007,974,岩城家,岩城|親隆,いわき|ちかたか,岩城親隆,,岩城家,飯野平城,岩城氏16代当主。伊達晴宗と久保姫の長男で、祖父・重隆との約束により養嗣子となり家督を継ぐ。佐竹義昭の娘を妻に迎えるが、戦場で負傷したのち病を得て家政から退いた。,80,岩城氏16代当主。,8,256,53,43,42,64,54,49,,,,,,,,,29,21,40,50,37,balanced,1540,1552,1594,,伊達晴宗の子、白土重隆の養子。別名：伊達親隆,1074004,1080006,,,,,80,0,210,,95,0,,,,,,
1080008,975,岩城家,岩城|常隆,いわき|つねたか,岩城常隆(17代),,岩城家,飯野平城,岩城氏17代当主。親隆の子。佐竹義重の後見を受け、伊達政宗の伸長に対し佐竹氏らと抗争。のちに政宗と和睦し、小田原攻めに参陣して所領を安堵されるも帰途で病没した。,79,岩城氏17代当主。,8,262,52,43,45,67,55,50,,,,,,,,,29,21,33,61,32,balanced,1567,1579,1590,,岩城親隆の子,1080007,,,,,,80,0,210,,95,0,,,,,,
1080009,976,岩城家,岩城|貞隆,いわき|さだたか,岩城貞隆,,岩城家,飯野平城,岩城氏18代当主。佐竹義重の三男で常隆の没後に家督を継ぐ。関ヶ原後に所領を失うが江戸で家名再興に奔走。のちに信濃1万石を与えられ大名へ復帰し岩城家を再興した。,78,岩城氏18代当主。,8,293,59,63,55,60,56,57,,,,,,,,,36,30,31,67,23,balanced,1583,1595,1620,,佐竹義重の子、岩城常隆(17代)の養子。別名：佐竹貞隆。岩城→1602浪人→羽柴→1615徳川秀忠,1032005,1080008,,,,,80,0,210,,95,0,,,,,,
1080010,977,岩城家,岩城|吉隆,いわき|よしたか,岩城吉隆,,岩城家,飯野平城,岩城氏19代当主。,8,岩城氏19代当主。,8,212,37,25,53,55,42,41,,,,,,,,,22,11,20,76,23,balanced,1609,1620,1672,,岩城貞隆の子、佐竹義宣の養子。別名：佐竹吉隆、岩城吉隆,1080009,1032006,,,,,80,0,210,,95,0,,,,,,
1080011,978,岩城家,船尾|隆相,ふなお|たかすけ,船尾隆相,,岩城家,飯野平城,,0,,0,275,59,54,49,59,54,52,,,,,,,,,26,16,49,79,22,balanced,1493,1505,1552,,岩城常隆(11代)の子,1080001,,,,,,80,0,210,,95,0,,,,,,
1080012,979,佐竹家,船尾|隆直,ふなお|たかなお,船尾隆直,,佐竹家,舞鶴城,,0,,0,221,51,56,37,37,40,43,,,,,,,,,26,16,61,47,22,balanced,1515,1527,1566,,船尾隆相の子。岩城→1553佐竹,1080011,,,,,,32,0,59,,95,0,,,,,,
1080013,980,佐竹家,船尾|昭直,ふなお|あきなお,船尾昭直,,佐竹家,舞鶴城,,0,,0,234,39,27,54,66,48,45,,,,,,,,,29,21,57,40,22,conservative,1538,1550,1607,,船尾隆直の子。岩城→1553佐竹,1080012,,,,,,32,0,59,,95,0,,,,,,
1080014,981,佐竹家,船尾|義綱,ふなお|よしつな,船尾義綱,,佐竹家,舞鶴城,,0,,0,206,35,22,56,46,47,43,,,,,,,,,34,28,29,55,22,conservative,1561,1573,1625,,船尾昭直の子。岩城→1553佐竹,1080013,,,,,,32,0,59,,95,0,,,,,,
1080015,982,岩城家,菊田|隆道,きくた|たかみち,菊田隆道,,岩城家,飯野平城,,0,,0,206,53,50,36,35,32,42,,,,,,,,,29,21,34,62,47,balanced,1483,1495,1547,,岩城常隆(11代)の子,1080001,,,,,,80,0,210,,95,0,,,,,,
1080016,983,岩城家,富岡|隆時,とみおか|たかとき,富岡隆時,,岩城家,飯野平城,,0,,0,245,64,58,41,37,45,49,,,,,,,,,29,21,46,70,48,aggressive,1498,1510,1566,,岩城常隆(11代)の子,1080001,,,,,,80,0,210,,95,0,,,,,,
1080017,984,岩城家,富岡|隆宗,とみおか|たかむね,富岡隆宗,,岩城家,飯野平城,,0,,0,252,61,65,40,42,44,48,,D,,,,,,,26,16,31,68,48,aggressive,1554,1566,1610,,富岡隆時の子,1080016,,,,,,80,0,210,,95,0,,,,,,
1080018,985,岩城家,飯野|隆至,いいの|たかよし,飯野隆至,,岩城家,飯野平城,,0,,0,212,25,15,53,64,55,54,,,,,,,,,18,5,14,68,40,hermit,1504,1516,1578,,,,,,,,,80,0,210,,95,0,,,,,,
1080019,986,大塚宗家,大塚|政成,おおつか|まさなり,大塚政成,,岩城家,飯野平城,,0,,0,250,47,44,51,59,49,50,,,,,,,,,40,35,48,44,44,balanced,1504,1516,1563,,岩城→佐竹,,,,,,,80,0,210,,95,0,,,,,,
1080020,987,大塚庶流,大塚|隆成,おおつか|たかなり,大塚隆成,,岩城家,飯野平城,,0,,0,246,44,51,52,50,49,50,,,,,,,,,40,35,40,55,45,conservative,1518,1530,1567,,大塚政成の跡を継ぐ。岩城→佐竹,,1080019,,,,,80,0,210,,95,0,,,,,,
1080021,988,大塚庶流,大塚|親成,おおつか|ちかなり,大塚親成,,岩城家,飯野平城,,0,,0,241,55,39,50,50,47,49,,,,,,,,,40,35,44,50,45,balanced,1543,1555,1598,,大塚隆成の子。岩城→佐竹,1080020,,,,,,80,0,210,,95,0,,,,,,
1080022,989,岩城家,小川|隆勝,おがわ|たかかつ,小川隆勝,,岩城家,飯野平城,,0,,0,223,37,34,45,59,48,49,,,,,,,,,50,50,25,53,30,conservative,1556,1568,1605,,,,,,,,,80,0,210,,95,0,,,,,,
1080023,990,岩城家,志賀|武治,しが|たけはる,志賀武治,,岩城家,飯野平城,,0,,0,241,34,38,50,59,60,48,,,,,,,,,26,16,39,65,42,conservative,1545,1557,1596,,,,,,,,,80,0,210,,95,0,true,,,,,
1080024,991,岩城家,竹貫|隆光,たけぬき|たかみつ,竹貫隆光,,岩城家,飯野平城,,0,,0,247,53,44,46,53,51,45,,,,,,,,,22,11,53,43,36,balanced,1483,1495,1540,,,,,,,,,80,0,210,,95,0,,,,,,
1080025,992,岩城家,竹貫|広光,たけぬき|ひろみつ,竹貫広光,,岩城家,飯野平城,,0,,0,219,47,47,42,40,43,41,,,,,,,,,22,11,32,51,36,aggressive,1508,1520,1557,,竹貫隆光の子,1080024,,,,,,80,0,210,,95,0,,,,,,
1080026,993,岩城家,竹貫|重光,たけぬき|しげみつ,竹貫重光,,岩城家,飯野平城,,0,,0,209,51,55,35,35,33,42,,,,,,,,,26,16,47,67,36,aggressive,1541,1553,1601,true,竹貫広光の子,1080025,,,,,,80,0,210,,95,0,,,,,,
1023001,994,内ヶ島家,内ヶ島|為氏,うちがしま|ためうじ,内ヶ島為氏,,内ヶ島家,帰雲城,,0,,0,0,0,0,0,0,0,0,,,,,,,,,0,0,0,0,14,hermit,1428,9999,1473,,,,,,,,,23,0,92,,95,0,,,,,,
1023002,995,内ヶ島家,内ヶ島|雅氏,うちがしま|まさうじ,内ヶ島雅氏,,内ヶ島家,帰雲城,飛騨白川郷の国衆。帰雲城主。正蓮寺と敵対した父・為氏の方針を転じ、本願寺の仲介で明心と和睦して娘を嫁がせた。明心は中野に照蓮寺を再興し、一向宗との融和が進んだ。,80,,0,267,62,61,46,54,44,55,D,C,,,,,,,29,21,62,48,94,balanced,1456,1468,1539,,内ヶ島為氏の子,1023001,,,,,,23,0,92,,95,0,,,,,,
1023003,996,内ヶ島家,内ヶ島|氏利,うちがしま|うじとし,内ヶ島氏利,,内ヶ島家,帰雲城,,0,,0,225,48,42,44,47,44,47,,,,,,,,,22,11,17,65,94,conservative,1485,1497,1547,,内ヶ島雅氏の子,1023002,,,,,,23,0,92,,95,0,,,,,,
1023004,997,内ヶ島家,内ヶ島|氏理,うちがしま|うじまさ,内ヶ島氏理,,内ヶ島家,帰雲城,飛騨国衆。帰雲城主。氏利の子。佐々成政を援けて越中へ出陣中、金森長近に本拠を攻められた。帰還後に降伏し赦免されたが、約3か月後の大地震で一族とともに埋没した。,79,,0,273,62,59,44,56,52,53,D,D,,,,,,,22,11,65,54,94,aggressive,1542,1554,1586,true,内ヶ島氏利の子,1023003,,,,,,23,0,92,帰雲城主,100,1000,,,,,,
1023005,998,内ヶ島家,内ヶ島|氏行,うちがしま|うじゆき,内ヶ島氏行,,内ヶ島家,帰雲城,,0,,0,239,48,57,39,47,48,48,,,,,,,,,22,11,44,39,94,balanced,1565,1577,1586,true,内ヶ島氏理の子,1023004,,,,,,23,0,92,,95,500,,,,,,
1023006,999,内ヶ島家,内ヶ島|氏則,うちがしま|うじのり,内ヶ島氏則,,内ヶ島家,帰雲城,,0,,0,223,53,61,36,36,37,44,,,,,,,,,22,11,49,63,93,aggressive,1527,1539,1579,,内ヶ島雅氏の子,1023002,,,,,,23,0,92,,95,0,,,,,,
1023007,1000,内ヶ島家,内ヶ島|氏房,うちがしま|うじふさ,内ヶ島氏房,,内ヶ島家,帰雲城,,0,,0,212,47,34,49,45,37,45,,,,,,,,,22,11,51,60,92,balanced,1528,1540,1583,,内ヶ島雅氏の子,1023002,,,,,,23,0,92,,95,0,,,,,,
1023008,1001,内ヶ島家,内ヶ島|氏方,うちがしま|うじかた,内ヶ島氏方,,内ヶ島家,帰雲城,,0,,0,213,45,47,40,38,43,50,,,,,,,,,50,50,24,70,92,hermit,1554,1566,1586,true,内ヶ島氏房の子,1023007,,,,,,23,0,92,,95,0,,,,,,
1023009,1002,内ヶ島家,内ヶ島|氏親,うちがしま|うじちか,内ヶ島氏親,,内ヶ島家,帰雲城,,0,,0,225,37,29,56,54,49,46,,,,,,,,,22,11,39,63,97,balanced,1532,1544,1586,true,内ヶ島雅氏の子,1023002,,,,,,23,0,92,,95,0,,,,,,
1023010,1003,内ヶ島家,尾神|氏綱,おがみ|うじつな,尾神氏綱,,内ヶ島家,帰雲城,,0,,0,265,66,69,37,34,59,53,,D,,,,,,,22,11,52,30,94,aggressive,1545,1557,1586,true,,,,,,,,23,0,92,,95,200,,,,,,
1023011,1004,内ヶ島家,川尻|氏信,かわじり|うじのぶ,川尻氏信,,内ヶ島家,帰雲城,,0,,0,241,47,38,52,50,54,46,,,,,,,,,28,19,54,30,94,balanced,1529,1541,1593,,,,,,,,,23,0,92,,95,300,true,,,,,
1023012,1005,内ヶ島家,川尻|勘平,かわじり|かんべい,川尻勘平,,内ヶ島家,帰雲城,,0,,0,202,44,56,32,30,40,44,,,,,,,,,36,30,46,45,94,aggressive,1556,1568,1625,,川尻氏信の子,1023011,,,,,,23,0,92,,95,0,,,,,,
1023013,1006,諸：東家,東|常慶,とう|つねよし,東常慶,,浪人,郡上八幡城,,0,,0,214,49,28,41,38,58,42,,,,,,,,,22,11,34,55,16,conservative,1508,1520,1559,,,,,,,,,0,0,50,,50,0,,,,,,
1023014,1007,諸：東家,東|常尭,とう|よしたか,東常尭,,内ヶ島家,帰雲城,,0,,0,219,39,56,31,41,52,43,,,,,,,,,22,11,71,60,11,balanced,1535,1547,1585,true,東常慶の子、内ヶ島氏理の養子。美濃浪人→1559内ヶ島,1023013,1023004,,,,,23,0,92,,95,0,,,,,,
1023015,1008,内ヶ島家,山下|時慶,やました|ときよし,山下時慶,,内ヶ島家,帰雲城,,0,,0,226,42,39,53,49,43,46,,,,,,,,,22,11,31,53,94,balanced,1540,1552,1621,,,,,,,,,23,0,92,,95,200,,,,,,
1023016,1009,内ヶ島家,山下|氏勝,やました|うじかつ,山下氏勝,,内ヶ島家,帰雲城,,0,,0,251,49,57,47,46,52,52,,,,,,,,,36,30,40,53,94,aggressive,1568,1580,1653,,山下時慶の子,1023015,,,,,,23,0,92,,95,0,,,,,,
1023017,1010,内ヶ島家,山下|氏政,やました|うじまさ,山下氏政,,内ヶ島家,帰雲城,,0,,0,249,48,30,59,57,55,55,,,,,,,,,50,50,37,65,94,conservative,1589,1601,1684,,山下氏勝の子,1023016,,,,,,23,0,92,,95,0,,,,,,
1028001,1011,下野宇都宮家,宇都宮|正綱,うつのみや|まさつな,宇都宮正綱,,宇都宮家,宇都宮城,,0,,0,0,0,0,0,0,0,0,,,,,,,,,0,0,0,0,14,hermit,1447,9999,1477,,,,,,,,,28,0,32,,95,0,,,,,,
1028002,1012,下野宇都宮家,宇都宮|成綱,うつのみや|しげつな,宇都宮成綱,,宇都宮家,宇都宮城,,0,,0,0,0,0,0,0,0,0,,,,,,,,,0,0,0,0,14,hermit,1468,9999,1516,,宇都宮正綱の子,1028001,,,,,,28,0,32,,95,0,,,,,,
1028003,1013,下野宇都宮家,落合|業親,おちあい|なりちか,落合業親,,宇都宮家,宇都宮城,,0,,0,321,61,68,59,61,72,65,D,,,,,,,,26,16,80,77,11,balanced,1497,1509,1561,,宇都宮成綱の子,1028002,,,,,,28,0,32,,95,500,TRUE,,,,,
1028004,1014,下野宇都宮家,落合|政親,おちあい|まさちか,落合政親,,宇都宮家,宇都宮城,,0,,0,281,57,61,52,51,60,59,,,,,,,,,22,11,39,70,11,balanced,1531,1543,1597,true,落合業親の子,1028003,,,,,,28,0,32,,95,0,,,,,,
1028005,1015,下野宇都宮家,宇都宮|興綱,うつのみや|おきつな,宇都宮興綱,,宇都宮家,宇都宮城,宇都宮氏19代当主。正綱の子。芳賀氏を継いだのち、結城政朝の助力を得て甥の忠綱を攻め宇都宮城主となる。海潮寺へ所領を寄進し寺社を保護した。寄進状も残る。,75,,0,258,38,46,46,58,70,58,,,,,,,,,32,25,84,27,14,aggressive,1476,1488,1536,,宇都宮正綱の子,1028001,,,,,,28,0,32,,95,0,,,,,,
1028006,1016,下野宇都宮家,宇都宮|尚綱,うつのみや|ひさつな,宇都宮尚綱,,宇都宮家,宇都宮城,宇都宮氏20代当主。興綱の子。足利晴氏の命を受け那須高資と戦う。喜連川五月女坂では多功長朝・房朝らを率いたが敗れ討死。幼い広綱を残し主家は宇都宮城を失った。,77,,0,225,51,40,47,41,46,54,,,,,,,,,33,26,51,65,16,balanced,1513,1525,1549,true,宇都宮興綱の子,1028005,,,,,,28,0,32,,95,0,,,,,,
1028007,1017,下野宇都宮家,宇都宮|広綱,うつのみや|ひろつな,宇都宮広綱,,宇都宮家,宇都宮城,宇都宮氏当主。尚綱の子。父の戦死後に宇都宮城を壬生氏に奪われ、芳賀高定のもとで育った。佐竹義昭の助力で本拠を奪回。のち上杉・佐竹と結び北条方と抗争した。,76,,0,289,56,45,64,64,60,63,D,,,,,,,,32,25,58,78,16,conservative,1543,1555,1580,,宇都宮尚綱の子,1028006,,,,,,28,0,32,宇都宮城主,95,1500,,,,149,下野守,
1028008,1018,下野宇都宮家,宇都宮|国綱,うつのみや|くにつな,宇都宮国綱,,宇都宮家,宇都宮城,宇都宮氏22代当主。広綱の子。北条氏の圧迫を受け宇都宮城から多気城へ本拠を移した。秀吉の小田原征伐に従い、朝鮮にも出兵したが、のちに改易され宇都宮氏は断絶した。,79,,0,288,61,53,59,60,55,63,D,,,C,,,,,36,30,62,68,17,balanced,1568,1580,1607,,宇都宮広綱の子,1028007,,,,,,28,0,32,,95,500,,,,,,
1028009,1019,下野宇都宮家,芳賀|高武,はが|たかたけ,芳賀高武,,宇都宮家,小栗城,宇都宮家臣。真岡城主。広綱の子で芳賀高継の養子となり芳賀氏を継ぐ。小田原征伐後、兄・国綱の本領安堵に伴い所領を得たが、国綱が改易されると芳賀氏も所領を失った。,79,,0,249,37,47,51,57,57,50,,,,,,,,,33,26,68,54,15,conservative,1572,1584,1612,,宇都宮広綱の子、芳賀高継の養子,1028007,1028027,,,,,28,0,237,,95,0,,,,,,
1028010,1020,下野宇都宮家,今泉|高光,いまいずみ|たかみつ,今泉高光,,宇都宮家,宇都宮城,宇都宮家臣。上三川城主。朝鮮出兵では国綱に従い渡海した。国綱の継嗣問題で相談を受け、芳賀高武と対立。高武の夜襲で上三川城が落ちると城内で従者らと自害した。,77,,0,193,20,11,56,55,51,49,,,,,,,,,33,26,36,65,12,conservative,1568,1580,1597,,,,,,,,,28,0,32,,95,0,,,,,,
1028011,1021,下野宇都宮家,岡本|正親,おかもと|まさちか,岡本正親,,宇都宮家,宇都宮城,,0,,0,165,33,34,26,23,49,41,,,,,,,,,34,28,65,74,17,balanced,1528,1540,1602,,塩谷家臣,,,,,,,28,0,32,,95,0,,,,,,
1028012,1022,下野宇都宮家,小宅|高良,おやけ|たかよし,小宅高良,,宇都宮家,宇都宮城,宇都宮家臣。芳賀氏一族の小宅氏。海潮寺へ亡き嫡男・高政の供養料として田畑百疋を寄進した。高良発給の寄進状二通が現存し、芳賀郡で所領支配と寺社保護に携わった。,78,,0,241,52,32,62,42,53,53,,,,,,,,,26,16,35,68,15,conservative,1520,1532,1597,true,小宅氏。天文18年（1549）に海潮寺へ寄進。生年は活動年代からのゲーム上推定,,,,,,,28,0,32,,95,0,,,,,,
1028013,1023,下野宇都宮家,小宅|高信,おやけ|たかのぶ,小宅高信,,宇都宮家,小栗城,,0,,0,226,44,38,50,48,46,48,,,,,,,,,26,16,30,62,15,balanced,1545,1557,1605,,小宅高良の次男。海潮寺文書に署名が残る。生没年はゲーム上推定,1028012,,,,,,28,0,237,,95,0,,,,,,
1028014,1024,下野宇都宮家,小宅|尚時,おやけ|なおとき,小宅尚時,,宇都宮家,小栗城,,0,,0,223,45,39,53,44,42,49,,,,,,,,,25,15,46,64,15,balanced,1517,1529,1575,,,,,,,,,28,0,237,,95,200,,,,,,
1028015,1025,下野宇都宮家,君島|高胤,きみしま|たかたね,君島高胤,,宇都宮家,宇都宮城,,0,,0,282,63,70,47,40,62,59,D,,,,,,,,39,35,49,71,17,balanced,1539,1551,1597,,,,,,,,,28,0,32,,95,0,,,,,,
1028016,1026,下野宇都宮家,塩谷|孝綱,しおや|たかつな,塩谷孝綱,,宇都宮家,宇都宮城,,0,,0,199,37,46,36,44,36,53,,,,,,,,,22,11,39,63,16,conservative,1470,1482,1546,,,,,,,,,28,0,32,,95,0,,,,,,
1028017,1027,下野宇都宮家,塩谷|義孝,しおや|よしたか,塩谷義孝,,宇都宮家,宇都宮城,,0,,0,160,35,33,30,37,25,51,,,,,,,,,30,22,44,59,16,balanced,1498,1510,1564,true,塩谷孝綱の子,1028016,,,,,,28,0,32,,95,0,,,,,,
1028018,1028,下野宇都宮家,塩谷|孝信,しおや|たかのぶ,塩谷孝信,,宇都宮家,宇都宮城,,0,,0,173,39,27,33,31,43,41,,,,,,,,謀将,55,57,74,29,66,balanced,1502,1514,1586,,塩谷孝綱の子。宇都宮→1564那須,1028016,,,,,,28,0,32,,75,0,,,,,,
1028019,1029,下野宇都宮家,須田|盛久,すだ|もりひさ,須田盛久,,宇都宮家,宇都宮城,,0,,0,253,32,42,52,60,67,64,,,,,,,,,64,70,49,55,17,balanced,1586,1598,1667,,須田盛秀の養子。宇都宮→佐竹,,1079008,,,,,28,0,32,,95,0,,,,,,
1028020,1030,下野宇都宮家,多功|長朝,たこう|ながとも,多功長朝,,宇都宮家,宇都宮城,宇都宮家臣。多功城主。房朝の父。五月女坂で尚綱に従い奮戦。上杉方の佐野豊綱が多功城を攻めると討ち取り、敗走する越後勢を上野白井まで追撃し、宇都宮領南方を守った。,80,,0,252,69,72,32,33,46,64,C,D,,,,,,,29,21,39,81,12,aggressive,1485,1497,1558,,,,,,,,,28,0,32,,95,0,,,,,,
1028021,1031,下野宇都宮家,多功|房朝,たこう|ふさとも,多功房朝,,宇都宮家,宇都宮城,宇都宮家臣。多功城主。多功長朝の子。宇都宮氏南方の要地を担った。宇都宮広綱の命を受け、秀朝とともに徳次郎城主・赤井勝連を討ち取り、多功氏の勢力を支えた。,76,,0,295,65,53,55,59,63,49,,,,,,,,,34,28,32,65,12,aggressive,1503,1515,1589,,多功長朝の子,1028020,,,,,,28,0,32,,95,0,,,,,,
1028022,1032,下野宇都宮家,多功|秀朝,たこう|ひでとも,多功秀朝,,宇都宮家,宇都宮城,,0,,0,214,46,33,43,49,43,42,,,,,,,,,20,8,20,46,13,hermit,1526,1538,1595,,多功房朝の子,1028021,,,,,,28,0,32,,95,0,,,,,,
1028023,1033,下野宇都宮家,多功|綱朝,たこう|つなとも,多功綱朝,,宇都宮家,宇都宮城,,0,,0,273,67,76,37,41,52,61,,C,,D,,,,,39,35,41,83,12,balanced,1543,1555,1593,,多功房朝の子,1028021,,,,,,28,0,32,,95,0,,,,,,
1028024,1034,下野宇都宮家,多功|綱賀,たこう|つなよし,多功綱賀,,宇都宮家,宇都宮城,,0,,0,223,50,58,34,36,45,59,,,,,,,,,40,36,45,63,12,balanced,1564,1576,1623,,多功綱朝の子,1028023,,,,,,28,0,32,,95,0,,,,,,
1028025,1035,下野宇都宮家,多功|綱秀,たこう|つなひで,多功綱秀,,宇都宮家,宇都宮城,,0,,0,228,42,33,54,55,44,46,,,,,,,,,36,30,30,54,11,conservative,1577,1589,1631,,多功綱朝の子,1028023,,,,,,28,0,32,,95,0,,,,,,
1028026,1036,下野宇都宮家,芳賀|高経,はが|たかつね,芳賀高経,,宇都宮家,小栗城,宇都宮家臣。真岡城主。芳賀氏の勢力を立て直し、宇都宮興綱のもとで家中の実権を握った。のち興綱を退けて尚綱を当主に立てたが、対立が深まり自身も尚綱に討たれた。,78,,0,259,46,36,54,59,64,47,,,,,,,,,33,26,77,21,29,balanced,1492,1504,1541,true,,,,,,,,28,0,237,,95,0,,,,,,
1028027,1037,下野宇都宮家,芳賀|高継,はが|たかつぐ,芳賀高継,,宇都宮家,小栗城,宇都宮家臣。真岡城主。芳賀高経の子で高定の養子。高定から芳賀氏を継ぎ国綱を補佐。真岡城を築き、のち国綱の弟・高武を養子として家督を譲り隠退し、芳賀氏を率いた。,79,,0,291,50,47,65,69,60,57,,D,,D,,,,,25,15,35,70,29,conservative,1531,1543,1592,true,芳賀高経の子、芳賀高定の養子,1028026,1028031,,,,,28,0,237,,95,0,,,,,,
1028028,1038,下野宇都宮家,益子|某,ましこ|なにがし,益子某,,宇都宮家,小栗城,,0,,0,0,0,0,0,0,0,0,,,,,,,,,0,0,0,0,0,hermit,1475,9999,1525,,益子氏一門連結用,,,,,,,28,0,237,,95,0,,,,,,
1028029,1039,下野宇都宮家,益子|勝清,ましこ|かつきよ,益子勝清,,宇都宮家,小栗城,,0,,0,261,52,56,55,51,47,46,D,,,,,,,,26,16,49,50,16,balanced,1504,1516,1554,,益子氏の養嗣子。益子勝宗の父,,1028028,,,,,28,0,237,,95,0,,,,,,
1028030,1040,下野宇都宮家,益子|勝宗,ましこ|かつむね,益子勝宗,,宇都宮家,小栗城,宇都宮家臣。益子氏当主。七井綱代を破り、子の勝忠を七井城主に置いた。のち高館城へ居城を移し、益子周辺各地で勢力を拡大。水谷正村と田野城攻略にも加わった。,76,,0,346,72,62,60,77,75,66,,,,,,,,,26,16,57,25,76,balanced,1529,1541,1593,,益子勝清の三男,1028029,,,,,,28,0,237,,80,0,,,,,,
1028031,1041,下野宇都宮家,芳賀|高定,はが|たかさだ,芳賀高定,,宇都宮家,小栗城,宇都宮家臣。芳賀氏当主。尚綱の戦死後、幼い広綱を真岡城で庇護。広綱の宇都宮城奪還後も補佐を続けた。海潮寺へ寺領をたびたび寄進し芳賀郡支配にも携わった。,75,,0,339,64,52,67,80,76,65,D,,,,,,,謀将,25,15,28,94,15,balanced,1521,1533,1588,,益子氏出身。後世系図に益子勝宗の三男とする記載あり。芳賀氏を継承,1028028,,,,,,28,0,237,小栗城主,95,500,,,,,,
1028032,1042,下野宇都宮家,芳賀|高景,はが|たかかげ,芳賀高景,,宇都宮家,小栗城,,0,,0,230,43,29,52,53,53,57,,,,,,,,,70,79,44,66,15,conservative,1546,1558,1597,true,芳賀高定の子,1028031,,,,,,28,0,237,,95,0,,,,,,
1028033,1043,下野宇都宮家,皆川|俊宗,みながわ|としむね,皆川俊宗,,宇都宮家,宇都宮城,下野国衆。皆川城主。川連城を占領・修築して支配拠点とした。那須資胤へ書状を送り、周辺諸氏の情勢を伝えるなど外交にも動いた。宇都宮氏と抗争し、勢力拡大を図った。,79,,0,267,55,43,43,65,61,57,,,,,,,,,26,16,40,70,61,balanced,1525,1537,1573,true,,,,,,,,28,0,32,,80,0,,,,,,
1028034,1044,下野宇都宮家,皆川|広照,みながわ|ひろてる,皆川広照,,宇都宮家,宇都宮城,皆川城主。俊宗の子。北条氏に属したが小田原征伐で家康に投降し本領一万三千石を安堵された。のち松平忠輝の傅として飯山を領し、改易後も大坂の陣の功で復帰した。,77,,0,244,34,22,52,72,64,46,,,,,,,,,26,16,67,39,61,conservative,1548,1560,1627,,皆川俊宗の子,1028033,,,,,,28,0,32,,80,0,,,,,,
1215001,1045,壬生家,壬生|綱重,みぶ|つなしげ,壬生綱重,,宇都宮家,壬生城,,0,,0,0,0,0,0,0,0,0,,,,,,,,,0,0,0,0,83,hermit,1448,9999,1516,,,,,,,,,28,0,249,,95,0,,,,,,
1215002,1046,壬生家,壬生|綱房,みぶ|つなふさ,壬生綱房,,宇都宮家,壬生城,宇都宮家臣。鹿沼城主。父・綱重の拠点を継ぎ、鹿沼城を拡張して二荒神を移し今宮神社を造営した。子の綱雄も宇都宮家中の重臣として権勢を強め、壬生氏の勢力を伸ばした。,80,,0,354,66,52,72,79,85,66,D,,,,,,,,26,16,86,5,83,balanced,1479,1491,1555,true,壬生綱重の子,1215001,,,,,,28,0,249,,95,0,,,,,,
1215003,1047,壬生家,壬生|綱雄,みぶ|つなたけ,壬生綱雄,,宇都宮家,壬生城,,0,,0,197,41,32,39,44,41,54,,,,,,,,,26,16,23,73,83,balanced,1498,1510,1562,,壬生綱房の長男,1215002,,,,,,28,0,249,壬生城主,95,700,,,,,,
1215004,1048,壬生家,壬生|綱長,みぶ|つなたけ,壬生綱長,,宇都宮家,壬生城,,0,,0,180,39,26,38,38,39,47,,,,,,,,,24,14,82,16,83,balanced,1519,1531,1576,true,壬生綱雄の子,1215003,,,,,,28,0,249,,80,400,,,,,,
1215005,1049,壬生家,壬生|義雄,みぶ|よしたけ,壬生義雄,,宇都宮家,壬生城,,0,,0,214,47,53,36,35,43,56,D,,,,,,,,29,21,52,48,83,aggressive,1544,1556,1590,true,壬生綱長の子。下野宇都宮→佐竹→北条,1215004,,,,,,28,0,249,,80,200,,,,,,
1215006,1050,壬生家,神山|綱勝,かみやま|つなかつ,神山綱勝,,宇都宮家,鹿沼城,,0,,0,209,51,55,32,33,38,48,,,,,,,,,24,14,56,25,89,balanced,1548,1560,1619,,壬生綱長の子、神山治持の養子,1215004,1215013,,,,,28,0,248,,80,0,,,,,,
1215007,1051,壬生家,座禅院|昌膳,ざぜんいん|しょうぜん,座禅院昌膳,,宇都宮家,鹿沼城,,0,,0,301,57,45,52,73,74,65,,,,,,,,,34,28,22,79,17,conservative,1518,1530,1579,true,壬生綱房の次男。別名：徳雪斎周長,1215002,,,,,,28,0,248,鹿沼城主,100,400,,,,,,
1215008,1052,壬生家,座禅院|昌歆,ざぜんいん|しょうきん,座禅院昌歆,,宇都宮家,鹿沼城,,0,,0,0,0,0,0,0,0,0,,,,,,,,,0,0,0,0,17,hermit,1542,9999,1561,,座禅院昌膳の子,1215007,,,,,,28,0,248,,100,0,,,,,,
1215009,1053,壬生家,座禅院|昌広,ざぜんいん|しょうこう,座禅院昌広,,宇都宮家,鹿沼城,,0,,0,0,0,0,0,0,0,0,,,,,,,,,0,0,0,0,17,hermit,1544,9999,1604,,座禅院昌膳の子,1215007,,,,,,28,0,248,,100,0,,,,,,
1215010,1054,壬生家,座禅院|昌淳,ざぜんいん|しょうじゅん,座禅院昌淳,,宇都宮家,鹿沼城,,0,,0,182,27,10,40,52,53,53,,,,,,,,,18,5,18,76,17,hermit,1567,1579,1631,,座禅院昌広の子,1215009,,,,,,28,0,248,,100,0,,,,,,
1215011,1055,壬生家,大門|資長,だいもん|すけたけ,大門資長,,宇都宮家,壬生城,,0,,0,241,59,56,42,37,47,51,,,,,,,,,22,11,35,54,86,balanced,1520,1532,1573,,壬生綱房の三男,1215002,,,,,,28,0,249,,80,0,,,,,,
1215012,1056,壬生家,大門|資忠,だいもん|すけただ,大門資忠,,宇都宮家,壬生城,,0,,0,227,53,56,39,34,45,47,,,,,,,,,26,16,38,52,86,balanced,1552,1564,1616,,大門資長の子,1215011,,,,,,28,0,249,,80,0,,,,,,
1215013,1057,壬生家,神山|治持,かみやま|はるもち,神山治持,,宇都宮家,鹿沼城,,0,,0,220,42,48,47,43,40,49,,,,,,,,,36,30,59,26,20,balanced,1521,1533,1579,true,,,,,,,,28,0,248,,100,200,,,,,,
1215014,1058,壬生家,黒川|房朝,くろかわ|ふさとも,黒川房朝,,宇都宮家,壬生城,,0,,0,266,50,34,66,57,59,54,,,,,,,,,28,19,33,59,85,balanced,1497,1509,1589,,,,,,,,,28,0,249,,80,0,,,,,,
1215015,1059,壬生家,黒川|正勝,くろかわ|まさかつ,黒川正勝,,宇都宮家,壬生城,,0,,0,237,49,56,37,42,53,52,,,,,,,,,34,28,37,57,85,balanced,1533,1545,1590,true,黒川房朝の子,1215014,,,,,,28,0,249,,80,0,,,,,,
1215016,1060,壬生家,黒川|勝重,くろかわ|かつしげ,黒川勝重,,宇都宮家,壬生城,,0,,0,198,33,18,44,51,52,48,,,,,,,,,20,8,34,54,85,conservative,1557,1569,1619,,黒川正勝の子,1215015,,,,,,28,0,249,,80,0,,,,,,
1215017,1061,壬生家,藤倉|勘斎,ふじくら|かんさい,藤倉勘斎,,宇都宮家,壬生城,,0,,0,219,50,55,34,33,47,54,,,,,,,,,26,16,19,72,84,balanced,1543,1555,1576,true,,,,,,,,28,0,249,,80,0,,,,,,
1052001,1062,伊予宇都宮家,宇都宮|清綱,うつのみや|きよつな,宇都宮清綱,,宇都宮家,大洲城,伊予宇都宮氏当主。大洲城主。嫡子・豊綱に大洲城を譲り、房綱らを伴って萩森城へ移った。萩森殿と称され、保内郷七千八百石を知行し、同地で隠居生活を送った。,75,,0,268,47,41,58,61,61,61,,,,,,,,,26,16,39,50,46,balanced,1478,1490,1544,,,,,,,,,52,0,140,,95,0,,,,,,
1052002,1063,伊予宇都宮家,宇都宮|豊綱,うつのみや|とよつな,宇都宮豊綱,,宇都宮家,大洲城,,0,,0,253,57,63,45,42,46,60,D,,,,,,,,26,16,52,32,46,aggressive,1519,1531,1585,,宇都宮清綱の子,1052001,,,,,,52,0,140,大洲城主,100,1000,,,,143,遠江守,
1052003,1064,伊予宇都宮家,宇都宮|豊治,うつのみや|とよはる,宇都宮豊治,,宇都宮家,大洲城,,0,,0,231,46,50,42,45,48,59,,,,,,,,,22,11,14,56,40,conservative,1546,1558,1612,,宇都宮豊綱の子,1052002,,,,,,52,0,140,,95,500,,,,,,
1052004,1065,伊予宇都宮家,萩森|房綱,はぎもり|ふさつな,萩森房綱,,宇都宮家,大洲城,,0,,0,252,55,58,50,46,43,56,,,,,,,,,26,16,22,74,68,aggressive,1520,1532,1585,true,宇都宮清綱の子,1052001,,,,,,52,0,140,,95,200,,,,,,
1052005,1066,伊予宇都宮家,笠間|正綱,かさま|まさつな,笠間正綱,,宇都宮家,大洲城,,0,,0,207,43,35,48,39,42,53,,,,,,,,,26,16,26,68,57,balanced,1522,1534,1585,true,宇都宮清綱の子,1052001,,,,,,52,0,140,,95,0,,,,,,
1052006,1067,伊予宇都宮家,井上|重房,いのうえ|しげふさ,井上重房,,宇都宮家,大洲城,,0,,0,209,29,28,47,50,55,47,,,,,,,,,26,16,31,61,54,balanced,1538,1550,1587,,,,,,,,,52,0,140,,95,0,,,,,,
1052007,1068,伊予宇都宮家,祖母井|之重,うばがい|ゆきしげ,祖母井之重,,宇都宮家,大洲城,,0,,0,276,49,45,58,62,62,54,,,,,,,,,43,40,42,55,54,balanced,1503,1515,1562,,,,,,,,,52,0,140,,95,20,true,,,,,
1052008,1069,伊予宇都宮家,祖母井|之照,うばがい|ゆきてる,祖母井之照,,宇都宮家,大洲城,,0,,0,238,62,65,34,34,43,46,D,,,,,,,,26,16,39,50,54,aggressive,1536,1548,1585,true,祖母井之重の子,1052007,,,,,,52,0,140,,95,0,,,,,,
1052009,1070,伊予宇都宮家,曾根|高昌,そね|たかしげ,曾根高昌,,宇都宮家,大洲城,,0,,0,280,57,58,55,55,55,53,,D,,,,,,,36,30,58,63,54,aggressive,1497,1509,1556,true,,,,,,,,52,0,140,,95,0,,,,,,
1052010,1071,伊予宇都宮家,曾根|宣高,そね|のぶたか,曾根宣高,,宇都宮家,大洲城,,0,,0,212,47,54,34,32,45,49,,,,,,,,,32,25,42,49,54,balanced,1526,1538,1590,,曾根高昌の子,1052009,,,,,,52,0,140,,95,0,,,,,,
1044001,1072,浦上家,浦上|村宗,うらがみ|むらむね,浦上村宗,,浦上家,天神山城,,0,,0,0,0,0,0,0,0,0,,,,,,,,,0,0,0,0,78,hermit,1498,9999,1531,,1551独立,,,,,,,44,0,114,,95,0,,,,,,
1044002,1073,浦上家,浦上|政宗,うらがみ|まさむね,浦上政宗,,赤松家,置塩城,浦上氏当主。浦上村宗の子。父の戦死後、播磨室山城へ移り赤松晴政に従った。のち赤松氏から自立するが弟・宗景と対立。清宗の婚礼中に赤松政秀の急襲を受け殺害された。,79,,0,236,49,58,44,41,44,57,D,D,,,,,,,32,25,68,55,78,balanced,1525,1531,1564,true,浦上村宗の子。浦上→1541赤松→1563浦上,1044001,,,,,,40,0,104,,95,200,,,,,,
1044003,1074,浦上家,浦上|清宗,うらがみ|きよむね,浦上清宗,,赤松家,置塩城,,0,,0,202,45,54,33,30,40,53,,,,,,,,,32,25,43,62,78,balanced,1546,1558,1564,true,浦上政宗の子。浦上→1541赤松→1563浦上,1044002,,,,,,40,0,104,,95,200,,,,,,
1044004,1075,浦上家,浦上|誠宗,うらがみ|あきむね,浦上誠宗,,赤松家,置塩城,,0,,0,252,57,49,51,52,43,57,,,,,,,,,32,25,50,52,79,balanced,1547,1559,1567,true,浦上政宗の子。浦上→1541赤松→1563浦上,1044002,,,,,,40,0,104,,95,200,,,,,,
1044005,1076,浦上家,浦上|宗景,うらがみ|むねかげ,浦上宗景,,浦上家,天神山城,浦上村宗の子。兄・政宗と対立し備前天神山城を拠点に自立。宇喜多直家らを従えて備前・美作へ勢力を拡大した。直家が離反すると天神山城を攻め落とされ、備前を追われた。,80,,0,342,72,67,61,68,74,62,D,,,D,,,,謀将,36,30,59,27,53,balanced,1526,1534,1582,,浦上村宗の子。浦上→1541赤松→1551浦上（独立）,1044001,,,,,,44,0,114,天神山城主,100,1500,,,uragami_munekage.webp,,,
1044006,1077,浦上家,浦上|宗辰,うらがみ|むねとき,浦上宗辰,,浦上家,天神山城,,0,,0,170,36,29,38,37,30,52,,,,,,,,,36,30,27,72,53,aggressive,1549,1561,1577,true,浦上宗景の子。赤松→1551浦上,1044005,,,,,,44,0,114,,95,500,,,,,,
1044007,1078,浦上家,浦上|成宗,うらがみ|しげむね,浦上成宗,,浦上家,天神山城,,0,,0,170,31,25,37,35,42,52,,,,,,,,,36,30,27,72,54,balanced,1563,1575,1636,,浦上宗景の子。浦上→宇喜多,1044005,,,,,,44,0,114,,95,200,,,,,,
1044008,1079,浦上家,浮田|国定,うきた|くにさだ,浮田国定,,赤松家,置塩城,,0,,0,234,33,54,39,49,59,47,,,,,,,,,24,14,27,66,80,conservative,1480,1492,1556,true,浦上政宗に付く,1044002,,,,,,40,0,104,,95,0,,,,,,
1044009,1080,浦上家,岡本|氏秀,おかもと|うじひで,岡本氏秀,,浦上家,天神山城,,0,,0,240,41,35,47,64,53,56,,,,,,,,,32,25,20,81,57,conservative,1531,1543,1575,true,,,,,,,,44,0,114,,95,0,,,,,,
1044010,1081,浦上家,後藤|勝国,ごとう|かつくに,後藤勝国,,浦上家,天神山城,,0,,0,268,53,64,43,49,59,51,,,,,,,,,36,30,43,50,64,aggressive,1510,1522,1559,,尼子→浦上→毛利,,,,,,,44,0,114,,95,0,,,,,,
1044011,1082,浦上家,後藤|勝基,ごとう|かつもと,後藤勝基,,浦上家,三星城,,0,,0,248,62,57,43,41,45,60,,,,,,,,,36,30,15,89,64,balanced,1538,1550,1579,true,後藤勝国の子,1044010,,,,,,44,0,112,三星城主,95,200,,,,,,
1044012,1083,浦上家,笹部|貞利,ささべ|さだとし,笹部貞利,,浦上家,三星城,,0,,0,232,54,49,46,40,43,62,,,,,,,,,36,30,20,82,64,balanced,1537,1549,1579,true,,,,,,,,44,0,112,,95,0,,,,,,
1044013,1084,浦上家,島村|盛実,しまむら|もりざね,島村盛実,,浦上家,天神山城,,0,,0,199,23,28,37,49,62,48,,,,,,,,,36,30,63,21,53,balanced,1495,1507,1559,,,,,,,,,44,0,114,,95,0,,,,,,
1044014,1085,浦上家,中山|信正,なかやま|のぶまさ,中山信正,,浦上家,天神山城,,0,,0,206,38,40,40,41,47,58,,,,,,,,,50,50,36,67,53,balanced,1510,1522,1559,,,,,,,,,44,0,114,,95,0,,,,,,
1044015,1086,浦上家,日笠|頼房,ひかさ|よりふさ,日笠頼房,,浦上家,天神山城,,0,,0,222,61,50,29,37,45,58,,,,,,,,,36,30,25,75,57,conservative,1518,1530,1582,,,,,,,,,44,0,114,,95,0,,,,,,
1044016,1087,浦上家,星賀|光重,ほしか|みつしげ,星賀光重,,浦上家,三星城,,0,,0,233,45,47,60,46,35,51,,,,,,,,,36,30,18,85,64,balanced,1531,1543,1579,true,,,,,,,,44,0,112,,95,0,,,,,,
1210001,1088,宇喜多家,宇喜多|能家,うきた|よしいえ,宇喜多能家,,浦上家,岡山城,浦上家臣。宇喜多氏当主。浦上宗助・村宗に仕え、備前で軍功を重ねて家勢を伸ばした。村宗の死後は砥石城に隠退したが、同じ浦上家臣の島村氏に急襲され自害した。,76,,0,381,76,75,84,62,84,71,,D,,D,,,,,50,50,78,75,10,balanced,1469,1481,1534,,,,,,,,,44,0,115,,95,0,,,,,,
1210002,1089,宇喜多家,宇喜多|興家,うきた|おきいえ,宇喜多興家,,浦上家,岡山城,,0,,0,203,41,24,54,45,39,58,,,,,,,,,50,50,36,67,10,balanced,1497,1509,1536,,宇喜多能家の子,1210001,,,,,,44,0,115,,95,0,,,,,,
1210003,1090,宇喜多家,宇喜多|直家,うきた|なおいえ,宇喜多直家,,浦上家,岡山城,浦上家臣。備前西部で勢力を伸ばし、明禅寺合戦で三村勢を破る。主君・宗景と対立して天神山城を落とし、備前・美作の大半を掌握。毛利氏と争ったのち織田信長と結んだ。,79,,0,429,84,74,88,90,93,83,C,D,D,B,,,C,謀将,57,60,85,15,15,balanced,1529,1541,1581,,宇喜多興家の子,1210002,,,,,,44,0,115,岡山城主,95,1500,,,ukita_naoie.webp,,,
1210004,1091,宇喜多家,宇喜多|秀家,うきた|ひでいえ,宇喜多秀家,,浦上家,岡山城,宇喜多直家の子。秀吉の養女・豪姫を娶り五大老となる。岡山城を大改修し、城下整備・検地・新田開発を推進。関ヶ原では西軍主力として戦い、敗戦後に八丈島へ流された。,79,,0,370,78,78,71,72,71,55,D,,D,B,,,,,57,60,42,61,15,aggressive,1572,1581,1655,,宇喜多直家の子,1210003,,,,,,44,0,115,,95,0,,,,,,
1210005,1092,宇喜多家,宇喜多|秀高,うきた|ひでたか,宇喜多秀高,,浦上家,岡山城,宇喜多秀家の嫡男。関ヶ原後、父や弟・秀継と薩摩へ逃れたのち徳川方へ引き渡され、父子で八丈島へ流された。島では浮田氏の一族として暮らし、前田家などの援助を受けた。,80,,0,300,62,59,59,56,64,62,,,,,,,,,57,60,36,70,15,balanced,1591,1603,1648,,宇喜多秀家の子,1210004,,,,,,44,0,115,,95,0,,,,,,
1210006,1093,宇喜多家,宇喜多|忠家,うきた|ただいえ,宇喜多忠家,,浦上家,岡山城,宇喜多家一門。富山城主。直家の弟。直家の没後は幼い秀家を補佐し、備中高松城攻めでは秀家に代わり軍を率いた。八浜合戦でも毛利軍と戦い、宇喜多軍の一翼を担った。,78,,0,299,63,55,66,61,54,59,D,,D,D,,,,,50,50,44,55,2,conservative,1536,1548,1609,,宇喜多興家の子,1210002,,,,,,44,0,115,,95,0,,,,,,
1210007,1094,宇喜多家,宇喜多|基家,うきた|もといえ,宇喜多基家,,浦上家,岡山城,宇喜多一門。直家の養子。直家の没後は幼い秀家の名代として家政を差配した。毛利氏が児島へ侵攻すると忠家と迎撃し、麦飯山付近の八浜合戦で宇喜多軍を率いて戦死した。,79,,0,294,69,63,55,57,50,57,,,,D,,,,,50,50,47,80,2,balanced,1562,1574,1582,true,宇喜多忠家の子、宇喜多直家の養子,1210006,1210003,,,,,44,0,115,,95,0,,,,,,
1210008,1095,宇喜多家,宇喜多|詮家,うきた|あきいえ,宇喜多詮家,1601:坂崎|直盛:さかざき|なおもり,浦上家,岡山城,宇喜多一門。忠家の子。秀家に仕えるが内紛で退去。家康に仕え関ヶ原の功で津和野三万石を得る。城を改修し城下町を整備、大坂の陣で加増。翌年死去して家は断絶した。,78,,0,243,53,58,43,44,45,63,,,,,,,,,64,70,53,50,95,aggressive,1567,1579,1616,,宇喜多忠家の子。別名：坂崎直盛,1210006,,,,,,44,0,115,,95,0,,,,,,
1210009,1096,宇喜多家,明石|行雄,あかし|ゆきかつ,明石行雄,,浦上家,岡山城,浦上家臣。備前の有力家臣として領内の境界争いを仲介し、宗景を支える。天神山城の戦い後は宇喜多直家に従い、宿老として白石城など領内城郭の普請にも携わった。,76,,0,283,40,46,60,67,70,62,,,,,,,,,64,70,65,32,19,balanced,1520,1532,1589,,別名：明石景親。浦上→宇喜多,,,,,,,44,0,115,,95,0,,,,,,
1210010,1097,宇喜多家,明石|全登,あかし|てるずみ,明石全登,,浦上家,岡山城,宇喜多秀家の重臣。家中騒動後は仕置家老を務め、キリシタンでもあった。関ヶ原では宇喜多軍を率い西軍主力として戦う。大坂の陣でも豊臣方を率いたが落城後の消息は不明。,80,,0,370,80,77,60,71,82,68,,,B,D,,,,,75,85,49,61,19,aggressive,1551,1563,1615,true,明石行雄の子。浦上→宇喜多,1210009,,,,,,44,0,115,,95,0,,,,,,
1210011,1098,宇喜多家,伊賀|久隆,いが|ひさたか,伊賀久隆,,浦上家,岡山城,備前国衆。虎倉城主。松田氏に属したのち宇喜多直家と結び、松田氏を滅ぼして周辺へ勢力を伸ばした。毛利軍の虎倉城攻めでは地の利を生かして撃退し、進出を阻んだ。,77,,0,342,73,63,71,70,65,57,,D,,,,,,,50,50,48,50,15,aggressive,1527,1539,1581,,,,,,,,,44,0,115,,95,0,,,,,,
1210012,1099,宇喜多家,遠藤|余市左衛門,えんどう|よいちざえもん,遠藤余市左衛門,,浦上家,天神山城,,0,,0,0,0,0,0,0,0,0,,,,,,,,,0,0,0,0,0,hermit,1500,9999,1530,,浦上→宇喜多,,,,,,,44,0,114,,95,0,,,,,,
1210013,1100,宇喜多家,遠藤|俊通,えんどう|としみち,遠藤俊通,,浦上家,天神山城,,0,,0,230,57,70,26,30,47,56,D,,,,,,,,43,40,21,84,5,aggressive,1533,1545,1619,,遠藤余市左衛門の子。浦上→宇喜多,1210012,,,,,,44,0,114,,95,0,,,,,,
1210014,1101,宇喜多家,遠藤|秀清,えんどう|ひできよ,遠藤秀清,,浦上家,天神山城,宇喜多家臣。弟・俊通と直家の命を受け、鉄砲で備中の三村家親を狙撃して暗殺した。功により重用され浮田家久と称す。秀家にも仕え下津井城主となり、備讃瀬戸を守った。,79,,0,275,41,64,67,57,46,62,,,,,,,,,57,60,31,77,5,aggressive,1534,1546,1604,,遠藤余市左衛門の子。浦上→宇喜多,1210012,,,,,,44,0,114,,95,0,,,,,,
1210015,1102,宇喜多家,大田原|長時,おおたわら|ながとき,大田原長時,,浦上家,天神山城,浦上家臣。与三左衛門尉。浦上宗景が兄・政宗から独立した当初からこれを支え、備前東部を担う武将となった。宇喜多直家が離反すると天神山城で抗戦し、宇喜多方へ転じた。,80,,0,258,57,40,60,52,49,48,,,,,,,,,30,22,41,50,16,balanced,1528,1540,1588,,浦上→宇喜多,,,,,,,44,0,114,,95,0,,,,,,
1210016,1103,宇喜多家,岡|家利,おか|いえとし,岡家利,,浦上家,岡山城,宇喜多家重臣。豊前守。直家・秀家に仕え、備中高松城攻めにも従った。秀家の命で宇喜多堤を築き、八ヶ郷用水を開削して新田開発を進め、文禄の役で朝鮮へ渡り病没した。,79,,0,333,63,66,66,69,69,60,D,,,,,,,,50,50,36,67,10,conservative,1532,1544,1592,,別名：岡利勝,,,,,,,44,0,115,,95,0,,,,,,
1210017,1104,宇喜多家,岡|家俊,おか|いえとし,岡家俊,,浦上家,岡山城,,0,,0,227,47,50,45,41,44,58,,,,,,,,,50,50,40,61,10,balanced,1566,1578,1615,,岡家利の子。宇喜多→徳川,1210016,,,,,,44,0,115,,95,0,,,,,,
1210018,1105,宇喜多家,長船|貞親,おさふね|さだちか,長船貞親,,浦上家,天神山城,宇喜多家臣。長船氏の重臣として備前の在地支配を担った。竹庄四ヶ村の百姓へ宛てた書状が現存し、村落行政への関与が分かる。宇喜多氏の領国経営を実務面から支えた。,78,,0,320,61,53,67,70,69,38,D,,,,,,,,64,70,53,50,5,balanced,1529,1541,1588,,浦上→宇喜多,,,,,,,44,0,114,,95,0,true,,,,,
1210019,1106,宇喜多家,長船|綱直,おさふね|つななお,長船綱直,,浦上家,天神山城,宇喜多家臣。長船貞親の子。秀家のもとで領国経営に携わり、宇喜多領の検地では戸川達安・岡家利とともに家臣を通じて検地帳簿を村へ打ち渡すなど、政務を担った。,76,,0,278,34,41,73,69,61,37,,,,,,,,,64,70,53,50,9,balanced,1558,1570,1598,,長船貞親の子。浦上→宇喜多,1210018,,,,,,44,0,114,,95,0,,,,,,
1210020,1107,宇喜多家,長船|定行,おさふね|さだゆき,長船定行,,浦上家,天神山城,,0,,0,231,41,35,47,51,57,57,,,,,,,,,50,50,44,55,10,balanced,1560,1572,1600,,長船貞親の子。浦上→宇喜多,1210018,,,,,,44,0,114,,95,0,,,,,,
1210021,1108,宇喜多家,菅納|家晴,かんの|いえはる,菅納家晴,,浦上家,天神山城,,0,,0,268,57,56,53,44,58,62,,,,,,,,,57,60,35,72,15,conservative,1523,1535,1593,,浦上→宇喜多,,,,,,,44,0,114,,95,0,,,,,,
1210022,1109,宇喜多家,富川|秀安,とがわ|ひでやす,富川秀安,,浦上家,岡山城,宇喜多家臣。本姓は富川、のちに戸川氏を称した。直家の侍大将として戦功を重ね国政も補佐。常山城を預かって毛利の侵攻を防ぎ、直家の没後は秀家に仕え、友林と号した。,79,,0,333,57,63,70,72,71,53,,,,,,,C,,50,50,44,55,99,balanced,1533,1545,1592,,,,,,,,,44,0,115,,95,0,,,,,,
1210023,1110,宇喜多家,戸川|達安,とがわ|みちやす,戸川達安,,浦上家,岡山城,宇喜多家臣。常山城主。秀家の重臣だったが家中騒動で主家を離れる。関ヶ原では東軍に属して戦功を挙げ、戦後は備中庭瀬二万九千二百石を与えられ庭瀬藩を立てた。,76,,0,284,49,62,56,58,59,57,D,D,,,,,D,,50,50,48,50,99,balanced,1567,1579,1627,,富川秀安の子,1210022,,,,,,44,0,115,,95,0,,,,,,
1210024,1111,宇喜多家,沼本|房家,ぬまもと|ふさいえ,沼本房家,,浦上家,天神山城,,0,,0,298,68,70,53,47,60,59,D,,,,,,,,40,36,69,51,18,balanced,1521,1533,1580,true,浦上→宇喜多,,,,,,,44,0,114,,95,0,,,,,,
1210025,1112,宇喜多家,延原|景能,のぶはら|かげよし,延原景能,,浦上家,天神山城,浦上家臣。宗景を支えた重臣。備前の境界争いでは家臣六名の筆頭として仲裁文書に連署した。のち宇喜多直家へ転じ、美作三星城を攻略。毛利軍との戦いで討死した。,76,,0,284,60,56,47,56,65,57,,D,,,,,,,50,50,44,55,55,balanced,1528,1540,1582,true,浦上→宇喜多,,,,,,,44,0,114,,95,0,,,,,,
1210026,1113,宇喜多家,花房|職忠,はなぶさ|もとただ,花房職忠,,浦上家,天神山城,,0,,0,0,0,0,0,0,0,0,,,,,,,,,0,0,0,0,96,hermit,1460,9999,1510,,,,,,,,,44,0,114,,95,0,,,,,,
1210027,1114,宇喜多家,花房|職治,はなぶさ|もとはる,花房職治,,浦上家,天神山城,,0,,0,0,0,0,0,0,0,0,,,,,,,,,0,0,0,0,96,hermit,1490,9999,1530,,花房職忠の子,1210026,,,,,,44,0,114,,95,0,,,,,,
1210028,1115,宇喜多家,花房|職勝,はなぶさ|もとかつ,花房職勝,,浦上家,天神山城,,0,,0,0,0,0,0,0,0,0,,,,,,,,,0,0,0,0,96,hermit,1520,9999,1570,,花房職治の子,1210027,,,,,,44,0,114,,95,0,,,,,,
1210029,1116,宇喜多家,花房|職秀,はなぶさ|もとひで,花房職秀,,浦上家,天神山城,,0,,0,250,54,76,26,32,62,63,D,D,,,,,,,36,30,47,44,96,aggressive,1549,1561,1616,,花房職勝の子。明石→宇喜多→徳川,1210028,,,,,,44,0,114,,95,0,,,,,,
1210030,1117,宇喜多家,花房|正定,はなぶさ|まささだ,花房正定,,浦上家,岡山城,,0,,0,0,0,0,0,0,0,0,,,,,,,,,0,0,0,0,98,hermit,1491,9999,1530,,花房職忠の子,1210026,,,,,,44,0,115,,95,0,,,,,,
1210031,1118,宇喜多家,花房|正幸,はなぶさ|まさゆき,花房正幸,,浦上家,天神山城,宇喜多家臣。花房正成の父。備前で一万八千石を領して宇喜多氏を支えた。子の正成は関ヶ原後に徳川家康へ仕え備中猿掛を領し、正幸の菩提を弔うため妙泉寺を建立した。,78,,0,302,57,65,57,61,62,71,,,,B,,,,,36,30,43,50,98,balanced,1524,1536,1605,,花房正定の子。赤松→浦上→宇喜多,1210030,,,,,,44,0,114,,95,0,,,,,,
1210032,1119,宇喜多家,花房|正成,はなぶさ|まさなり,花房正成,,浦上家,天神山城,宇喜多家臣。家老。直家・秀家に仕え、秀家期には四人の長臣の一人として家政を担った。関ヶ原後は徳川家康に召し出され、備中五千石を与えられて幕臣となった。,75,,0,300,45,48,67,70,70,38,,,,,,,C,,36,30,35,61,98,balanced,1555,1567,1623,,花房正幸の子。赤松→浦上→宇喜多,1210031,,,,,,44,0,114,,95,0,,,,,,
1022001,1120,江馬家,江馬|時経,えま|ときつね,江馬時経,,江馬家,高原諏訪城,飛騨国衆。高原郷の江馬氏当主。上宝道沿いに石神城を築き、河岸段丘を守る拠点とした。白山神社を再興し、三木氏とも婚姻関係を結んで北飛騨の支配基盤を固めた。,76,,0,285,63,58,51,53,60,53,,,,,,,,,24,14,75,55,76,balanced,1482,1494,1546,,,,,,,,,22,0,91,,95,0,,,,,,
1022002,1121,江馬家,江馬|時盛,えま|ときもり,江馬時盛,,江馬家,高原諏訪城,,0,,0,229,39,45,47,52,46,46,,,,,,,,,18,5,48,47,76,conservative,1504,1516,1573,true,江馬時経の子,1022001,,,,,,22,0,91,高原諏訪城主,100,1000,,,,,,
1022003,1122,江馬家,江馬|輝盛,えま|てるもり,江馬輝盛,,江馬家,高原諏訪城,飛騨高原郷の国衆。武田氏に従う父の時盛と対立してこれを殺害し、上杉氏と結ぶ。本能寺の変後に姉小路頼綱と争い、八日町の戦いで討死した。,66,,0,315,60,64,57,67,67,56,,D,,,,,,謀将,18,5,75,4,8,balanced,1535,1547,1582,true,江馬時盛の子,1022002,,,,,,22,0,91,,80,500,true,,,,,
1022004,1123,江馬家,江馬|時政,えま|ときまさ,江馬時政,,江馬家,高原諏訪城,,0,,0,163,41,33,32,23,34,40,,,,,,,,,29,21,16,51,8,aggressive,1558,1570,1585,true,江馬輝盛の子,1022003,,,,,,22,0,91,,80,0,,,,,,
1022005,1124,江馬家,江馬|貞盛,えま|さだもり,江馬貞盛,,江馬家,高原諏訪城,,0,,0,181,33,41,40,38,29,40,,,,,,,,,22,11,18,50,76,conservative,1535,1547,1579,,江馬時盛の次男,1022002,,,,,,22,0,91,,95,0,,,,,,
1022006,1125,武田家,江馬|信盛,えま|のぶもり,江馬信盛,,武田家,福島城,,0,,0,190,39,39,43,37,32,42,,,,,,,,,22,11,16,67,66,aggressive,1535,1547,1581,true,江馬時盛の三男。武田に人質に行く,1022002,,,,,,3,0,52,,95,0,,,,,,
1022007,1126,江馬家,麻生野|直盛,あそや|なおもり,麻生野直盛,,江馬家,高原諏訪城,,0,,0,175,37,34,41,32,31,42,,,,,,,,,29,21,40,50,62,conservative,1508,1520,1554,,江馬時経の次男,1022001,,,,,,22,0,91,,95,300,,,,,,
1022008,1127,江馬家,麻生野|慶盛,あそや|よしもり,麻生野慶盛,,江馬家,高原諏訪城,,0,,0,223,45,36,40,46,56,47,,,,,,,,,29,21,36,70,62,balanced,1539,1551,1573,true,麻生野直盛の子,1022007,,,,,,22,0,91,,95,0,,,,,,
1022009,1128,江馬家,麻生野|家頼,あそや|いえより,麻生野家頼,,江馬家,高原諏訪城,,0,,0,191,43,42,35,34,37,42,,,,,,,,,29,21,24,66,62,balanced,1557,1569,1573,true,麻生野慶盛の子,1022008,,,,,,22,0,91,,95,0,,,,,,
1022010,1129,江馬家,麻生野|養慶,あそや|ようけい,麻生野養慶,,江馬家,高原諏訪城,,0,,0,190,25,9,49,56,51,36,,,,,,,,,18,5,16,51,61,conservative,1563,1575,1622,,麻生野慶盛の子。麻生野→金森,1022008,,,,,,22,0,91,,95,0,,,,,,
1022011,1130,江馬家,河上|某,かわかみ|なにがし,河上某,,江馬家,高原諏訪城,,0,,0,0,0,0,0,0,0,0,,,,,,,,,0,0,0,0,87,hermit,1000,9999,1050,,河上氏一門連結用,,,,,,,22,0,91,,95,0,,,,,,
1022012,1131,江馬家,河上|定次,かわかみ|さだつぐ,河上定次,,江馬家,高原諏訪城,,0,,0,203,45,44,37,37,40,43,,,,,,,,,26,16,44,71,87,conservative,1525,1537,1582,true,河上某の子孫,1022011,,,,,,22,0,91,,95,0,,,,,,
1022013,1132,江馬家,河上|富春,かわかみ|とみはる,河上富春,,江馬家,高原諏訪城,,0,,0,222,40,36,42,54,50,44,,,,,,,,,23,12,26,60,86,conservative,1508,1520,1577,,河上某の子孫,1022011,,,,,,22,0,91,,95,0,,,,,,
1022014,1133,江馬家,河上|富信,かわかみ|とみのぶ,河上富信,,江馬家,高原諏訪城,,0,,0,190,28,20,39,57,46,39,,,,,,,,,22,11,14,69,86,conservative,1534,1546,1582,true,河上富春の子,1022013,,,,,,22,0,91,,95,0,,,,,,
1022015,1134,江馬家,吉村|政元,よしむら|まさもと,吉村政元,,江馬家,高原諏訪城,,0,,0,207,41,38,45,44,39,44,,,,,,,,,29,21,32,62,98,aggressive,1533,1545,1582,true,,,,,,,,22,0,91,,95,300,,,,,,
1022016,1135,江馬家,吉村|政延,よしむら|まさのぶ,吉村政延,,江馬家,高原諏訪城,,0,,0,194,40,47,33,38,36,42,,,,,,,,,29,21,31,63,98,balanced,1556,1568,1582,true,吉村政元の子,1022015,,,,,,22,0,91,,95,0,,,,,,
1216001,1136,大内家,大内|政弘,おおうち|まさひろ,大内政弘,,浪人,高森城,,0,,0,0,0,0,0,0,0,0,,,,,,,,,0,0,0,0,58,hermit,1446,9999,1495,,,,,,,,,0,0,123,,50,0,,,,,,
1216002,1137,大内家,大内|義興,おおうち|よしおき,大内義興,,浪人,高森城,,0,,0,0,0,0,0,0,0,0,,,,,,,,,0,0,0,0,58,hermit,1477,9999,1529,,大内政弘の子,1216001,,,,,,0,0,123,,50,0,,,,,,
1216003,1138,大内家,大内|義隆,おおうち|よしたか,大内義隆,,浪人,高森城,大内義興の子。山口を本拠に北九州・中国へ勢力を広げ、日明貿易や文化人保護で大内文化の最盛期を築く。ザビエルの布教も許したが、陶隆房の謀反で大寧寺に自害した。,78,,0,363,70,48,85,89,71,73,D,,D,D,,,C,,32,25,43,73,58,balanced,1507,1519,1551,,大内義興の子,1216002,,,,,,0,0,123,,50,1500,,,,,,
1216004,1139,大内家,大内|高弘,おおうち|たかひろ,大内高弘,,浪人,高森城,,0,,0,0,0,0,0,0,0,0,,,,,,,,,0,0,0,0,72,hermit,1481,9999,1528,,大内政弘の子,1216001,,,,,,0,0,123,,50,0,,,,,,
1216005,1140,大友家,大内|輝弘,おおうち|てるひろ,大内輝弘,,大友家,臼杵城,大内高弘の子。大内氏滅亡後は大友宗麟の庇護を受けた。大内氏再興を掲げて周防へ侵攻し山口へ入ったが、高嶺城を落とせず毛利軍の反撃を受け、茶臼山で自害した。,76,,0,235,59,52,34,32,58,60,D,D,D,D,,,,,19,7,30,59,72,aggressive,1520,1532,1569,true,大内高弘の子。大内→大友,1216004,,,,,,53,0,146,,95,500,,,,,,
1216006,1141,大内家,青景|隆著,あおかげ|たかあきら,青景隆著,,浪人,高森城,,0,,0,233,22,27,57,62,65,55,,,,,,,,,50,50,68,21,59,balanced,1514,1526,1556,,,,,,,,,0,0,123,,50,0,,,,,,
1216007,1142,大内家,麻生|隆守,あそう|たかもり,麻生隆守,,浪人,高森城,,0,,0,150,27,26,37,29,31,47,,,,,,,,,33,26,62,21,63,balanced,1507,1519,1546,true,,,,,,,,0,0,123,,50,0,,,,,,
1216008,1143,大内家,天野|興定,あまの|おきさだ,天野興定,,浪人,高森城,,0,,0,222,46,36,35,45,60,45,,,,,,,,,22,11,34,55,61,balanced,1475,1487,1541,,大内→尼子→大内,,,,,,,0,0,123,,50,0,,,,,,
1216009,1144,大内家,天野|隆綱,あまの|たかつな,天野隆綱,,浪人,高森城,,0,,0,251,41,40,61,57,52,48,,,,,,,,,29,21,40,50,61,balanced,1501,1513,1555,,天野興定の子。大内→毛利,1216008,,,,,,0,0,123,,50,0,,,,,,
1216010,1145,大内家,飯田|興秀,いいだ|おきひで,飯田興秀,,浪人,高森城,大内家臣。奉行人。筑前御笠郡代。岩屋城に在城し、少弐・大友氏との抗争で九州経営を担った。弓馬など武家故実にも通じ、小城・三津山陣で籠手田定経に故実を伝えた。,78,,0,322,61,58,69,69,65,56,,,,B,,,C,,36,30,47,44,59,balanced,1506,1518,1557,,,,,,,,,0,0,123,,50,0,,,,,,
1216011,1146,大内家,相良|武任,さがら|たけとう,相良武任,,浪人,高森城,大内家臣。義隆の奉行人として政務を担い、文治派を代表して陶隆房らと対立した。謀反の動きを「相良武任申状」で義隆へ訴えたが、大寧寺の変で筑前へ逃れ陶方に討たれた。,80,,0,308,42,38,79,76,73,63,,,,,,,,,26,16,52,32,59,balanced,1498,1510,1551,true,,,,,,,,0,0,123,,50,0,,,,,,
1216012,1147,大内家,杉|興運,すぎ|おきかず,杉興運,,浪人,高森城,大内家臣。筑前守護代。大内義隆の命で少弐氏討伐の軍を率いたが、田手畷で龍造寺家兼らに敗れた。高鳥居城を拠点に筑前支配を担い、大寧寺の変後に陶晴賢に討たれた。,78,,0,298,45,44,68,71,70,51,,,,,,,,,36,30,43,50,59,balanced,1506,1518,1551,true,豊後守家,,,,,,,0,0,123,,50,0,,,,,,
1216013,1148,大内家,杉|重矩,すぎ|しげのり,杉重矩,,浪人,高森城,大内家臣。伯耆守。義隆の奉行人として貫隆仲・内藤興盛らと連署し、領国支配の実務を担った。義隆の死後は陶晴賢と対立し、大崎に蟄居。追討を受け長門へ逃れ、自害した。,80,,0,262,50,55,60,52,45,25,D,,,,,,C,,36,30,47,44,64,balanced,1498,1510,1553,true,大内,,,,,,,0,0,123,,50,0,,,,,,
1216014,1149,大内家,杉|重輔,すぎ|しげすけ,杉重輔,,浪人,高森城,,0,,0,234,36,29,56,53,60,50,,,,,,,,,32,25,29,67,53,balanced,1526,1538,1557,true,杉重矩の子。大内,1216013,,,,,,0,0,123,,50,0,,,,,,
1216015,1150,毛利家,杉|重良,すぎ|しげよし,杉重良,,毛利家,吉田郡山城,,0,,0,184,30,41,40,36,37,47,,,,,,,,,29,21,44,44,53,balanced,1552,1564,1579,,杉重輔の子。大内→毛利→大友,1216014,,,,,,25,0,120,,95,0,,,,,,
1216016,1151,大内家,問田|隆盛,といだ|たかもり,問田隆盛,,浪人,高森城,,0,,0,239,34,40,59,55,51,50,,,,,,,,,36,30,47,44,65,conservative,1513,1525,1555,true,,,,,,,,0,0,123,,50,0,,,,,,
1216017,1152,大内家,内藤|興盛,ないとう|おきもり,内藤興盛,,浪人,高森城,大内家臣。長門守護代。義興・義隆の二代を支え、長門の国務と領国支配を長く担った。娘を毛利隆元に嫁がせて毛利氏との結びつきを強め、子の隆春も後に毛利氏へ仕えた。,79,,0,341,71,54,70,73,73,54,D,,,,,,,,29,21,40,50,65,conservative,1495,1502,1554,,,,,,,,,0,0,123,,50,0,,,,,,
1216018,1153,大内家,平賀|隆宗,ひらが|たかむね,平賀隆宗,,浪人,高森城,,0,,0,191,36,38,43,37,37,51,,,,,,,,,36,30,39,55,63,balanced,1525,1537,1549,,,,,,,,,0,0,123,,50,0,,,,,,
1216019,1154,大内家,弘中|隆兼,ひろなか|たかかね,弘中隆兼,,浪人,高森城,大内家臣。安芸守護代。陶晴賢に従い、厳島出兵では渡海に反対したが容れられず出陣。厳島の戦いで敗れると山中へ退いて抵抗を続け、最後は子とともに自害した。,75,,0,302,63,60,52,60,67,52,C,D,,,,,,,36,30,27,72,64,balanced,1510,1522,1555,true,,,,,,,,0,0,123,,50,0,,,,,,
1216020,1155,大内家,宗像|正氏,むなかた|まさうじ,宗像正氏,,浪人,高森城,宗像大宮司。大内家臣。大内義興の命で安芸大野城攻めに参加し、また奉行人としても活動した。のちに義隆から一字を受け黒川隆尚と称し、大内氏一族に列せられた。,76,,0,311,65,68,53,59,66,58,D,,,,,,,,50,50,57,36,59,conservative,1500,1508,1547,,,,,,,,,0,0,123,,50,0,,,,,,
1216021,1156,大内家,冷泉|隆豊,れいぜい|たかとよ,冷泉隆豊,,浪人,高森城,大内家臣。義興・義隆に仕え、安芸銀山城を守った。陶晴賢の謀反では義隆に従って大寧寺へ退き、主君を介錯したのちに自害した。,60,,0,332,67,74,64,65,62,61,C,,D,D,,,C,,29,21,12,90,59,aggressive,1513,1525,1551,true,,,,,,,,0,0,123,,50,0,,,,,,
1216022,1157,毛利家,冷泉|元豊,れいぜい|もととよ,冷泉元豊,,毛利家,櫛崎城,,0,,0,251,55,52,49,48,47,56,,,,,,,D,,36,30,58,71,49,aggressive,1538,1550,1562,true,冷泉隆豊の子。大内→毛利,1216021,,,,,,25,0,126,,95,0,,,,,,
1216023,1158,毛利家,冷泉|元満,れいぜい|もとみつ,冷泉元満,,毛利家,櫛崎城,毛利家臣。冷泉隆豊の子。父の死後に兄・元豊と毛利氏へ仕え、兄の戦死後に家督を継いだ。水軍を率いて各地を転戦し、淡路岩屋城も守備。朝鮮出兵では蔚山で戦い討死した。,80,,0,257,57,64,41,45,50,58,D,,,D,,,C,,36,30,49,83,49,aggressive,1541,1553,1598,,冷泉隆豊の子。大内→毛利,1216021,,,,,,25,0,126,,95,0,,,,,,
1217001,1159,陶家,陶|興房,すえ|おきふさ,陶興房,,浪人,高森城,大内家臣。義興・義隆に仕えて周防守護代を務め、安芸・備後への進出を支えた。九州では少弐氏を滅ぼすなど軍事を担う一方、和歌・連歌にも優れ公家とも交わった。,76,,0,355,75,72,67,68,73,64,D,,,,,,,,26,16,19,78,64,balanced,1479,1491,1539,,,,,,,,,0,0,123,,50,0,,,,,,
1217002,1160,陶家,陶|隆房,すえ|たかふさ,陶隆房,daimyo:0|晴賢:0|はるかた,浪人,高森城,大内家臣。周防守護代。義隆に反旗を翻し大寧寺の変を起こして自害に追い込み、大友氏から義長を迎えて実権を握る。毛利元就と対立し厳島へ出陣したが敗れ、自害した。,78,,0,375,80,84,62,78,71,67,B,,,,,,C,謀将,36,30,47,44,64,conservative,1521,1533,1555,true,陶興房の養子。別名：陶晴賢,,1217001,,,,,0,0,123,,50,0,,,,,,
1217003,1161,陶家,江良|房栄,えら|ふさひで,江良房栄,,浪人,高森城,,0,,0,251,58,43,53,49,48,49,,,,,,,,,25,15,59,21,64,conservative,1517,1529,1555,true,,,,,,,,0,0,123,,50,0,,,,,,
1076001,1162,大崎家,大崎|教兼,おおさき|のりかね,大崎教兼,,大崎家,名生城,,0,,0,0,0,0,0,0,0,0,,,,,,,,,0,0,0,0,97,hermit,1415,9999,1455,,,,,,,,,76,0,203,,95,0,,,,,,
1076002,1163,大崎家,大崎|政兼,おおさき|まさかね,大崎政兼,,大崎家,名生城,,0,,0,0,0,0,0,0,0,0,,,,,,,,,0,0,0,0,97,hermit,1445,9999,1487,,大崎教兼の子,1076001,,,,,,76,0,203,,95,0,,,,,,
1076003,1164,大崎家,大崎|義兼,おおさき|よしかね,大崎義兼,,大崎家,名生城,,0,,0,0,0,0,0,0,0,0,,,,,,,,,0,0,0,0,97,hermit,1475,9999,1529,,大崎政兼の子,1076002,,,,,,76,0,203,,95,0,,,,,,
1076004,1165,大崎家,大崎|義直,おおさき|よしなお,大崎義直,,大崎家,名生城,大崎義兼の次男。奥州探題。陸奥大崎五郡を領した。家臣の反乱が相次ぐと伊達稙宗の力を借りて鎮圧した。以後は伊達氏に従属し、奥州探題として大崎五郡の支配を続けた。,79,,0,234,45,52,45,49,43,55,D,,,D,,,,,36,30,19,70,97,balanced,1514,1526,1577,,大崎義兼の子,1076003,,,,,,76,0,203,名生城主,100,1500,,,,38,左京大夫,
1076005,1166,大崎家,大崎|義隆,おおさき|よしたか,大崎義隆,,大崎家,名生城,奥州探題。名生城主。大崎義直の子。家中の内乱に乗じた伊達政宗と抗争し、のちにその軍事指揮下に入る。小田原征伐に参陣しなかったため、秀吉に領地五郡を没収された。,79,,0,244,53,50,43,53,45,54,D,,,D,,,,,33,26,52,50,97,balanced,1548,1560,1603,,大崎義直の子,1076004,,,,,,76,0,203,,95,500,,,,,,
1076006,1167,大崎家,高清水|直堅,たかしみず|なおかた,高清水直堅,,大崎家,名生城,,0,,0,208,42,31,47,46,42,46,,,,,,,,,26,16,39,64,95,balanced,1527,1539,1583,,大崎義兼の子、高清水定家の養子,1076003,1076010,,,,,76,0,203,,95,0,,,,,,
1076007,1168,大崎家,高清水|高景,たかしみず|たかかげ,高清水高景,,大崎家,名生城,,0,,0,221,46,45,44,43,43,44,,,,,,,,,26,16,23,59,95,balanced,1545,1557,1611,,高清水直堅の子。大崎→伊達,1076006,,,,,,76,0,203,,95,0,,,,,,
1076008,1169,大崎家,百々|直孝,どど|なおたか,百々直孝,,大崎家,名生城,,0,,0,214,41,36,49,46,42,43,,,,,,,,,23,12,38,71,99,conservative,1529,1541,1578,,大崎義兼の子,1076003,,,,,,76,0,203,,95,0,,,,,,
1076009,1170,大崎家,百々|隆元,どど|たかもと,百々隆元,,大崎家,名生城,,0,,0,200,44,55,34,34,33,43,,,,,,,,,27,18,54,72,99,balanced,1551,1563,1591,true,百々直孝の子,1076008,,,,,,76,0,203,,95,0,,,,,,
1076010,1171,大崎家,高清水|定家,たかしみず|さだいえ,高清水定家,,大崎家,名生城,,0,,0,0,0,0,0,0,0,0,,,,,,,,,0,0,0,0,95,hermit,1468,9999,1534,,大崎教兼の子,1076001,,,,,,76,0,203,,95,0,,,,,,
1076011,1172,大崎家,磯田|兼継,いそだ|かねつぐ,磯田兼継,,大崎家,湯山城,,0,,0,193,38,46,36,35,38,41,,,,,,,,,30,22,32,48,77,balanced,1546,1558,1595,,氏家家臣,,,,,,,76,0,202,,95,0,,,,,,
1076012,1173,大崎家,一栗|放牛,いちくり|ほうぎゅう,一栗放牛,,大崎家,名生城,大崎家臣。一栗城主。出家して放牛と号した。大崎氏改易後に葛西・大崎一揆へ加わり、孫・高春と佐沼城に籠城。敗色が濃くなると高春を逃がし、自らは城に残って討死した。,80,,0,259,59,52,45,50,53,56,,,,B,,,,,29,21,37,55,95,aggressive,1500,1512,1591,true,,,,,,,,76,0,203,,95,0,,,,,,
1076013,1174,大崎家,一栗|某,いちくり|なにがし,一栗某,,大崎家,名生城,,0,,0,0,0,0,0,0,0,0,,,,,,,,,0,0,0,0,95,hermit,1525,9999,1575,,一栗放牛の子,1076012,,,,,,76,0,203,,95,0,,,,,,
1076014,1175,大崎家,一栗|高春,いちくり|たかはる,一栗高春,,大崎家,名生城,,0,,0,253,61,68,34,39,51,60,D,,,,,,,,29,21,53,32,95,aggressive,1557,1569,1614,true,一栗某の子。大崎→最上,1076013,,,,,,76,0,203,,95,0,,,,,,
1076015,1176,大崎家,一迫|隆真,いちはさま|たかざね,一迫隆真,,大崎家,湯山城,,0,,0,214,47,53,34,37,43,44,,,,,,,,,29,21,40,50,95,balanced,1549,1561,1591,true,氏家家臣,,,,,,,76,0,202,,95,0,,,,,,
1076016,1177,大崎家,氏家|隆継,うじいえ|たかつぐ,氏家隆継,,大崎家,湯山城,,0,,0,285,39,55,66,65,60,53,D,D,,,,,,,26,16,36,55,77,conservative,1507,1519,1591,true,,,,,,,,76,0,202,,95,0,,true,,,,
1076017,1178,大崎家,氏家|吉継,うじいえ|よしつぐ,氏家吉継,,大崎家,湯山城,大崎家臣。岩出山を拠点とした氏家氏当主。大崎氏衰退期には伊達政宗と交渉を重ね、岩出山の警固を担った。のち城を明け渡し、政宗が岩出山へ移る過程で地域支配を支えた。,80,,0,293,46,50,68,67,62,54,,,,,,,,,33,26,62,21,77,conservative,1537,1549,1591,true,氏家隆継の子,1076016,,,,,,76,0,202,湯山城主,95,300,,,,,,
1076018,1179,大崎家,笠原|隆治,かさはら|たかはる,笠原隆治,,大崎家,名生城,,0,,0,248,61,52,46,43,46,47,,,,,,,,,20,8,55,67,95,balanced,1515,1527,1573,,,,,,,,,76,0,203,,95,0,,,,,,
1076019,1180,大崎家,笠原|隆親,かさはら|たかちか,笠原隆親,1590:笠原:0|かさはら|0,大崎家,名生城,,0,,0,239,59,58,35,38,49,48,,,,,,,,,26,16,24,72,95,aggressive,1537,1549,1606,,笠原隆治の子。別名：宮崎隆親,1076018,,,,,,76,0,203,,95,0,,,,,,
1076020,1181,大崎家,里見|義成,さとみ|よしなり,里見義成,,大崎家,名生城,,0,,0,244,47,38,56,50,53,47,,,,,,,,,24,14,38,51,1,balanced,1509,1521,1557,,,,,,,,,76,0,203,,95,0,,,,,,
1076021,1182,大崎家,里見|隆成,さとみ|たかなり,里見隆成,,大崎家,名生城,,0,,0,240,55,51,51,40,43,48,,,,,,,,,27,18,52,61,1,balanced,1530,1542,1593,,大崎四家老。里見義成の子。大崎→最上,1076020,,,,,,76,0,203,,95,500,,,,,,
1076022,1183,大崎家,里見|隆元,さとみ|たかもと,里見隆元,,大崎家,名生城,,0,,0,225,39,42,50,51,43,45,,,,,,,,,30,22,28,46,1,conservative,1556,1568,1612,,里見隆成の子。大崎→最上,1076021,,,,,,76,0,203,,95,0,,,,,,
1076023,1184,大崎家,渋谷|隆秀,しぶや|たかひで,渋谷隆秀,,大崎家,名生城,,0,,0,238,42,28,58,51,59,46,,,,,,,,,22,11,41,57,96,conservative,1524,1536,1571,,大崎四家老,,,,,,,76,0,203,,95,500,true,,,,,
1076024,1185,大崎家,渋谷|隆時,しぶや|たかとき,渋谷隆時,,大崎家,名生城,,0,,0,238,49,46,45,43,55,47,,,,,,,,,22,11,28,78,96,balanced,1547,1559,1591,true,渋谷隆秀の子,1076023,,,,,,76,0,203,,95,0,,,,,,
1076025,1186,大崎家,新井田|隆景,にいだ|たかかげ,新井田隆景,,大崎家,名生城,,0,,0,241,36,52,40,56,57,51,,,,,,,,,33,26,56,72,2,balanced,1568,1580,1588,true,里見隆成の子,1076021,,,,,,76,0,203,,95,0,,,,,,
1076026,1187,大崎家,仁木|高家,につき|たかいえ,仁木高家,,大崎家,名生城,,0,,0,239,45,54,37,54,49,47,,,,,,,,,24,14,42,60,97,balanced,1526,1538,1591,true,大崎四家老,,,,,,,76,0,203,,95,500,,,,,,
1076027,1188,大崎家,仁木|隆家,につき|たかいえ,仁木隆家,,大崎家,名生城,,0,,0,209,40,29,49,48,43,43,,,,,,,,,24,14,22,73,97,conservative,1553,1565,1591,true,仁木高家の子,1076026,,,,,,76,0,203,,95,0,,,,,,
1076028,1189,大崎家,四釜|隆秀,しかま|たかひで,四釜隆秀,,大崎家,名生城,大崎家臣。四釜城主。尾張守。大崎氏の内紛では嫡子・義興を守るため中新田城へ入り、警護と城の防備を固めた。大崎合戦では伊達軍の攻撃に抗し、中新田城を守り抜いた。,79,,0,297,70,59,55,54,59,54,,C,,,,,,,26,16,52,32,96,conservative,1547,1559,1591,true,,,,,,,,76,0,203,,95,0,,,,,,
1076029,1190,大崎家,中目|長政,なかのめ|ながまさ,中目長政,,大崎家,名生城,,0,,0,214,52,50,39,34,39,41,,,,,,,,,20,8,53,56,95,balanced,1497,1509,1556,,,,,,,,,76,0,203,,95,0,,,,,,
1076030,1191,大崎家,中目|隆政,なかのめ|たかまさ,中目隆政,,大崎家,名生城,,0,,0,236,51,56,40,40,49,45,,,,,,,,,20,8,19,76,95,balanced,1528,1540,1590,true,中目長政の子。大崎四家老,1076029,,,,,,76,0,203,,95,500,,,,,,
1076031,1192,大崎家,南条|隆信,なんじょう|たかのぶ,南条隆信,,大崎家,名生城,,0,,0,298,66,71,50,51,60,57,C,,,,,,,,26,16,29,78,95,balanced,1549,1561,1593,,大崎→浪人,,,,,,,76,0,203,,95,0,,,,,,
1037001,1193,太田家,太田|資清,おおた|すけきよ,太田資清,,太田家,岩槻城,,0,,0,0,0,0,0,0,0,0,,,,,,,,,0,0,0,0,38,hermit,1411,9999,1488,,,,,,,,,37,0,69,,95,0,,,,,,
1037002,1194,太田家,太田|資長,おおた|すけなが,太田資長,1473:0|道灌:0|どうかん,太田家,岩槻城,,0,,0,0,0,0,0,0,0,0,,,,,,,,,0,0,0,0,38,hermit,1432,9999,1486,,太田資清の子。別名：太田道灌,1037001,,,,,,37,0,69,,95,0,,,,,,
1037003,1195,太田家,太田|資康,おおた|すけやす,太田資康,,太田家,岩槻城,,0,,0,0,0,0,0,0,0,0,,,,,,,,,0,0,0,0,38,hermit,1476,9999,1513,true,太田資長の子,1037002,,,,,,37,0,69,,95,0,,,,,,
1037004,1196,太田家,太田|資高,おおた|すけたか,太田資高,,太田家,岩槻城,太田資康の子。太田道灌の孫。はじめ扇谷上杉朝興に仕えたが北条氏綱へ転じた。氏綱に従って江戸城を攻め、河越城へ逃れた朝興を武蔵府中で破った。通称は源六郎。,76,,0,259,51,55,54,50,49,53,,,,,,,,,40,35,36,61,32,aggressive,1493,1505,1547,,太田資康の子。扇谷上杉→北条,1037003,,,,,,37,0,69,,95,0,,,,,,
1037005,1197,北条家,太田|康資,おおた|やすすけ,太田康資,,北条家,江戸城,太田資高の次男。北条氏康家臣。遠山直景の婿。処遇に不満を抱き太田資正と謀反を企てるが発覚し岩付城へ逃れた。のち里見義弘と結んで国府台で北条軍と戦い大敗した。,78,,0,243,62,70,36,35,40,46,D,D,,,,,,,26,16,39,50,32,aggressive,1531,1543,1581,,太田資高の子。北条→1564里見,1037004,,,,,,4,0,67,,80,0,,,,,,
1037006,1198,北条家,太田|重正,おおた|しげまさ,太田重正,,北条家,江戸城,,0,,0,222,39,43,48,45,47,52,,,,,,,,,36,30,27,72,32,balanced,1561,1573,1610,,太田康資の子。北条→1564太田資正→1590徳川,1037005,,,,,,4,0,67,,90,0,,,,,,
1037007,1199,北条家,太田|資宗,おおた|すけむね,太田資宗,,北条家,江戸城,太田重正の子。徳川秀忠・家光に仕え、六人衆や奏者番を務める。山川・西尾を経て浜松藩主となる。幕命で林羅山と諸家の系譜を調査し、「寛永諸家系図伝」の総裁を務めた。,80,,0,283,43,49,62,69,60,72,,,,,,,,,48,47,61,58,32,conservative,1600,1612,1680,,太田重正の子。徳川,1037006,,,,,,4,0,67,,90,0,,,,,,
1037008,1200,北条家,太田|輝資,おおた|てるすけ,太田輝資,,北条家,江戸城,,0,,0,195,41,26,45,44,39,37,,,,,,,,,23,12,11,46,31,hermit,1538,1550,1603,,太田資高の子。北条（太田氏資）家臣,1037004,,,,,,4,0,67,,80,0,,,,,,
1037009,1201,太田家,太田|資忠,おおた|すけただ,太田資忠,,太田家,岩槻城,,0,,0,0,0,0,0,0,0,0,,,,,,,,,0,0,0,0,38,hermit,1440,9999,1490,,太田資清の子、太田資長の養子,1037001,1037002,,,,,37,0,69,,95,0,,,,,,
1037010,1202,太田家,太田|資家,おおた|すけいえ,太田資家,,太田家,岩槻城,,0,,0,0,0,0,0,0,0,0,,,,,,,,,0,0,0,0,38,hermit,1461,9999,1522,,太田資忠の子,1037009,,,,,,37,0,69,,95,0,,,,,,
1037011,1203,太田家,太田|資頼,おおた|すけより,太田資頼,,太田家,岩槻城,,0,,0,0,0,0,0,0,0,0,,,,,,,,,0,0,0,0,38,hermit,1484,9999,1536,,太田資家の子,1037010,,,,,,37,0,69,,95,0,,,,,,
1037012,1204,太田家,太田|資顕,おおた|すけあき,太田資顕,,太田家,岩槻城,岩付太田氏当主。岩付城主。資頼の子。北条氏綱に岩付城を奪われ石戸城へ退いたが、のちに城代を破って奪還。扇谷上杉氏のもとで岩付を守り、北条氏の武蔵進出に対抗した。,80,,0,306,63,58,62,63,60,53,,D,,,,,,,40,35,32,67,40,balanced,1508,1520,1547,,太田資頼の子,1037011,,,,,,37,0,69,,95,0,,,,,,
1037013,1205,太田家,太田|資正,おおた|すけまさ,太田資正,,太田家,岩槻城,武蔵岩付城主。扇谷上杉氏から北条氏に属したが離反し、上杉謙信の関東出兵に参加。子の氏資に岩付城を奪われた後は佐竹氏を頼り、常陸を拠点に北条氏と戦い続けた。,77,,0,354,81,75,51,67,80,68,B,,,,,,,,25,15,89,86,38,aggressive,1522,1534,1591,,太田資頼の子。扇谷上杉→1548北条従属→1561上杉従属→1565～佐竹家臣,1037011,,,,,,37,0,69,岩槻城主,100,1000,,,,,,
1037014,1206,太田家,太田|氏資,おおた|うじすけ,太田氏資,,太田家,岩槻城,岩槻城主。資正の子。北条氏康の娘婿となり、父と兄を追放して家督を握り北条氏に従う。三船山合戦では氏政・氏照に従って里見義弘と戦い、敗戦の中で討死した。,75,,0,272,55,59,50,52,56,30,D,D,,D,,,C,,25,15,55,72,38,aggressive,1542,1554,1567,true,太田資正の子。1548北条従属→1564北条家臣→討死,1037013,,,,,,37,0,69,,95,500,,,,,,
1037015,1207,太田家,梶原|政景,かじわら|まさかげ,梶原政景,,太田家,岩槻城,太田資正の子。父とともに北条氏と戦い、のちに佐竹義重に仕えた。常陸・下野方面を転戦し、佐竹氏の軍事を担った。,54,,0,335,69,61,63,70,72,56,C,D,C,B,,,,,50,50,52,44,36,balanced,1548,1560,1623,,太田資正の子。1548北条従属→1564佐竹→1600越前結城→1614松平忠直,1037013,,,,,,37,0,69,,95,0,,,,,,
1037016,1208,太田家,潮田|資忠,うしおだ|すけただ,潮田資忠,,太田家,岩槻城,,0,,0,240,54,43,59,42,42,64,,,,,,,,,38,33,59,84,25,balanced,1551,1563,1590,true,太田資正の子。1548北条従属→1564北条家臣→討死,1037013,,,,,,37,0,69,,95,0,,,,,,
1037017,1209,太田家,潮田|資勝,うしおだ|すけかつ,潮田資勝,,太田家,岩槻城,,0,,0,221,43,54,47,39,38,60,,,,,,,,,38,33,50,76,25,aggressive,1573,1585,1590,true,潮田資忠の子,1037016,,,,,,37,0,69,,95,0,,,,,,
1037018,1210,太田家,潮田|資政,うしおだ|すけまさ,潮田資政,,太田家,岩槻城,,0,,0,210,37,24,54,49,46,49,,,,,,,,,48,47,14,54,14,conservative,1574,1586,1642,,潮田資忠の子。北条→土井利勝,1037016,,,,,,37,0,69,,95,0,,,,,,
1037019,1211,太田家,太田|資武,おおた|すけたけ,太田資武,,太田家,岩槻城,,0,,0,232,60,51,41,35,45,52,,,,,,,,,25,15,25,69,38,balanced,1570,1582,1643,,太田資正の子。1565佐竹義宣→1601越前結城→1615松平忠昌,1037013,,,,,,37,0,69,,95,500,,,,,,
1037020,1212,太田家,佐枝|信宗,さえだ|のぶむね,佐枝信宗,,太田家,岩槻城,,0,,0,198,31,15,59,55,38,47,,,,,,,,,30,22,20,65,34,conservative,1528,1540,1594,,,,,,,,,37,0,69,,95,0,,,,,,
1037021,1213,太田家,宮城|政業,みやぎ|まさなり,宮城政業,,太田家,岩槻城,,0,,0,236,37,42,55,53,49,53,,,,,,,,,36,30,70,33,67,conservative,1495,1507,1589,,,,,,,,,37,0,69,,95,200,true,,,,,
1053001,1214,大友家,大友|義長,おおとも|よしなが,大友義長,,大友家,臼杵城,,0,,0,0,0,0,0,0,0,0,,,,,,,,,0,0,0,0,89,hermit,1478,9999,1518,,,,,,,,,53,0,146,,95,0,,,,,,
1053002,1215,大友家,大友|義鑑,おおとも|よしあき,大友義鑑,,大友家,臼杵城,大友氏当主。大内義隆と北部九州を争い、和睦後は豊後・豊前・筑後・肥後へ勢力を拡大。嫡子・義鎮を廃して末子塩市丸を継がせようとし、二階崩れの変で襲撃され死去した。,80,,0,377,80,68,77,80,72,45,D,,,B,,,C,,57,60,47,55,79,balanced,1502,1514,1550,true,大友義長の子,1053001,,,,,,53,0,146,,95,0,,,,,,
1053003,1216,大友家,大友|義鎮,おおとも|よししげ,大友義鎮,1562:0|宗麟:0|そうりん,大友家,臼杵城,大友氏21代当主。二階崩れの変後に家督を継ぎ、北部九州へ勢力を拡大。ザビエルに布教を許し南蛮貿易を進め、のちに受洗。耳川で島津氏に大敗し、豊臣秀吉を頼った。,77,,0,394,76,63,82,94,79,75,,,B,D,,,C,,71,80,80,15,84,aggressive,1530,1542,1587,,大友義鑑の子。別名：大友宗麟,1053002,,,,,,53,0,146,臼杵城主,100,1500,,,ohtomo_sourin.webp|1562:ohtomo_sourin2.webp,56,左衛門督,
1053004,1217,大友家,大友|義統,おおとも|よしむね,大友義統,,大友家,臼杵城,,0,,0,171,33,38,44,30,26,58,,,,,,,,,71,80,55,50,84,balanced,1558,1570,1605,,大友義鎮の子。立花家臣,1053003,,,,,,53,0,146,,95,500,,,,,,
1053005,1218,大友家,大友|親家,おおとも|ちかいえ,大友親家,1579:田原|0:たばる|0,大友家,臼杵城,,0,,0,200,50,58,32,28,32,47,D,,D,B,,,,,71,80,55,50,86,aggressive,1561,1573,1641,,大友義鎮の子。立花家臣。田原親家,1053003,,,,,,53,0,146,,80,500,,,,,,
1053006,1219,大友家,大友|親盛,おおとも|ちかもり,大友親盛,1581:田原|0:たばる|0,大友家,立花山城,大友宗麟の三男。田原親賢の養子となり田原親盛を称し、妙見嶽城を守る。戸次川の戦い・文禄の役に従軍。大友家改易後は細川氏に仕え、松野半斎と称して家名をつないだ。,79,,0,253,52,31,60,58,52,61,,D,,,,,,,57,60,42,61,81,conservative,1567,1579,1643,,大友義鎮の子、田原親賢の養子。別名：田原親盛,1053003,1053046,,,,,53,0,148,,95,0,,,,,,
1053007,1220,大内家,大内|義長,おおうち|よしなが,大内義長,,大友家,高森城,,0,,0,141,24,29,37,26,25,62,,,,,,,,,50,50,36,67,79,conservative,1532,1544,1557,true,大友義鑑の子、大内義隆の養子,1053002,1216003,,,,,53,0,123,,90,0,,,,,,
1053008,1221,大友家,菊池|義武,きくち|よしたけ,菊池義武,,大友家,臼杵城,,0,,0,181,28,50,40,32,31,51,,,,,,,,,36,30,43,50,82,aggressive,1505,1517,1554,true,大友義長の子。大友→菊池,1053001,,,,,,53,0,146,,95,0,,,,,,
1053009,1222,大友家,麻生|鎮里,あそう|しげさと,麻生鎮里,,大友家,立花山城,,0,,0,208,39,38,47,43,41,48,,,,,,,,,33,26,58,27,86,balanced,1513,1525,1572,,,,,,,,,53,0,148,,90,0,,,,,,
1053010,1223,大友家,麻生|元重,あそう|もとしげ,麻生元重,,大友家,立花山城,,0,,0,209,33,33,43,47,53,48,,,,,,,,,33,26,50,38,86,balanced,1543,1555,1592,,,,,,,,,53,0,148,,90,0,,,,,,
1053011,1224,大友家,一萬田|親泰,いちまだ|ちかやす,一萬田親泰,,大友家,立花山城,,0,,0,0,0,0,0,0,0,0,,,,,,,,,0,0,0,0,96,hermit,1480,9999,1530,,,,,,,,,53,0,148,,95,0,,,,,,
1053012,1225,大友家,一萬田|鑑相,いちまだ|あきすけ,一萬田鑑相,,大友家,立花山城,,0,,0,224,53,44,40,42,45,55,,,,,,,,,36,30,38,71,86,balanced,1506,1518,1553,true,一萬田親泰の子,1053011,,,,,,53,0,148,,95,0,,,,,,
1053013,1226,大友家,一萬田|鑑実,いちまだ|あきざね,一萬田鑑実,,大友家,立花山城,大友家臣。一萬田鑑相の子。父らの粛清後に家督を継ぎ、菊池義武・秋月文種との戦いや筑前出兵に従事。加判衆として家政に参与し、一族の離反を問われ自害を命じられた。,79,,0,262,67,73,39,39,44,57,D,,D,,,,,,71,80,52,55,86,aggressive,1535,1547,1588,true,一萬田鑑相の子,1053012,,,,,,53,0,148,,95,0,,,,,,
1053014,1227,大友家,一萬田|鎮実,いちまだ|しげさね,一萬田鎮実,,大友家,立花山城,,0,,0,226,53,51,35,32,55,52,,,,,,,,,37,32,38,57,86,conservative,1559,1571,1588,true,一萬田鑑実の子,1053013,,,,,,53,0,148,,95,0,,,,,,
1053015,1228,大友家,高橋|鑑種,たかはし|あきたね,高橋鑑種,1529:高橋|鑑種:たかはし|あきたね,大友家,立花山城,大友家臣。筑前宝満・岩屋城主。宗麟に仕えたが毛利氏と結んで反乱し、立花鑑載らと大友方に抗戦。毛利軍の筑前撤退後は城を失い豊前小倉城へ移り、同地を拠点とした。,78,,0,244,57,52,43,44,48,51,D,,D,D,,,,,50,50,52,44,19,aggressive,1530,1542,1579,,一萬田親泰の子。別名：高橋鑑種,1053011,,,,,,53,0,148,,80,200,,,,,,
1053016,1229,大友家,臼杵|長景,うすき|ながかげ,臼杵長景,,大友家,臼杵城,,0,,0,0,0,0,0,0,0,0,,,,,,,,,0,0,0,0,89,hermit,1470,9999,1528,,,,,,,,,53,0,146,,95,0,,,,,,
1053017,1230,大友家,臼杵|鑑続,うすき|あきつぐ,臼杵鑑続,,大友家,臼杵城,大友家臣。臼杵長景の子。義鑑・義鎮の二代にわたり加判衆を務めた。筑前支配に携わり、明使・鄭舜功とも面会した。秋月文種討伐では宗像氏らへ出陣を促す連署状を発した。,80,,0,294,35,42,76,72,69,67,,,,,,,,,71,80,55,50,89,balanced,1509,1521,1561,,臼杵長景の子,1053016,,,,,,53,0,146,,95,500,,,,,,
1053018,1231,大友家,臼杵|鑑速,うすき|あきはや,臼杵鑑速,,大友家,臼杵城,大友家臣。宗麟の重臣で、戸次鑑連・吉弘鑑理とともに三老と称された。加判衆として政務を支え、筑前・豊前方面の軍事や毛利氏との外交を担当して北部九州支配を支えた。,79,,0,318,48,48,74,82,66,47,,,,,,,,,71,80,52,55,89,balanced,1518,1530,1575,,臼杵長景の子,1053016,,,,,,53,0,146,,95,0,,,,,,
1053019,1232,大友家,大木|俊光,おおき|としみつ,大木統光,,大友家,柳川城,,0,,0,253,48,46,57,53,49,59,,,,,,,,,50,50,28,78,68,conservative,1537,1549,1586,,,,,,,,,53,0,150,,85,0,,,,,,
1053020,1233,大友家,加来|統直,かく|むねなお,加来統直,,大友家,立花山城,,0,,0,163,33,29,34,31,36,61,,,,,,,,,57,60,42,61,63,aggressive,1549,1561,1588,true,,,,,,,,53,0,148,,90,0,,,,,,
1053021,1234,大友家,鹿子木|親員,かのこぎ|ちかかず,鹿子木親員,,大友家,柳川城,肥後国衆。千葉城から茶臼山南西の古城へ居城を移し、隈本城と称した。のち大友氏に従い、入道後は寂心と号す。鹿子木文書には領主活動を伝える多数の古文書が残る。,77,,0,278,55,52,60,58,53,47,,,,,,,,,29,21,49,38,64,hermit,1477,1489,1549,,菊池→大友,,,,,,,53,0,150,,95,0,,,,,,
1053022,1235,大友家,蒲池|鑑久,かまち|あきひさ,蒲池鑑久,,大友家,柳川城,筑後蒲池氏当主。治久の子。大友氏に属し、筑後南部の国衆として蒲池本家を率いた。弟・親広の系統は山下城を本拠とする上蒲池、子・鑑盛へ続く本家は下蒲池と呼ばれた。,79,,0,275,45,48,56,62,64,56,,,,,,,,,50,50,52,44,78,balanced,1494,1506,1543,true,,,,,,,,53,0,150,,95,0,,,,,,
1053023,1236,大友家,蒲池|鑑盛,かまち|あきもり,蒲池鑑盛,,大友家,柳川城,筑後国衆。蒲池氏当主。柳川城を本拠として筑後南部を治め、大友氏に属した。耳川の戦いでは大友軍の一員として島津軍と戦い、討死した。,64,,0,302,58,56,63,64,61,36,D,D,,D,,,,,50,50,32,72,78,conservative,1520,1532,1578,true,蒲池鑑久の子,1053022,,,,,,53,0,150,柳川城主,95,200,,,,,,
1053024,1237,大友家,城井|正房,きい|まさふさ,城井正房,,大友家,城井谷城,,0,,0,247,52,57,46,44,48,53,,,,,,,,,43,40,34,44,68,conservative,1478,1490,1561,,大内→大友,,,,,,,53,0,144,,90,200,,true,,,,
1053025,1238,大友家,城井|長房,きい|ながふさ,城井長房,,大友家,城井谷城,豊前宇都宮氏当主。正房の子。下野宇都宮氏の内紛に介入し、本家の家督争いを支えた。九州平定後、子・鎮房が黒田氏と争うと、のち長房も一族とともに殺害された。,76,,0,261,61,50,37,59,54,58,D,,,,,,,,43,40,57,55,71,balanced,1506,1518,1588,true,城井正房の子,1053024,,,,,,53,0,144,城井谷城主,90,300,,,,,,
1053026,1239,大友家,城井|鎮房,きい|しげふさ,城井鎮房,,大友家,城井谷城,豊前城井谷の国衆。豊臣秀吉の九州平定後に転封を拒み、黒田長政の軍を城井谷で撃退。のちに和睦したが中津城へ招かれ、酒宴の席で黒田方に殺害された。,71,,0,300,67,73,55,47,58,64,,,,B,,,,,43,40,68,32,71,conservative,1536,1548,1588,true,城井長房の子。大内→大友→島津→羽柴,1053025,,,,,,53,0,144,,90,0,,,,,,
1053027,1240,大友家,木付|鎮直,きむら|しげなお,木付鎮直,,大友家,杵築城,,0,,0,205,52,58,30,31,34,52,,,,,,,,,35,29,25,74,84,balanced,1528,1540,1593,true,,,,,,,,53,0,145,,95,0,,,,,,
1053028,1241,大友家,斎藤|鎮実,さいとう|しげざね,斎藤鎮実,,大友家,臼杵城,,0,,0,242,59,68,30,41,44,44,D,,,,,,,,16,2,19,73,84,balanced,1527,1539,1578,true,,,,,,,,53,0,146,,95,0,,,,,,
1053029,1242,大友家,佐伯|惟教,さえき|これのり,佐伯惟教,1577:0|宗天:0|そうてん,大友家,臼杵城,大友家臣。豊後佐伯氏当主。謀反の嫌疑を受け一族と伊予へ逃れるが、のち帰参を許され加判衆となる。大友氏の日向侵攻では先陣を務め、耳川の戦いで島津軍と戦い討死した。,80,,0,316,75,72,57,50,62,61,D,,D,D,,,B,,71,80,63,78,90,balanced,1524,1536,1578,true,,,,,,,,53,0,146,,95,0,,,,,,
1053030,1243,大友家,佐伯|惟真,さえき|これざね,佐伯惟真,,大友家,臼杵城,,0,,0,201,44,56,33,33,35,54,,,,,,,,,71,80,49,58,90,balanced,1545,1557,1578,true,佐伯惟教の子,1053029,,,,,,53,0,146,,95,0,,,,,,
1053031,1244,大友家,佐伯|惟定,さえき|これさだ,佐伯惟定,,大友家,臼杵城,大友家臣。栂牟礼城主。島津軍の豊後侵攻では堅田合戦でこれを破り、佐伯への侵入を阻止した。領内を守り抜いたが、大友義統の改易後は佐伯を離れ伊予の藤堂高虎に仕えた。,80,,0,256,55,58,45,47,51,47,D,,,D,,,C,,71,80,35,78,90,balanced,1568,1578,1618,,佐伯惟真の子,1053030,,,,,,53,0,146,,95,0,,,,,,
1053032,1245,大友家,佐田|隆居,さだ|たかおき,佐田隆居,,大友家,城井谷城,,0,,0,242,39,44,50,53,56,58,,,,,,,,,50,50,40,61,91,balanced,1519,1531,1588,,,,,,,,,53,0,144,,90,0,,,,,,
1053033,1246,大友家,佐田|鎮綱,さだ|しげつな,佐田鎮綱,,大友家,城井谷城,,0,,0,231,44,47,50,46,44,59,,,,,,,,,50,50,32,72,91,conservative,1541,1553,1593,,佐田隆居の子,1053032,,,,,,53,0,144,,90,0,,,,,,
1053034,1247,大友家,志賀|親守,しが|ちかもり,志賀親守,,大友家,角牟礼城,,0,,0,240,35,37,58,57,53,34,,,,,,,,,71,80,68,32,80,balanced,1514,1526,1598,,,,,,,,,53,0,176,角牟礼城主,95,300,,,,,,
1053035,1248,大友家,志賀|親度,しが|ちかのり,志賀親度,,大友家,角牟礼城,,0,,0,167,24,37,35,33,38,47,,,,,,,,,71,80,63,38,81,balanced,1535,1547,1587,true,志賀親守の子,1053034,,,,,,53,0,176,,95,0,,,,,,
1053036,1249,大友家,志賀|親次,しが|ちかつぐ,志賀親次,,大友家,角牟礼城,大友家臣。岡城主。親度の子。豊薩合戦で島津軍の三度の攻撃をことごとく撃退し、秀吉から感状を受ける。洗礼名ドン・パウロ。大友家改易後は福島正則らに仕えた。,76,,0,265,63,69,32,45,56,58,,,C,D,,,,,71,80,52,55,80,balanced,1566,1578,1607,,志賀親度の子,1053035,,,,,,53,0,176,,95,0,,,,,,
1053037,1250,大友家,城|親冬,じょう|ちかふゆ,城親冬,,大友家,柳川城,,0,,0,230,42,41,56,49,42,48,,,,,,,,,29,21,40,50,72,conservative,1511,1523,1575,,,,,,,,,53,0,150,,90,0,,,,,,
1053038,1251,大友家,城|親賢,じょう|ちかかた,城親賢,,大友家,柳川城,肥後国衆。隈本城主。城親冬の子。大友氏の支配下で勢力を保ったが、耳川合戦後に島津氏と結び離反。のちに龍造寺氏に従い、相良・島津の和睦交渉にも関与した。,75,,0,251,51,52,48,48,52,53,,,,,,,,,29,21,40,50,72,balanced,1541,1553,1581,,城親冬の子,1053037,,,,,,53,0,150,,90,0,,,,,,
1053039,1252,大友家,城|親基,じょう|ちかもと,城親基,,大友家,柳川城,,0,,0,207,51,50,36,34,36,49,D,,,,,,,,29,21,28,67,71,aggressive,1543,1555,1592,,城親冬の子,1053037,,,,,,53,0,150,,90,0,,,,,,
1053040,1253,大友家,高橋|長種,たかはし|ながたね,高橋長種,,大友家,岡城,,0,,0,198,36,28,44,47,43,44,,,,,,,,,22,11,31,60,19,conservative,1471,1483,1549,,,,,,,,,53,0,147,,95,0,,,,,,
1053041,1254,大友家,田北|親員,たきた|ちかかず,田北親員,,大友家,岡城,,0,,0,0,0,0,0,0,0,0,,,,,,,,,0,0,0,0,89,hermit,1500,9999,1550,,,,,,,,,53,0,147,,95,0,,,,,,
1053042,1255,大友家,田北|鑑重,たきた|あきしげ,田北鑑重,1566:0|紹鉄:0|しょうてつ,大友家,岡城,大友家臣。田北氏当主。宗麟に仕えて筑前・豊前方面を転戦した。耳川敗戦後、家中の対立が深まる中で挙兵して大友氏に背き、討伐軍に敗れて筑前へ逃れる途上で討たれた。,79,,0,318,75,67,56,49,71,52,D,D,,,,,,,37,32,37,58,89,balanced,1530,1542,1580,true,田北親員の子。別名：田北紹鉄,1053041,,,,,,53,0,147,,95,0,,,,,,
1053043,1256,大友家,田北|鎮周,たきた|しげかね,田北鎮周,,大友家,岡城,大友家臣。田北親員の子。田北鑑重の養子。義鎮から偏諱を受け、毛利氏との戦いや立花鑑載の反乱鎮圧に従軍。加判衆に列し、日向遠征で高城を攻め、耳川の戦いで戦死した。,80,,0,251,62,71,43,32,43,44,,C,,,,,,,50,50,48,50,89,balanced,1543,1555,1578,true,田北親員の子、田北鑑重の養子,1053041,1053042,,,,,53,0,147,,95,0,,,,,,
1053044,1257,大友家,田尻|鑑種,たじり|あきたね,田尻鑑種,,大友家,柳川城,,0,,0,220,29,44,54,49,44,56,,,,,,,,,50,50,56,38,61,conservative,1529,1541,1588,,大友→1578龍造寺,,,,,,,53,0,150,,85,0,,,,,,
1053045,1258,大友家,田原|親宏,たばる|ちかひろ,田原親宏,,大友家,柳川城,大友家臣。田原氏当主。国東半島に大勢力を持った。耳川敗戦後、弱体化した大友宗麟へ圧力をかけ旧領を回復した。養子・親貫を後継に定めたが、ほどなく病没した。,76,,0,312,70,53,59,62,68,58,,,,,,,,,62,67,79,54,74,balanced,1520,1532,1579,,田原親述（未登場）の子、田原親董（未登場）の養子,,,,,,,53,0,150,,95,0,,,,,,
1053046,1259,大友家,田原|親賢,たばる|ちかかた,田原親賢,1566:0|紹忍:0|じょうにん,大友家,柳川城,大友家臣。奈多八幡宮大宮司家の出身。田原親資の養嗣子となり、入道して紹忍と称した。豊前遠征で軍を率い、妙見岳城督として宇佐・下毛両郡の軍事・行政を担った。,77,,0,238,32,36,47,57,66,49,,,,,,,,,36,30,55,32,81,balanced,1541,1553,1600,true,奈多鑑基（未登場）の子、田原親資(親輔)（未登場）の養子。別名：田原紹忍,,,,,,,53,0,150,,95,0,,,,,,
1053047,1260,大友家,土持|親佐,つちもち|ちかすけ,土持親佐,,大友家,縣城,,0,,0,262,50,57,55,52,48,56,D,D,,,,,,,50,50,56,38,41,aggressive,1477,1489,1541,,,,,,,,,53,0,162,,80,0,,,,,,
1053048,1261,大友家,土持|親成,つちもち|ちかなり,土持親成,,大友家,縣城,日向国衆。松尾城主。平安時代よりの名門である縣土持氏の最盛期を築いた。島津氏と結んで大友氏から離反するも、大友義統率いる大軍の侵攻を受けて敗れ捕縛された。,77,日向国衆。松尾城主。平安時代よりの名門である縣土持氏の最盛期を築いた。島津氏と結んで大友氏から離反するも、大友義統率いる大軍の侵攻を受けて敗れ捕縛された。,77,312,65,68,51,66,62,60,C,,,,,,,,50,50,60,32,40,aggressive,1519,1531,1578,true,土持親佐の子。国主。大友→島津,1053047,,,,,,53,0,162,縣城主,80,200,,,,,,
1053049,1262,大友家,角隈|石宗,つのくま|せきそう,角隈石宗,,大友家,臼杵城,大友家臣。軍配者として兵法・軍略を担い、大友宗麟の日向出兵を諫めた。進言が容れられず従軍し、耳川の戦いで島津軍と戦い討死した。,63,,0,341,69,51,67,73,81,63,D,,,,,,C,,50,50,36,67,85,balanced,1519,1531,1578,true,,,,,,,,53,0,146,,95,0,,,,,,
1053050,1263,大友家,入田|親誠,にゅうた|ちかざね,入田親誠,,大友家,縣城,,0,,0,221,23,22,64,60,52,49,,,,,,,,,29,21,28,67,19,balanced,1510,1522,1550,true,,,,,,,,53,0,162,,80,0,,,,,,
1053051,1264,大友家,入田|義実,にゅうた|よしざね,入田義実,,大友家,縣城,,0,,0,216,31,23,56,55,51,49,,,,,,,,,29,21,29,66,19,balanced,1533,1545,1601,,入田親誠の子。大友→島津,1053050,,,,,,53,0,162,,80,0,,,,,,
1053052,1265,大友家,野中|鎮兼,のなか|しげかね,野中鎮兼,,大友家,柳川城,,0,,0,212,56,51,34,31,40,55,,,,,,,,,50,50,64,27,75,aggressive,1529,1541,1588,true,,,,,,,,53,0,150,,85,0,,,,,,
1053053,1266,大友家,原|種良,はら|たねよし,原種良,,大友家,城井谷城,黒田家臣。黒田二十四騎の一人。孝高・長政を支えた功臣として数えられ、関ヶ原期には黒田如水から知行を与えられた。栗山利安からの書状も残り、黒田家中で軍務を担った。,80,,0,291,62,56,59,59,55,58,,,,,,,,,50,50,33,71,5,conservative,1557,1569,1639,,大友→1587黒田,,,,,,,53,0,144,,90,0,,,,,,
1053054,1267,大友家,原野|恵俊,はらの|しげとし,原野恵俊,,大友家,柳川城,,0,,0,230,31,31,65,57,46,60,,,,,,,,,50,50,20,90,84,conservative,1499,1511,1558,,蒲池鑑盛家臣,,,,,,,53,0,150,,90,0,,,,,,
1053055,1268,大友家,本荘|右述,ほんじょう|すけのぶ,本荘右述,,大友家,臼杵城,大友家臣。義鑑政権の重臣。雑掌から義鑑の改名をめぐる幕府交渉を報告され、京都外交に関与。家老層の連署奉書で国東郡の所領還付を執行し、相良氏にも書状を送った。,78,,0,288,56,50,53,68,61,64,,,,,,,,,61,65,27,84,30,hermit,1469,1481,1539,,,,,,,,,53,0,146,,95,0,,,,,,
1053056,1269,大友家,問註所|統景,もんぢゅうじょ|むねかげ,問註所統景,,大友家,柳川城,大友家臣。筑後国衆。長岩城主。大友氏に従い、龍造寺氏の筑後進出に対して長岩城を拠点に抗戦した。秀吉の九州平定まで大友方を守り、のちに小早川隆景の与力となった。,79,,0,319,72,68,58,57,64,43,,,D,,,,,,64,70,41,67,90,aggressive,1542,1554,1593,,,,,,,,,53,0,150,,90,0,,,,,,
1053057,1270,大友家,吉岡|長増,よしおか|ながます,吉岡長増,1562:0|宗歓:0|そうかん,大友家,臼杵城,大友家臣。加判衆として宗麟を支え、戸次鑑連・吉弘鑑理らと筑前・豊前の軍事・外交を担当。高橋鑑種の離反後は筑紫氏らへの出陣を促し、毛利氏との北部九州戦線を支えた。,80,,0,392,84,73,78,69,88,71,,,D,D,,,C,,50,50,48,50,86,balanced,1499,1511,1573,,別名：吉岡宗歓,,,,,,,53,0,146,,95,500,true,,,,,
1053058,1271,大友家,吉岡|鑑興,よしおか|あきおき,吉岡鑑興,,大友家,臼杵城,大友家臣。吉岡長増の子。宗麟・義統期の加判衆として長く重臣会議に連なり、臼杵鑑速・吉弘鑑理・戸次鑑連らとともに大友氏の軍事・領国政務を支え、その中枢を担った。,79,,0,283,60,49,53,55,66,59,,,,,,,,,50,50,32,73,86,conservative,1528,1540,1578,true,吉岡長増の子,1053057,,,,,,53,0,146,,95,0,,,,,,
1053059,1272,大友家,若林|鎮興,わかばやし|しげおき,若林鎮興,,大友家,臼杵城,,0,,0,208,60,54,27,24,43,55,D,,,C,,,B,,36,30,31,67,84,balanced,1547,1559,1593,,,,,,,,,53,0,146,,95,0,,,,,,
1053060,1273,大友家,若林|統昌,わかばやし|むねまさ,若林統昌,,大友家,臼杵城,,0,,0,204,58,65,22,22,37,54,,,,B,,,,,42,39,36,62,84,balanced,1568,1580,1637,,若林鎮興の子。大友→松平定勝,1053059,,,,,,53,0,146,,95,0,,,,,,
1204001,1274,立花家,立花|鑑光,たちばな|あきみつ,立花鑑光,,大友家,立花山城,,0,,0,236,41,28,51,60,56,45,,,,,,,,,22,11,27,66,21,balanced,1516,1528,1558,true,,,,,,,,53,0,148,,95,0,,,,,,
1204002,1275,立花家,日田|親賢,ひた|ちかかた,日田親賢,,大友家,立花山城,,0,,0,200,32,14,40,62,52,44,,,,,,,,,38,33,53,50,6,conservative,1506,1518,1544,true,,,,,,,,53,0,148,,95,0,,,,,,
1204003,1276,立花家,立花|鑑載,たちばな|あきとし,立花鑑載,,大友家,立花山城,大友氏別家。筑前立花城主。西大友とよばれた。毛利氏に通じ、高橋鑑種とともに大友宗麟へ反旗を翻す。宗麟の命を受けた戸次鑑連らに攻められ、敗れて自害した。,75,,0,235,54,47,34,55,45,47,,,,,,,,,38,33,79,27,21,balanced,1532,1544,1568,true,日田親賢の子、立花鑑光の養子,1204002,1204001,,,,,53,0,148,立花山城主,80,300,,,,,,
1204004,1277,立花家,立花|親善,たちばな|ちかよし,立花親善,,大友家,立花山城,,0,,0,186,50,37,34,31,34,41,,,,,,,,,38,33,28,43,21,balanced,1559,1571,1617,,立花鑑載の子,1204003,,,,,,53,0,148,,80,0,,,,,,
1204005,1278,立花家,戸次|鑑連,べっき|あきつら,戸次鑑連,1563:0|道雪:0|どうせつ/1571:立花|0:たちばな|0,大友家,岡城,大友家臣。宗麟の加判衆を務め、立花鑑載を討って立花城に入る。筑前で秋月氏らと戦い、耳川敗戦後大友方の防衛を担った。娘・誾千代に家督を譲り、統虎を婿養子に迎えた。,80,,0,403,94,91,61,74,83,78,S,,,A,,,C,雷神,50,50,32,72,84,balanced,1513,1525,1585,,立花親善の名跡を継ぐ。別名：立花道雪,,1204004,,,,,53,0,147,岡城主,95,300,,,,,,
1204006,1279,立花家,戸次|誾千代,べっき|ぎんちよ,戸次誾千代,1571:立花|0:たちばな|0,大友家,岡城,立花道雪の一人娘。幼くして立花山城の城督を継ぎ、のち高橋紹運の子・宗茂を婿に迎える。筑後入封に伴い柳川へ移り、関ヶ原後に宗茂が改易されると肥後腹赤村で暮らした。,80,,0,269,61,67,42,45,54,68,,D,,D,D,,,,50,50,32,72,84,aggressive,1569,1581,1602,,戸次鑑連の子,1204005,,,,true,true,53,0,147,,95,0,,,tachibana_ginchiyo.webp,,,
1204007,1280,立花家,吉弘|鑑理,よしひろ|あきただ,吉弘鑑理,,大友家,杵築城,大友家臣。豊州三老の一人。戸次鑑連・臼杵鑑速とともに加判衆として宗麟の領国支配を支えた。臼杵丹生島城の築城では屋敷普請の進捗確認を任されるなど政務にも関与した。,80,,0,287,59,60,60,57,51,63,C,D,D,D,,,,,68,75,46,61,86,balanced,1515,1527,1571,,,,,,,,,53,0,145,,95,500,,,,,,
1204008,1281,立花家,吉弘|鎮信,よしひろ|しげのぶ,吉弘鎮信,,大友家,杵築城,,0,,0,244,53,52,49,45,45,57,,,,,,,,,68,75,42,67,89,aggressive,1540,1552,1578,true,吉弘鑑理の子,1204007,,,,,,53,0,145,杵築城主,95,0,,,,,,
1204009,1282,立花家,吉弘|統幸,よしひろ|むねゆき,吉弘統幸,,大友家,杵築城,大友家臣。鎮信の子。父の討死後に家督を継ぎ、衰退する大友家を支えた。豊薩合戦では島津軍を足止めした。関ヶ原では義統を諫めつつ従い、石垣原で黒田軍と戦い討死した。,80,,0,294,66,79,43,47,59,65,C,,D,,,,,朱槍,68,75,34,78,87,aggressive,1564,1576,1600,true,吉弘鎮信の子,1204008,,,,,,53,0,145,,95,0,,,,,,
1204010,1283,立花家,吉弘|政宣,よしひろ|まさのぶ,吉弘政宣,,大友家,杵築城,,0,,0,195,38,56,30,31,40,48,,,,,,,,,56,59,39,66,87,aggressive,1580,1592,1662,,吉弘統幸の子。立花家臣,1204009,,,,,,53,0,145,,95,0,,,,,,
1204011,1284,立花家,吉弘|鎮理,よしひろ|しげまさ,吉弘鎮理,1569:高橋|鎮種:たかはし|しげたね/1578:0|紹運:0|じょううん,大友家,杵築城,大友家臣。吉弘鑑理の子で高橋氏を継ぎ、立花道雪と筑前支配を支える。島津軍の筑前侵攻では岩屋城に籠り、大軍に抗戦。城兵と討死して時間を稼ぎ、立花山城を守った。,78,,0,369,86,90,55,63,75,75,,A,,D,,,,猛将,64,70,25,90,84,aggressive,1548,1560,1586,,吉弘鑑理の子。別名：高橋紹運,1204007,,,,,,53,0,145,,95,0,,,,,,
1204012,1285,立花家,高橋|統虎,たかはし|むねとら,高橋統虎,1582:立花|0:たちばな|0/1592:0|宗虎:0|むねとら/1595:0|親成:0|ちかなり/1600:0|尚政:0|なおまさ/1610:0|宗茂:0|むねしげ,大友家,岡城,高橋紹運の子。立花道雪の養子となり誾千代を娶る。軍功を重ね柳川大名となり、関ヶ原では西軍として大津城を攻略。改易後に徳川家へ召し出され、旧領柳川へ復帰した。,78,,0,370,84,96,55,61,74,79,,A,B,S,,,,鎮西一,61,65,32,78,84,aggressive,1567,1579,1642,,吉弘鎮理の子、戸次鑑連の養子。別名：立花宗茂,1204011,1204005,,,,,53,0,147,,95,0,,,,,,
1204013,1286,立花家,高橋|統増,たかはし|むねます,高橋統増,,大友家,杵築城,大友家臣。高橋紹運の次男で宗茂の弟。九州平定後、秀吉に三池郡一万八千石を与えられ江浦城主となる。関ヶ原では西軍に属して改易。のち幕府に仕え立花直次と改名した。,79,,0,265,57,70,40,44,54,61,,C,B,,,,,,50,50,40,61,84,hermit,1572,1584,1617,,吉弘鎮理の子。立花家臣,1204011,,,,,,53,0,145,,95,0,,,,,,
1204014,1287,立花家,小野|鎮幸,おの|しげゆき,小野鎮幸,,大友家,岡城,立花家臣。もとは大友氏直臣。道雪の要請でその家臣となり、宗茂の代に蒲池城番を務め5千石を領した。大小の戦に歴戦し、宗茂改易後は肥後加藤家で旧立花家臣を束ねた。,79,,0,280,63,77,39,43,58,60,C,,,D,,,C,猛将,50,50,36,67,84,balanced,1543,1555,1609,,立花家臣,,,,,,,53,0,147,,95,0,,,,,,
1204015,1288,立花家,十時|連貞,ととき|つらさだ,十時連貞,,大友家,岡城,立花家臣。家老。道雪・宗茂に仕えた。関ヶ原後の改易では浪人した宗茂を支え、江戸でも従った。柳川復帰後は家督を子に譲り、晩年には島原・天草の乱にも従軍した。,77,,0,301,67,76,49,48,61,66,C,D,D,,,,,猛将,50,50,29,77,84,conservative,1556,1568,1644,,立花家臣,,,,,,,53,0,147,,95,0,,,,,,
1204016,1289,立花家,由布|惟信,ゆふ|これのぶ,由布惟信,,大友家,岡城,立花家臣。筑前・筑後各地を転戦し、道雪の死後は立花宗茂を補佐。島津軍との立花山城籠城や肥後国人一揆鎮圧で活躍した。,57,,0,322,72,70,62,53,65,64,D,C,,,,,,,57,60,38,67,84,aggressive,1527,1539,1612,,立花家臣,,,,,,,53,0,147,,95,0,,,,,,
1064001,1290,大西家,大西|元高,おおにし|もとたか,大西元高,,大西家,白地城,阿波国衆。白地城主。,10,阿波国衆。白地城主。,10,0,0,0,0,0,0,0,,,,,,,,,0,0,0,0,58,hermit,1477,9999,1527,,大西貞頼の養子,,,,,,,64,0,131,,95,0,,,,,,
1064002,1291,大西家,大西|頼武,おおにし|よりたけ,大西頼武,,大西家,白地城,阿波国衆。元高の子。白地城主。はじめ細川氏に属し、のちに三好長慶の妹を娶って阿波西部から土佐北部・讃岐南部・伊予東部にかけて支配し最大勢力を誇った。,74,阿波国衆。元高の子。白地城主。はじめ細川氏に属し、のちに三好長慶の妹を娶って阿波西部から土佐北部・讃岐南部・伊予東部にかけて支配し最大勢力を誇った。,74,323,68,62,59,69,65,65,,D,,,,,,,36,30,61,46,58,balanced,1519,1531,1577,true,大西元高の子,1064001,,,,,,64,0,131,,100,200,,true,,,,
1064003,1292,大西家,大西|輝武,おおにし|てるたけ,大西輝武,,大西家,白地城,阿波国衆。頼武の子。白地城主。弟・頼晴の勧めに応じて長宗我部氏に降伏し、三好方の重清長政を討つ戦功を挙げたが、十河存保勢の反撃を受け討死した。,71,阿波国衆。頼武の子。白地城主。弟・頼晴の勧めに応じて長宗我部氏に降伏し、三好方の重清長政を討つ戦功を挙げたが、十河存保勢の反撃を受け討死した。,71,256,53,49,50,56,48,51,,,,,,,,,36,30,43,50,58,balanced,1544,1556,1578,true,大西頼武の子。別名：大西覚用、大西覚養,1064002,,,,,,64,0,131,白地城主,100,1000,,,,,,
1064004,1293,大西家,大西|信武,おおにし|のぶたけ,大西信武,,大西家,白地城,大西頼武の次男。漆川城主。1577年「漆川館の戦い」で父・頼武に従って長宗我部元親勢と戦い、討死した。,49,大西頼武の次男。漆川城主。1577年「漆川館の戦い」で父・頼武に従って長宗我部元親勢と戦い、討死した。,49,216,52,49,31,36,48,48,,,,,,,,,47,45,34,67,56,aggressive,1546,1558,1577,true,大西頼武の次男,1064002,,,,,,64,0,131,,95,0,,,,,,
1064005,1294,大西家,大西|頼晴,おおにし|よりはる,大西頼晴,,大西家,白地城,大西頼武の三男。人質として長宗我部元親のもとに赴き、そのまま家臣として仕え優遇された。のちに降伏の使者として輝武のもとに赴いた。,64,大西頼武の三男。人質として長宗我部元親のもとに赴き、そのまま家臣として仕え優遇された。のちに降伏の使者として輝武のもとに赴いた。,64,275,54,56,53,55,57,53,D,,,,,,,,36,30,23,50,72,balanced,1547,1559,1588,true,大西頼武の三男。別名：大西頼包。大西→長宗我部,1064002,,,,,,64,0,131,,95,0,,,,,,
1064006,1295,大西家,大西|頼信,おおにし|よりのぶ,大西頼信,,大西家,白地城,大西頼武の四男。田尾城主。兄・輝武により改修が行われた田尾城主となり、寺野武次の補佐を受け長宗我部勢と戦った。元親を苦戦させるも火攻めにより落城し討死した。,78,大西頼武の四男。田尾城主。兄・輝武により改修が行われた田尾城主となり、寺野武次の補佐を受け長宗我部勢と戦った。元親を苦戦させるも火攻めにより落城し討死した。,78,205,44,43,39,38,41,45,,,,,,,,,40,36,19,71,58,balanced,1565,1577,1577,true,大西頼武の四男、大西輝武の養子,1064002,1064003,,,,,64,0,131,,95,500,,,,,,
1064007,1296,大西家,大西|元武,おおにし|もとたけ,大西元武,,大西家,白地城,元高の次男。馬路城主。三好長治と結んで長宗我部氏に対抗し勢力を拡大。知勇兼備の将として武威を振るい、その人徳に領民らも服した。,63,元高の次男。馬路城主。三好長治と結んで長宗我部氏に対抗し勢力を拡大。知勇兼備の将として武威を振るい、その人徳に領民らも服した。,63,308,64,73,59,49,63,65,,,,D,,,,,36,30,22,80,59,aggressive,1523,1535,1577,true,大西元高の次男。別名：大西頼貞,1064001,,,,,,64,0,131,,95,300,true,,,,,
1064008,1297,大西家,大西|武氏,おおにし|たけうじ,大西武氏,,大西家,白地城,大西元武の子。宇摩郡の諸将が元親に属すると、父・元武とともに馬路城を追われた。長宗我部方の真鍋通周勢と戦い、敗れて父子ともに自刃した。,67,大西元武の子。宇摩郡の諸将が元親に属すると、父・元武とともに馬路城を追われた。長宗我部方の真鍋通周勢と戦い、敗れて父子ともに自刃した。,67,257,54,61,48,42,52,55,,,,,,,,,42,39,60,85,59,balanced,1550,1562,1577,true,大西元武の子,1064007,,,,,,64,0,131,,95,0,,,,,,
1064009,1298,大西家,大西|貞武,おおにし|さだたけ,大西貞武,,大西家,白地城,元高の三男。兄・元武に従い先鋒として末尾城を攻めたが、敗退し討死した。兄・元武主従は一応は山川国秀宅に逃れるも、逃げるすべもなく後事を国秀に託し自刃した。,77,元高の三男。兄・元武に従い先鋒として末尾城を攻めたが、敗退し討死した。兄・元武主従は一応は山川国秀宅に逃れるも、逃げるすべもなく後事を国秀に託し自刃した。,77,190,46,53,30,29,32,40,,,,,,,,,26,16,37,81,60,aggressive,1526,1538,1577,true,大西元高の三男。別名：大西頼清,1064001,,,,,,64,0,131,,95,0,,,,,,
1064010,1299,大西家,寺野|武次,てらの|たけつぐ,寺野武次,,大西家,白地城,大西家臣。田尾城に入り、大西頼信を補佐して長宗我部勢と争った。三百の兵で二日間にわたり元親勢三千を苦戦させるも、火攻めにより落城。頼信とともに討死した。,76,大西家臣。田尾城に入り、大西頼信を補佐して長宗我部勢と争った。三百の兵で二日間にわたり元親勢三千を苦戦させるも、火攻めにより落城。頼信とともに討死した。,76,221,60,63,31,28,39,48,,,,,,,,,36,30,52,80,60,aggressive,1529,1541,1577,true,,,,,,,,64,0,131,,95,0,,,,,,
1064011,1300,大西家,有瀬|成貞,ありせ|なるさだ,有瀬成貞,,大西家,白地城,大西家臣。見性寺の変では三好義賢に属して細川持隆勢と争い戦功を挙げた。有瀬百石を領した。,44,大西家臣。見性寺の変では三好義賢に属して細川持隆勢と争い戦功を挙げた。有瀬百石を領した。,44,226,48,51,43,41,43,45,,,,,,,,,26,16,51,76,63,balanced,1501,1513,1562,,,,,,,,,64,0,131,,95,0,,,,,,
1064012,1301,大西家,有瀬|某,ありせ|なにがし,有瀬某,,大西家,白地城,,0,,0,0,0,0,0,0,0,0,,,,,,,,,0,0,0,0,68,hermit,1525,9999,1575,,有瀬成貞の子。,1064011,,,,,,64,0,131,,95,0,,,,,,
1064013,1302,大西家,有瀬|成清,ありせ|なりきよ,有瀬成清,,大西家,白地城,蜂須賀家臣。成貞の孫。蜂須賀家政に仕えた。有瀬50石を領し、土州御堺目之奉行に任じられた。,44,蜂須賀家臣。成貞の孫。蜂須賀家政に仕えた。有瀬50石を領し、土州御堺目之奉行に任じられた。,44,198,38,30,47,43,40,46,,,,,,,,,48,47,26,66,88,conservative,1553,1565,1625,,有瀬成貞の孫。大西→蜂須賀,1064011,,,,,,64,0,131,,95,0,,,,,,
1064014,1303,大西家,真鍋|通周,まなべ|みちちか,真鍋通周,,大西家,白地城,大西家臣。末尾城主。長宗我部元親に内応して主君・元武から離反。大西勢と戦い戦功を挙げた。1585年の秀吉による四国攻めに際し、小早川隆景の侵攻を受けて落城した。,78,大西家臣。末尾城主。長宗我部元親に内応して主君・元武から離反。大西勢と戦い戦功を挙げた。1585年の秀吉による四国攻めに際し、小早川隆景の侵攻を受けて落城した。,78,223,46,52,34,49,42,45,,,,,,,,,38,33,31,39,73,balanced,1541,1553,1585,true,,,,,,,,64,0,131,,85,0,,,,,,
1208001,1304,小笠原家,小笠原|長棟,おがさわら|ながむね,小笠原長棟,,小笠原家,深志城,信濃守護。分裂していた小笠原氏を再統一し、諏訪氏と和睦して領国の安定を図った。林城を本拠として支城網を整え、戦国大名としての府中小笠原氏の基盤を築いた。,76,,0,388,81,71,77,83,76,44,D,C,,,,,,,22,11,46,38,25,aggressive,1492,1504,1542,,,,,,,,,0,17,96,,50,0,,,,,,
1208002,1305,小笠原家,小笠原|長時,おがさわら|ながとき,小笠原長時,,小笠原家,二条城,小笠原氏当主。信濃守護。武田晴信に敗れ林城を失い、越後や京都を流浪。三好長慶を頼り将軍義輝の弓馬師範を務め、のち上杉謙信・蘆名盛氏を頼り会津で家臣に殺害された。,80,,0,310,57,76,54,51,72,48,,B,,A,,,,,25,15,67,53,25,conservative,1514,1526,1583,,小笠原長棟の子。小笠原→京都（三好）→1569三好義継について本圀寺攻め→上杉→1581蘆名,1208001,,,,,,0,17,26,小笠原家当主,50,0,,,,,,
1208003,1306,小笠原家,小笠原|貞慶,おがさわら|さだよし,小笠原貞慶,,小笠原家,二条城,小笠原長時の子。武田氏に奪われた旧領へ帰還し、徳川家康の援助を得て深志城を奪回。城を松本城と改め、城郭を拡張して町割りを進めるなど近世城下町の基礎を築いた。,78,,0,285,59,69,60,52,45,47,,B,,A,,,,謀将,26,16,31,61,93,aggressive,1546,1558,1595,,小笠原長時の子。小笠原→京都（三好）→1569三好義継について本圀寺攻め→織田→徳川（石川数正）→羽柴→徳川,1208002,,,,,,0,17,26,,50,0,,,,,,
1208004,1307,小笠原家,小笠原|秀政,おがさわら|ひでまさ,小笠原秀政,,小笠原家,二条城,小笠原氏当主。貞慶の子。秀吉に仕え、家督を継いで松本城主となった。小田原征伐後は古河、関ヶ原後は飯田へ移封。のち松本へ復帰し、大坂夏の陣で父子ともに戦死した。,79,,0,284,46,65,65,58,50,48,,C,,C,,,,,26,16,27,67,93,aggressive,1569,1581,1615,,小笠原貞慶の子。織田→徳川（石川数正）→羽柴→徳川,1208003,,,,,,0,17,26,,50,0,,,,,,
1208005,1308,小笠原家,小笠原|忠真,おがさわら|ただざね,小笠原忠真,,小笠原家,二条城,小笠原秀政の次男。大坂夏の陣で父兄が戦死すると松本八万石を継ぐ。明石十万石を経て西国の押えとして小倉十五万石へ移封。島原の乱に出陣し、長崎警固も務めた。,76,,0,271,48,52,62,58,51,45,,,,,,,,,25,15,45,41,93,aggressive,1596,1608,1667,,小笠原秀政の子。徳川家臣,1208004,,,,,,0,17,26,,50,0,,,,,,
1208006,1309,小笠原家,小笠原|信定,おがさわら|のぶさだ,小笠原信定,,小笠原家,二条城,信濃小笠原一族。長棟の子。鈴岡小笠原氏を継ぎ、武田晴信の伊那侵攻では長時と抗戦するも鈴岡城を失った。のちに三好三人衆の客将となり、本圀寺の変で討死した。,76,,0,303,65,56,50,61,71,44,,,,,,,,,22,11,42,44,27,balanced,1521,1533,1569,true,小笠原長棟の子。小笠原→京都（三好）→1569三好義継について本圀寺攻めに参加し討死,1208001,,,,,,0,17,26,,50,0,,,,,,
1208007,1310,小笠原家,小笠原|貞種,おがさわら|さだたね,小笠原貞種,,小笠原家,二条城,,0,,0,219,48,60,38,35,38,46,D,,,,,,,,26,16,43,44,29,aggressive,1523,1535,1587,,小笠原長棟の子。小笠原→京都（三好）→1569三好義継について本圀寺攻め→上杉,1208001,,,,,,0,17,26,,50,0,,,,,,
1208008,1311,小笠原家,犬甘|政徳,いぬかい|まさのり,犬甘政徳,,浪人,深志城,,0,,0,222,51,53,40,38,40,48,,D,,,,,,,26,16,27,67,5,balanced,1516,1528,1555,,,,,,,,,0,0,96,,50,0,,,,,,
1208009,1312,小笠原家,犬甘|久知,いぬかい|ひさとも,犬甘久知,,小笠原家,二条城,小笠原家臣。犬甘政徳の子。小笠原貞慶の信濃回復戦に従い、上杉景勝方との攻防では筑摩郡睡峠へ出陣した。溝口貞秀は日岐盛武らを久知の陣へ送り、協力して敵に備えた。,79,,0,268,55,60,43,50,60,48,D,D,,,,,,,26,16,24,72,5,aggressive,1546,1558,1620,,犬甘政徳の子。小笠原秀政家臣,1208008,,,,,,0,17,26,,50,0,,,,,,
1208010,1313,小笠原家,大井|貞隆,おおい|さだたか,大井貞隆,,浪人,深志城,,0,,0,172,31,31,46,34,30,47,,,,,,,,,26,16,36,55,83,balanced,1504,1516,1543,,,,,,,,,0,0,96,,50,0,,,,,,
1208011,1314,小笠原家,大井|貞清,おおい|さだきよ,大井貞清,,武田家,深志城,,0,,0,179,40,32,33,33,41,47,,,,,,,,,26,16,36,55,63,balanced,1506,1518,1575,true,大井康光の子、大井貞隆の養子。小笠原→武田,,1208010,,,,,3,0,96,,95,0,,,,,,
1208012,1315,小笠原家,知久|頼元,ちく|よりもと,知久頼元,,浪人,深志城,,0,,0,236,41,39,49,52,55,44,,,,,,,,,22,11,46,38,8,balanced,1506,1518,1555,,,,,,,,,0,0,96,,50,0,,,,,,
1208013,1316,小笠原家,溝口|長友,みぞぐち|ながとも,溝口長友,,浪人,深志城,,0,,0,224,51,49,33,39,52,48,,,,,,,,,22,11,10,90,93,aggressive,1483,1495,1554,true,,,,,,,,0,0,96,,50,0,,,,,,
1208014,1317,小笠原家,溝口|長勝,みぞぐち|ながかつ,溝口長勝,,浪人,深志城,,0,,0,207,37,36,45,43,46,47,,,,,,,,,22,11,14,84,93,balanced,1515,1527,1554,true,溝口長友の子,1208013,,,,,,0,0,96,,50,0,,,,,,
1208015,1318,小笠原家,溝口|貞泰,みぞぐち|さだやす,溝口貞泰,,小笠原家,二条城,,0,,0,258,50,44,50,55,59,46,,,,,,,,,22,11,26,67,2,aggressive,1539,1551,1613,,溝口長友の子。小笠原秀政家臣,1208013,,,,,,0,17,26,,50,0,,,,,,
1066001,1319,荻野家,赤井|時家,あかい|ときいえ,赤井時家,,荻野家,黒井城,丹波国衆。後屋城主。赤井氏を率い氷上・何鹿郡へ勢力を広げ、次男・直正を荻野氏の養子として両氏の連携を強化。内藤宗勝と争い、直正と連署して家臣の知行も安堵した。,79,,0,290,61,61,50,56,62,49,D,C,,,,,,,29,21,33,61,24,aggressive,1494,1506,1581,,,,,,,,,66,0,83,,95,500,,,,,,
1066002,1320,荻野家,赤井|家清,あかい|いえきよ,赤井家清,,荻野家,黒井城,丹波氷上郡の国衆。赤井氏当主。弟の荻野直正らと細川晴元方に属し、守護代内藤氏の軍と香良で戦った際に負傷し、のち死去。幼い子の忠家を直正が補佐して赤井氏を支えた。,80,,0,318,66,75,58,59,60,48,,D,,,,,,,29,21,36,56,24,aggressive,1525,1537,1557,true,赤井時家の子,1066001,,,,,,66,0,83,,95,0,,,,,,
1066003,1321,荻野家,赤井|忠家,あかい|ただいえ,赤井忠家,,荻野家,黒井城,赤井氏当主。家清の嫡男。叔父の荻野直正とともに丹波氷上郡に勢力を保った。夜久野の豪商酒屋和泉には諸公事・課役・徳政令を免除する文書を発給し、領内支配を担った。,79,,0,299,63,65,51,63,57,58,,D,,,,,,,29,21,40,51,24,balanced,1549,1561,1605,,赤井家清の子,1066002,,,,,,66,0,83,,95,0,,,,,,
1066004,1322,荻野家,荻野|直正,おぎの|なおまさ,荻野直正,,荻野家,黒井城,丹波国衆。赤井氏から荻野氏を継ぎ黒井城主となる。守護代・内藤宗勝を破って勢力を広げ、明智光秀の黒井城攻めも撃退。攻略中に病没し、死後に黒井城は陥落した。,76,,0,369,76,88,63,71,71,75,D,B,,D,,,,鬼,25,15,57,51,20,balanced,1530,1542,1578,,赤井時家の子、室は荻野秋清娘,1066001,,,,,,66,0,83,黒井城主,100,1500,,,,,,1020005:120
1066005,1323,荻野家,荻野|直信,おぎの|なおのぶ,荻野直信,,荻野家,黒井城,,0,,0,273,60,68,48,45,52,54,D,,,,,,,,25,15,49,50,20,aggressive,1566,1578,1584,,荻野直正の子,1066004,,,,,,66,0,83,,95,500,,,,,,
1066006,1324,荻野家,荻野|直義,おぎの|なおよし,荻野直義,1610:赤井|0:あかい|0,荻野家,黒井城,丹波黒井城主。荻野直正の次男。兄の早世後、幼くして家督を継ぎ、叔父・赤井幸家の後見で明智光秀の再攻に備えた。黒井城落城後は藤堂高虎に仕え、赤井姓を称した。,77,,0,314,63,53,63,69,66,61,,,,,,,,,25,15,32,60,19,conservative,1571,1583,1653,,荻野直正の子,1066004,,,,,,66,0,83,,95,200,,,,,,
1066007,1325,荻野家,赤井|幸家,あかい|よしいえ,赤井幸家,,荻野家,黒井城,,0,,0,255,46,45,56,59,49,58,,,,,,,,,29,21,35,58,23,balanced,1532,1544,1606,,赤井時家の子,1066001,,,,,,66,0,83,,95,500,,,,,,
1066008,1326,荻野家,赤井|幸長,あかい|よしなが,赤井幸長,,荻野家,黒井城,,0,,0,241,53,56,45,45,42,59,,,,,,,,,29,21,33,61,23,balanced,1553,1565,1600,true,赤井幸家の子,1066007,,,,,,66,0,83,,95,0,,,,,,
1066009,1327,荻野家,赤井|時勝,あかい|ときかつ,赤井時勝,,荻野家,黒井城,,0,,0,244,40,45,57,58,44,59,,,,,,,,,29,21,31,63,22,balanced,1555,1567,1611,,赤井幸家の子,1066007,,,,,,66,0,83,,95,0,,,,,,
1066010,1328,荻野家,荻野|秋清,おぎの|あききよ,荻野秋清,,荻野家,黒井城,,0,,0,213,40,66,39,36,32,55,,,,,,,,,22,11,38,49,20,conservative,1506,1518,1554,,,,,,,,,66,0,83,,95,0,,,,,,
1066011,1329,荻野家,芦田|為家,あしだ|ためいえ,芦田為家,,荻野家,黒井城,,0,,0,193,43,56,38,29,27,46,,,,,,,,,25,15,35,55,24,aggressive,1519,1531,1575,true,,,,,,,,66,0,83,,95,200,,,,,,
1066012,1330,荻野家,芦田|国澄,あしだ|くにずみ,芦田国澄,,荻野家,黒井城,,0,,0,217,36,36,42,47,56,49,,,,,,,,,29,21,33,61,27,balanced,1545,1557,1584,,芦田為家の子,1066011,,,,,,66,0,83,,95,0,,,,,,
1066013,1331,荻野家,足立|基晴,あだち|もとはる,足立基晴,,荻野家,黒井城,,0,,0,257,48,56,53,53,47,52,,,,,,,,,27,18,40,50,19,aggressive,1508,1520,1571,,別名：足立基清,,,,,,,66,0,83,,95,0,,,,,,
1066014,1332,荻野家,足立|基助,あだち|もとすけ,足立基助,,荻野家,黒井城,,0,,0,246,62,60,46,41,37,60,,,,,,,,,29,21,20,79,19,aggressive,1530,1542,1579,true,足立基晴の子,1066013,,,,,,66,0,83,,95,0,,,,,,
1066015,1333,荻野家,足立|基依,あだち|もとより,足立基依,,荻野家,黒井城,,0,,0,246,56,54,51,44,41,40,,,,,,,,,17,4,11,43,19,conservative,1555,1567,1621,,足立基助の子,1066014,,,,,,66,0,83,,95,0,,,,,,
1066016,1334,荻野家,足立|基時,あだち|もととき,足立基時,,荻野家,黒井城,,0,,0,201,26,54,35,38,48,39,,,,,,,,,28,19,19,80,18,balanced,1532,1544,1579,true,足立基晴の子,1066013,,,,,,66,0,83,,95,0,,,,,,
1066017,1335,荻野家,足立|基徳,あだち|もとのり,足立基徳,,荻野家,黒井城,,0,,0,180,39,16,46,46,33,38,,,,,,,,,28,19,28,67,17,balanced,1536,1548,1579,true,足立基晴の子,1066013,,,,,,66,0,83,,95,0,,,,,,
1066018,1336,荻野家,足立|光永,あだち|みつなが,足立光永,,荻野家,黒井城,,0,,0,196,55,67,24,21,29,52,,,,,,,,,20,8,10,88,22,aggressive,1540,1552,1579,true,,,,,,,,66,0,83,,95,0,,,,,,
1066019,1337,荻野家,久下|重治,くげ|しげはる,久下重治,,荻野家,黒井城,,0,,0,199,48,54,31,33,33,50,,,,,,,,,20,8,24,69,22,aggressive,1539,1551,1579,true,,,,,,,,66,0,83,,95,0,,,,,,
1066020,1338,荻野家,長沢|義遠,ながさわ|よしとお,長沢義遠,,荻野家,黒井城,,0,,0,251,62,59,26,38,66,58,,,,,,,,,25,15,31,75,24,conservative,1527,1539,1578,true,,,,,,,,66,0,83,,95,200,true,,,,,
1006001,1339,織田家,織田|久長,おだ|ひさなが,織田久長,,織田家,吉藤城,,0,,0,0,0,0,0,0,0,0,,,,,,,,,0,0,0,0,0,hermit,1420,9999,1470,,,,,,,,,1,0,180,,95,0,,,,,,
1006002,1340,織田家,織田|敏定,おだ|としさだ,織田敏定,,織田家,吉藤城,,0,,0,0,0,0,0,0,0,0,,,,,,,,,0,0,0,0,0,hermit,1452,9999,1495,,織田久長の子,1006001,,,,,,1,0,180,,95,0,,,,,,
1006003,1341,織田家,織田|信定,おだ|のぶさだ,織田信定,,織田家,吉藤城,織田弾正忠家当主。清洲織田氏に仕えながら勝幡城を築き、津島の商業・水運を押さえて経済基盤を築いた。勢力を子・信秀へ譲り、信長へ続く弾正忠家飛躍の土台を作った。,79,,0,364,75,54,87,77,71,60,,D,,D,,,,,57,60,70,21,0,balanced,1486,1498,1538,,織田敏定の子,1006002,,,,,,1,0,180,,95,0,,,,,,
1006004,1342,織田家,織田|信秀,おだ|のぶひで,織田信秀,,織田家,吉藤城,織田大和守家臣。津島の経済力を背景に台頭し、那古野・古渡・末森へ拠点を移して熱田方面まで勢力を拡大。美濃斎藤氏・三河今川氏と争い、信長の尾張統一の基盤を築いた。,80,,0,382,62,80,84,76,80,72,C,D,,D,,,,,57,60,55,15,0,aggressive,1511,1523,1551,,織田信定の子,1006003,,,,,,1,0,180,,95,0,,,,,,
1006005,1343,織田家,織田|信広,おだ|のぶひろ,織田信広,,織田家,清洲城,織田信秀の庶長子。三河安祥城を守ったが今川軍に捕らえられ、松平竹千代との人質交換で帰還。のち信長に仕え、室町幕府との連絡役を務め、長島一向一揆で討死した。,77,,0,282,58,63,44,57,60,64,,,,,,,,,57,60,54,44,16,balanced,1527,1539,1574,,織田信秀の子,1006004,,,,,,1,0,7,,95,0,,,,,,
1006006,1344,織田家,織田|信長,おだ|のぶなが,織田信長,,織田家,清洲城,織田弾正忠家当主・信秀の子。今川義元を桶狭間で討ち取った。将軍・足利義昭を擁して上洛し畿内を平定。天下統一を目前に重臣・明智光秀の謀反により本能寺に倒れた。,78,織田弾正忠家当主・信秀の子。今川義元を桶狭間で討ち取った。将軍・足利義昭を擁して上洛し畿内を平定。天下統一を目前に重臣・明智光秀の謀反により本能寺に倒れた。,78,469,99,89,100,87,94,98,C,C,S,,,,C,天下布武|傾奇者,85,100,100,80,0,aggressive,1534,1546,1582,true,織田信秀の子,1006004,,,1,,,1,0,7,清洲城主,100,1500,,,oda_nobunaga.webp|1579:oda_nobunaga2.webp,,,1004007:999|1004008:240
1006007,1345,織田家,織田|信忠,おだ|のぶただ,織田信忠,,織田家,清洲城,織田信長の嫡男。岩村城を攻略し、家督と岐阜城を継いで美濃・尾張を統治。雑賀攻め、松永久秀討伐、武田征伐を指揮。本能寺の変では二条御所で明智軍と戦い自害した。,78,,0,372,83,76,71,69,73,78,D,,B,D,,,,,75,85,55,81,0,conservative,1557,1569,1582,true,織田信長の嫡子,1006006,,,,,,1,0,7,,95,500,,,oda_nobutada.webp,,,
1006008,1346,織田家,織田|秀信,おだ|ひでのぶ,織田秀信,,織田家,清洲城,織田信忠の長男。清洲会議で織田家の後継者となり、のち岐阜城主となる。関ヶ原で西軍に属し岐阜城に籠もるが東軍に攻められ落城。降伏後に出家し、高野山へ送られた。,78,,0,276,66,45,72,43,50,68,,,D,,,,,,71,80,43,67,0,conservative,1580,1592,1605,true,織田信忠の子,1006007,,,,,,1,0,7,,96,500,,,,,,
1006009,1347,織田家,織田|信雄,おだ|のぶかつ,織田信雄,,織田家,清洲城,織田信長の次男。北畠氏を継いで伊勢を支配。本能寺の変後は徳川家康と結び、小牧・長久手で羽柴秀吉と戦うが単独講和。のち転封を拒んで改易され、赦免された。,75,,0,265,53,36,48,72,56,65,,,,D,,,,謀将,50,50,70,32,96,aggressive,1558,1570,1630,true,織田信長の次男。北畠具房の養子。別名：北畠具豊,1006006,,,,,,1,0,7,,95,200,,,,,,
1006010,1348,織田家,織田|秀雄,おだ|ひでかつ,織田秀雄,,織田家,清洲城,越前大野城主。織田信雄の長男。豊臣秀吉から大野五万石を与えられ、越前の領主となる。関ヶ原の戦いでは父の意向に従って西軍に属し、敗戦後に改易されて所領を失った。,79,,0,196,47,27,46,39,37,65,,,,,,,,,64,70,53,50,96,balanced,1583,1595,1610,,織田信雄の子,1006009,,,,,,1,0,7,,95,0,,,,,,
1006011,1349,織田家,織田|高長,おだ|たかなが,織田高長,,織田家,清洲城,織田信雄の五男。大坂冬の陣で前田利常のもとで戦功を挙げる。父の跡を継いで大和松山藩主となり、兄・信良の小幡藩と本家の座を争う。幕府の裁定で松山藩が本家となった。,80,,0,285,56,48,57,66,58,59,,,,,,,,,50,50,45,54,96,aggressive,1590,1602,1674,,織田信雄の子,1006009,,,,,,1,0,7,,95,200,,,,,,
1006012,1350,織田家,織田|信孝,おだ|のぶたか,織田信孝,,織田家,清洲城,織田信長の三男。神戸氏を継ぎ伊勢を領した。本能寺の変後は秀吉と明智光秀を破り、清洲会議で三法師の補佐役となる。のち柴田勝家と結んで秀吉に抗し、敗れて自害した。,79,,0,288,62,55,57,61,53,72,D,,D,,,,,,43,40,59,58,95,aggressive,1558,1570,1583,true,織田信長の三男。神戸具盛の養子。別名：神戸信孝,1006006,,,,,,1,0,7,,95,200,,,,,,
1006013,1351,織田家,織田|勝長,おだ|かつなが,織田勝長,,織田家,清洲城,,0,,0,226,54,41,58,33,40,76,,,,,,,,,50,50,45,68,4,conservative,1565,1577,1582,true,織田信長の子、後に遠山景任の養子,1006006,1012007,,,,,1,0,7,,95,0,,,,,,
1006014,1352,織田家,津田|勝良,つだ|かつよし,津田勝良,,織田家,清洲城,,0,,0,176,28,21,46,42,39,59,,,,,,,,,28,19,45,43,4,conservative,1586,1598,1616,,織田勝長の子、室は池田恒興の娘,1006013,1006034,,,,,1,0,7,,95,0,,,,,,
1006015,1353,織田家,織田|信勝,おだ|のぶかつ,織田信勝,,織田家,清洲城,末森城主。織田信秀の子。兄の信長に対し林秀貞・柴田勝家らに擁立されて挙兵したが、稲生の戦いで敗れ和睦。再び謀反を企てたため清洲城へ誘い出され、信長に謀殺された。,80,,0,259,35,42,57,62,63,79,,,,,,,,,36,30,51,38,79,aggressive,1536,1548,1557,,織田信秀の子,1006004,,,,,,1,0,7,,95,0,,,,,,
1006016,1354,織田家,織田|信澄,おだ|のぶずみ,織田信澄,1578:津田|0:つだ|0,織田家,清洲城,織田信勝の子。信長の甥。近江高島を与えられ大溝城を築き、商人を集め城下町と港を整備。光秀の娘婿で、本能寺の変後に縁戚を疑われ大坂城で信孝らに襲われ自害した。,78,,0,258,57,63,49,44,45,60,,,,,,,,,50,50,36,67,79,aggressive,1555,1567,1582,true,織田信勝の子,1006015,,,,,,1,0,7,,90,0,,,,,,
1006017,1355,織田家,織田|昌澄,おだ|まさずみ,織田昌澄,,織田家,清洲城,,0,,0,205,32,52,41,39,41,59,,,,,,,,,50,50,44,33,79,conservative,1579,1591,1641,,織田信澄の子。藤堂→羽柴→徳川,1006016,,,,,,1,0,7,,95,0,,,,,,
1006018,1356,織田家,織田|信包,おだ|のぶかね,織田信包,,織田家,清洲城,織田信秀の四男。伊勢安濃津城主。信長の死後は豊臣秀吉に従うが、のち所領を没収され謹慎。再び丹波柏原を得て、関ヶ原では西軍に属したが処分を免れ柏原藩祖となった。,79,,0,271,62,56,54,43,56,67,D,,D,,,,,,50,50,34,53,6,conservative,1543,1555,1614,,織田信秀の子,1006004,,,,,,1,0,7,,95,200,,,,,,
1006019,1357,織田家,織田|信則,おだ|のぶのり,織田信則,,織田家,清洲城,丹波柏原藩二代藩主。織田信包の三男で、信長の甥。父の死後に柏原藩を継いだ。徳川家光が京都へ上洛した際は供奉を務め、将軍家に従ったが、在任十六年で若くして没した。,80,,0,256,49,43,52,54,58,59,,,,,,,,,50,50,50,47,6,conservative,1599,1611,1630,,織田信包の子,1006018,,,,,,1,0,7,,95,0,,,,,,
1006020,1358,織田家,織田|長益,おだ|ながます,織田長益,1590:0|有楽斎:0|うらくさい,織田家,清洲城,織田信秀の子。本能寺の変後は豊臣秀吉に仕え、関ヶ原では東軍で戦功を挙げた。のち大坂城で秀頼を補佐し徳川方との和平に奔走。茶人・有楽斎として有楽流を開いた。,77,,0,172,20,11,53,49,39,58,,,,,,,,,75,86,39,31,90,conservative,1547,1559,1621,,織田信秀の子,1006004,,,,,,1,0,7,,96,0,,,,,,
1006021,1359,織田家,織田|頼長,おだ|よりなが,織田頼長,,織田家,清洲城,織田有楽斎の次男。父に茶道を学び、有楽流の台子の茶法を伝えられた茶人。大坂冬の陣では父から徳川方への加勢を勧められたが従わず出家し、晩年は京都東山に住んだ。,78,,0,205,25,37,44,46,53,69,,,,,,,,,71,80,52,55,90,conservative,1582,1594,1620,,織田長益の子,1006020,,,,,,1,0,7,,95,0,,,,,,
1006022,1360,織田家,織田|信康,おだ|のぶやす,織田信康,,織田家,吉藤城,,0,,0,0,0,0,0,0,0,0,,,,,,,,,0,0,0,0,76,hermit,1512,9999,1544,,織田信定の子,1006003,,,,,,1,0,180,,95,0,,,,,,
1006023,1361,織田家,織田|信清,おだ|のぶきよ,織田信清,1564:犬山|鉄斎:いぬやま|てっさい,織田家,犬山城,織田一門。犬山城主。信康の子。父の死後に犬山城を継ぎ、尾張と美濃の境の要衝を支配した。のち信長に反抗し、美濃攻略を進める信長の攻撃を受けて犬山城を失い敗走した。,80,,0,294,58,62,58,54,62,55,D,,,D,,,,,26,16,74,40,76,conservative,1537,1549,1594,,織田信康の子,1006022,,,,,,1,0,73,犬山城主,80,300,,,,,,
1006024,1362,織田家,津田|信益,つだ|のぶます,津田信益,,織田家,犬山城,,0,,0,235,25,31,62,64,53,66,,,,,,,,,50,50,47,70,95,conservative,1558,1570,1633,,織田信清の子,1006023,,,,,,1,0,73,,90,0,,,,,,
1006025,1363,織田家,織田|広良,おだ|ひろよし,織田広良,,織田家,犬山城,,0,,0,233,54,57,33,39,50,52,,,,,,,,,26,16,39,65,14,aggressive,1539,1551,1562,true,織田信康の子,1006022,,,,,,1,0,73,,80,0,,,,,,
1006026,1364,織田家,織田|信光,おだ|のぶみつ,織田信光,,織田家,名古屋城,信定の子。守山城主。兄・信秀に従い小豆坂で今川軍と戦い、のちに甥の信長と清洲城を攻め守護代・織田信友を自害させた。那古野城へ入るが家臣の坂井孫八郎に殺害された。,80,,0,255,50,62,45,46,52,34,,D,,D,,,,,36,30,43,50,8,aggressive,1516,1528,1555,,織田信定の子,1006003,,,,,,1,0,11,,90,0,,,,,,
1006027,1365,織田家,織田|寛定,おだ|とおさだ,織田寛定,,織田家,吉藤城,,0,,0,0,0,0,0,0,0,0,,,,,,,,,0,0,0,0,25,hermit,1476,9999,1495,,織田敏定の子,1006002,,,,,,1,0,180,,95,0,,,,,,
1006028,1366,織田家,織田|達勝,おだ|みちかつ,織田達勝,,織田家,清洲城,,0,,0,232,51,50,50,42,39,51,,,,,,,,,36,30,55,32,25,conservative,1499,1511,1550,,織田寛定の子,1006027,,,,,,1,0,7,,95,0,,,,,,
1006029,1367,織田家,織田|信友,おだ|のぶとも,織田信友,,織田家,清洲城,尾張下四郡守護代。清洲城主。守護・斯波義統が信長と結ぶと家臣が義統を殺害。その子・義銀が信長を頼ったため清洲城を攻められ、信長と叔父・信光の軍に敗れて自害した。,80,,0,274,65,48,49,55,57,31,D,D,,D,,,,謀将,26,16,39,50,25,aggressive,1516,1528,1555,,織田達勝の養子。別名：織田広信,,1006028,,,,,1,0,7,,95,0,,,,,,
1006030,1368,織田家,織田|敏信,おだ|としのぶ,織田敏信,,織田家,吉藤城,,0,,0,0,0,0,0,0,0,0,,,,,,,,,0,0,0,0,46,hermit,1466,9999,1517,,織田久長の子,1006001,,,,,,1,0,180,,95,0,,,,,,
1006031,1369,織田家,織田|信安,おだ|のぶやす,織田信安,,一色家,稲葉山城,尾張上四郡守護代。岩倉城主。信長の弟・信勝に味方して反旗を翻し、浮野で信長と戦った。子の信賢に岩倉城を追放され、信賢も信長に敗れて城を失い上四郡の支配は崩れた。,80,,0,197,32,31,41,43,50,53,,,,,,,,,40,35,52,38,46,balanced,1502,1514,1591,,織田敏信の子,1006030,,,,,,6,0,3,,95,0,,,,,,
1006032,1370,織田家,赤座|吉家,あかざ|よしいえ,赤座吉家,,朝倉家,一乗谷城,,0,,0,205,48,36,40,39,42,49,,,,,,,,,36,30,55,32,3,balanced,1563,1575,1606,,朝倉→織田→羽柴→前田,,,,,,,7,0,16,,95,0,,,,,,
1006033,1371,織田家,永原|孝治,ながはら|たかはる,永原孝治,,朝倉家,一乗谷城,,0,,0,224,44,40,49,45,46,55,,,,,,,,,44,42,37,62,3,conservative,1578,1590,1660,,赤座吉家の子、永原重治（未登場）の養子。朝倉→織田→羽柴→前田,1006032,,,,,,7,0,16,,95,0,,,,,,
1006034,1372,織田家,池田|恒興,いけだ|つねおき,池田恒興,,織田家,吉藤城,織田家臣。信長の乳兄弟として各地を転戦し、荒木村重討伐後に摂津を領した。本能寺の変後は羽柴秀吉に属し、小牧・長久手の戦いで三河奇襲を試みるが討死した。,75,,0,321,70,68,58,62,63,72,D,C,D,D,,,,,64,70,25,58,99,conservative,1536,1548,1584,true,,,,,,,,1,0,180,,96,0,,,,,,
1006035,1373,織田家,池田|輝政,いけだ|てるまさ,池田輝政,,織田家,吉藤城,池田恒興の子。父と兄の討死後に家督を継ぎ、秀吉に仕えて各地を転戦した。関ヶ原では東軍として岐阜城を攻略し、戦後は播磨へ入封。姫路城を大改修し城下町を整備した。,79,,0,329,69,62,69,67,62,64,C,D,C,D,,,,,71,80,63,38,99,aggressive,1564,1576,1613,,池田恒興の子,1006034,,,,,,1,0,180,,95,0,,,,,,
1006036,1374,織田家,池田|利隆,いけだ|としたか,池田利隆,,織田家,吉藤城,池田輝政の子。幼い弟・忠継に代わって岡山城に入り備前の政務を代行。父の死後に播磨42万石を継いで姫路藩主となり、大坂冬・夏の陣で徳川方として軍功を挙げた。,76,,0,319,65,36,82,74,62,64,,,,,,,,,64,70,41,67,98,conservative,1584,1596,1616,,池田輝政の子。のちに徳川。,1006035,,,,,,1,0,180,,95,0,,,,,,
1006037,1375,織田家,池田|光政,いけだ|みつまさ,池田光政,,織田家,吉藤城,池田氏当主。鳥取を経て岡山31万石余を領し、熊沢蕃山らを登用して藩政を改革。新田開発を進め、藩校や手習所を設置。儒学を重んじ、庶民教育の閑谷学校を創設した。,77,,0,325,65,50,74,68,68,65,,,,,,,,,64,70,46,55,98,aggressive,1609,1616,1682,,池田利隆の子,1006036,,,,,,1,0,180,,95,0,,,,,,
1006038,1376,織田家,池田|忠雄,いけだ|ただかつ,池田忠雄,,織田家,吉藤城,池田輝政の三男。淡路洲本藩主を経て、兄・忠継の死後に備前岡山藩主となった。弟三人へ播磨十万石を分与して領国を整え、河合又五郎事件では旗本側と対立した。,75,,0,251,52,57,49,46,47,59,,,,,,,,,55,57,49,51,95,conservative,1602,1608,1632,,池田輝政の子。織田→羽柴→徳川,1006035,,,,,,1,0,180,,95,0,,,,,,
1006039,1377,織田家,池田|輝澄,いけだ|てるずみ,池田輝澄,,織田家,吉藤城,徳川家臣。池田輝政の四男。兄・忠雄から播磨宍粟郡を分与され山崎藩主となり、城下を整備した。のちに佐用領も継いだが、家中騒動を理由に改易され因幡鹿野で蟄居した。,79,,0,258,50,48,54,53,53,56,,,,,,,,,45,43,37,63,94,balanced,1604,1615,1662,,池田輝政の子。徳川家臣,1006035,,,,,,1,0,180,,95,0,,,,,,
1006040,1378,織田家,池田|政綱,いけだ|まさつな,池田政綱,,織田家,吉藤城,赤穂藩主。池田輝政の五男。兄・忠継の遺領から赤穂郡3万5千石を分与され赤穂藩を立てた。藩邸を整備し赤穂で検地を実施。松平姓を許されたが、嗣子なく若くして病没した。,80,,0,287,57,50,61,61,58,64,,,,,,,,,70,79,41,69,93,conservative,1605,1615,1631,,池田輝政の子。徳川家臣,1006035,,,,,,1,0,180,,95,0,,,,,,
1006041,1379,織田家,池田|長吉,いけだ|ながよし,池田長吉,,織田家,吉藤城,池田恒興の三男。秀吉の養子となり、小牧・長久手、九州、小田原に従軍。文禄の役では船奉行を務めた。関ヶ原では東軍として岐阜城を攻略し、その功で鳥取6万石を領した。,80,,0,307,56,53,66,67,65,63,,,,,,,,,64,70,53,50,97,balanced,1570,1582,1614,,池田恒興の子。織田→羽柴→徳川,1006034,,,,,,1,0,180,,95,0,,,,,,
1006042,1380,織田家,池田|長幸,いけだ|ながよし,池田長幸,,織田家,吉藤城,池田長吉の子。父の跡を継いで鳥取藩主となり、大坂夏の陣では従兄・利隆の軍で戦功。のち備中松山6万5千石へ移封され、松山藩を立てた。,64,,0,314,56,49,66,71,72,63,,,,,,,,,75,86,43,70,97,balanced,1587,1599,1632,,池田長吉の子。羽柴→徳川,1006041,,,,,,1,0,180,,95,0,,,,,,
1006043,1381,織田家,飯尾|定宗,いのお|さだむね,飯尾定宗,,織田家,清洲城,織田家臣。尾張奥田城主。飯尾氏を継ぎ信長に属した。桶狭間の戦いでは子の信宗らと鷲津砦を守り、朝比奈泰能ら今川軍の攻撃に抗戦したが、砦陥落とともに討死した。,77,,0,272,49,71,45,50,57,49,D,,,,,,,,29,21,25,72,0,aggressive,1512,1524,1560,true,,,,,,,,1,0,7,,96,0,,,,,,
1006044,1382,織田家,江口|正吉,えぐち|まさよし,江口正吉,,織田家,観音寺城,丹羽家臣。長秀・長重の二代に仕えた重臣。浅井畷の戦いでは丹羽勢を率いて前田利長軍を破り、北陸の関ヶ原で戦功を挙げた。丹羽家の没落後は結城秀康に仕えた。,75,,0,318,66,47,60,70,75,63,,,,,,,,,69,77,34,79,0,conservative,1560,1572,1631,,近江→丹羽→越前結城,,,,,,,1,0,35,,90,0,,,,,,
1006045,1383,織田家,太田|一吉,おおた|かずよし,太田一吉,,織田家,稲葉山城,,0,,0,216,46,42,45,41,42,57,,,,,,,,,50,50,48,50,7,balanced,1566,1578,1617,,美濃→丹羽→羽柴→京浪人,,,,,,,1,0,3,,90,0,,,,,,
1006046,1384,織田家,太田|信定,おおた|のぶさだ,太田信定,1583:0|牛一:0|ぎゅういち,織田家,名古屋城,織田・豊臣家臣。太田牛一。弓衆や奉行として信長に仕え、のちに秀吉のもとで検地奉行を務めた。晩年は著述に努め、信長の事績を記した「信長公記」などの記録を残した。,79,,0,295,46,61,73,58,57,61,,,,S,,,,,50,50,30,75,0,aggressive,1527,1539,1613,,別名：大田牛一,,,,,,,1,0,11,,95,0,,,,,,
1006047,1385,織田家,岡本|良勝,おかもと|よしかつ,岡本良勝,,織田家,清洲城,,0,,0,248,46,55,53,48,46,57,,,C,,,,,,50,50,44,55,29,aggressive,1544,1556,1600,true,織田→信雄→羽柴,,,,,,,1,0,7,,95,0,,,,,,
1006048,1386,織田家,奥田|直政,おくだ|なおまさ,奥田直政,1585:堀|0:ほり|0,織田家,清洲城,堀秀政・秀治の与力。秀政の従兄弟。坂本城攻めや小牧・長久手の退却戦で功を立て、秀政父子を補佐した。秀治の越後移封後は三条五万石を領し、豊臣蔵入地の代官も務めた。,80,,0,375,72,68,83,77,75,51,D,,D,,,,,,71,80,47,61,96,balanced,1547,1559,1608,,,,,,,,,1,0,7,,95,0,,,,,,
1006049,1387,織田家,奥田|直寄,おくだ|なおより,奥田直寄,1585:堀|0:ほり|0,織田家,清洲城,堀家臣。直政の子。秀治に仕えて坂戸城代となり、上杉遺民一揆を鎮圧。堀氏改易後も徳川家に仕え、飯山・長岡を経て村上10万石を領し、村上藩主堀家の祖となった。,76,,0,328,70,57,67,68,66,56,,,,,,,,,71,80,59,45,96,conservative,1577,1589,1639,,奥田直政の子。堀家臣,1006048,,,,,,1,0,7,,95,0,,,,,,
1006050,1388,織田家,奥村|永福,おくむら|ながとみ,奥村永福,,織田家,名古屋城,前田家臣。荒子城代。利久に仕え、利家の家督継承時に一度退去するが朝倉攻めで帰参。長篠・石動山で軍功を挙げ、末森城では佐々成政軍の猛攻を死守。加賀八家奥村家の祖。,80,,0,270,61,55,54,54,46,47,D,,D,C,,,,,36,30,55,81,4,conservative,1542,1554,1624,,前田家臣,,,,,,,1,0,11,,96,0,,,,,,
1006051,1389,織田家,金森|可近,かなもり|ありちか,金森可近,1575:0|長近:0|ながちか,織田家,吉藤城,織田信長家臣。長篠などで戦功を挙げ、のち秀吉に従い飛騨の三木氏を滅ぼして高山城下を整備。関ヶ原では東軍につき、美濃上有知を加増された。茶人としても知られた。,78,,0,313,64,61,67,60,61,61,,C,D,,,,,,50,50,56,47,94,conservative,1525,1537,1608,,別名：金森長近,,,,,,,1,0,180,,96,0,,,,,,
1006052,1390,織田家,金森|可重,かなもり|よししげ,金森可重,,織田家,吉藤城,織田・豊臣・徳川家臣。高山藩二代藩主。長近と各地を転戦し、関ヶ原では東軍として戦った。家督を継ぐと城下整備や社寺再興に努め、大坂の陣にも出陣。茶道にも通じた。,79,,0,254,47,38,59,57,53,57,,,,,,,,,50,50,48,50,92,conservative,1558,1570,1615,,金森可近の子。織田→羽柴→徳川,1006051,,,,,,1,0,180,,96,0,,,,,,
1006053,1391,織田家,金森|重頼,かなもり|しげより,金森重頼,,織田家,吉藤城,飛騨高山藩主。可重の子。家康に近侍し、大坂の陣に出陣。可重の死後に家督と高山城を継いだ。新田開発や鉱山・窯業を進め、東照宮・宗猷寺を建立して領国整備に努めた。,79,,0,300,58,56,65,63,58,58,,,,,,,,,65,71,56,45,92,conservative,1596,1608,1650,,金森可重の子。徳川,1006052,,,,,,1,0,180,,96,0,,,,,,
1006054,1392,織田家,可児|吉長,かに|よしなが,可児吉長,,一色家,稲葉山城,可児才蔵。主君を転々としたのち福島正則に仕える。関ヶ原で福島隊として奮戦し、討ち取った十七の首に笹葉を付けたと伝わる。家康に賞され「笹の才蔵」と称された。,77,,0,277,63,88,32,34,60,70,B,B,,B,C,,,猛将,50,50,68,50,77,aggressive,1554,1566,1613,,別名：可児才蔵。斎藤→柴田→前田→織田信孝→羽柴→福島,,,,,,,6,0,3,,95,0,,,,,,
1006055,1393,織田家,兼松|正吉,かねまつ|まさよし,兼松正吉,,織田家,清洲城,,0,,0,231,66,64,26,29,46,62,D,,,,,,,,57,60,35,72,95,aggressive,1542,1554,1627,,織田→信雄→羽柴→→徳川→松平忠吉→徳川義直,,,,,,,1,0,7,,90,0,,,,,,
1006056,1394,織田家,河尻|秀隆,かわじり|ひでたか,河尻秀隆,,織田家,清洲城,織田家臣。信秀・信長に仕え黒母衣衆として転戦。岩村城主を経て武田氏攻めで先鋒を務め、その功で甲斐一国を与えられた。本能寺の変後、甲斐で一揆に襲われ敗死した。,78,,0,324,70,73,60,59,62,66,,C,D,,,,,,57,60,49,48,0,aggressive,1527,1539,1582,true,,,,,,,,1,0,7,,96,0,,,,,,
1006057,1395,織田家,河尻|秀長,かわじり|ひでなが,河尻秀長,,織田家,清洲城,,0,,0,188,35,56,29,29,39,61,,D,,,,,,,57,60,42,61,1,balanced,1554,1566,1600,true,河尻秀隆の子,1006056,,,,,,1,0,7,,96,0,,,,,,
1006058,1396,織田家,桑山|重晴,くわやま|しげはる,桑山重晴,,織田家,清洲城,豊臣家臣。はじめ秀吉、ついで秀長に仕え、紀伊和歌山城代として三万石を領した。関ヶ原では徳川方につき和歌山城を守備。千利休に学び、茶人としても知られた。,75,,0,243,46,48,51,49,49,48,,,,,,,,,29,21,40,50,10,balanced,1524,1536,1606,,織田→羽柴→徳川,,,,,,,1,0,7,,90,0,,,,,,
1006059,1397,織田家,桑山|元晴,くわやま|もとはる,桑山元晴,,織田家,清洲城,豊臣家臣。桑山重晴の次男。秀長の死後は秀吉に仕え、関ヶ原では東軍に属し大和御所一万石を領した。父の没後は所領を併せ二万六千石余となり、大坂の陣にも従軍した。,78,,0,233,58,36,46,45,48,51,,,,,,,,,36,30,39,55,2,balanced,1563,1575,1620,,桑山重晴の子。羽柴→徳川,1006058,,,,,,1,0,7,,95,0,,,,,,
1006060,1398,織田家,桑山|一重,くわやま|かずしげ,桑山一重,,織田家,清洲城,,0,,0,0,0,0,0,0,0,0,,,,,,,,,0,0,0,0,0,hermit,1557,9999,1582,,桑山重晴の子,1006058,,,,,,1,0,7,,95,0,,,,,,
1006061,1399,織田家,桑山|一晴,くわやま|かずはる,桑山一晴,,織田家,清洲城,豊臣家臣。桑山一重の子。関ヶ原では祖父重晴・叔父元晴とともに東軍に属した。祖父の紀伊和歌山領二万石を継ぎ、のち大和布施へ移封され布施藩初代藩主となった。,76,,0,220,55,54,38,35,38,53,,,,,,,,,40,35,36,61,2,aggressive,1575,1587,1604,,桑山一重の子。羽柴→徳川,1006060,,,,,,1,0,7,,95,0,,,,,,
1006062,1400,織田家,桑山|一直,くわやま|かずなお,桑山一直,,織田家,清洲城,大和新庄藩主。桑山一重の子。徳川家康に仕え関ヶ原の戦いで戦功を挙げる。兄・一晴の死後に大和布施藩を継ぎ、大坂冬・夏の陣にも出陣。のち藩名を新庄藩と改めた。,77,,0,232,37,61,48,43,43,57,,,,,,,,,50,50,43,57,1,balanced,1578,1590,1636,,桑山一重の子。羽柴→徳川,1006060,,,,,,1,0,7,,95,0,,,,,,
1006063,1401,織田家,坂井|成政,さかい|なりまさ,坂井成政,,織田家,清洲城,,0,,0,208,55,48,33,32,40,60,,,,,,,,,57,60,54,44,95,balanced,1551,1563,1625,,織田→徳川,,,,,,,1,0,7,,90,0,,,,,,
1006064,1402,織田家,坂井|政尚,さかい|まさひさ,坂井政尚,,織田家,吉藤城,織田家臣。信長の上洛戦では柴田勝家らと先陣を務め、箕作城攻めで功を立てた。姉川の戦いでも先鋒を務め、志賀の陣では堅田で浅井・朝倉勢を迎撃したが包囲され討死した。,80,,0,296,68,76,60,41,51,54,D,C,D,B,,,,,38,33,33,68,95,aggressive,1531,1543,1570,true,,,,,,,,1,0,180,,95,0,,,,,,
1006065,1403,織田家,佐久間|盛通,さくま|もりみち,佐久間盛通,,織田家,名古屋城,,0,,0,0,0,0,0,0,0,0,,,,,,,,,0,0,0,0,0,hermit,1450,9999,1500,,,,,,,,,1,0,11,,95,0,,,,,,
1006066,1404,織田家,佐久間|盛経,さくま|もりつね,佐久間盛経,,織田家,名古屋城,,0,,0,0,0,0,0,0,0,0,,,,,,,,,0,0,0,0,0,hermit,1480,9999,1530,,佐久間盛通の子,1006065,,,,,,1,0,11,,95,0,,,,,,
1006067,1405,織田家,佐久間|盛重,さくま|もりしげ,佐久間盛重,,織田家,名古屋城,織田家臣。盛経の子。信長の弟・信勝に付属したのち信長方に戻り、名塚砦などを守備した。桶狭間の戦いでは丸根砦を守り、松平元康率いる今川方の攻撃を受けて討死した。,79,,0,270,60,72,39,47,52,44,D,,,,,,,,32,25,54,97,0,aggressive,1519,1531,1560,true,佐久間盛経の子,1006066,,,,,,1,0,11,,95,0,,,,,,
1006068,1406,織田家,佐久間|信晴,さくま|のぶはる,佐久間信晴,,織田家,名古屋城,,0,,0,0,0,0,0,0,0,0,,,,,,,,,0,0,0,0,0,hermit,1481,9999,1548,,佐久間盛通の子,1006065,,,,,,1,0,11,,95,0,,,,,,
1006069,1407,織田家,佐久間|信盛,さくま|のぶもり,佐久間信盛,,織田家,名古屋城,織田信長の宿老。三方ヶ原・長篠などを転戦し、石山本願寺攻めでは方面軍の総大将を務めた。開城後に戦功不足などを責める折檻状を受けて追放され、高野山へ退いた。,77,,0,336,76,69,59,65,67,50,C,,,B,,,,退き巧者,32,25,40,45,13,conservative,1527,1539,1582,true,佐久間信晴の子,1006068,,,,,,1,0,11,名古屋城主,90,700,,,sakuma_nobumori.webp,,,
1006070,1408,織田家,佐久間|信栄,さくま|のぶひで,佐久間信栄,1585:0|不干斎:0|ふかんさい,織田家,名古屋城,織田家臣。佐久間信盛の子。父とともに追放後、赦免され信雄に仕えた。千利休に茶を学び不干斎と号し、のち豊臣秀吉・徳川秀忠の御伽衆を務め、茶人としても活動した。,78,,0,264,65,57,46,45,51,52,,,,,,,,,36,30,27,72,13,hermit,1556,1568,1632,,佐久間信盛の子,1006069,,,,,,1,0,11,,90,0,,,,,,
1006071,1409,織田家,佐久間|盛重久六,さくま|もりしげひさろく,佐久間盛重久六,,織田家,名古屋城,,0,,0,0,0,0,0,0,0,0,,,,,,,,,0,0,0,0,0,hermit,1482,9999,1539,,佐久間盛通の子,1006065,,,,,,1,0,11,,95,0,,,,,,
1006072,1410,織田家,佐久間|盛次,さくま|もりつぐ,佐久間盛次,,織田家,名古屋城,,0,,0,0,0,0,0,0,0,0,,,,,,,,,0,0,0,0,0,hermit,1520,9999,1568,,佐久間盛重久六の子,1006071,,,,,,1,0,11,,95,0,,,,,,
1006073,1411,織田家,佐久間|盛政,さくま|もりまさ,佐久間盛政,,織田家,名古屋城,柴田家臣。織田信長の北陸方面軍で各地を転戦し、加賀一向一揆の鎮圧後に金沢城を任された。賤ヶ岳の戦いで中川清秀を討つが羽柴秀吉の反撃に敗れ、捕らえられ処刑された。,80,,0,308,77,89,35,46,61,63,,B,,D,D,,,鬼,33,26,42,50,83,aggressive,1553,1565,1583,true,佐久間盛次の子,1006072,,,,,,1,0,11,,95,0,,,,,,
1006074,1412,織田家,佐久間|安政,さくま|やすまさ,佐久間安政,,織田家,名古屋城,,0,,0,214,41,58,37,36,42,50,D,,,,,,,,33,26,38,55,83,aggressive,1555,1567,1627,,佐久間盛次の子,1006072,,,,,,1,0,11,,95,0,,,,,,
1006075,1413,織田家,佐久間|勝政,さくま|かつまさ,佐久間勝政,1556:柴田|0:しばた|0,織田家,名古屋城,,0,,0,242,50,65,38,40,49,49,,,,,,,,,33,26,42,50,84,aggressive,1557,1569,1583,true,佐久間盛次の子、柴田勝家の養子,1006072,1006078,,,,,1,0,11,,95,0,,,,,,
1006076,1414,織田家,佐久間|勝之,さくま|かつゆき,佐久間勝之,,織田家,名古屋城,徳川家臣。長沼藩初代藩主。盛次の子。佐々成政の養子となり北条氏政・蒲生氏郷に仕えた。のち家康に従い、関ヶ原・大坂の陣で功を挙げて信濃長沼一万八千石を領した。,78,,0,258,49,37,52,58,62,51,,,,,,,,,33,26,26,72,86,balanced,1568,1580,1634,,佐久間盛次の子、佐々成政の養子、柴田勝家の養子。織田→徳川,1006072,1006077|1006078,,,,,1,0,11,,95,0,,,,,,
1006077,1415,織田家,佐々|成政,さっさ|なりまさ,佐々成政,,織田家,清洲城,織田家臣。越中富山城主。府中三人衆を経て越中一国を任され、治水や道路整備など領国経営も進めた。本能寺後は秀吉に抗して降伏し、肥後国人一揆の責任を問われ自害した。,80,,0,339,76,85,59,55,64,72,,C,A,,,,,踏破,71,80,71,71,87,aggressive,1536,1548,1588,true,,,,,,,,1,0,7,,96,0,,,,,,
1006078,1416,織田家,柴田|勝家,しばた|かついえ,柴田勝家,,織田家,吉藤城,織田信長の宿老。越前一向一揆平定後に越前の大半を与えられ、北庄城を築いて北陸方面軍を率いる。本能寺の変後は秀吉と対立し、賤ヶ岳で敗れて北庄城で自害した。,76,,0,394,91,93,67,69,74,76,C,A,,B,,,,鬼,32,25,50,72,85,aggressive,1522,1534,1583,true,織田四天王,,,,,,,1,0,180,吉藤城主,96,500,,,shibata_katsuie.webp|1576:shibata_katsuie2.webp,,,
1006079,1417,織田家,柴田|勝豊,しばた|かつとよ,柴田勝豊,,織田家,吉藤城,,0,,0,162,24,36,43,30,29,34,,,,,,,,,33,26,42,50,85,conservative,1556,1568,1583,,柴田勝家の養子,,1006078,,,,,1,0,180,,90,0,,,,,,
1006080,1418,織田家,菅屋|長頼,すがや|ながより,菅屋長頼,,織田家,清洲城,織田信長家臣。側近奉行として蘭奢待切取の奉行や安土宗論の監督を務め、能登平定後は七尾城代となった。本能寺の変では信忠に従い二条御所で明智軍と戦って討死した。,78,,0,312,52,60,77,60,63,58,,,,,,,,,72,81,41,71,0,conservative,1544,1556,1582,,,,,,,,,1,0,7,,95,0,,,,,,
1006081,1419,織田家,仙石|秀久,せんごく|ひでひさ,仙石秀久,,織田家,稲葉山城,,0,,0,213,51,77,17,35,33,70,D,C,,,,,,,71,80,68,32,4,aggressive,1551,1563,1614,,,,,,,,,1,0,3,,95,0,,,,,,
1006082,1420,織田家,仙石|秀範,せんごく|ひでのり,仙石秀範,,織田家,稲葉山城,豊臣家臣。仙石秀久の子。三千石を与えられ豊前守となる。関ヶ原では父と別れ西軍に属したため廃嫡された。のち秀頼に召され大坂城へ入り、大坂の陣で豊臣方として戦った。,80,,0,260,55,62,41,46,56,55,,,,,,,,,55,57,42,61,14,conservative,1576,1588,1615,true,仙石秀久の子,1006081,,,,,,1,0,3,,95,0,,,,,,
1006083,1421,織田家,仙石|忠政,せんごく|ただまさ,仙石忠政,,織田家,稲葉山城,仙石秀久の子。父と第二次上田合戦に参陣し、のち小諸藩主を継いだ。上田へ移封されると幕府の許可を得て破却されていた上田城の復興に着手したが、完成前に病没した。,78,,0,317,68,60,72,64,53,55,,,,D,,,,,55,57,37,67,4,conservative,1578,1590,1628,,仙石秀久の子,1006081,,,,,,1,0,3,,95,0,,,,,,
1006084,1422,織田家,高木|清秀,たかぎ|きよひで,高木清秀,,織田家,名古屋城,徳川家臣。はじめ水野信元に仕え、姉川・長篠に従軍。のちに佐久間信盛に属したが、本能寺の変後は家康に仕えた。小牧・長久手や小田原征伐にも参加し、各地を転戦した。,79,,0,194,52,76,20,20,26,56,,,,D,,,,,41,37,49,58,3,aggressive,1526,1538,1610,,水野→織田信秀→→徳川,,,,,,,1,0,11,,95,0,,,,,,
1006085,1423,織田家,滝川|貞勝,たきがわ|さだかつ,滝川貞勝,,織田家,名古屋城,,0,,0,0,0,0,0,0,0,0,,,,,,,,,0,0,0,0,0,hermit,1470,9999,1530,,甲賀出身？,,,,,,,1,0,11,,95,0,,,,,,
1006086,1424,織田家,滝川|一勝,たきがわ|いちかつ,滝川一勝,,織田家,名古屋城,,0,,0,0,0,0,0,0,0,0,,,,,,,,,0,0,0,0,0,hermit,1495,9999,1530,,滝川貞勝の子,1006085,,,,,,1,0,11,,95,0,,,,,,
1006087,1425,織田家,滝川|一益,たきがわ|いちます,滝川一益,,織田家,名古屋城,織田家臣。伊勢長島・越前を転戦し、甲州征伐後は上野と関東方面を任される。本能寺の変後に北条氏と神流川で戦い敗退。賤ヶ岳では柴田方として抗戦したのち秀吉に降った。,80,,0,388,88,87,67,61,85,67,D,,S,C,,C,C,退き巧者,71,80,60,67,0,aggressive,1525,1537,1586,,滝川一勝の子。織田四天王,1006086,,,,,,1,0,11,,95,0,,,,,,
1006088,1426,織田家,滝川|一忠,たきがわ|かずただ,滝川一忠,,織田家,名古屋城,,0,,0,0,0,0,0,0,0,0,,,,,,,,,0,0,0,0,0,hermit,1566,9999,1585,,滝川一益の子,1006087,,,,,,1,0,11,,95,0,,,,,,
1006089,1427,織田家,滝川|一積,たきがわ|かずあつ,滝川一積,,織田家,名古屋城,,0,,0,252,53,62,51,47,39,51,,,,,,D,,,50,50,56,38,0,balanced,1585,1597,1655,,滝川一忠の子,1006088,,,,,,1,0,11,,95,0,,,,,,
1006090,1428,織田家,滝川|一時,たきがわ|いつとき,滝川一時,,織田家,名古屋城,,0,,0,253,62,66,40,39,46,62,,,D,,,D,,,70,79,48,60,1,balanced,1568,1580,1603,,滝川一益の子,1006087,,,,,,1,0,11,,95,0,,,,,,
1006091,1429,織田家,滝川|一乗,たきがわ|いちのり,滝川一乗,,織田家,名古屋城,,0,,0,236,34,46,58,55,43,57,,,,,,D,,,50,50,44,55,1,conservative,1602,1614,1665,,滝川一時の子,1006090,,,,,,1,0,11,,95,0,,,,,,
1006092,1430,織田家,滝川|辰政,たきがわ|たつまさ,滝川辰政,,織田家,名古屋城,岡山藩士。滝川一益の五男で、出雲と称した。三千石を領し、番頭を務めた。子・滝川縫殿も番頭となり、家譜には祖父・一益、父・辰政とする系譜が記録されている。,76,,0,268,60,53,45,51,59,63,,,,,,D,,,64,70,57,44,3,balanced,1575,1587,1652,,滝川一益の子,1006087,,,,,,1,0,11,,95,0,,,,,,
1006093,1431,織田家,津田|秀政,つだ|ひでまさ,津田秀政,,織田家,名古屋城,,0,,0,193,38,35,39,39,42,60,,,,,,,,,57,60,54,44,4,balanced,1546,1558,1635,,滝川一益の養子。織田→信雄→羽柴→徳川,,1006087,,,,,1,0,11,,95,0,,,,,,
1006094,1432,織田家,滝川|某,たきがわわ|なにがし,滝川某,,織田家,名古屋城,,0,,0,0,0,0,0,0,0,0,,,,,,,,,0,0,0,0,5,hermit,1496,9999,1530,,滝川貞勝の子,1006085,,,,,,1,0,11,,95,0,,,,,,
1006095,1433,織田家,滝川|益重,たきがわ|ますしげ,滝川益重,,織田家,名古屋城,滝川家臣。滝川一益の甥。賤ヶ岳前の北伊勢で峯城に籠り、羽柴秀吉軍へ徹底抗戦した。一益降伏後は勇猛を買われ秀吉に召し抱えられ、小牧・長久手の戦いにも従軍した。,78,,0,277,62,69,41,51,54,63,,D,D,,,C,,,75,86,31,55,5,aggressive,1523,1535,1592,,滝川某の子,1006094,,,,,,1,0,11,,95,0,,,,,,
1006096,1434,織田家,滝川|利益,たきがわ|とします,滝川利益,1542:前田|0:まえだ|0/1591:穀蔵院|飄戸斎:こくぞういん|ひょっとさい/1598:前田|利貞:まえだ|としさだ,織田家,名古屋城,前田家臣。前田利久の養子。滝川一族の出身。前田家を離れて上杉景勝に仕えた。上杉軍と最上軍の戦いでは退却軍の殿を務めて奮戦し、のち米沢に移って文芸にも親しんだ。,79,,0,243,50,81,18,34,60,92,,B,,C,C,C,,傾奇者|朱槍|踏破,78,90,80,95,10,hermit,1543,1555,1612,,滝川益重の子、前田利久の養子。別名：前田慶次郎、穀蔵院飄戸斎、前田利貞,1006095,1006154,,,,,1,0,11,,96,0,,,,,,
1006097,1435,織田家,田中|吉政,たなか|よしまさ,田中吉政,,浅井家,今浜城,豊臣家臣。宮部継潤を経て秀吉に仕え、三河岡崎城主となる。関ヶ原では東軍に属し、敗走した石田三成を捕縛。戦後は筑後一国三十二万余石を与えられ、柳川城主となった。,79,,0,265,52,53,59,53,48,54,D,,D,,,,,,36,30,47,44,98,balanced,1548,1560,1609,,宮部継潤→織田→羽柴→徳川,,,,,,,15,0,186,,90,0,,,,,,
1006098,1436,織田家,田中|吉次,たなか|よしつぐ,田中吉次,,浅井家,今浜城,,0,,0,224,49,38,49,44,44,56,,,,,,,,,50,50,57,37,97,conservative,1569,1581,1617,,田中吉政の子。宮部継潤→織田→羽柴→徳川,1006097,,,,,,15,0,186,,90,0,,,,,,
1006099,1437,織田家,田中|吉興,たなか|よしおき,田中吉興,,浅井家,今浜城,,0,,0,216,47,22,53,48,46,47,,,,,,,,,50,50,50,46,96,balanced,1573,1585,1629,,田中吉政の子。宮部継潤→織田→羽柴→徳川,1006097,,,,,,15,0,186,,90,0,,,,,,
1006100,1438,織田家,田中|忠政,たなか|ただまさ,田中忠政,,浅井家,今浜城,筑後柳川藩主。田中吉政の四男。徳川秀忠に仕え、父の死後に家督を継ぐ。父の領国支配を受け継いで家臣団を再編したが、嗣子なく死去したため田中家は改易された。,76,,0,247,47,41,55,53,51,53,,,,,,,,,64,70,56,45,98,aggressive,1585,1597,1620,,田中吉政の子。宮部継潤→織田→羽柴→徳川,1006097,,,,,,15,0,186,,90,0,,,,,,
1006101,1439,織田家,妻木|広忠,つまき|ひろただ,妻木広忠,,一色家,稲葉山城,,0,,0,223,42,48,49,44,40,49,,,,,,,,,25,15,23,79,85,balanced,1514,1526,1582,true,織田→明智,,,,,,,6,0,3,,95,0,,,,,,
1006102,1440,織田家,妻木|貞徳,つまき|さだのり,妻木貞徳,,一色家,稲葉山城,織田家臣。美濃妻木領主。信長の馬廻を務め、本能寺の変後はいったん隠居。関ヶ原では東軍に属し、西軍の岩村城主・田丸直昌と戦って軍功を挙げ、妻木領を守った。,76,,0,242,51,30,49,61,51,50,,,,,,,,,25,15,30,60,85,conservative,1544,1556,1618,,妻木広忠の子。斎藤→織田→徳川,1006101,,,,,,6,0,3,,95,0,,,,,,
1006103,1441,織田家,妻木|頼忠,つまき|よりただ,妻木頼忠,,一色家,稲葉山城,森家臣。妻木貞徳の子。本能寺の変後に父と森長可へ仕え、小牧・長久手の戦いなどに従軍。のち徳川家康に属し、関ヶ原の戦いで西軍方と戦って本領妻木郷を安堵された。,78,,0,265,45,41,64,61,54,46,,,,,,,,,24,14,37,52,78,conservative,1565,1577,1623,,妻木貞徳の子。森可成→徳川,1006102,,,,,,6,0,3,,95,0,,,,,,
1006104,1442,織田家,徳永|寿昌,とくなが|ながまさ,徳永寿昌,,織田家,今浜城,豊臣家臣。もとは柴田勝豊に仕える。近江能登川で屋敷割を行い集住を進めた。関ヶ原では東軍として戦功を挙げ、高須五万六百石を領して城を修築し城下町を整備した。,77,,0,258,31,39,61,64,63,56,,,,,,,,,50,50,52,44,91,balanced,1549,1561,1612,,柴田勝豊→羽柴→徳川,,,,,,,1,0,186,,90,0,,,,,,
1006105,1443,織田家,徳永|昌重,とくなが|まさしげ,徳永昌重,,織田家,今浜城,,0,,0,195,36,39,37,38,45,57,,,,,,,,,50,50,42,58,91,aggressive,1581,1593,1642,,徳永寿昌の子。柴田勝豊→羽柴→徳川,1006104,,,,,,1,0,186,,90,0,,,,,,
1006106,1444,織田家,戸田|勝隆,とだ|かつたか,戸田勝隆,,織田家,吉藤城,羽柴家臣。大津城主。四国平定後に伊予喜多・宇和郡を領し、家臣への知行宛行や年貢徴収を進めた。小田原征伐に従軍し、朝鮮出兵では五番手として渡海。巨済島で病没した。,80,,0,290,63,53,66,47,61,62,D,D,,,,,D,謀将,50,50,63,71,9,aggressive,1537,1549,1594,,織田→羽柴,,,,,,,1,0,180,,95,0,,,,,,
1006107,1445,織田家,戸田|勝成,とだ|かつしげ,戸田勝成,,織田家,吉藤城,豊臣家臣。織田信長・丹羽長秀を経て羽柴秀吉に仕え、越前安居城一万石を領す。九州平定・小田原征伐に従軍して二万石へ加増。関ヶ原では西軍に属し本戦で討死した。,77,,0,267,67,69,35,42,54,65,D,C,,,,,,,64,70,33,78,9,aggressive,1555,1567,1600,true,戸田勝隆の子、丹羽→羽柴,1006106,,,,,,1,0,180,,95,0,,,,,,
1006108,1446,織田家,戸田|忠勝,とだ|ただかつ,戸田忠勝,1572:村上|義明:むらかみ|よしあきら,織田家,吉藤城,,0,,0,157,26,34,29,29,39,60,,,,,,,,,57,60,47,55,2,conservative,1573,1585,1623,,戸田勝隆の子、村上頼勝の養子,1006106,1006166,,,,,1,0,180,,96,0,,,,,,
1006109,1447,織田家,百々|綱家,どど|つないえ,百々綱家,,織田家,清洲城,織田秀信家臣。関ヶ原前哨戦では西軍方として木曽川沿いに布陣し、岐阜城へ迫る東軍の渡河を鉄砲隊で阻もうとした。東軍が渡河すると米野で迎撃し、激戦の末に敗れた。,78,,0,266,41,47,67,60,51,57,,,,,,,,,50,50,44,55,3,balanced,1548,1560,1609,,別名：百々安信,,,,,,,1,0,7,,90,0,,,,,,
1006110,1448,織田家,中川|重政,なかがわ|しげまさ,中川重政,1572:0|土玄:0|しげん,織田家,清洲城,織田家臣。信長上洛後、秀吉・丹羽長秀・明智光秀らと奉行を務め、若狭武田旧臣の知行安堵を担当。浅井氏離反後は安土に置かれ、六角残党を抑えて近江南部を守った。,77,,0,282,46,65,66,59,46,61,,,,,,,,,50,50,48,64,10,balanced,1536,1548,1584,,,,,,,,,1,0,7,,95,0,,,,,,
1006111,1449,織田家,中川|光重,なかがわ|みつしげ,中川光重,1595:0|宗半:0|そうはん,織田家,清洲城,,0,,0,211,57,58,16,51,29,46,,,,,,,,,69,77,26,42,10,balanced,1562,1574,1614,,中川重政の子,1006110,,,,,,1,0,7,,95,0,,,,,,
1006112,1450,織田家,長崎|元家,ながさき|もといえ,長崎元家,,織田家,名古屋城,,0,,0,236,38,44,48,51,55,60,,,,,,,,,57,60,47,55,0,aggressive,1538,1550,1610,,滝川→信雄→羽柴→小早川秀秋→徳川,,,,,,,1,0,11,,95,0,,,,,,
1006113,1451,織田家,中島|氏勝,なかじま|うじかつ,中島氏勝,,織田家,犬山城,,0,,0,205,29,33,51,51,41,39,,,,,,,,,26,16,45,35,86,conservative,1528,1540,1574,,織田信清家臣。中島豊後守,,,,,,,1,0,73,,80,0,,,,,,
1006114,1452,織田家,永原|松雲,ながはら|しょううん,永原松雲,,織田家,吉藤城,,0,,0,303,56,61,57,62,67,56,,,,,,,,,50,50,55,40,1,aggressive,1565,1577,1638,,丹羽家臣,,,,,,,1,0,180,,95,0,,,,,,
1006115,1453,織田家,中村|一氏,なかむら|かずうじ,中村一氏,,織田家,今浜城,豊臣家臣。岸和田・水口・駿府城主。秀吉に従い、岸和田で根来・雑賀衆に備えた。小田原征伐後は駿河一国を与えられ、駿府城を整備したが関ヶ原直前に病没した。,75,,0,255,53,45,58,52,47,54,,,D,,,,,,36,30,43,50,5,balanced,1554,1566,1600,,,,,,,,,1,0,186,,90,0,,,,,,
1006116,1454,織田家,南部|光顕,なんぶ|みつあき,南部光顕,,織田家,今浜城,,0,,0,177,36,69,22,22,28,58,,,,,,,,,50,50,40,61,95,aggressive,1568,1580,1638,,丹羽家臣,,,,,,,1,0,186,,95,0,,,,,,
1006117,1455,織田家,丹羽|長秀,にわ|ながひで,丹羽長秀,1575:惟住|0:これずみ|0,織田家,清洲城,織田信長の宿老。姉川・長篠などで戦功を挙げ、佐和山城主となる。安土城築城の総奉行を務め、本能寺の変後は秀吉と山崎・賤ヶ岳を戦い、越前・若狭などを領した。,76,,0,403,79,71,86,80,87,75,,,B,,,,,鬼|謀将,67,74,50,78,0,balanced,1535,1547,1585,,織田四天王,,,,,,,1,0,7,,96,200,true,,niwa_nagahide.webp,,,
1006118,1456,織田家,丹羽|長重,にわ|ながしげ,丹羽長重,,織田家,清洲城,丹羽長秀の嫡男。秀吉に仕えて越前北ノ庄を領するが所領を削減された。関ヶ原では西軍に属し前田利長軍と浅井畷で戦い改易。のちに召し出され白河10万石へ復帰した。,77,,0,295,56,52,67,62,58,65,,,D,,,,,,71,80,59,44,0,conservative,1571,1583,1637,,丹羽長秀の子,1006117,,,,,,1,0,7,,95,0,,,,,,
1006119,1457,織田家,丹羽|光重,にわ|みつしげ,丹羽光重,,織田家,清洲城,丹羽家3代当主。長重の子。白河藩主を継ぎ、のち二本松へ移封され初代藩主となった。城郭・城下町を整備し二合田用水を開削。茶道・絵画にも通じ文治を奨励した。,76,,0,291,54,50,65,54,68,49,,,,,,,,,31,23,32,62,0,balanced,1622,1634,1701,,丹羽長重の子,1006118,,,,,,1,0,7,,95,0,,,,,,
1006120,1458,織田家,丹羽|一高,にわ|かずたか,丹羽一高,1578:藤堂|0:とうどう|0,織田家,清洲城,丹羽長秀の三男。羽柴秀長の養子を経て藤堂高虎の養子となる。高虎の伊勢転封後も今治二万石を領した。のちに伊賀名張へ移り、城下を整備して名張藤堂家の祖となった。,78,,0,289,56,57,69,59,48,63,,,,,,,,,71,80,55,50,3,aggressive,1579,1591,1670,,丹羽長秀の子、藤堂高虎の養子。藤堂高吉。,1006117,1015048,,,,,1,0,7,,95,0,,,,,,
1006121,1459,織田家,拝郷|家嘉,はいごう|いえよし,拝郷家嘉,,織田家,吉藤城,,0,,0,255,46,69,42,45,53,55,D,,,,,,,,47,45,34,67,85,balanced,1549,1561,1583,,,,,,,,,1,0,180,,90,0,,,,,,
1006122,1460,織田家,蜂屋|頼隆,はちや|よりたか,蜂屋頼隆,,織田家,吉藤城,織田家臣。各地を転戦し、荒木村重討伐などに従軍。本能寺の変後は豊臣秀吉に仕え、越前敦賀を与えられて敦賀城を築いた。九州平定にも従軍した。,68,,0,310,70,67,57,62,54,61,D,,D,,,,,,64,70,58,58,1,balanced,1534,1546,1589,,,,,,,,,1,0,180,,96,0,,,,,,
1006123,1461,織田家,林|通安,はやし|みちやす,林通安,,織田家,清洲城,,0,,0,0,0,0,0,0,0,0,,,,,,,,,0,0,0,0,0,hermit,1480,9999,1553,,,,,,,,,1,0,7,,90,0,,,,,,
1006124,1462,織田家,林|秀貞,はやし|ひでさだ,林秀貞,,織田家,名古屋城,織田家臣。信秀以来の宿老。信長の家督相続後は補佐役を務めた。信行擁立を図って信長と戦うが赦されて復帰した。以後も重臣として仕えたものの、晩年に突然追放された。,79,,0,285,44,30,69,73,69,61,,,,,,,,,36,30,42,51,78,conservative,1514,1526,1580,true,林通安の子,1006123,,,,,,1,0,11,,90,700,,,hayashi_hidesada.webp,,,
1006125,1463,織田家,林|通政,はやし|みちまさ,林通政,,織田家,名古屋城,,0,,0,232,50,71,36,33,42,50,,C,,,,,,,36,30,57,65,88,aggressive,1536,1548,1574,true,林秀貞の子,1006124,,,,,,1,0,11,,90,0,,,,,,
1006126,1464,織田家,林|一吉,はやし|かつよし,林一吉,,織田家,名古屋城,林秀貞の子。織田家を経て山内一豊に仕える。関ヶ原後、一豊の土佐入国に従い窪川五千石を与えられ、古渓山城を築く。山内姓と一豊の一字を受け、窪川山内氏の祖となった。,80,,0,281,46,55,65,59,56,56,,,,,,,,,36,30,27,58,88,balanced,1544,1556,1604,,林秀貞の子。織田→山内一豊,1006124,,,,,,1,0,11,,90,0,,,,,,
1006127,1465,織田家,林|通具,はやし|みちとも,林通具,,織田家,清洲城,織田家臣。美作守。林秀貞らと織田信長の弟・信行を擁して反旗を翻す。稲生の戦いでは信行方の主力として出陣し、名塚周辺で信長勢と激戦を繰り広げ、討死した。,75,,0,273,53,49,46,61,64,48,,,,,,,,,19,7,37,50,73,conservative,1516,1528,1556,true,林通安の子,1006123,,,,,,1,0,7,,90,0,,,,,,
1006128,1466,織田家,塙|正勝,ばん|まさかつ,塙正勝,1575:原田|直政:はらだ|なおまさ,織田家,名古屋城,織田家臣。足利義昭との和平交渉を担い、山城守護・槙島城主を経て大和守護・多聞山城主となる。信長の命で原田氏に改姓。石山本願寺攻めに出陣し、三津寺で討死した。,78,,0,275,54,62,66,53,40,59,,,C,,,,,,64,70,65,61,0,balanced,1532,1544,1576,,別名：塙直政、原田直政,,,,,,,1,0,11,,96,0,,,,,,
1006129,1467,織田家,塙|安友,ばん|やすとも,塙安友,,織田家,名古屋城,,0,,0,232,28,37,55,56,56,61,,,,,,,,,57,60,42,61,7,balanced,1556,1568,1629,,塙正勝の子。織田→佐々→羽柴→田中吉政家臣,1006128,,,,,,1,0,11,,96,0,,,,,,
1006130,1468,織田家,土方|雄久,ひじかた|かつひさ,土方雄久,,織田家,名古屋城,,0,,0,196,30,45,34,38,49,61,,,,,,,,,57,60,38,67,94,balanced,1553,1565,1608,,織田→信雄→羽柴→徳川,,,,,,,1,0,11,,95,0,,,,,,
1006131,1469,織田家,土方|雄氏,ひじかた|かつうじ,土方雄氏,,織田家,名古屋城,伊勢菰野藩初代藩主。土方雄久の長男。父とともに秀吉に仕え、家康暗殺計画の嫌疑で追放される。関ヶ原の戦いに際して赦免され、伊勢菰野一万二千石を与えられ立藩した。,79,,0,204,36,62,39,33,34,57,,,,,,,,,50,50,49,48,89,aggressive,1583,1594,1638,,土方雄久の子。織田→信雄→羽柴→徳川,1006130,,,,,,1,0,11,,95,0,,,,,,
1006132,1470,織田家,土方|雄重,ひじかた|かつしげ,土方雄重,,織田家,名古屋城,江戸前期の大名。土方雄久の次男。徳川秀忠の小姓となり、父の跡を継いで下総多古藩主となる。大坂の陣で戦功を挙げ、のち陸奥窪田二万石へ移され窪田藩初代藩主となった。,80,,0,184,39,50,31,28,36,60,,,,,,,,,55,57,40,63,94,aggressive,1592,1604,1629,,土方雄久の子。織田→信雄→羽柴→徳川,1006130,,,,,,1,0,11,,95,0,,,,,,
1006133,1471,織田家,平手|政秀,ひらて|まさひで,平手政秀,,織田家,名古屋城,織田家臣。信秀の老臣。信長の傅役となり養育と蔵入領支配を担った。朝廷への献金使者を務め、信長と斎藤道三の娘との婚姻をまとめて和睦に導いた。のち自害した。,76,,0,301,52,45,67,78,59,63,,,,,,,,,50,50,24,84,0,conservative,1492,1504,1553,true,,,,,,,,1,0,11,,95,0,,,,,,
1006134,1472,織田家,平手|久秀,ひらて|ひさひで,平手久秀,,織田家,名古屋城,,0,,0,275,53,63,56,60,43,58,,,,,,,,,50,50,43,71,0,balanced,1525,1537,1574,true,平手政秀の子,1006133,,,,,,1,0,11,,95,0,,,,,,
1006135,1473,織田家,平手|汎秀,ひらて|ひろひで,平手汎秀,,織田家,名古屋城,織田家臣。野田・福島攻めに従軍。武田信玄の西上では徳川家康への援軍として三方ヶ原に出陣し、武者大将として先陣を務めた。兵力に勝る武田軍と激戦の末に討死した。,78,,0,287,66,62,55,49,55,59,D,C,D,,,,,,50,50,48,66,0,aggressive,1529,1541,1573,true,平手政秀の子,1006133,,,,,,1,0,11,,95,0,,,,,,
1006136,1474,織田家,古田|重然,ふるた|しげてる,古田重然,,浪人,稲葉山城,織田・豊臣家臣。茶人。千利休に学び、利休の没後は天下一の茶匠と称された。秀吉の没後は徳川方に属し、秀忠にも茶法を伝授した。大坂夏の陣後、内通を疑われ切腹した。,79,,0,247,24,28,66,65,64,67,,,,,,,,,75,85,69,32,5,conservative,1544,1556,1615,,美濃浪人,,,,,,,0,0,3,,50,0,,,,,,
1006137,1475,織田家,古田|重則,ふるた|しげのり,古田重則,,浪人,稲葉山城,,0,,0,0,0,0,0,0,0,0,,,,,,,,,0,0,0,0,0,hermit,1500,9999,1579,,,,,,,,,0,0,3,,50,0,,,,,,
1006138,1476,織田家,古田|重勝,ふるた|しげかつ,古田重勝,,浪人,稲葉山城,豊臣家臣。美濃出身。古田重則の長男。近江日野を領したのち伊勢松坂城主となる。関ヶ原の戦いでは東軍に属して加増され、松坂藩主となった。城の再興造営にも携わった。,79,,0,259,60,36,55,55,53,58,,,,,,,,,75,85,56,50,1,balanced,1560,1572,1606,,古田重則の子。美濃→織田→羽柴→徳川,1006137,,,,,,0,0,3,,50,0,,,,,,
1006139,1477,織田家,古田|重治,ふるた|しげはる,古田重治,,浪人,稲葉山城,石見浜田藩初代藩主。古田重則の三男。兄・重勝の死後、重恒が幼少のため家督を継ぐ。伊勢松坂から浜田へ転封され、浜田城を築いて城下を整備。のち重恒へ家督を譲った。,79,,0,254,50,33,62,58,51,59,,,,,,,,,76,87,49,61,1,conservative,1578,1590,1625,,古田重則の子、古田重勝の養子。美濃→織田→羽柴→徳川,1006137,1006138,,,,,0,0,3,,50,0,,,,,,
1006140,1478,織田家,堀田|正吉,ほった|まさよし,堀田正吉,,織田家,清洲城,織田・豊臣・徳川家臣。織田信雄、浅野長政、小早川秀秋に仕えた。小早川家断絶後は浪人となるが、家康に番士として召し出され幕臣となった。子・正盛は家光に重用された。,80,,0,207,39,33,45,43,47,53,,,,,,,,,43,40,49,44,97,balanced,1571,1583,1629,,浅野長政→1592小早川隆景→秀秋→1602徳川,,,,,,,1,0,7,,95,0,,,,,,
1006141,1479,織田家,堀|秀重,ほり|ひでしげ,堀秀重,,織田家,清洲城,,0,,0,0,0,0,0,0,0,0,,,,,,,,,0,0,0,0,0,hermit,1532,9999,1606,,,,,,,,,1,0,7,,95,0,,,,,,
1006142,1480,織田家,堀|秀政,ほり|ひでまさ,堀秀政,,織田家,清洲城,織田信長に近侍し、甲州・中国攻めに従軍。本能寺の変後は秀吉に属し、山崎・賤ヶ岳で戦功を挙げ、小牧・長久手でも活躍。越前北庄を領したが、小田原征伐中に病没した。,79,,0,411,82,80,84,81,84,70,C,D,C,D,,,,,71,80,43,67,2,conservative,1553,1565,1590,,堀秀重の子,1006141,,,,,,1,0,7,,96,0,,,,,,
1006143,1481,織田家,堀|秀治,ほり|ひではる,堀秀治,,織田家,清洲城,秀政の嫡男。父の陣没で家督を継ぎ北庄城主となる。景勝の会津移封後、越後春日山四十五万石へ転封。関ヶ原では東軍に属し福島城築城に着手したが、完成前に病没した。,78,,0,276,48,51,62,60,55,36,,,D,D,,,,,71,80,55,50,99,balanced,1576,1588,1606,,堀秀政の子,1006142,,,,,,1,0,7,,95,0,,,,,,
1006144,1482,織田家,堀|親良,ほり|ちかよし,堀親良,,織田家,清洲城,堀秀政の次男。父の没後越前二万石を継ぎ、のち越後蔵王堂四万石を領す。病で甥へ封を譲り隠居するが徳川家康に再出仕し、大坂の陣で戦功。のち真岡から烏山へ移封された。,80,,0,287,60,45,64,62,56,64,,,,,,,,,68,75,58,44,3,balanced,1580,1590,1637,,堀秀政の子,1006142,,,,,,1,0,7,,95,0,,,,,,
1006145,1483,織田家,堀|政成,ほり|まさなり,堀政成,1588:近藤|0:こんどう|0,織田家,清洲城,,0,,0,186,38,51,36,29,32,63,,,,,,,,,54,56,55,42,98,aggressive,1588,1600,1618,,堀秀政の子,1006142,,,,,,1,0,7,,95,0,,,,,,
1006146,1484,織田家,堀|秀種,ほり|ひでたね,堀秀種,1564:多賀|秀種:たが|ひでたね,織田家,清洲城,,0,,0,184,40,49,29,28,38,62,,,,,,,,,71,80,52,55,96,aggressive,1565,1577,1616,,堀秀重の子、多賀貞能の養子。堀→羽柴→堀→浪人→前田,1006141,1006148,,,,,1,0,7,,95,0,,,,,,
1006147,1485,織田家,堀|利重,ほり|とししげ,堀利重,,織田家,清洲城,常陸玉取藩初代藩主。堀秀重の子。徳川秀忠に仕える。大久保忠隣の改易に連座して預けられたが、大坂の陣の戦功で一万石を与えられ立藩。のち奏者番兼寺社奉行を務めた。,79,,0,232,47,70,35,36,44,58,,D,,,,,,,55,57,56,40,93,conservative,1581,1593,1638,,堀秀重の子,1006141,,,,,,1,0,7,,95,0,,,,,,
1006148,1486,織田家,多賀|貞能,たが|さだよし,多賀貞能,,浅井家,小谷城,,0,,0,250,41,47,55,54,53,48,,,,,,,,,29,21,40,50,71,conservative,1515,1527,1587,,浅井→織田→羽柴,,,,,,,15,0,23,,90,0,,,,,,
1006149,1487,織田家,本多|利久,ほんだ|としひさ,本多利久,,織田家,清洲城,,0,,0,223,48,48,46,41,40,57,,,,,,,,,50,50,44,55,22,aggressive,1535,1547,1603,,織田信安→羽柴→徳川,,,,,,,1,0,7,,90,0,,,,,,
1006150,1488,織田家,本多|俊政,ほんだ|としまさ,本多俊政,,織田家,清洲城,,0,,0,220,39,39,47,46,49,57,,,,,,,,,50,50,44,55,21,conservative,1551,1563,1610,,本多利久の子。織田信安→羽柴→徳川,1006149,,,,,,1,0,7,,90,0,,,,,,
1006151,1489,織田家,本多|政武,ほんだ|まさたけ,本多政武,,織田家,清洲城,大和高取藩主。本多俊政の長男。父の死後に二万五千石を継ぎ、大坂冬・夏の陣で戦功を挙げた。嗣子に恵まれず、死後に本多家は断絶して高取藩はいったん廃された。,76,,0,319,61,38,71,75,74,63,,,,,,,,,64,70,51,52,21,conservative,1598,1610,1637,,本多俊政の子。織田信安→羽柴→徳川,1006150,,,,,,1,0,7,,90,0,,,,,,
1006152,1490,織田家,前田|玄以,まえだ|げんい,前田玄以,,浪人,大垣城,豊臣家臣。織田信忠に仕え、本能寺の変では三法師を伴って脱出。京都奉行として洛中・寺社行政を担い、丹波亀山５万石を領した。秀吉晩年には五奉行の一人となった。,77,,0,295,21,20,88,91,75,60,,,,,,,,,50,50,45,24,1,conservative,1539,1551,1602,,美濃国浪人→織田,,,,,,,0,0,36,,50,0,,,,,,
1006153,1491,織田家,前田|利春,まえだ|としはる,前田利春,,織田家,清洲城,,0,,0,0,0,0,0,0,0,0,,,,,,,,,0,0,0,0,90,hermit,1505,9999,1560,,,,,,,,,1,0,7,,96,0,,,,,,
1006154,1492,織田家,前田|利久,まえだ|としひさ,前田利久,,織田家,名古屋城,前田氏当主。荒子城主。利春の子。父の死後に家督を継ぐが、織田信長の命で弟の利家へ譲った。のちに利家へ仕え、七尾に住して金沢城代を務めた。前田利益の養父。,76,,0,294,53,50,60,65,66,59,,,,,,,,,50,50,32,72,87,conservative,1537,1549,1587,,前田利春の子,1006153,,,,,,1,0,11,,96,0,,,,,,
1006155,1493,織田家,前田|利家,まえだ|としいえ,前田利家,,織田家,清洲城,織田家臣。赤母衣衆として転戦し越前府中を領す。本能寺後は柴田勝家方につくが賤ヶ岳で離脱し秀吉に従う。金沢城を本拠に加賀・能登を治め、五大老として政権を支えた。,79,,0,368,75,84,64,77,68,79,C,B,B,C,C,,,傾奇者,64,70,60,70,90,aggressive,1538,1550,1599,,前田利春の子,1006153,,,9,,,1,0,7,,96,0,,,,,,
1006156,1494,織田家,前田|利長,まえだ|としなが,前田利長,,織田家,清洲城,利家の嫡男。父の死後に加賀・能登・越中を継ぎ、関ヶ原では徳川方に属して前田家の領国を守った。家督を利常に譲ったのちに高岡城を築き、城下町を整備した。,74,,0,299,56,51,68,65,59,54,D,D,D,,,,,,64,70,49,55,90,conservative,1562,1574,1614,,前田利家の嫡男,1006155,,9,,,,1,0,7,,96,0,,,,,,
1006157,1495,織田家,前田|利政,まえだ|としまさ,前田利政,,織田家,清洲城,利家の次男。能登七尾城主として二十二万石余を領す。関ヶ原で家康の出兵要請に応じず所領を没収され、京都に隠棲。文化人・豪商と交流し、前田土佐守家の家祖となった。,79,,0,233,46,49,53,45,40,47,,,,,,,,,50,50,52,44,4,aggressive,1578,1590,1633,,前田利家の子,1006155,,9,,,,1,0,7,,96,0,,,,,,
1006158,1496,織田家,前田|利常,まえだ|としつね,前田利常,,織田家,清洲城,加賀藩3代藩主。利家の子で利長の養嗣子となり、秀忠の娘・珠姫を妻に迎えた。幕府との関係維持に努め金沢の都市防備を整備。改作法による農政改革や工芸振興を進めた。,79,,0,297,25,43,78,80,71,64,,,,,,,,,64,70,45,61,92,conservative,1593,1605,1658,,前田利家の子、前田利長の養子,1006155,1006156,,,,,1,0,7,,96,0,,,,,,
1006159,1497,織田家,増田|長盛,ました|ながもり,増田長盛,,織田家,清洲城,豊臣家臣。五奉行の一人として太閤検地や行政実務を担い、大和郡山を領した。関ヶ原では西軍に属しながら家康へ情報を送り、戦後改易。大坂の陣後に自害した。,74,,0,313,43,40,87,87,56,47,,,,,,,,,71,80,55,50,13,conservative,1545,1557,1615,,織田→羽柴,,,,,,,1,0,7,,90,0,,,,,,
1006160,1498,織田家,増田|盛次,ました|もりつぐ,増田盛次,,織田家,清洲城,増田長盛の子。関ヶ原の戦い後に徳川義直に仕え、大坂冬の陣では徳川方として戦った。ほどなく豊臣秀頼のもとへ戻って大坂城に入り、翌年の夏の陣で豊臣方として戦死した。,80,,0,267,56,60,52,49,50,56,,,,,,,,,46,44,33,68,13,aggressive,1580,1592,1615,true,増田長盛の子。織田→徳川→羽柴,1006159,,,,,,1,0,7,,90,0,,,,,,
1006161,1499,織田家,溝口|秀勝,みぞぐち|ひでかつ,溝口秀勝,,織田家,清洲城,豊臣家臣。もとは丹羽長秀に仕える。若狭高浜・加賀大聖寺を経て越後新発田六万石へ移封され築城を開始。関ヶ原では東軍に属して上杉遺民一揆を鎮め、新発田藩祖となった。,80,,0,260,47,50,54,54,55,60,,,D,D,,,,,50,50,44,55,96,balanced,1548,1560,1610,,織田→丹羽→羽柴→徳川,,,,,,,1,0,7,,90,0,,,,,,
1006162,1500,織田家,溝口|宣勝,みぞぐち|のぶかつ,溝口宣勝,,織田家,清洲城,越後新発田藩二代藩主。溝口秀勝の長男。大聖寺から新発田へ移り、上杉旧臣の一揆を鎮める。父の死後に家督を継ぎ善勝へ一万二千石を分与し、城下整備と新田開発を進めた。,80,,0,243,42,52,57,49,43,58,,,,,,,,,50,50,39,62,96,conservative,1582,1594,1628,,溝口秀勝の子。羽柴→徳川,1006161,,,,,,1,0,7,,90,0,,,,,,
1006163,1501,織田家,溝口|善勝,みぞぐち|よしかつ,溝口善勝,,織田家,清洲城,越後沢海藩初代藩主。溝口秀勝の次男。徳川秀忠に仕える。父の死後、兄・宣勝から一万二千石を分与され、旧領と合わせ一万四千石を領して新発田藩の支藩・沢海藩を立てた。,80,,0,237,37,41,58,53,48,58,,,,,,,,,50,50,34,69,94,conservative,1584,1596,1634,,溝口秀勝の子。羽柴→徳川,1006161,,,,,,1,0,7,,90,0,,,,,,
1006164,1502,織田家,村井|貞勝,むらい|さだかつ,村井貞勝,,織田家,清洲城,織田家臣。京都所司代。信長上洛後、御所修理や朝廷・寺社との折衝など京都行政を担った。幕府滅亡後は京都支配の中心となり、本能寺の変では信忠とともに戦死した。,77,,0,285,26,14,89,93,63,70,,,,,,,,,61,66,24,61,0,conservative,1520,1532,1582,true,,,,,,,,1,0,7,,96,0,,,,,,
1006165,1503,織田家,村井|長頼,むらい|ながより,村井長頼,,織田家,名古屋城,前田家臣。若い利家に仕え諸戦で功を重ね、「前田第一の功臣」と称された。越前府中、能登島で知行を受け、加増を重ね一万石余となり加賀八家村井家の祖となった。,76,,0,275,56,59,54,53,53,58,D,,C,D,,,,,43,40,37,61,0,balanced,1543,1555,1605,,前田家臣,,,,,,,1,0,11,,96,0,,,,,,
1006166,1504,織田家,村上|頼勝,むらかみ|よりかつ,村上頼勝,,織田家,吉藤城,丹羽家臣。秀吉に仕え、小松城主となり九州・小田原攻めに従軍。堀秀治の越後入封に伴い村上城主となる。関ヶ原では東軍につき、上杉遺民一揆を鎮圧し所領を安堵された。,79,,0,218,44,49,42,40,43,60,,,,,,,,,57,60,47,55,2,balanced,1558,1570,1616,,丹羽→羽柴→徳川,,,,,,,1,0,180,,95,0,,,,,,
1006167,1505,織田家,毛受|勝照,めんじゅ|かつてる,毛受勝照,,織田家,清洲城,,0,,0,205,50,65,26,26,38,37,D,,,,,,,,36,30,23,78,85,balanced,1551,1563,1583,true,柴田家臣,,,,,,,1,0,7,,90,0,,,,,,
1006168,1506,織田家,毛利|高政,もうり|たかまさ,毛利高政,,織田家,清洲城,豊臣家臣。のち佐伯藩祖。日田・玖珠を治め、関ヶ原では西軍に属し戦後に豊後佐伯へ移封。番匠川河口に佐伯城と城下町を築き、浦方と山間農村を基盤に藩政を整えた。,77,,0,280,60,52,55,56,57,55,,,,,,,,,43,40,30,72,89,balanced,1559,1571,1628,,織田→小早川家→徳川,,,,,,,1,0,7,,90,0,,,,,,
1006169,1507,織田家,毛利|良勝,もうり|よしかつ,毛利良勝,,織田家,吉藤城,,0,,0,225,50,63,35,34,43,58,D,,,,D,,,,50,50,35,58,3,aggressive,1535,1547,1582,true,別名：毛利新介,,,,,,,1,0,180,,96,0,,,,,,
1006170,1508,織田家,森|可行,もり|よしゆき,森可行,,織田家,吉藤城,,0,,0,0,0,0,0,0,0,0,,,,,,,,,0,0,0,0,0,hermit,1490,9999,1571,,斎藤→1552織田,,,,,,,1,0,180,,95,0,,,,,,
1006171,1509,織田家,森|可成,もり|よしなり,森可成,,織田家,吉藤城,織田家臣。尾張統一から美濃攻略まで転戦。信長上洛後は近江宇佐山城を築き京都への道を守った。浅井・朝倉軍が侵攻すると寡兵で城外へ打って出て、坂本で討死した。,77,,0,345,69,94,58,62,62,74,B,B,,D,C,,,猛将,64,70,26,81,0,conservative,1523,1535,1570,true,森可行の子。斎藤→1552織田,1006170,,,,,,1,0,180,,96,0,,,mori_yoshinari.webp,,,
1006172,1510,織田家,森|長可,もり|ながよし,森長可,,織田家,吉藤城,織田家臣。金山城主。可成の次男。武田征伐で功を挙げ北信濃四郡を領す。本能寺の変後は秀吉に従い、小牧・長久手で池田恒興とともに討死。「鬼武蔵」と称された。,76,,0,272,58,89,34,33,58,76,D,C,,B,C,,,鬼,71,80,47,61,0,balanced,1558,1570,1584,true,森可成の子,1006171,,,,,,1,0,180,,95,0,,,,,,
1006173,1511,織田家,森|成利,もり|なりとし,森成利,,織田家,吉藤城,織田家臣。可成の子。幼くして信長の小姓となり、信任を得る。金山城主となった直後、本能寺の変で信長に従って抗戦し、弟の坊丸・力丸とともに討死。蘭丸の名で知られる。,80,,0,266,47,63,54,53,49,79,,,,,,,,,78,90,42,72,2,balanced,1565,1577,1582,true,森可成の子。森蘭丸,1006171,,,,,,1,0,180,,95,0,,,,,,
1006174,1512,織田家,森|忠政,もり|ただまさ,森忠政,,織田家,吉藤城,森可成の子。兄・長可の戦死後に家督を継ぎ、美濃金山城主となった。関ヶ原では徳川秀忠に従い、のち美作一国を領有。津山城を築き、城下町整備や検地を進めた。,75,,0,241,30,41,61,57,52,31,,,,,,,,,71,80,52,55,1,conservative,1570,1582,1634,,森可成の子,1006171,,,,,,1,0,180,,95,0,,,,,,
1006175,1513,織田家,森|可政,もり|よしまさ,森可政,,織田家,吉藤城,,0,,0,0,0,0,0,0,0,0,,,,,,,,,0,0,0,0,97,hermit,1560,9999,1623,,森可行の子,1006170,,,,,,1,0,180,,95,0,,,,,,
1006176,1514,織田家,森|可春,もり|よしはる,森可春,,織田家,吉藤城,,0,,0,284,53,57,61,59,54,57,,,,,,,,,74,84,60,44,97,conservative,1594,1606,1651,,森可政の子,1006175,,,,,,1,0,180,,95,0,,,,,,
1006177,1515,織田家,簗田|広正,やなだ|ひろまさ,簗田広正,,織田家,清洲城,,0,,0,244,55,57,38,44,50,52,,,,,,,,,50,50,55,36,12,balanced,1499,1511,1563,,,,,,,,,1,0,7,,96,0,,,,,,
1006178,1516,織田家,簗田|正次,やなだ|まさつぐ,簗田正次,1575:別喜|0:べつき|0,織田家,清洲城,,0,,0,308,60,63,58,62,65,61,,,,,,,,,58,61,40,65,98,balanced,1532,1544,1579,,簗田広正の子,1006177,,,,,,1,0,7,,95,0,,,,,,
1006179,1517,織田家,山内|盛豊,やまうち|もりとよ,山内盛豊,,織田家,吉藤城,尾張岩倉織田家臣。同家家老。山内一豊の父。織田信長の攻撃で嫡男とともに討死し、主家もほどなく滅亡。一族は離散し、三男・一豊は浪々の末に木下藤吉郎へ仕えた。,77,,0,269,55,66,52,53,43,53,,,,,,,,,36,30,25,75,27,balanced,1510,1522,1557,true,織田信安家臣→織田,,,,,,,1,0,180,,95,0,,,,,,
1006180,1518,織田家,山内|一豊,やまうち|かずとよ,山内一豊,,織田家,吉藤城,豊臣家臣。小田原征伐後に掛川城主となり、城郭改修・城下整備・大井川治水を進めた。関ヶ原では徳川方に属し、戦後土佐一国を得て浦戸一揆を鎮圧、高知城を築いた。,77,,0,303,62,65,64,59,53,69,,,D,D,,,,,71,80,53,21,87,balanced,1546,1558,1605,,山内盛豊の子,1006179,,,,,,1,0,180,,95,0,,,,,,
1006181,1519,織田家,山内|康豊,やまうち|やすとよ,山内康豊,,織田家,吉藤城,山内家臣。一豊の弟。兄に先立って土佐へ入り、旧長宗我部氏家臣らの反抗を抑えて領内の安定に努めた。中村を与えられ、一豊の死後は幼い忠義を補佐して藩政を支えた。,78,,0,303,57,51,69,66,60,62,,,,,,,,,71,80,47,61,87,balanced,1549,1561,1625,,山内盛豊の子,1006179,,,,,,1,0,180,,95,0,,,,,,
1006182,1520,織田家,山内|忠義,やまうち|ただよし,山内忠義,,織田家,吉藤城,土佐藩2代藩主。山内康豊の長男で一豊の養子。逃散農民の帰住奨励や下人解放、田地割替を進める。のち野中兼山を奉行に登用し、新田開発・殖産を推進して藩政を固めた。,79,,0,278,60,36,64,62,56,63,,,,,,,,,71,80,40,72,86,conservative,1592,1604,1665,,山内康豊の子、山内一豊の養子,1006181,1006180,,,,,1,0,180,,95,0,,,,,,
1006183,1521,織田家,山口|重政,やまぐち|しげまさ,山口重政,,織田家,清洲城,常陸牛久藩初代藩主。家康に仕え関ヶ原の戦功で大名となる。大久保忠隣の失脚に連座して改易され高野山に蟄居したが、大坂の陣を経て復帰し、遠江・常陸一万五千石を得た。,80,,0,202,34,45,34,39,50,50,,,,,,,,,36,30,47,44,81,aggressive,1564,1576,1635,,,,,,,,,1,0,7,,95,0,,,,,,
1006184,1522,織田家,山口|宗永,やまぐち|むねなが,山口宗永,,織田家,清洲城,豊臣家臣。玄蕃頭。加賀大聖寺城主。秀吉に仕えて検地に手腕を振るい、小早川秀秋の補佐も務めた。関ヶ原の戦いでは西軍に属して前田利長軍と戦い、城が落ちると自害した。,80,,0,230,46,47,41,44,52,56,,,,,,,,,68,75,46,61,10,aggressive,1545,1557,1600,true,,,,,,,,1,0,7,,95,0,,,,,,
1006185,1523,織田家,山口|弘定,やまぐち|ひろさだ,山口弘定,,織田家,清洲城,山口宗永の次男。父と兄が大聖寺城で敗死した後、遺志を継いで大坂城に入った。大坂夏の陣では木村重成隊の先発として若江で井伊直孝勢と戦い、重成らとともに討死した。,79,,0,274,54,60,55,53,52,60,,,,,,,,,56,59,46,56,10,conservative,1568,1580,1615,true,山口宗永の子,1006184,,,,,,1,0,7,,95,0,,,,,,
1006186,1524,織田家,和田|定利,わだ|さだとし,和田定利,,織田家,犬山城,,0,,0,214,33,34,45,56,46,38,,,,,,,,,22,11,50,32,86,conservative,1523,1535,1574,,織田信清家臣→織田,,,,,,,1,0,73,,80,0,,,,,,
1006187,1525,織田家,渡辺|了,わたなべ|さとる,渡辺了,,浅井家,小谷城,藤堂家臣。渡辺勘兵衛。関ヶ原後に藤堂高虎へ二万石で召し抱えられ、今治築城に携わった。伊賀転封で上野城を預かる。大坂の陣で高虎と作戦を巡って対立し藤堂家を去った。,80,,0,295,57,78,56,42,62,62,D,D,,,C,,,猛将,50,50,60,32,61,balanced,1562,1574,1640,,浅井→織田→羽柴,,,,,,,15,0,23,,90,0,,,,,,
1201001,1526,明智家,明智|光継,あけち|みつつぐ,明智光継,,朝倉家,一乗谷城,,0,,0,312,67,60,54,62,69,60,,,,D,,,,,43,40,49,44,86,balanced,1468,1480,1538,,,,,,,,,7,0,16,,95,0,,,,,,
1201002,1527,明智家,明智|光綱,あけち|みつつな,明智光綱,,朝倉家,一乗谷城,,0,,0,259,53,44,55,52,55,52,,,,,,,,,36,30,37,58,86,balanced,1497,1509,1535,true,明智光継の子,1201001,,,,,,7,0,16,,95,0,,,,,,
1201003,1528,明智家,明智|光秀,あけち|みつひで,明智光秀,1575:惟任|0:これとう|0,朝倉家,一乗谷城,織田家臣。足利義昭と信長に仕え、坂本城を拠点に近江・畿内を転戦。四年に及ぶ丹波攻略を成し遂げ一国を与えられ、福知山を統治。本能寺で信長を討つが山崎で敗死した。,79,,0,454,89,88,92,93,92,80,,,A,B,,,,,78,90,72,53,86,conservative,1528,1540,1582,true,明智光綱の子。織田四天王,1201002,,,,,,7,0,16,,95,0,,,akechi_mitsuhide.webp|1575:akechi_mitsuhide2.webp,,,
1201004,1529,明智家,明智|光慶,あけち|みつよし,明智光慶,,朝倉家,一乗谷城,明智光秀の子。通称十五郎。愛宕山で連歌「愛宕百韻」に加わった。光秀は本能寺の変後、十五郎と細川忠興へ政権を譲る意向を書状で示したが、山崎敗戦で実現しなかった。,79,,0,278,47,23,71,68,69,60,,,,,,,,,64,70,35,61,86,conservative,1569,1581,1582,true,明智光秀の子,1201003,,,,,,7,0,16,,95,0,,,,,,
1201005,1530,明智家,明智|光安,あけち|みつやす,明智光安,,朝倉家,一乗谷城,明智氏一門。光継の子。長良川の戦いで明智氏が斎藤道三方についたため、斎藤義龍の攻撃を受ける。弟・光久と長山城に籠城して抗戦したが、落城に際して自害した。,76,,0,295,58,64,51,63,59,59,,,,,,,,,43,40,37,61,88,balanced,1500,1512,1556,true,明智光継の子,1201001,,,,,,7,0,16,,95,0,,,,,,
1201006,1531,明智家,明智|秀満,あけち|ひでみつ,明智秀満,,朝倉家,一乗谷城,明智家臣。光秀の近親として丹波攻略などに従い福知山城を任された。本能寺の変後は安土城を守備するが、山崎敗戦を知ると坂本城へ退却。光秀の妻子らと籠城し自害した。,79,,0,336,65,79,61,69,62,71,,,C,D,D,,,,64,70,27,80,88,balanced,1536,1548,1582,true,明智光安の子,1201005,,,,,,7,0,16,,95,0,,,,,,
1201007,1532,明智家,三宅|重利,みやけ|しげとし,三宅重利,,朝倉家,一乗谷城,唐津藩寺沢家臣。富岡城代。明智秀満の子とされ、細川家を経て寺沢広高に仕えた。島原・天草一揆では天草の鎮圧に出陣し、本渡で一揆勢と戦って敗れ、死去した。,75,,0,263,59,60,49,47,48,61,,,,,,,,,75,86,53,70,88,balanced,1581,1593,1637,true,明智秀満の子。明智→三淵細川→寺沢広高,1201006,,,,,,7,0,16,,95,0,,,,,,
1201008,1533,明智家,明智|光久,あけち|みつひさ,明智光久,,朝倉家,一乗谷城,明智氏一門。光安の弟。土岐明智氏の拠点・長山城を兄と守った。長良川の戦い後、斎藤義龍勢が攻め寄せると一族と籠城し、二日間抗戦したが落城して光安とともに自害した。,80,,0,264,56,39,58,61,50,55,,,,,,,,,44,42,25,79,90,balanced,1505,1517,1556,true,明智光継の子,1201001,,,,,,7,0,16,,95,0,,,,,,
1201009,1534,明智家,明智|光忠,あけち|みつただ,明智光忠,,朝倉家,一乗谷城,明智光秀家臣。光秀の従弟。父・光久とともに光秀に仕え、丹波平定後は八上城主となった。本能寺の変では二条城を攻め、山崎敗戦後は近江坂本城へ戻って自害した。,76,,0,282,47,55,67,58,55,55,,,,,,,,,38,33,40,55,90,balanced,1540,1552,1582,true,明智光久の子,1201008,,,,,,7,0,16,,95,0,,,,,,
1201010,1535,明智家,明智|光近,あけち|みつちか,明智光近,,朝倉家,一乗谷城,,0,,0,259,51,58,52,49,49,53,,,,,,,,,50,50,27,65,90,balanced,1566,1578,1582,true,明智光忠の子,1201009,,,,,,7,0,16,,95,0,,,,,,
1201011,1536,明智家,石谷|頼辰,いしがい|よりとき,石谷頼辰,,足利家,二条城,幕府奉公衆・石谷光政の養子。斎藤利三の兄。足利義輝の没後は明智光秀に仕え、長宗我部元親との取次を担った。本能寺の変後は土佐へ移り、戸次川で信親とともに討死した。,80,,0,265,43,25,66,70,61,49,,,,,,,,,22,11,11,74,94,conservative,1530,1542,1587,true,足利義輝→明智→長宗我部,,,,,,,17,0,26,,95,0,,,,,,
1201012,1537,明智家,斎藤|利三,さいとう|としみつ,斎藤利三,,一色家,稲葉山城,明智家臣。稲葉氏を離れて光秀に仕え、黒井城攻めなど丹波攻略で軍事を担った。本能寺の変では明智軍の主力を率い、山崎敗戦後に捕らえられ処刑。娘の福はのちの春日局。,79,,0,358,78,75,63,62,80,69,D,,C,D,,,,,50,50,45,68,92,aggressive,1534,1546,1582,true,石谷頼辰の子。稲葉→明智,1201011,,,,,,6,0,3,,95,0,,,,,,
1201013,1538,明智家,斎藤|利宗,さいとう|としむね,斎藤利宗,,一色家,稲葉山城,明智・加藤・徳川家臣。斎藤利三の三男で春日局の兄。父と明智光秀に仕え、山崎合戦後に剃髪。朝鮮出兵で加藤清正に従い帰国後に還俗し、のち妹の縁で徳川家光に仕えた。,79,,0,269,60,69,42,44,54,58,D,,,,,,,,50,50,41,60,92,aggressive,1567,1579,1647,,斎藤利三の子。明智→加藤清正→徳川家光,1201012,,,,,,6,0,3,,95,0,,,,,,
1201014,1539,明智家,伊勢|貞興,いせ|さだおき,伊勢貞興,,足利家,二条城,足利家臣。伊勢氏一族。有職故実を家学として「伊勢貞興返答書」を残した。幕府滅亡後は明智光秀に属し、本能寺の変に従った。山崎の戦いで羽柴軍と戦い討死した。,76,,0,344,73,77,68,58,68,63,D,,,D,,,,,34,28,33,63,82,conservative,1562,1574,1582,true,足利→明智,,,,,,,17,0,26,,95,0,,,,,,
1201015,1540,明智家,恩田|直経,おんだ|なおつね,恩田直経,,一色家,稲葉山城,,0,,0,219,40,67,27,26,59,43,,,,,,,,,26,16,26,54,84,balanced,1541,1553,1582,true,土岐→明智,,,,,,,6,0,3,,95,0,,,,,,
1201016,1541,明智家,木村|吉清,きむら|よしはる,木村吉清,,朝倉家,一乗谷城,,0,,0,213,28,13,67,64,41,52,,,,,,,,,61,66,35,73,97,balanced,1549,1561,1598,,明智→羽柴,,,,,,,7,0,16,,95,0,,,,,,
1201017,1542,明智家,木村|清久,きむら|きよひさ,木村清久,,朝倉家,一乗谷城,,0,,0,220,44,38,41,57,40,47,,,,,,,,,50,50,29,77,97,balanced,1573,1585,1615,true,木村吉清の子。秀頼家臣,1201016,,,,,,7,0,16,,95,0,,,,,,
1201018,1543,明智家,藤田|行政,ふじた|ゆきまさ,藤田行政,,朝倉家,一乗谷城,明智家臣。五兵衛。光秀の重臣として明智名字を与えられ、本能寺の変に従った。変後は筒井順慶へ参戦を求める使者となり、山崎の戦いでは負傷し、淀へ退いて自害した。,78,,0,279,57,50,57,62,53,57,,,,,,,,,45,43,28,76,85,balanced,1519,1531,1582,true,,,,,,,,7,0,16,,95,0,,,,,,
1201019,1544,明智家,藤田|秀行,ふじた|ひでゆき,藤田秀行,,朝倉家,一乗谷城,,0,,0,242,48,38,52,56,48,52,,,,,,,,,45,43,37,63,85,balanced,1544,1556,1582,true,藤田行政の子,1201018,,,,,,7,0,16,,95,0,,,,,,
1201020,1545,明智家,本城|有介,ほんじょう|ありすけ,本城有介,,浪人,黒井城,,0,,0,215,49,72,29,27,38,41,,,,,,,,,34,28,34,62,25,aggressive,1558,1570,1642,,丹波浪人→赤井→明智→羽柴秀長→増田長盛→藤堂→松平忠直,,,,,,,0,0,83,,50,0,,,,,,
1201021,1546,明智家,溝尾|茂朝,みぞお|しげとも,溝尾茂朝,,朝倉家,一乗谷城,明智家臣。光秀の流浪時代から仕えた古参。徳川家康の饗応では光秀とともに接待役を務めた。山崎の戦いで敗走する光秀に従い、致命傷を負った光秀を介錯したと伝わる。,78,,0,279,54,39,64,61,61,53,D,,,D,,,,,25,15,14,83,86,conservative,1536,1548,1582,true,,,,,,,,7,0,16,,95,0,,,,,,
1201022,1547,明智家,溝尾|秀朝,みぞお|ひでとも,溝尾秀朝,,朝倉家,一乗谷城,,0,,0,214,24,10,63,60,57,46,,,,,,,,,20,8,20,74,86,conservative,1560,1572,1582,true,溝尾茂朝の子,1201021,,,,,,7,0,16,,95,0,,,,,,
1201023,1548,明智家,箕浦|忠光,みのうら|ただみつ,箕浦忠光,,浅井家,小谷城,,0,,0,194,38,32,45,41,38,40,,,,,,,,,26,16,32,60,89,conservative,1522,1534,1582,true,藤堂忠高の娘婿。浅井→明智,,1015046,,,,,15,0,23,,90,0,,,,,,
1201024,1549,明智家,箕浦|忠重,みのうら|ただしげ,箕浦忠重,,浅井家,小谷城,,0,,0,212,43,56,41,37,35,44,,,,,,,,,32,25,47,56,89,balanced,1553,1565,1610,,箕浦忠光の子。浅井→明智→羽柴秀長,1201023,,,,,,15,0,23,,90,0,,,,,,
1201025,1550,明智家,安田|国継,やすだ|くにつぐ,安田国継,,織田家,稲葉山城,,0,,0,200,41,70,12,33,44,45,,,,,,,,,44,42,56,50,84,conservative,1556,1568,1597,true,明智→羽柴秀長→蒲生→立花宗茂→寺沢広高,,,,,,,1,0,3,,95,0,,,,,,
2801001,1551,諸：小畠家,小畠|国明,こばたけ|くにあき,小畠国明,,小畠家,荒木城,,0,,0,228,45,57,43,41,42,44,,,,,,,,,22,11,54,69,80,balanced,1515,1527,1578,true,丹波諸勢力→明智,,,,,,,0,801,179,小畠家当主,50,300,,,,,,
2801002,1552,諸：小畠家,小畠|永明,こばたけ|ながあき,小畠永明,,小畠家,荒木城,,0,,0,224,41,32,64,47,40,42,,,,,,,,,22,11,21,60,80,conservative,1542,1554,1579,true,小畠国明の子。丹波諸勢力→明智,2801001,,,,,,0,801,179,,50,0,,,,,,
2802001,1553,諸：四王天家,四王天|政孝,しおうてん|まさたか,四王天政孝,,四王天家,黒井城,,0,,0,225,49,60,44,28,44,48,,,,,,,,,36,30,67,72,82,aggressive,1519,1531,1582,true,丹波諸勢力→明智,,,,,,,0,802,83,四王天家当主,50,300,,,,,,
2802002,1554,諸：四王天家,四王天|政実,しおうてん|まさざね,四王天政実,,四王天家,黒井城,,0,,0,213,43,67,33,33,37,46,,,,,,,,,36,30,24,70,82,aggressive,1548,1560,1582,true,四王天政孝の子。丹波諸勢力→明智,2802001,,,,,,0,802,83,,50,0,,,,,,
2803001,1555,諸：並河家,並河|某,なみかわ|なにがし,並河某,,並河家,八上城,,0,,0,0,0,0,0,0,0,0,,,,,,,,,0,0,0,0,94,hermit,1520,9999,1570,,,,,,,,,0,803,22,,50,0,,,,,,
2803002,1556,諸：並河家,並河|宗隆,なみかわ|むねたか,並河宗隆,,並河家,八上城,,0,,0,277,64,51,44,51,67,50,,,,,,,,,22,11,34,56,94,balanced,1546,1558,1614,true,並河某の子。明智→浪人→羽柴方で大坂の陣,2803001,,,,,,0,803,22,並河家当主,50,300,,,,,,
2803003,1557,諸：並河家,並河|易家,なみかわ|やすいえ,並河易家,,並河家,八上城,丹波国衆。並河城主。織田信長の丹波攻略で明智光秀に属し、八上城攻めに参加。本能寺の変後も光秀に従い、山崎の戦いでは天王山麓に布陣して羽柴軍と戦い敗死した。,77,,0,292,60,62,57,50,63,55,,,,,,,,,28,19,47,68,95,aggressive,1548,1560,1582,true,並河某の子,2803001,,,,,,0,803,22,,50,0,,,,,,
2803004,1558,諸：並河家,並河|宗為,なみかわ|むねため,並河宗為,,並河家,八上城,明智・豊臣・加藤家臣。並河易家の子。山崎後に秀吉へ召し出され四千石を与えられ、のち加藤清正に仕え朝鮮へ従軍。肥後では一万九千石を預かる家老・備頭を務めた。,77,,0,278,57,44,59,61,57,55,,,,,,,,,36,30,22,65,95,balanced,1570,1582,1627,,並河易家の子。明智→加藤清正,2803003,,,,,,0,803,22,,50,0,,,,,,
2803005,1559,諸：並河家,松田|政近,まつだ|まさちか,松田政近,,並河家,八上城,,0,,0,186,45,69,23,22,27,36,,,,,,,,,18,5,41,72,85,aggressive,1543,1555,1582,true,,,,,,,,0,803,22,,50,0,,,,,,
1401001,1560,羽柴家,木下|弥右衛門,きのした|やえもん,木下弥右衛門,,織田家,清洲城,,0,,0,0,0,0,0,0,0,0,,,,,,,,,0,0,0,0,0,hermit,1505,9999,1543,,,,,,,,,1,0,7,,95,0,,,,,,
1401002,1561,羽柴家,木下|秀吉,きのした|ひでよし,木下秀吉,1572:羽柴|0:はしば|0,織田家,清洲城,天下人。百姓出身で、はじめ織田信長に仕えて頭角を現し、数多の功績を挙げて宿老にまで登りつめた。信長の没後は政権争いの主導権を握り、自らの政権を確立した。,76,天下人。百姓出身で、はじめ織田信長に仕えて頭角を現し、数多の功績を挙げて宿老にまで登りつめた。信長の没後は政権争いの主導権を握り、自らの政権を確立した。,76,468,96,82,98,96,96,97,S,,,,,,,人たらし|退き巧者|謀将,78,90,100,45,10,aggressive,1537,1549,1598,,木下弥右衛門の子,1401001,,,17,,,1,0,7,,96,0,,,hashiba_hideyoshi.webp|1572:hashiba_hideyoshi2.webp,,,
1401003,1562,羽柴家,羽柴|秀頼,はしば|ひでより,豊臣秀頼,,織田家,清洲城,豊臣家当主。秀吉の没後に家督と大坂城を継ぐ。関ヶ原後は摂津・河内・和泉60余万石の大名となり、徳川秀忠の娘・千姫と婚姻。大坂の陣で敗れ、母・淀殿とともに自害した。,80,,0,335,76,58,67,73,61,82,,,D,,,,,,68,75,50,55,10,conservative,1593,1605,1615,true,木下秀吉と茶々の子。織田→羽柴,1401002,,26,,,,1,0,7,,95,0,,,,,,
1401004,1563,羽柴家,木下|長秀,きのした|ながひで,木下長秀,1575:羽柴|0:はしば|0/1584:0|秀長:0|ひでなが,織田家,清洲城,豊臣政権の重臣。秀吉の弟。四国・九州平定で大軍を率い、大和・紀伊などを領する大大名となった。郡山城と城下を整備し、商人・職人を集めて政権の畿内支配を支えた。,78,,0,372,82,76,70,69,75,76,C,,D,,,,,,68,76,26,87,11,conservative,1540,1552,1591,,木下弥右衛門の子,1401001,,,,,,1,0,7,,96,0,,,,,,
1401005,1564,羽柴家,杉原|定利,すぎはら|さだとし,杉原定利,,織田家,清洲城,,0,,0,0,0,0,0,0,0,0,,,,,,,,,0,0,0,0,0,hermit,1510,9999,1593,,寧々の父,,,,,,,1,0,7,,95,0,,,,,,
1401006,1565,羽柴家,木下|家定,きのした|いえさだ,木下家定,,織田家,清洲城,豊臣家臣。北政所の兄。秀吉に重用され、大坂城留守居や姫路城主を務めた。関ヶ原では北政所を警固し、戦後は家康に属して備中足守二万五千石を得て初代藩主となった。,78,,0,214,37,33,51,43,50,56,,,,,,,,,27,18,42,85,12,conservative,1543,1555,1608,,杉原定利の子,1401005,,,,,,1,0,7,,95,0,,,,,,
1401007,1566,羽柴家,木下|勝俊,きのした|かつとし,木下勝俊,,織田家,清洲城,豊臣家臣。木下家定の子。若狭小浜城主。のち所領を失って京都東山に隠棲した。長嘯子と号し、細川幽斎に和歌を学んだ。歌集『挙白集』などを残し、歌人として名を馳せた。,80,,0,223,30,29,55,55,54,61,,,,,,,,,61,65,60,38,12,conservative,1569,1581,1649,,木下家定の子。織田→羽柴,1401006,,,,,,1,0,7,,95,0,,,,,,
1401008,1567,羽柴家,木下|延俊,きのした|のぶとし,木下延俊,,織田家,清洲城,木下家定の子。高台院の甥。関ヶ原では東軍に属して戦功を挙げ、家康から豊後日出三万石を与えられ日出藩を開く。入封後すぐ日出城を築き、藩政の基礎を固めた。,75,,0,270,50,48,58,58,56,59,,,,,,,,,64,70,47,58,16,balanced,1577,1589,1642,,木下家定の次男,1401006,,,,,,1,0,7,,95,0,,,,,,
1401009,1568,羽柴家,小早川|秀秋,こばやかわ|ひであき,小早川秀秋,,毛利家,鏡山城,豊臣秀吉の養子となったのちに小早川隆景の養子となり家督を継ぐ。関ヶ原では西軍として松尾山に布陣するが東軍へ転じ、大谷吉継隊を攻撃。戦後に備前・美作を領した。,78,,0,308,56,63,60,64,65,43,,D,,,,,,,36,30,47,44,21,conservative,1582,1594,1602,,木下家定の五男、木下秀吉の養子、小早川隆景の養子。別名：木下秀俊,1401006,1401002|1025011,,,,,25,0,121,,95,0,,,,,,
1401010,1569,羽柴家,浅野|長勝,あさの|ながかつ,浅野長勝,,織田家,清洲城,,0,,0,0,0,0,0,0,0,0,,,,,,,,,0,0,0,0,0,hermit,1518,9999,1568,true,寧々の養父,,,,,,,1,0,7,,95,0,,,,,,
1401011,1570,羽柴家,浅野|長政,あさの|ながまさ,浅野長政,,織田家,清洲城,豊臣家臣。秀吉に仕え、京都奉行や蔵入地代官を務めた。小田原征伐後は奥羽仕置・検地を担当し、甲斐一国を領有。五奉行の一人となるが、秀吉の没後は家康に接近した。,78,,0,299,42,44,81,72,60,55,,,,,,,,,64,70,49,55,2,conservative,1547,1559,1611,,浅野長勝の子,1401010,,,,,,1,0,7,,96,0,,,,,,
1401012,1571,羽柴家,浅野|長晟,あさの|ながあきら,浅野長晟,,織田家,清洲城,浅野長政の次男。秀吉に仕え、関ヶ原後は家康に従う。大坂の陣で戦功を挙げ、兄・幸長の跡を継ぎ紀伊和歌山藩主となる。のち安芸・備後四十二万六千石で広島へ入封した。,79,,0,274,48,62,52,55,57,48,D,,,D,,,,,75,85,53,55,97,balanced,1586,1598,1632,,浅野長政の子,1401011,,,,,,1,0,7,,95,0,,,,,,
1401013,1572,羽柴家,浅野|長重,あさの|ながしげ,浅野長重,,織田家,清洲城,浅野長政の三男。徳川秀忠に仕えて下野真岡を領し、父の隠居領を継いで常陸真壁藩主となる。大坂の陣で戦功を挙げ、のちに五万三千五百石へ加増され笠間へ転封された。,78,,0,258,50,66,50,46,46,60,,,,,,,,,76,87,42,71,2,conservative,1588,1600,1632,,浅野長政の子,1401011,,,,,,1,0,7,,95,0,,,,,,
1401014,1573,羽柴家,浅野|幸長,あさの|よしなが,浅野幸長,,織田家,清洲城,浅野長政の子。小田原・朝鮮出兵で戦い、関ヶ原では東軍に属した。戦後紀伊37万余石を領して和歌山城主となる。城を改修して大手を移し、町割りを整え城下の基礎を築いた。,80,,0,319,59,65,65,66,64,47,C,D,D,D,,,,,57,60,50,50,97,balanced,1576,1588,1613,,浅野長政の子,1401011,,,,,,1,0,7,,95,0,,,,,,
1401015,1574,羽柴家,杉原|長房,すぎはら|ながふさ,杉原長房,,織田家,清洲城,杉原家次の子。父の死後は浅野長政に養育され、杵築城主を経て豊岡城主となる。関ヶ原では西軍に属したが長政の取り成しで所領を安堵され、豊岡藩主として水路を整備した。,80,,0,286,59,57,51,57,62,59,,,,,,,,,52,53,36,67,10,aggressive,1574,1584,1629,,浅野長政の養子。織田→羽柴,,1401011,,,,,1,0,7,,95,0,,,,,,
1401016,1575,羽柴家,三輪|吉房,みわ|よしふさ,三輪吉房,,織田家,清洲城,,0,,0,0,0,0,0,0,0,0,,,,,,,,,0,0,0,0,0,hermit,1534,9999,1612,,日秀尼の配偶者,,,,15,,,1,0,7,,95,0,,,,,,
1401017,1576,羽柴家,木下|秀次,とよとみ|ひでつぐ,木下秀次,,織田家,清洲城,豊臣秀次。秀吉の甥。養子となり近江八幡城を築いて城下町を整備。のち関白職と豊臣家の家督を譲られたが、秀頼誕生後に失脚し、高野山へ追放されたのち切腹を命じられた。,80,,0,318,63,49,66,71,69,37,,,,,,,,,54,55,61,32,9,aggressive,1568,1580,1595,true,三輪吉房の子、木下秀吉の養子,1401016,1401002,15,,,,1,0,7,,95,0,,,,,,
1401018,1577,羽柴家,足立|重信,あだち|しげのぶ,足立重信,,織田家,稲葉山城,加藤嘉明家臣。家老。朝鮮出兵で水軍として戦い、関ヶ原時は留守を守り毛利勢・河野氏残党を退けた。のち普請奉行として石手川を付け替え、松山城と城下町の建設を進めた。,80,,0,300,46,36,85,73,60,58,,,,,,,,,50,50,40,61,5,conservative,1563,1575,1625,,美濃国→加藤嘉明家臣,,,,,,,1,0,3,,95,0,,,,,,
1401019,1578,羽柴家,飯田|直景,いいだ|なおかげ,飯田直景,,浪人,二条城,,0,,0,258,41,68,48,49,52,36,,,D,,,,,,64,70,49,55,99,aggressive,1561,1573,1632,,京浪人→加藤清正→黒田長政家臣,,,,,,,0,0,26,,50,0,,,,,,
1401020,1579,羽柴家,生駒|豊政,いこま|とよまさ,生駒豊政,,浪人,稲葉山城,,0,,0,0,0,0,0,0,0,0,,,,,,,,,0,0,0,0,95,hermit,1485,9999,1556,,,,,,,,,0,0,3,,50,0,,,,,,
1401021,1580,羽柴家,生駒|家宗,いこま|いえむね,生駒家宗,,浪人,稲葉山城,,0,,0,0,0,0,0,0,0,0,,,,,,,,,0,0,0,0,95,hermit,1510,9999,1556,,生駒豊政の子,1401020,,,,,,0,0,3,,50,0,,,,,,
1401022,1581,羽柴家,生駒|家長,いこま|いえなが,生駒家長,,浪人,稲葉山城,,0,,0,0,0,0,0,0,0,0,,,,,,,,,0,0,0,0,95,hermit,1540,9999,1607,,生駒家宗の子,1401021,,,,,,0,0,3,,50,0,,,,,,
1401023,1582,羽柴家,生駒|利豊,いこま|としとよ,生駒利豊,,浪人,稲葉山城,尾張徳川家臣。生駒家長の子。父と織田信長に仕え、のち清洲城主・松平忠吉の家臣となる。忠吉が嗣子なく没すると徳川義直に従い、清洲から名古屋へ移って尾張藩に仕えた。,80,,0,206,44,56,34,33,39,60,,,,,,,,,57,60,50,50,95,aggressive,1575,1587,1670,,生駒家長の子。岐阜浪人→織田→羽柴→徳川,1401022,,,,,,0,0,3,,50,0,,,,,,
1401024,1583,羽柴家,生駒|親重,いこま|ちかしげ,生駒親重,,浪人,稲葉山城,,0,,0,0,0,0,0,0,0,0,,,,,,,,,0,0,0,0,3,hermit,1515,9999,1570,,生駒豊政の子,1401020,,,,,,0,0,3,,50,0,,,,,,
1401025,1584,羽柴家,生駒|親正,いこま|ちかまさ,生駒親正,,浪人,稲葉山城,豊臣家臣。信長、のち秀吉に仕え讃岐一国を得て高松城を築く。堀尾吉晴・中村一氏と中老を務め、関ヶ原では西軍に属すも、東軍についた子・一正の功で赦され所領を保った。,80,,0,264,48,45,64,57,50,54,,,,,,,,,64,70,24,61,3,balanced,1535,1547,1603,,生駒親重の子。岐阜浪人→織田→羽柴→徳川,1401024,,,,,,0,0,3,,50,0,,,,,,
1401026,1585,羽柴家,生駒|一正,いこま|かずまさ,生駒一正,,浪人,稲葉山城,織田・豊臣・徳川家臣。親正の子。父と転戦し朝鮮出兵にも従軍した。関ヶ原では父が西軍に属す一方、東軍の先鋒を務めて讃岐一国を安堵され、のち高松城へ移った。,76,,0,257,42,42,56,58,59,47,,,,,,,,,29,21,44,44,3,balanced,1555,1567,1610,,生駒親正の子。岐阜浪人→織田→羽柴→徳川,1401025,,,,,,0,0,3,,50,0,,,,,,
1401027,1586,羽柴家,生駒|正俊,いこま|まさとし,生駒正俊,,浪人,稲葉山城,讃岐高松藩三代藩主。生駒一正の長男。関ヶ原では祖父・親正と西軍に属したが、東軍に属した父の功で赦免された。父の死後に讃岐一国を継ぎ、大坂冬・夏の陣にも出陣した。,80,,0,209,39,33,40,44,53,60,,,,,,,,,55,57,38,66,6,conservative,1586,1598,1621,,生駒一正の子。岐阜浪人→織田→羽柴→徳川,1401026,,,,,,0,0,3,,50,0,,,,,,
1401028,1587,羽柴家,石川|貞清,いしかわ|さだきよ,石川貞清,,浪人,稲葉山城,豊臣家臣。犬山城主。秀吉に仕えて一万二千石を領し、十二万石へ加増された。関ヶ原では西軍に属して敗走するが、池田輝政の取り成しで助命され、のち宗林と号した。,77,,0,263,65,54,55,47,42,64,,,,,,,,,64,70,41,67,65,aggressive,1551,1563,1626,,織田→羽柴→徳川,,,,,,,0,0,3,,50,0,,,,,,
1401029,1588,羽柴家,石川|貞政,いしかわ|さだまさ,石川貞政,,浪人,稲葉山城,豊臣秀吉の馬廻。のちに徳川家康に属し、上杉攻め・関ヶ原に参加した。秀頼に近侍し、方広寺鐘銘事件では片桐且元成敗を命じられるも内通。大坂の陣では秀忠に従った。,78,,0,311,66,64,63,61,57,62,D,,,,,,,,57,60,35,72,85,balanced,1575,1587,1657,,石川貞清の養子。織田→羽柴→徳川,,1401028,,,,,0,0,3,,50,0,,,,,,
1401030,1589,羽柴家,石田|正継,いしだ|まさつぐ,石田正継,,浪人,今浜城,豊臣家臣。近江石田村の国衆。三成の父。正澄とともに多忙な三成を支え、領内統治や諸役を引き継いで政策を補佐した。関ヶ原後は佐和山城を守り、城の陥落時に自害した。,79,,0,301,58,44,60,68,71,52,,,,,,,,,36,30,31,67,19,conservative,1536,1548,1600,true,近江→羽柴,,,,,,,0,0,186,,50,0,,,,,,
1401031,1590,羽柴家,石田|正澄,いしだ|まさずみ,石田正澄,,浪人,今浜城,豊臣家臣。正継の子で三成の兄。弟とともに秀吉に仕え、木工頭・堺奉行を務める。関ヶ原では父・正継らと佐和山城を守り、井伊直政らの攻撃を受け落城時に自害した。,77,,0,273,36,27,74,72,64,52,,,,,,,,,36,30,31,67,19,conservative,1556,1568,1600,true,石田正継の子。近江→羽柴,1401030,,,,,,0,0,186,,50,0,,,,,,
1401032,1591,羽柴家,石田|三成,いしだ|みつなり,石田三成,,浪人,今浜城,豊臣秀吉に近侍し、検地・兵站など政務を担って五奉行の一人となる。佐和山19万石余を領し、秀吉死後は徳川家康と対立。関ヶ原で西軍を率いるが敗れ、捕縛され処刑された。,80,,0,407,76,60,95,90,86,83,C,,D,B,,,,,36,30,35,61,20,aggressive,1560,1572,1600,true,石田正継の子。近江→羽柴,1401030,,,,,,0,0,186,,50,0,,,,,,
1401033,1592,羽柴家,石田|重家,いしだ|しげいえ,石田重家,1601:壽聖院|宗享:じゅそういん|そうじゅん,浪人,今浜城,石田三成の長男。関ヶ原後、妙心寺塔頭・壽聖院に入り宗享と称した。父が祖父・正継の菩提寺として創建した同院で僧となる。石田家の歴史を記した『霊牌日鑑』を残した。,79,,0,247,57,28,63,54,45,61,,,,,,,,,36,30,43,50,20,conservative,1584,1596,1686,,石田三成の子。近江→羽柴,1401032,,,,,,0,0,186,,50,0,,,,,,
1401034,1593,羽柴家,石田|重成,いしだ|しげなり,石田重成,1601:杉山|俊成:すぎやま|としなり,浪人,今浜城,豊臣家臣。石田三成の子。秀頼に近侍した。関ヶ原敗戦の報を受け大坂城を脱出し、津軽為信の陣所で保護された。のちに津軽家臣となり、杉山源吾と称して仕えた。,75,,0,231,46,26,61,53,45,62,,,,,,,,,36,30,32,65,20,aggressive,1589,1601,1641,,石田三成の子。杉山源吾。近江→羽柴,1401032,,,,,,0,0,186,,50,0,,,,,,
1401035,1594,羽柴家,市橋|長勝,いちはし|ながかつ,市橋長勝,,浪人,稲葉山城,織田・豊臣家臣。美濃今尾城主。信長・秀吉に仕え、関ヶ原では東軍に属した。戦後は伯耆矢橋で大名となり、大坂の陣の功で越後三条四万一千三百石へ加増転封された。,77,,0,210,45,31,42,43,49,58,,,,,,,,,50,50,33,71,89,conservative,1557,1569,1620,,美濃→織田→羽柴,,,,,,,0,0,3,,50,0,,,,,,
1401036,1595,羽柴家,伊東|長実,いとう|ながざね,伊東長実,,浪人,吉藤城,豊臣家臣。秀吉に仕えて備中一万石を領す。関ヶ原前に石田三成の挙兵を家康へ内報。大坂の陣では豊臣方として籠城したが、先の功で赦され所領を保ち、岡田藩祖となった。,79,,0,262,56,55,44,51,56,59,,,,,,,,,50,50,62,43,92,aggressive,1560,1572,1629,,羽柴→徳川,,,,,,,0,0,180,,50,0,,,,,,
1401037,1596,羽柴家,伊藤|盛正,いとう|もりまさ,伊藤盛正,,浪人,大垣城,豊臣家臣。大垣城主・伊藤盛景の子。父の死後に家督を継ぐ。関ヶ原の戦いでは石田三成に大垣城を求められ、当初は拒んだが退去。戦後は福島正則を経て前田家に仕えた。,78,,0,281,65,37,59,61,59,62,,,,,,,,,61,65,51,50,17,balanced,1567,1579,1623,,羽柴→前田,,,,,,,0,0,36,,50,0,,,,,,
1401038,1597,羽柴家,上田|重安,うえだ|しげやす,上田重安,,織田家,吉藤城,豊臣・浅野家臣。宗箇と号す。秀吉に仕え、関ヶ原後は蜂須賀氏を経て浅野氏に仕官。千利休・古田織部・小堀遠州に茶を学び、広島藩家老として縮景園を作庭した。,75,,0,203,31,37,60,43,32,46,,,,,,,,,26,16,39,50,5,conservative,1563,1575,1650,,丹羽→羽柴→浅野,,,,,,,1,0,180,,95,0,,,,,,
1401039,1598,羽柴家,大谷|吉房,おおたに|よしふさ,大谷吉房,,六角家,日野城,,0,,0,225,45,20,55,58,47,49,,,,,,,,,22,11,21,45,25,hermit,1533,1545,1598,,六角→浅井→羽柴,,,,,,,18,0,40,,90,0,,,,,,
1401040,1599,羽柴家,大谷|吉継,おおたに|よしつぐ,大谷吉継,,六角家,日野城,豊臣秀吉の側近。賤ヶ岳・九州・小田原征伐に従軍し、奥州検地や朝鮮出兵では奉行を務めた。越前敦賀を領し、関ヶ原では石田三成に味方して西軍に属し、敗れて自害した。,79,,0,410,86,79,85,70,90,71,C,,D,B,,,,,50,50,32,72,15,balanced,1565,1577,1600,true,近江→羽柴,,,,,,,18,0,40,,90,0,,,,,,
1401041,1600,羽柴家,大谷|吉治,おおたに|よしはる,大谷吉治,,六角家,日野城,,0,,0,283,55,50,56,61,61,64,,,,,,,,,64,70,41,67,15,balanced,1590,1602,1615,true,大谷吉継の子。近江→羽柴,1401040,,,,,,18,0,40,,90,0,,,,,,
1401042,1601,羽柴家,大野|定長,おおの|さだなが,大野定長,,織田家,吉藤城,,0,,0,0,0,0,0,0,0,0,,,,,,,,,0,0,0,0,0,hermit,1500,9999,1530,,,,,,,,,1,0,180,,95,0,,,,,,
1401043,1602,羽柴家,大野|治長,おおの|はるなが,大野治長,,織田家,吉藤城,豊臣家臣。秀吉の側近として仕え、関ヶ原後も豊臣秀頼に従った。大坂の陣では豊臣方の中心として徳川氏との交渉や軍事を担い、落城時に秀頼・淀殿らと自害した。,75,,0,320,66,50,72,68,64,60,,,,,,,,,36,30,27,72,21,conservative,1569,1581,1615,true,大野定長の子。織田→羽柴,1401042,,,,,,1,0,180,,95,0,,,,,,
1401044,1603,羽柴家,大野|治胤,おおの|はるたね,大野治胤,,織田家,吉藤城,豊臣家臣。大野治長・治房の弟。秀頼に仕え、大坂夏の陣では堺を焼き討ちし二万戸を灰にした。大坂城落城後に捕らえられ、堺へ引き渡されて火刑に処された。号は道犬。,78,,0,221,53,44,47,40,37,55,D,,D,,,,,,43,40,37,61,21,balanced,1574,1586,1615,true,大野定長の子織田→羽柴,1401042,,,,,,1,0,180,,95,0,,,,,,
1401045,1604,羽柴家,大野|治房,おおの|はるふさ,大野治房,,織田家,吉藤城,豊臣家臣。大野治長の弟。秀頼に仕え、大坂の陣では実戦部隊を率いて徳川方と戦う。大坂城落城時に秀頼の子・国松丸を守って脱出したが、京都で捕らえられ斬首された。,78,,0,254,54,61,50,45,44,58,D,,C,,,,,,50,50,40,61,21,balanced,1572,1584,1615,true,大野定長の子織田→羽柴,1401042,,,,,,1,0,180,,95,0,,,,,,
1401046,1605,羽柴家,小坂|雄長,おさか|おなが,小坂雄長,,織田家,清洲城,,0,,0,189,35,50,35,32,37,63,,,,,,,,,64,70,53,50,94,aggressive,1576,1588,1636,,織田信雄→福島正則家臣,,,,,,,1,0,7,,90,0,,,,,,
1401047,1606,羽柴家,小野木|重次,おのぎ|しげつぐ,小野木重次,,浪人,今浜城,豊臣家臣。丹波福知山城主。関ヶ原の戦いでは西軍に属し、細川幽斎の籠もる田辺城を攻めた。西軍が敗れると福知山城に籠城し、のち開城して丹波亀山で自害した。,75,,0,261,50,58,52,50,51,53,D,,D,,,,,,36,30,23,78,6,aggressive,1563,1575,1600,true,近江→羽柴,,,,,,,0,0,186,,50,0,,,,,,
1401048,1607,羽柴家,糟屋|武則,かすや|たけのり,糟屋武則,,別所家,神吉城,豊臣家臣。加古川城主。別所長治に仕えたのち秀吉に従い、賤ヶ岳で奮戦して七本槍の一人に数えられた。朝鮮出兵にも従軍し、関ヶ原では西軍に属して敗れ所領を失った。,78,,0,301,61,68,66,52,54,64,C,,,,D,,,,64,70,49,55,15,aggressive,1562,1574,1607,,別所→羽柴→徳川,,,,,,,16,0,103,,80,0,,,,,,
1401049,1608,羽柴家,片桐|直貞,かたぎり|なおさだ,片桐直貞,,浅井家,佐和山城,,0,,0,0,0,0,0,0,0,0,,,,,,,,,0,0,0,0,0,hermit,1522,9999,1592,,,,,,,,,15,0,28,,90,0,,,,,,
1401050,1609,羽柴家,片桐|且元,かたぎり|かつもと,片桐且元,,浅井家,佐和山城,豊臣家臣。賤ヶ岳七本槍の一人。太閤検地や朝鮮出兵、伏見城普請に従事し、秀吉の没後は秀頼を補佐。方広寺鐘銘事件を巡って大坂城を退去し、大坂の陣では徳川方に属した。,80,,0,274,52,62,65,50,45,47,D,,D,,D,,,,36,30,30,41,5,conservative,1556,1568,1615,,片桐直貞の子,1401049,,,,,,15,0,28,,90,0,,,,,,
1401051,1610,羽柴家,片桐|貞隆,かたぎり|さだたか,片桐貞隆,,浅井家,佐和山城,豊臣家臣。直貞の子。且元の弟。秀吉に仕え小田原征伐などに従い一万石の大名となる。大坂の陣直前に兄とともに豊臣家を退去し、のちに大和小泉へ入部。小泉陣屋を構えた。,80,,0,312,56,65,60,65,66,50,,,,,,,,,48,47,32,42,2,conservative,1560,1572,1627,,片桐直貞の子,1401049,,,,,,15,0,28,,90,0,,,,,,
1401052,1611,羽柴家,加藤|清正,かとう|きよまさ,加藤清正,,織田家,清洲城,豊臣家臣。賤ヶ岳で戦功を挙げ肥後半国を領する。朝鮮出兵では先鋒として各地を転戦し、蔚山城籠城戦を戦った。関ヶ原後に肥後一国を領し、熊本城を築いて城下を整備した。,80,,0,391,83,89,73,70,76,74,S,,,C,C,,C,猛将,64,70,49,55,99,aggressive,1562,1574,1611,,羽柴→大名,,,,,,,1,0,7,,95,0,,,,,,
1401053,1612,羽柴家,加藤|忠広,かとう|ただひろ,加藤忠広,,織田家,清洲城,肥後熊本藩主。加藤清正の子。父の死後に家督を継ぎ幕府目付の監督を受けた。家臣団の内紛を経て領国政治を担うが、謀書事件を契機に改易され、出羽庄内へ配流された。,78,,0,146,29,25,29,27,36,59,,,,,,,,,68,76,51,40,99,conservative,1601,1611,1653,,加藤清正の子,1401052,,,,,,1,0,7,,95,0,,,,,,
1401054,1613,羽柴家,加藤|嘉明,かとう|よしあきら,加藤嘉明,,織田家,今浜城,豊臣家臣。賤ヶ岳七本槍の一人。九州平定や朝鮮出兵で水軍を率い、小田原攻めにも従軍。関ヶ原では東軍に属し伊予松山を領して築城。のちに会津40万石へ転封された。,77,,0,349,79,72,59,64,75,73,C,D,D,B,D,,B,,75,85,53,55,5,balanced,1563,1575,1631,,羽柴→大名,,,,,,,1,0,186,,95,0,,,,,,
1401055,1614,羽柴家,加藤|明成,かとう|あきなり,加藤明成,,織田家,今浜城,会津藩主。加藤嘉明の子。父の死後に家督を継ぐ。地震で損傷した若松城を改修し、西出丸・北出丸を増築。家臣・堀主水の出奔と幕府への訴えを経て処断し、会津を返上した。,80,,0,220,49,71,17,46,37,45,D,,,,,,,,55,57,75,33,8,aggressive,1592,1604,1661,,加藤嘉明の子,1401054,,,,,,1,0,186,,95,0,,,,,,
1401056,1615,羽柴家,亀田|高綱,かめだ|たかつな,亀田高綱,,織田家,吉藤城,柴田・浅野家臣。柴田勝豊に仕えるが追われ、浅野長政・幸長父子に仕官。関ヶ原と大坂の陣で軍功を挙げた。のちに論功をめぐり上田重安と争って浅野家を去り、隠居した。,79,,0,248,45,62,46,45,50,57,,,,,,,,,49,49,42,57,96,aggressive,1558,1570,1633,,柴田→浅野長政→浪人,,,,,,,1,0,180,,90,0,,,,,,
1401057,1616,羽柴家,木村|重茲,きむら|しげこれ,木村重茲,,織田家,清洲城,豊臣家臣。越前府中・山城淀城主。秀吉に仕え、賤ヶ岳・小牧長久手・小田原攻めを転戦した。のちに秀次の後見役を務めたが秀次事件に連座し自害。茶の湯は千利休に学んだ。,80,,0,304,58,68,64,59,55,55,,,D,,,,,,29,21,49,38,9,conservative,1559,1571,1595,true,,,,,,,,1,0,7,,95,0,,,,,,
1401058,1617,羽柴家,木村|重成,きむら|しげなり,木村重成,,織田家,清洲城,豊臣家臣。秀頼に仕え、大坂冬の陣で初陣。和議では正使として徳川秀忠から誓書を受け取った。夏の陣では若江に出撃して井伊直孝勢と戦い、激戦の末に討死した。,75,,0,287,56,65,54,52,60,65,,C,D,D,,,,,50,50,24,84,20,conservative,1593,1605,1615,true,木村重茲の子,1401057,,,,,,1,0,7,,95,0,,,,,,
1401059,1618,羽柴家,木村|正勝,きむら|まさかつ,木村正勝,,六角家,観音寺城,,0,,0,200,32,73,28,28,39,59,D,D,,,,,,,55,57,52,46,95,aggressive,1560,1572,1615,true,別名：木村又蔵。六角→加藤清正,,,,,,,18,0,35,,95,0,,,,,,
1401060,1619,羽柴家,小出|秀政,こいで|ひでまさ,小出秀政,,織田家,清洲城,豊臣家臣。紀州平定後に岸和田城主となり、加増を重ね三万石を領した。城郭と城下町を整備。関ヶ原では西軍方となるが、次男の秀家が東軍で戦功を挙げたため所領を保った。,80,,0,305,60,45,63,68,69,56,,,,,,,,,71,80,52,55,25,aggressive,1540,1552,1604,,織田→羽柴→徳川,,,,,,,1,0,7,,95,0,,,,,,
1401061,1620,羽柴家,小出|吉政,こいで|よしまさ,小出吉政,,織田家,清洲城,豊臣家臣。秀政の長男。秀吉に仕え、但馬出石六万石を領す。関ヶ原では西軍に属したが、弟・秀家の東軍での戦功により所領を安堵された。父の死後は和泉岸和田藩を継いだ。,80,,0,273,65,45,55,54,54,51,,,,,,,,,71,80,52,55,27,balanced,1565,1577,1613,,小出秀政の子,1401060,,,,,,1,0,7,,95,0,,,,,,
1401062,1621,羽柴家,小出|吉英,こいで|よしひで,小出吉英,,織田家,清洲城,豊臣・徳川家臣。出石藩主。吉政の子。有子山城を廃し山麓に出石城を築いて城下町を整備した。父の死後は岸和田藩を継ぎ、のち再び出石へ移って沢庵宗彭を保護した。,77,,0,256,59,45,53,50,49,60,,,,,,,,,54,56,46,55,27,conservative,1587,1599,1666,,小出吉政の子。羽柴→徳川,1401061,,,,,,1,0,7,,95,0,,,,,,
1401063,1622,羽柴家,小出|吉親,こいで|よしちか,小出吉親,,織田家,清洲城,丹波園部藩初代藩主。小出吉政の次男。兄吉英の岸和田襲封後に但馬出石藩主となり、大坂の陣で戦功。のちに園部三万石余へ移り、城と城下町を築いて藩政の基礎を固めた。,79,,0,226,48,52,51,40,35,59,,,,,,,,,54,56,43,58,22,conservative,1590,1602,1668,,小出吉政の子。羽柴→徳川,1401061,,,,,,1,0,7,,95,0,,,,,,
1401064,1623,羽柴家,小出|三尹,こいで|みつただ,小出三尹,,織田家,清洲城,和泉陶器藩初代藩主。小出秀政の四男。兄秀家の養子となり遺領を継ぐ。のち甥吉英から一万石を分与され陶器藩を立て、大坂の陣では秀忠に従軍。金森宗和に茶の湯を学んだ。,80,,0,252,49,43,54,53,53,60,,,,,,,,,55,57,39,64,18,aggressive,1589,1601,1642,,小出秀政の子。羽柴→徳川,1401060,,,,,,1,0,7,,95,0,,,,,,
1401065,1624,羽柴家,五藤|為重,ごとう|ためしげ,五藤為重,,織田家,清洲城,山内家臣。五藤清基の次男。のち一豊に仕え、兄為浄と転戦した。伊勢亀山城攻めで兄が戦死すると家督を継ぎ、土佐入国後は安芸千百石と安芸城を預けられ重臣となった。,78,,0,245,58,40,53,48,46,64,,,,,,,,,72,81,37,76,90,conservative,1558,1570,1629,,山内家臣,,,,,,,1,0,7,,95,0,,,,,,
1401066,1625,羽柴家,薄田|兼相,すすきだ|かねすけ,薄田兼相,,浪人,二条城,豊臣家臣。秀吉・秀頼に仕え、秀頼の名代で駿府の家康へ使した。大坂冬の陣では伯労淵の砦を失い面目を失う。夏の陣では雪辱を期して道明寺へ出陣し、奮戦の末に討死した。,80,,0,235,48,73,26,32,56,25,D,,,,D,,,,29,21,49,38,27,balanced,1568,1580,1615,true,浪人→羽柴方で大坂夏の陣,,,,,,,0,0,26,,50,0,,,,,,
1401067,1626,羽柴家,高田|吉次,たかだ|よしつぐ,高田吉次,,浪人,喰代城,,0,,0,190,54,67,22,21,26,56,,,,,,,,,50,50,56,38,92,hermit,1589,1601,1671,,伊賀国の浪人→羽柴方で大坂の陣→徳川,,,,,,,0,0,43,,50,0,,,,,,
1401068,1627,羽柴家,竹中|重氏,たけなか|しげうじ,竹中重氏,,一色家,北方城,,0,,0,0,0,0,0,0,0,0,,,,,,,,,0,0,0,0,8,hermit,1470,9999,1530,,,,,,,,,6,0,183,,95,0,,,,,,
1401069,1628,羽柴家,竹中|重元,たけなか|しげもと,竹中重元,,一色家,北方城,美濃国衆。大御堂城主。土岐氏、斎藤氏に仕えた。長良川の戦いで斎藤道三に味方したため義龍軍の攻撃を受け、のち菩提山城へ移って六角氏の求めに応じ浅井氏と戦った。,78,,0,258,63,60,44,42,49,59,D,,,,,,,,50,50,27,80,8,balanced,1499,1511,1562,,竹中重氏の子,1401068,,,,,,6,0,183,,95,0,,,,,,
1401070,1629,羽柴家,竹中|重治,たけなか|しげはる,竹中重治,,一色家,北方城,美濃菩提山城主。斎藤龍興に仕え、少数で稲葉山城を奪うが返還して斎藤家を去る。のち信長に仕えて秀吉の与力となり、播磨攻略で軍略を担ったが三木城包囲中に病没した。,79,,0,392,83,75,64,78,92,81,B,,,C,D,,,退き巧者,71,80,30,78,8,hermit,1544,1556,1579,,竹中重元の子。別名：竹中半兵衛,1401069,,,,,,6,0,183,,95,0,,,takenaka_shigeharu.webp,,,
1401071,1630,羽柴家,竹中|重門,たけなか|しげかど,竹中重門,,一色家,北方城,竹中重治の子。父の死後に家督を継ぎ、羽柴秀吉に仕えた。関ヶ原では東軍に属して所領を安堵され、のちに豊臣家の記録「豊鑑」を著した。,64,,0,333,64,54,66,73,76,64,D,,D,,,,,,71,80,43,67,5,conservative,1573,1585,1631,,竹中重治の子,1401070,,,,,,6,0,183,,95,0,,,,,,
1401072,1631,羽柴家,竹中|重光,たけなか|しげみつ,竹中重光,,一色家,北方城,,0,,0,0,0,0,0,0,0,0,,,,,,,,,0,0,0,0,3,hermit,1500,9999,1530,,竹中重氏の子,1401068,,,,,,6,0,183,,95,0,,,,,,
1401073,1632,羽柴家,竹中|重利,たけなか|しげとし,竹中重利,,一色家,北方城,豊臣家臣。九州平定後に豊後高田を領し、関ヶ原では東軍に属した。戦後は府内2万石を与えられ、府内城と城下町の整備を進めた。,60,,0,302,55,41,69,70,67,62,,,,,,,,,71,80,49,58,3,conservative,1562,1574,1615,,竹中重光の子,1401072,,,,,,6,0,183,,95,0,,,,,,
1401074,1633,羽柴家,竹中|重義,たけなか|しげよし,竹中重義,,一色家,北方城,府内藩主。竹中重利の子。父の跡を継ぎ、のちに長崎奉行に任じられた。在任中の不正を問われて罷免され、江戸で嫡子とともに切腹を命じられた。竹中氏は改易となった。,78,,0,291,47,41,64,69,70,61,,,,,,,,,71,80,54,51,3,aggressive,1587,1599,1634,,竹中重利の子,1401073,,,,,,6,0,183,,95,0,,,,,,
1401075,1634,羽柴家,谷|衛友,たに|もりとも,谷衛友,,織田家,清洲城,豊臣家臣。谷衛好の子。三木城攻めで父が戦死すると家督を継ぎ、山家一万六千石を領した。関ヶ原では西軍として田辺城を攻めたが所領を安堵され、大坂の陣にも従軍した。,79,,0,240,60,73,31,33,43,56,,,D,D,,,,,50,50,52,43,93,aggressive,1563,1575,1628,,織田→羽柴→徳川,,,,,,,1,0,7,,95,0,,,,,,
1401076,1635,羽柴家,佃|十成,つくだ|かずなり,佃十成,,織田家,清洲城,加藤家臣。筆頭家老。家康に仕えたのち加藤嘉明に仕官した。朝鮮出兵で敵船へ乗り移って武功を挙げ、関ヶ原では留守居として毛利方を三津浜で撃退し、六千石を与えられた。,80,,0,263,59,57,45,48,54,57,,,,,,,,,70,79,44,66,1,conservative,1553,1565,1634,,織田→徳川→加藤嘉明,,,,,,,1,0,7,,95,0,,,,,,
1401077,1636,羽柴家,寺沢|広高,てらざわ|ひろたか,寺沢広高,,織田家,清洲城,豊臣家臣。肥前唐津城主。朝鮮出兵で名護屋城普請を担い、長崎奉行も務める。関ヶ原では東軍に属し天草を加増され、唐津城と城下を整備する一方、天草で検地を進めた。,78,,0,267,41,41,68,63,54,63,,,,,,,,,64,70,53,50,0,conservative,1563,1575,1633,,,,,,,,,1,0,7,,95,0,,,,,,
1401078,1637,羽柴家,富田|一白,とみた|いっぱく,富田一白,,浪人,小谷城,織田・豊臣家臣。秀吉の側近・渉外役。織田信雄や徳川家康との和平交渉を担い、小牧・長久手では神戸城を守った。のちに伊勢安濃津を与えられ、晩年は御伽衆を務めた。,78,,0,347,67,55,78,84,63,69,,,,,,,,,75,85,44,67,84,hermit,1544,1556,1599,,織田→羽柴,,,,,,,0,0,23,,50,0,,,,,,
1401079,1638,羽柴家,富田|信高,とみた|のぶたか,富田信高,,浪人,小谷城,安濃津城主。富田知信の子。関ヶ原では東軍に属し、三万余の西軍を二千弱で迎撃。開城後は東軍勝利により復帰して二万石を加増され、津を復旧した。のち伊予宇和島へ転封。,80,,0,283,53,60,56,57,57,64,,,,,,,,,71,80,40,72,84,balanced,1564,1576,1633,,富田一白の子。織田→羽柴→徳川,1401078,,,,,,0,0,23,,50,0,,,,,,
1401080,1639,羽柴家,長束|正家,なつか|まさいえ,長束正家,,織田家,吉藤城,豊臣家臣。近江水口城主。理財に長じ、兵糧調達や検地を担って五奉行の一人となった。関ヶ原の戦いでは西軍に属し、敗戦後に所領へ戻ったが、追撃を受けて自害した。,77,,0,229,24,28,86,58,33,51,,,,,,,,,50,50,48,50,23,balanced,1556,1568,1600,,丹羽→羽柴,,,,,,,1,0,180,,95,0,,,,,,
1401081,1640,羽柴家,野々村|幸成,ののむら|ゆきなり,野々村幸成,,織田家,清洲城,,0,,0,221,49,45,30,40,57,54,,,,,,,,,64,70,33,78,95,balanced,1560,1572,1615,,羽柴家臣,,,,,,,1,0,7,,95,0,,,,,,
1401082,1641,羽柴家,早川|長政,はやかわ|ながまさ,早川長政,,浪人,今浜城,,0,,0,189,44,53,29,27,36,62,,,,,,,,,64,70,61,38,7,aggressive,1568,1580,1615,true,,,,,,,,0,0,186,,50,0,,,,,,
1401083,1642,羽柴家,速水|守久,はやみ|もりひさ,速水守久,,浅井家,小谷城,豊臣家臣。もとは浅井氏に仕え、のち秀吉に従った。秀頼の代には七手組を率い、大坂の陣で城を守った。落城時には千姫を徳川陣へ送り届け、秀頼に殉じて自害した。,76,,0,283,56,56,59,57,55,48,D,D,,,,,,,26,16,27,67,10,balanced,1559,1571,1615,true,,,,,,,,15,0,23,,90,0,,,,,,
1401084,1643,羽柴家,塙|直之,ばん|なおゆき,塙直之,,浪人,名古屋城,豊臣方。塙団右衛門。加藤嘉明に仕え、文禄・慶長の役で軍功を挙げ鉄砲大将となる。のち諸家を転々とし、大坂の陣で豊臣方に加わり、和泉樫井で浅野長晟と戦って討死した。,80,,0,205,59,72,23,23,28,39,D,D,,,,,,,71,80,59,44,11,aggressive,1567,1579,1615,true,別名：塙団右衛門。加藤嘉明→小早川秀秋→松平忠吉→福島正則→羽柴,,,,,,,0,0,11,,50,0,,,,,,
1401085,1644,羽柴家,一柳|直盛,ひとつやなぎ|なおもり,一柳直盛,,浪人,稲葉山城,豊臣家臣。黒田城主。兄の直末が小田原攻めで戦死すると跡を継いだ。関ヶ原で東軍に属し伊勢神戸五万石へ加増。大坂の陣の功で伊予西条へ移封されたが赴任途中に病没した。,80,,0,285,66,54,51,55,59,60,,,,,,,,,57,60,47,55,60,balanced,1564,1576,1636,,羽柴→徳川,,,,,,,0,0,3,,50,0,,,,,,
1401086,1645,羽柴家,平岡|頼勝,ひらおか|よりかつ,平岡頼勝,,浪人,芥川山城,小早川家臣。秀秋の家老。関ヶ原では秀秋を説得して東軍に通じ、大谷吉継隊への攻撃を促した。秀秋の死後は家康に仕え、美濃徳野一万石を与えられて大名となった。,76,,0,244,33,35,51,59,66,55,,,,,,,,,50,50,64,27,23,balanced,1560,1572,1607,,摂津浪人→羽柴→小早川,,,,,,,0,0,181,,50,0,,,,,,
1401087,1646,羽柴家,平塚|為広,ひらつか|ためひろ,平塚為広,,浪人,稲葉山城,豊臣家臣。美濃垂井城主。関ヶ原では西軍に加わり、大谷吉継の陣近くに布陣。病身の吉継に代わって前線を指揮し、小早川秀秋らの攻撃を受ける中で奮戦して討死した。,77,,0,281,67,77,34,42,61,59,C,,,,,,,,50,50,28,78,9,aggressive,1566,1578,1600,true,,,,,,,,0,0,3,,50,0,,,,,,
1401088,1647,羽柴家,平野|長泰,ひらの|ながやす,平野長泰,,織田家,清洲城,豊臣家臣。賤ヶ岳七本槍の一人。秀吉に仕えて功を挙げ、大和十市郡五千石を領して田原本に拠った。関ヶ原では東軍に属し、教行寺を招いて寺内町形成の契機を作った。,77,,0,240,49,64,40,40,47,64,D,,,C,D,,,,61,65,48,55,15,balanced,1559,1571,1628,,,,,,,,,1,0,7,,95,0,,,,,,
1401089,1648,羽柴家,福島|正信,ふくしま|まさのぶ,福島正信,,織田家,清洲城,,0,,0,177,28,37,46,30,36,39,,,,,,,,,20,8,28,40,97,balanced,1525,1537,1597,,,,,,,,,1,0,7,,95,0,,,,,,
1401090,1649,羽柴家,福島|正則,ふくしま|まさのり,福島正則,,織田家,清洲城,豊臣家臣。賤ヶ岳で七本槍の一人として功を挙げ、九州・小田原・朝鮮にも従軍。関ヶ原では東軍の先鋒を務め広島を領した。のちに広島城修築を咎められ所領を没収された。,79,,0,345,79,91,66,62,47,71,A,A,,C,C,,,猛将,75,85,49,61,97,aggressive,1561,1573,1624,,福島正信の子。羽柴家臣,1401089,,,,,,1,0,7,,95,0,,,,,,
1401091,1650,羽柴家,福島|忠勝,ふくしま|ただかつ,福島忠勝,,織田家,清洲城,福島正則の三男。幼名は市松、初名は正勝。広島城修築では幕府から上洛を命じられ、父・正則の改易後はともに信濃高井野へ移って蟄居した。翌年、父に先立って死去した。,79,,0,260,57,52,55,50,46,53,,,,,,,,,36,30,41,60,97,aggressive,1598,1610,1620,,福島正則の子,1401090,,,,,,1,0,7,,95,0,,,,,,
1401092,1651,羽柴家,福島|高晴,ふくしま|たかはる,福島高晴,,織田家,清洲城,豊臣家臣。福島正信の次男で正則の弟。秀吉に仕え伊勢長島一万石を領した。のち家康に従い関ヶ原の戦功で大和宇陀松山三万石へ転封されたが、大坂の陣直前に改易された。,79,,0,246,66,61,40,38,41,49,C,,,,,,,,36,30,55,32,96,balanced,1573,1585,1633,,福島正信の子,1401089,,,,,,1,0,7,,95,0,,,,,,
1401093,1652,羽柴家,堀尾|泰晴,ほりお|やすはる,堀尾泰晴,,織田家,吉藤城,,0,,0,249,44,34,63,56,52,44,,,,,,,,,20,8,36,52,46,balanced,1517,1529,1599,,織田信安家臣→織田→羽柴,,,,,,,1,0,180,,95,0,,,,,,
1401094,1653,羽柴家,堀尾|吉晴,ほりお|よしはる,堀尾吉晴,,織田家,吉藤城,豊臣家臣。秀吉の古参。佐和山・浜松城主を歴任し、のち三中老となった。関ヶ原後は子・忠氏が出雲・隠岐を領し、忠氏の没後は孫・忠晴を後見して松江城を築いた。,76,,0,302,56,51,69,66,60,58,D,,D,,,,,,50,50,25,63,98,conservative,1543,1555,1611,,堀尾泰晴の子,1401093,,,,,,1,0,180,,95,0,,,,,,
1401095,1654,羽柴家,堀尾|忠氏,ほりお|ただうじ,堀尾忠氏,,織田家,吉藤城,堀尾吉晴の子。関ヶ原で功を挙げ、父とともに出雲・隠岐二十四万石へ入封。月山富田城から松江への本拠移転を計画し、亀田山を新城地に主張したが築城前に病没した。,77,,0,316,65,54,64,67,66,54,,,,D,,,,,50,50,44,55,97,conservative,1578,1590,1604,,堀尾吉晴の子,1401094,,,,,,1,0,180,,95,0,,,,,,
1401096,1655,羽柴家,堀尾|忠晴,ほりお|ただはる,堀尾忠晴,,織田家,吉藤城,出雲松江藩主。堀尾忠氏の長男。父の死後、六歳で家督を継ぎ祖父・吉晴の補佐を受けた。富田城から松江城へ移り、大坂冬・夏の陣に出陣。嗣子なく死去し堀尾家は断絶した。,80,,0,232,56,69,33,33,41,61,,,,,,,,,71,80,55,50,98,conservative,1599,1604,1633,,堀尾忠氏の子,1401095,,,,,,1,0,180,,95,0,,,,,,
1401097,1656,羽柴家,蒔田|広定,まいた|ひろさだ,蒔田広定,,織田家,清洲城,備中浅尾藩初代藩主。豊臣秀吉に仕え伊勢雲出一万石を領した。関ヶ原では西軍に属し、高野山に蟄居。のち徳川家康に許され、備中浅尾一万余石を与えられて大名に復帰した。,80,,0,216,39,42,40,43,52,55,,,,,,,,,45,43,41,57,70,aggressive,1571,1583,1636,,羽柴→徳川,,,,,,,1,0,7,,90,0,,,,,,
1401098,1657,羽柴家,森|友重,もり|ともしげ,森友重,1582:毛利|0:もうり|0/1601:0|高政:0|たかまさ,織田家,清洲城,豊臣家臣。のち毛利高政。秀吉の側近として後方支援を担い、朝鮮出兵では舟奉行・目付を務めた。関ヶ原後に豊後佐伯へ入り、佐伯城と城下町を築いて藩政の基礎を整えた。,79,,0,280,60,52,55,56,57,55,,,,,,,,,43,40,30,72,89,balanced,1559,1571,1628,,別名：森高政、毛利高政,,,,,,,1,0,7,,90,0,,,,,,
1401099,1658,羽柴家,森|吉成,もり|よしなり,森吉成,1587:毛利|勝信:もうり|かつのぶ,織田家,清洲城,豊臣家臣。九州平定後に毛利勝信と称して豊前小倉六万石を領した。関ヶ原では西軍に属して敗れ、所領を失う。子・勝永とともに山内一豊へ預けられ、土佐で没した。,76,,0,239,57,64,39,34,45,50,,,,,,,,,50,50,54,95,12,balanced,1548,1560,1611,,別名：毛利勝信,,,,,,,1,0,7,,95,0,,,,,,
1401100,1659,羽柴家,森|吉政,もり|よしまさ,森吉政,1587:毛利|勝永:もうり|かつなが,織田家,清洲城,豊臣家臣。秀吉・秀頼に仕え、関ヶ原では西軍に属して改易。土佐で蟄居したのちに大坂城へ入り、夏の陣では徳川軍を押し崩して家康本陣に迫った。敗戦後に自害した。,77,,0,343,81,86,45,59,72,56,,B,,,,,,,71,80,40,72,9,balanced,1577,1589,1615,true,森吉成の子。別名：毛利勝永,1401099,,,,,,1,0,7,,95,0,,,,,,
1401101,1660,羽柴家,湯浅|隆貞,ゆあさ|たかさだ,湯浅隆貞,,六角家,日野城,,0,,0,262,35,72,63,51,41,52,D,,,,,,,,36,30,27,72,15,aggressive,1560,1572,1600,true,大谷吉継家臣。六角→浅井→羽柴,,,,,,,18,0,40,,90,0,,,,,,
1401102,1661,羽柴家,脇坂|安治,わきざか|やすはる,脇坂安治,,織田家,佐和山城,豊臣家臣。もとは明智光秀に仕え、賤ヶ岳の戦功で七本槍に数えられ洲本城主となる。小田原・朝鮮で水軍を率い、関ヶ原で東軍へ転じ所領を保ち、のち伊予大洲へ転封された。,80,,0,238,56,64,36,37,45,56,D,,D,D,D,,,,36,30,55,32,6,conservative,1554,1566,1626,,,,,,,,,1,0,28,,95,0,,,,,,
1401103,1662,羽柴家,脇坂|安元,わきさか|やすもと,脇坂安元,,織田家,佐和山城,脇坂安治の子。関ヶ原では父とともに東軍へ転じ、のち徳川秀忠に仕えた。大坂両陣に従軍して飯田五万五千石を領し、駿府城守備も務めた。蔵書家としても知られた。,76,,0,280,28,57,64,66,65,57,D,,D,,,,,,50,50,44,55,97,balanced,1584,1596,1653,,脇坂安治の子,1401102,,,,,,1,0,28,,95,0,,,,,,
1035001,1663,小田家,小田|治久,おだ|はるひさ,小田治久,,小田家,小田城,,0,,0,0,0,0,0,0,0,0,,,,,,,,,0,0,0,0,69,hermit,1300,9999,1353,,,,,,,,,35,0,64,,95,0,,,,,,
1035002,1664,小田家,小田|孝朝,おだ|たかとも,小田孝朝,,小田家,小田城,,0,,0,0,0,0,0,0,0,0,,,,,,,,,0,0,0,0,69,hermit,1337,9999,1414,,小田治久の子,1035001,,,,,,35,0,64,,95,0,,,,,,
1035003,1665,小田家,小田|成治,おだ|なりはる,小田成治,,小田家,小田城,小田氏11代当主。,8,小田氏11代当主。,8,0,0,0,0,0,0,0,,,,,,,,,0,0,0,0,69,hermit,1449,9999,1514,,小田孝朝の子孫,1035002,,,,,,35,0,64,,95,0,,,,,,
1035004,1666,小田家,小田|治孝,おだ|はるたか,小田治孝,,小田家,小田城,小田氏12代当主。,8,小田氏12代当主。,8,0,0,0,0,0,0,0,,,,,,,,,0,0,0,0,69,hermit,1472,9999,1496,true,小田成治の子,1035003,,,,,,35,0,64,,95,0,,,,,,
1035005,1667,小田家,岡見|某,おかみ|なにがし,岡見某,,小田家,小田城,,0,,0,0,0,0,0,0,0,0,,,,,,,,,0,0,0,0,69,hermit,1490,9999,1540,,小田治孝の子,1035004,,,,,,35,0,64,,95,0,,,,,,
1035006,1668,小田家,岡見|治資,おかみ|はるすけ,岡見治資,,小田家,小田城,小田氏庶流。牛久城主。小田氏治に従い1569年「手這坂の戦い」で真壁氏幹勢と戦闘中、根来衆・大蔵坊の鉄砲に胸板を撃ち抜かれ討死した。,64,小田氏庶流。牛久城主。小田氏治に従い1569年「手這坂の戦い」で真壁氏幹勢と戦闘中、根来衆・大蔵坊の鉄砲に胸板を撃ち抜かれ討死した。,64,246,49,55,50,47,45,48,,,,,,,,,26,16,47,82,67,balanced,1532,1544,1569,true,岡見某の子,1035005,,,,,,35,0,64,,95,0,,,,,,
1035007,1669,小田家,岡見|治広,おかみ|はるひろ,岡見治広,,小田家,小田城,小田氏庶流。岡見治資の子。牛久城主。小田原の戦い後は小田家の所領没収により主家が滅亡してからは江戸崎に蟄居。のちに結城秀康に仕えた。,66,小田氏庶流。岡見治資の子。牛久城主。小田原の戦い後は小田家の所領没収により主家が滅亡してからは江戸崎に蟄居。のちに結城秀康に仕えた。,66,225,41,60,57,31,36,44,,,,,,,,,26,16,26,69,67,balanced,1554,1566,1618,,岡見治資の子,1035006,,,,,,35,0,64,,95,0,,,,,,
1035008,1670,小田家,岡見|義治,おかみ|よしはる,岡見義治,,小田家,小田城,,0,,0,227,51,48,45,41,42,43,,,,,,,,,24,14,20,62,66,balanced,1488,1500,1563,,小田成治の子,1035003,,,,,,35,0,64,,95,0,,,,,,
1035009,1671,小田家,小田|政治,おだ|まさはる,小田政治,,小田家,小田城,小田氏13代当主。成治の子。小田城主。家中の争乱を制し家督を継承。巧みな外交と積極的な軍事行動で勢力を拡大し、中興の祖として最盛期を築いた。,69,小田氏13代当主。成治の子。小田城主。家中の争乱を制し家督を継承。巧みな外交と積極的な軍事行動で勢力を拡大し、中興の祖として最盛期を築いた。,69,302,65,62,50,69,56,58,D,,,,,,,,29,21,61,21,69,aggressive,1492,1504,1548,,小田成治の子,1035003,,,,,,35,0,64,,95,0,,,,,,
1035010,1672,小田家,小田|氏治,おだ|うじはる,小田氏治,,小田家,小田城,小田氏14代当主。政治の子。先祖代々の地を三十年以上防衛。小田城を幾度も失いながら八度奪還し「常陸の不死鳥」と称されるも、秀吉に所領を没収され滅亡した。,75,小田氏14代当主。政治の子。先祖代々の地を三十年以上防衛。小田城を幾度も失いながら八度奪還し「常陸の不死鳥」と称されるも、秀吉に所領を没収され滅亡した。,75,285,58,67,45,61,54,31,,D,,,,,,常陸の不死鳥,29,21,89,57,70,aggressive,1531,1543,1601,,小田政治の子,1035009,,,,,,35,0,64,小田城主,100,1000,,,oda_uziharu.webp,,,
1035011,1673,小田家,八田|友治,はった|ともはる,八田友治,,小田家,小田城,小田氏治の庶子。小田氏滅亡後は秀吉・秀次に仕え、東国の動静を伝える間諜を担う。文禄の役では船奉行を務め、播磨国赤穂及び伊勢国羽田に3100石を領した。,73,小田氏治の庶子。小田氏滅亡後は秀吉・秀次に仕え、東国の動静を伝える間諜を担う。文禄の役では船奉行を務め、播磨国赤穂及び伊勢国羽田に3100石を領した。,73,258,42,37,61,60,58,52,,,,,,,,,29,21,40,50,71,conservative,1548,1560,1604,,小田氏治の子。庶子,1035010,,,,,,35,0,64,,95,0,,,,,,
1035012,1674,小田家,小田|義治,はった|よしはる,八田義治,,小田家,小田城,,0,,0,237,44,38,58,52,45,51,,,,,,,,,29,21,51,78,71,balanced,1567,1579,1616,,八田友治の子,1035011,,,,,,35,0,64,,95,0,,,,,,
1035013,1675,小田家,八田|友重,はった|ともしげ,八田友重,,小田家,小田城,,0,,0,243,45,56,51,45,46,51,,,,,,,,,26,16,47,81,72,balanced,1586,1598,1638,,八田友治の子,1035011,,,,,,35,0,64,,95,0,,,,,,
1035014,1676,小田家,小田|守治,おだ|もりはる,小田守治,,小田家,小田城,小田氏15代当主。,8,小田氏15代当主。,8,227,49,44,41,45,48,45,,,,,,,,,29,21,20,65,70,conservative,1557,1569,1610,,小田氏治の子,1035010,,,,,,35,0,64,,95,500,,,,,,
1035015,1677,小田家,小田|重治,おだ|しげはる,小田重治,,小田家,小田城,,0,,0,217,45,55,39,37,41,44,,,,,,,,,27,18,48,67,73,balanced,1558,1570,1573,true,小田氏治の子,1035010,,,,,,35,0,64,,95,0,,,,,,
1035016,1678,小田家,岡見|邦知,おかみ|くにとも,岡見邦知,,小田家,小田城,,0,,0,0,0,0,0,0,0,0,,,,,,,,,0,0,0,0,74,hermit,1340,9999,1390,,小田治久の子,1035001,,,,,,35,0,64,,95,0,,,,,,
1035017,1679,小田家,岡見|頼久,おかみ|よりひさ,岡見頼久,,小田家,小田城,小田氏庶流。足高城主。,11,小田氏庶流。足高城主。,11,233,53,47,41,47,45,43,,,,,,,,,22,11,55,40,74,balanced,1503,1515,1557,,岡見邦知の子孫,1035016,,,,,,35,0,64,,95,0,,,,,,
1035018,1680,小田家,岡見|治親,おかみ|はるちか,岡見治親,,小田家,小田城,小田氏庶流。岡見頼久の子。足高城主。治親の没後、幼い宗治に変わって頼勝が家政を代行した。,44,小田氏庶流。岡見頼久の子。足高城主。治親の没後、幼い宗治に変わって頼勝が家政を代行した。,44,225,49,46,42,42,46,43,,,,,,,,,22,11,34,70,74,balanced,1525,1537,1564,,岡見頼久の子,1035017,,,,,,35,0,64,,95,0,,,,,,
1035019,1681,小田家,岡見|頼忠,おかみ|よりただ,岡見頼忠,,小田家,小田城,小田家臣。土岐治頼の子。岡見治親の養子。北条氏政と結んで多賀谷勢と戦い戦功を挙げた。第三次谷田部館の戦いで多賀谷勢と戦い討死した。,65,小田家臣。土岐治頼の子。岡見治親の養子。北条氏政と結んで多賀谷勢と戦い戦功を挙げた。第三次谷田部館の戦いで多賀谷勢と戦い討死した。,65,243,55,54,44,44,46,49,,,,,,,,,29,21,16,84,75,aggressive,1547,1559,1586,true,土岐治頼の子、岡見治親の養子。別名：岡見頼勝,,1035018,,,,,35,0,64,,95,0,,,,,,
1035020,1682,小田家,岡見|宗治,おかみ|むねはる,岡見宗治,,小田家,小田城,小田家臣。岡見治親の子。多賀谷経伯を討ち取るなど多賀谷勢との戦いで多くの戦功を挙げたが、義父・頼勝が多賀谷方に内応し足高城を引き渡したため牛久城に落ち延びた。,79,小田家臣。岡見治親の子。多賀谷経伯を討ち取るなど多賀谷勢との戦いで多くの戦功を挙げたが、義父頼勝が多賀谷方に内応し足高城を引き渡したため牛久城に落ち延びた。,78,263,62,65,42,45,49,55,,D,,,,,,,29,21,51,78,74,balanced,1560,1572,1588,true,岡見治親の子、岡見頼勝の養子,1035018,1035021,,,,,35,0,64,,95,0,,,,,,
1035021,1683,小田家,岡見|頼勝,おかみ|よりかつ,岡見頼勝,,小田家,小田城,小田家臣。岡見頼久の子。兄・治親の没後、その子・宗治が幼かったため代わり家政を担った。宗治とは円滑を欠き多賀谷重経方に内応。その後和議の酒宴の席で謀殺された。,79,小田家臣。岡見頼久の子。兄・治親の没後、その子宗治が幼かったため代わり家政を担った。宗治とは円滑を欠き多賀谷重経方に内応。その後和議の酒宴の席で謀殺された。,78,235,44,35,56,54,46,45,,,,,,,,,36,30,72,51,77,balanced,1539,1551,1587,true,岡見頼久の子,1035017,,,,,,35,0,64,,95,0,,,,,,
1035022,1684,小田家,赤松|凝淵斎,あかまつ|ぎょうえんさい,赤松凝淵斎,,小田家,小田城,小田家臣。手子生城主。小田四天王の一人。長尾景虎の関東襲来に際し勇戦した。「第一次山王堂の戦い」で長尾・佐竹・結城の支援を受けた多賀谷勢と戦い討死した。,76,小田家臣。手子生城主。小田四天王の一人。長尾景虎の関東襲来に際し勇戦した。「第一次山王堂の戦い」で長尾・佐竹・結城の支援を受けた多賀谷勢と戦い討死した。,76,287,59,60,63,51,54,55,,,,,,,,,29,21,45,72,70,balanced,1505,1517,1556,true,別名：赤松則実？,,,,,,,35,0,64,,95,0,,,,,,
1035023,1685,小田家,天羽|源鉄斎,あまは|げんてつさい,天羽源鉄斎,,小田家,小田城,小田家臣。策略を用いて太田氏・佐竹氏に対抗した。源鉄斎の没後、氏治は小田原征伐に参陣せず豊臣方の佐竹氏を攻撃し、戦後所領を没収されて滅亡した。,71,小田家臣。策略を用いて太田氏・佐竹氏に対抗した。源鉄斎の没後、氏治は小田原征伐に参陣せず豊臣方の佐竹氏を攻撃し、戦後所領を没収されて滅亡した。,71,322,65,52,54,73,78,60,,,,,,,,,29,21,18,82,70,hermit,1516,1528,1588,,,,,,,,,35,0,64,,95,500,true,,,,,
1035024,1686,小田家,飯塚|重光,いいづか|しげみつ,飯塚重光,,小田家,小田城,小田家臣。藤沢城主。山王堂の戦いで長尾景虎が地元の者に名の知れた武士はいないか尋ねたところ、海老ヶ島の平塚自省と小田四天王の菅谷・飯塚・赤松・手塚の名を挙げた。,80,小田家臣。藤沢城主。山王堂の戦いで長尾景虎が地元の者に名の知れた武士はいないか尋ねたところ、海老ヶ島の平塚自省と小田四天王の菅谷・飯塚・赤松・手塚の名を挙げた。,80,223,51,75,33,31,33,44,,D,,,,,,,22,11,57,80,70,aggressive,1528,1540,1573,true,,,,,,,,35,0,64,,95,0,,,,,,
1035025,1687,小田家,信太|家範,しだ|いえのり,信太家範,,小田家,小田城,,0,,0,0,0,0,0,0,0,0,,,,,,,,,0,0,0,0,70,hermit,1440,9999,1490,,,,,,,,,35,0,64,,95,0,,,,,,
1035026,1688,小田家,信太|輔範,しのだ|すけのり,信太輔範,,小田家,小田城,,0,,0,0,0,0,0,0,0,0,,,,,,,,,0,0,0,0,70,hermit,1460,9999,1530,,信太家範の子,1035025,,,,,,35,0,64,,95,0,,,,,,
1035027,1689,小田家,菅谷|晴範,すがや|はるのり,菅谷晴範,,小田家,小田城,,0,,0,0,0,0,0,0,0,0,,,,,,,,,0,0,0,0,75,hermit,1476,9999,1526,,信太輔範の庶長子,,,,,,,35,0,64,,95,0,,,,,,
1035028,1690,小田家,菅谷|勝貞,すげのや|かつさだ,菅谷勝貞,,小田家,小田城,小田家臣。晴範の子。土浦城主。重臣として終生小田氏を支え、水運にも大きな影響力を持った。叔父の信太範宗とは不仲で、主君・氏治に範宗が北条に通じていると讒言した。,80,小田家臣。晴範の子。土浦城主。重臣として終生小田氏を支え、水運にも大きな影響力を持った。叔父の信太範宗とは不仲で、主君氏治に範宗が北条に通じていると讒言した。,79,323,70,64,62,61,66,62,D,C,,,,,,,29,30,23,88,75,aggressive,1493,1505,1575,,菅谷晴範の子、信太範貞の養子,1035027,1035035,,,,,35,0,64,,95,500,,,,,,
1035029,1691,小田家,菅谷|政貞,すげのや|まささだ,菅谷政貞,,小田家,小田城,小田家臣。勝貞の子。土浦城主。主君・氏治を居城に迎えて幾度も小田城を奪還した。氏治による信太範宗粛清の命を受け、自ら無礼を働いて蟄居し油断を誘って斬殺した。,78,小田家臣。勝貞の子。土浦城主。主君氏治を居城に迎えて幾度も小田城を奪還した。氏治による信太範宗粛清の命を受け、自ら無礼を働いて蟄居し油断を誘って斬殺した。,77,320,73,71,56,58,62,62,D,D,,,,,,,36,30,22,86,75,balanced,1518,1530,1592,,菅谷勝貞の子,1035028,,,,,,35,0,64,,95,300,,,,,,
1035030,1692,小田家,菅谷|範政,すげのや|のりまさ,菅谷範政,,小田家,小田城,小田家臣。菅谷政貞の子。土浦城主として小田氏治を支え、佐竹勢と対峙した。小田原征伐後に土浦城を失うが、のち家康に仕え筑波郡で五千石を領する旗本となった。,76,,0,259,57,57,37,47,61,51,,,,,,,,,29,21,16,84,75,balanced,1558,1570,1612,,菅谷政貞の子,1035029,,,,,,35,0,64,,95,0,,,,,,
1035031,1693,小田家,菅谷|政頼,すがや|まさより,菅谷政頼,,小田家,小田城,,0,,0,220,43,67,41,38,31,45,,,,,,,,,29,21,16,84,76,aggressive,1527,1539,1559,true,菅谷勝貞の子、菅谷政貞の養子,1035028,1035029,,,,,35,0,64,,95,0,,,,,,
1035032,1694,小田家,信太|頼範,しのだ|よりのり,信太頼範,,小田家,小田城,小田家臣。輔範の子。宇都宮氏と常陸坂戸城を巡って激しく争い戦功を挙げた。1564年、常陸国坂戸館を攻め落としたが、その後反攻に遭い再び落城。討死した。,73,小田家臣。輔範の子。宇都宮氏と常陸坂戸城を巡って激しく争い戦功を挙げた。1564年、常陸国坂戸館を攻め落としたが、その後反攻に遭い再び落城。討死した。,73,225,52,69,35,33,36,46,,,,,,,,,29,21,49,80,65,aggressive,1503,1515,1564,true,信太輔範の嫡男,1035026,,,,,,35,0,64,,95,0,,,,,,
1035033,1695,小田家,信太|範宗,しのだ|のりむね,信太範宗,,小田家,小田城,小田家臣。輔範の子。佐竹氏に偽降の計をしかけ、実子・喜八を失いながら小田城を奪還した。主君・氏治に失望して引き篭もり、氏治の命を受けた菅谷政貞により謀殺された。,80,小田家臣。輔範の子。佐竹氏に偽降の計をしかけ、実子・喜八を失いながらも小田城を奪還した。主君氏治に失望して引き篭もり、氏治の命を受けた菅谷政貞により謀殺された。,80,307,66,62,55,51,73,57,,,,D,,,,,29,21,33,61,64,balanced,1515,1527,1570,true,信太輔範の次男,1035026,,,,,,35,0,64,,95,500,,,,,,
1035034,1696,小田家,信太|治房,しのだ|はるふさ,信太治房,,小田家,小田城,小田家臣。範宗の子。小田城に防備を残すよう主君・氏治に進言するも聞き入れられず、小田城は佐竹氏に抑えられた。戦後、敗戦の責任を取らされて自刃した。,73,小田家臣。範宗の子。小田城に防備を残すよう主君氏治に進言するも聞き入れられず、小田城は佐竹氏に抑えられた。戦後、敗戦の責任を取らされて自刃した。,72,276,57,63,51,46,59,49,,,,,,,,,22,11,42,44,64,conservative,1537,1549,1570,true,信太範宗の子,1035033,,,,,,35,0,64,,95,0,,,,,,
1035035,1697,小田家,信太|範貞,しのだ|のりさだ,信太範貞,,小田家,小田城,,0,,0,0,0,0,0,0,0,0,,,,,,,,,0,0,0,0,67,hermit,1460,9999,1524,,信太家範の次男,1035025,,,,,,35,0,64,,95,0,,,,,,
1035036,1698,小田家,只越|全久,ただこし|てるひさ,只越全久,,小田家,小田城,小田家臣。小張城主。佐竹・多賀谷勢と戦い戦功を挙げた。多賀谷重経が足高城と牛久城の間に泊崎城を築き両城が分断され追い詰められると、城兵の助命を条件に自刃した。,79,小田家臣。小張城主。佐竹・多賀谷勢と戦い戦功を挙げた。多賀谷重経が足高城と牛久城の間に泊崎城を築き両城が分断され追い詰められると、城兵の助命を条件に自刃した。,79,227,47,60,38,44,38,46,,,,,,,,,29,21,27,83,70,balanced,1541,1553,1586,true,,,,,,,,35,0,64,,95,0,,,,,,
1035037,1699,小田家,月岡|広秀,つきおか|ひろひで,月岡広秀,,小田家,小田城,小田家臣。板橋城主。矢田部館の戦いで多賀谷勢と戦い敗北。小張川の戦いでは岡見宗治、月岡広秀らとともに多賀谷・佐竹勢と戦い、討死した。,66,小田家臣。板橋城主。矢田部館の戦いで多賀谷勢と戦い敗北。小張川の戦いでは岡見宗治、月岡広秀らとともに多賀谷・佐竹勢と戦い、討死した。,66,226,46,47,46,45,42,46,,,,,,,,,29,21,21,77,70,balanced,1552,1564,1586,true,,,,,,,,35,0,64,,95,0,,,,,,
1086001,1700,小野寺家,小野寺|泰道,おのでら|やすみち,小野寺泰道,,小野寺家,横手城,,0,,0,0,0,0,0,0,0,0,,,,,,,,,0,0,0,0,49,hermit,1460,9999,1517,,,,,,,,,86,0,221,,95,0,,,,,,
1086002,1701,小野寺家,小野寺|稙道,おのでら|たねみち,小野寺稙道,,小野寺家,横手城,出羽国衆。小野寺氏当主。泰道の子。大永年間に稲庭城を晴道へ譲り、自らは平鹿郡の沼館城へ移った。横手盆地へ支配を広げ、各地に一族・重臣を置いて足場を築いた。,77,,0,296,56,50,71,64,55,58,,,,,,,,,36,30,39,55,49,balanced,1480,1492,1546,,小野寺泰道の子,1086001,,,,,,86,0,221,,95,0,,,,,,
1086003,1702,小野寺家,大築地|秀道,おおつきじ|ひでみち,大築地秀道,,小野寺家,横手城,,0,,0,231,52,55,47,36,41,46,,,,,,,,,24,14,20,76,51,balanced,1532,1544,1616,,小野寺稙道の子,1086002,,,,,,86,0,221,,95,0,,true,,,,
1086004,1703,小野寺家,小野寺|輝道,おのでら|てるみち,小野寺輝道,1570:0|景道:0|かげみち,小野寺家,横手城,小野寺氏当主。父・稙道を失い羽黒山へ逃れるが、羽黒山衆徒・大宝寺義氏・由利衆の援護で復帰。足利義輝から偏諱を受け横手城へ本拠を移し、仙北に勢力を広げた。,76,,0,339,73,70,67,63,66,60,D,D,,D,,,,,26,16,47,38,49,balanced,1534,1546,1597,,小野寺稙道の子,1086002,,,,,,86,0,221,横手城主,100,1000,,,,,,
1086005,1704,小野寺家,小野寺|光道,おのでら|あきみち,小野寺光道,,小野寺家,横手城,,0,,0,234,45,64,46,37,42,51,,,,,,,,,40,36,33,66,49,aggressive,1560,1572,1590,true,小野寺輝道の子,1086004,,,,,,86,0,221,,95,500,,,,,,
1086006,1705,小野寺家,小野寺|義道,おのでら|よしみち,小野寺義道,,小野寺家,横手城,,0,,0,193,58,58,29,23,25,34,D,,D,,,,,,36,30,47,44,48,conservative,1566,1578,1645,,小野寺輝道の子,1086004,,,,,,86,0,221,,95,300,,,,,,
1086007,1706,小野寺家,西馬音内|茂道,にしもない|しげみち,西馬音内茂道,,小野寺家,横手城,,0,,0,240,60,66,45,29,40,48,,,,D,,,,,28,19,31,63,53,aggressive,1568,1580,1629,,小野寺輝道の子。小野寺→戸沢盛安,1086004,,,,,,86,0,221,,95,0,,,,,,
1086008,1707,小野寺家,小野寺|康道,おのでら|やすみち,小野寺康道,,小野寺家,横手城,,0,,0,232,59,62,36,35,40,47,,,,,,,,,36,30,51,38,47,aggressive,1572,1584,1641,,小野寺輝道の子,1086004,,,,,,86,0,221,,95,0,,,,,,
1086009,1708,小野寺家,岩崎|道高,いわさき|みちたか,岩崎道高,,小野寺家,鮭延城,,0,,0,243,58,56,40,46,43,47,,,,,,,,,22,11,19,84,49,balanced,1523,1535,1595,true,,,,,,,,86,0,222,,95,0,,,,,,
1086010,1709,小野寺家,岩崎|義高,いわさき|よしたか,岩崎義高,,小野寺家,鮭延城,,0,,0,235,49,62,44,42,38,50,,,,,,,,,35,29,20,68,49,balanced,1556,1568,1595,true,岩崎道高の子,1086009,,,,,,86,0,222,,95,0,,,,,,
1086011,1710,小野寺家,横手|光盛,よこて|あきもり,横手光盛,,小野寺家,横手城,,0,,0,168,21,21,41,37,48,31,,,,,,,,,16,2,71,30,65,aggressive,1507,1519,1549,true,,,,,,,,86,0,221,,95,0,,,,,,
1086012,1711,小野寺家,黒沢|道家,くろさわ|みちいえ,黒沢道家,,小野寺家,横手城,小野寺家臣。黒沢城を拠点に和賀氏への備えを担った。大沢合戦に出陣し、八柏道為討伐では樫内淡路とともに討手を務めた。小野寺氏改易後は秋田へ移った佐竹氏に仕えた。,79,,0,310,59,72,64,59,56,57,D,C,,,,,,,29,21,60,36,26,balanced,1567,1579,1623,,,,,,,,,86,0,221,,95,300,,,,,,
1086013,1712,小野寺家,佐々木|貞綱,ささき|さだつな,佐々木貞綱,,小野寺家,鮭延城,小野寺家客将。佐々木氏出身。六千石を与えられて真室郷へ入り、最上・庄内方面への備えを担った。のち鮭延城を拠点として鮭延氏の祖となり、子の秀綱へ勢力を伝えた。,78,,0,323,67,61,61,66,68,59,D,,,,,,,,29,21,44,44,98,balanced,1516,1528,1568,,小野寺→最上,,,,,,,86,0,222,鮭延城主,85,300,,,,,,
1086014,1713,小野寺家,鮭延|秀綱,さけのべ|ひでつな,鮭延秀綱,,小野寺家,鮭延城,最上家臣。鮭延城主として義光に仕え、庄内攻略など各地を転戦。長谷堂城の戦いでも上杉軍と戦った。最上家改易後は土井利勝に預けられ、のちに五千石で召し抱えられた。,79,,0,340,79,78,53,59,71,68,,B,,D,,,,,36,30,43,50,98,conservative,1562,1574,1646,,佐々木貞綱の子。小野寺→最上→土井利勝,1086013,,,,,,86,0,222,,85,0,,,,,,
1086015,1714,小野寺家,鍋倉|道周,なべくら|みちちか,鍋倉道周,,小野寺家,鮭延城,,0,,0,0,0,0,0,0,0,0,,,,,,,,,0,0,0,0,92,hermit,1484,9999,1534,,小野寺泰道の子,1086001,,,,,,86,0,222,,95,0,,,,,,
1086016,1715,小野寺家,鍋倉|道能,なべくら|みちよし,鍋倉道能,,小野寺家,横手城,,0,,0,192,40,32,44,39,37,40,,,,,,,,,26,16,42,53,56,balanced,1519,1531,1582,true,,,,,,,,86,0,221,,95,0,,,,,,
1086017,1716,小野寺家,鍋倉|道長,なべくら|みちなが,鍋倉道長,,小野寺家,横手城,,0,,0,218,42,56,30,47,43,40,,,,,,,,,18,5,64,37,56,aggressive,1550,1562,1596,,鍋倉通能の子。鍋倉左近,,,,,,,86,0,221,,95,0,,,,,,
1086018,1717,小野寺家,西野|道房,にしの|みちふさ,西野道房,,小野寺家,横手城,,0,,0,219,48,47,44,42,38,47,,,,,,,,,34,28,49,55,46,balanced,1528,1540,1584,,,,,,,,,86,0,221,,95,0,,,,,,
1086019,1718,小野寺家,西野|道俊,にしの|みちとし,西野道俊,,小野寺家,横手城,,0,,0,253,57,60,43,45,48,53,,,,,,,,,40,35,36,61,46,aggressive,1553,1565,1606,,西野道房の子,1086018,,,,,,86,0,221,,95,0,,,,,,
1086020,1719,小野寺家,八柏|道為,やがしわ|みちため,八柏道為,,小野寺家,横手城,小野寺家臣。八柏城主。義道に仕えた重臣。後世の記録では、最上義光の離間策で内通を疑われ、横手城へ呼び出されて殺害されたと記される。,65,,0,344,71,67,59,65,82,66,,,,D,,,,,39,35,43,65,51,balanced,1520,1532,1595,true,,,,,,,,86,0,221,,95,300,true,,,,,
1079014,1720,小野寺家,六郷|道行,ろくごう|みちゆき,六郷道行,,小野寺家,横手城,,0,,0,230,38,37,58,50,47,50,,,,,,,,,38,33,21,70,44,balanced,1541,1553,1582,,小野寺→羽柴→徳川,,,,,,,86,0,221,,95,0,,,,,,
1079015,1721,小野寺家,六郷|政乗,ろくごう|まさのり,六郷政乗,,小野寺家,横手城,出羽国衆。六郷道行の子。関ヶ原で東軍に属し小野寺勢と戦い、常陸府中一万石の大名となった。大坂の陣後は出羽本荘二万石へ加増転封され、本荘城と城下を再整備した。,78,,0,234,44,43,51,48,48,51,,,,,,,,,43,40,33,67,44,balanced,1567,1579,1634,,六郷道行の子。小野寺→羽柴→徳川,1079014,,,,,,86,0,221,,95,0,,,,,,
1063001,1722,香川家,香川|景房,かがわ|かげふさ,香川景房,,香川家,天霧城,,0,,0,0,0,0,0,0,0,0,,,,,,,,,0,0,0,0,0,hermit,1340,9999,1390,,,,,,,,,63,0,128,,95,0,,,,,,
1063002,1723,香川家,香川|頼景,かがわ|よりかげ,香川頼景,,香川家,天霧城,,0,,0,0,0,0,0,0,0,0,,,,,,,,,0,0,0,0,0,hermit,1370,9999,1420,,香川景房の子,1063001,,,,,,63,0,128,,95,0,,,,,,
1063003,1724,香川家,香川|元綱,かがわ|もとつな,香川元綱,,香川家,天霧城,,0,,0,0,0,0,0,0,0,0,,,,,,,,,0,0,0,0,0,hermit,1395,9999,1445,,香川頼景の子,1063002,,,,,,63,0,128,,95,0,,,,,,
1063004,1725,香川家,香川|和景,かがわ|かずかげ,香川和景,,香川家,天霧城,,0,,0,0,0,0,0,0,0,0,,,,,,,,,0,0,0,0,0,hermit,1420,9999,1470,,香川元綱の子,1063003,,,,,,63,0,128,,95,0,,,,,,
1063005,1726,香川家,香川|満景,かがわ|みつかげ,香川満景,,香川家,天霧城,,0,,0,0,0,0,0,0,0,0,,,,,,,,,0,0,0,0,0,hermit,1475,9999,1507,true,香川和景の子,1063004,,,,,,63,0,128,,95,0,,,,,,
1063006,1727,香川家,香川|元景,かがわ|もとかげ,香川元景,,香川家,天霧城,細川家臣。讃岐国西方守護代。細川氏のもとで西讃岐支配を担い、一族を各地の代官として勢力を拡大。将軍足利義材の連歌会にも参加し、細川氏衰退後は在地支配を強めた。,79,,0,291,51,54,60,63,63,29,D,,,,,,,,36,30,43,50,48,balanced,1498,1510,1552,,香川満景の子。家督,1063005,,,,,,63,0,128,,100,0,,,,,,
1063007,1728,香川家,香川|之景,かがわ|ゆきかげ,香川之景,,香川家,天霧城,讃岐国衆。西讃守護代。天霧城主。三好勢の侵攻に籠城して和睦し、のちに長宗我部元親と和して次男・親和を嗣子とした。秀吉の四国攻め後は親和とともに土佐へ退いた。,78,,0,302,62,58,51,67,64,50,,,,,,,,,36,30,47,44,48,balanced,1519,1531,1600,,香川元景の子。家督。別名：香川信景,1063006,,,,,,63,0,128,天霧城主,100,1000,,,,,,
1063008,1729,香川家,香川|景全,かがわ|かげはる,香川景全,,香川家,天霧城,,0,,0,257,41,40,57,65,54,50,,,,,,,,,30,22,25,72,49,conservative,1521,1533,1586,true,香川元景の子,1063006,,,,,,63,0,128,,95,500,,,,,,
1063009,1730,香川家,香川|景仲,かがわ|かげなか,香川景仲,,香川家,天霧城,,0,,0,0,0,0,0,0,0,0,,,,,,,,,0,0,0,0,0,hermit,1371,9999,1421,,香川景房の子,1063001,,,,,,63,0,128,,95,0,,,,,,
1063010,1731,香川家,香川|朝安,かがわ|ともやす,香川朝安,,香川家,天霧城,,0,,0,0,0,0,0,0,0,0,,,,,,,,,0,0,0,0,0,hermit,1395,9999,1445,,香川景仲の子,1063009,,,,,,63,0,128,,95,0,,,,,,
1063011,1732,香川家,香川|景宗,かがわ|かげむね,香川景宗,,香川家,天霧城,,0,,0,0,0,0,0,0,0,0,,,,,,,,,0,0,0,0,0,hermit,1428,9999,1478,,香川朝安の子,1063010,,,,,,63,0,128,,95,0,,,,,,
1063012,1733,香川家,香川|景秀,かがわ|かげひで,香川景秀,,香川家,天霧城,,0,,0,0,0,0,0,0,0,0,,,,,,,,,0,0,0,0,0,hermit,1451,9999,1500,,香川景宗の子,1063011,,,,,,63,0,128,,95,0,,,,,,
1063013,1734,香川家,香川|景安,かがわ|かげやす,香川景安,,香川家,天霧城,,0,,0,0,0,0,0,0,0,0,,,,,,,,,0,0,0,0,0,hermit,1340,9999,1390,,香川景秀の子,1063012,,,,,,63,0,128,,95,0,,,,,,
1063014,1735,香川家,川田|景良,かわだ|かげよし,川田景良,,香川家,天霧城,,0,,0,191,8,8,56,63,56,48,,,,,,,,,18,5,59,46,51,conservative,1527,1539,1588,,香川景安の子,1063013,,,,,,63,0,128,,95,0,,,,,,
1063015,1736,香川家,川田|景正,かわだ|かげまさ,川田景正,,香川家,天霧城,,0,,0,229,54,43,38,41,53,52,,,,,,,,,32,25,48,54,51,balanced,1560,1572,1622,,川田景良の子,1063014,,,,,,63,0,128,,95,0,,,,,,
1063016,1737,香川家,川田|景兼,かわた|かげかね,川田景兼,,香川家,天霧城,,0,,0,0,0,0,0,0,0,0,,,,,,,,,0,0,0,0,0,hermit,1450,9999,1500,,香川景宗の子,1063011,,,,,,63,0,128,,95,0,,,,,,
1063017,1738,香川家,川田|景信,かわた|かげつぐ,川田景信,,香川家,天霧城,,0,,0,0,0,0,0,0,0,0,,,,,,,,,0,0,0,0,0,hermit,1480,9999,1530,,川田景兼の子,1063016,,,,,,63,0,128,,95,0,,,,,,
1063018,1739,香川家,川田|景次,かわだ|かげつぐ,川田景次,,香川家,天霧城,,0,,0,245,47,45,57,55,41,51,,,,,,,,,22,11,25,61,50,conservative,1516,1528,1567,,川田景信の子,1063017,,,,,,63,0,128,,95,500,,,,,,
1063019,1740,香川家,川田|景盛,かわだ|かげもり,川田景盛,,香川家,天霧城,,0,,0,230,59,66,35,30,40,58,,,,,,,,,36,30,36,88,50,aggressive,1544,1556,1561,true,川田景次の子,1063018,,,,,,63,0,128,,95,0,,,,,,
1063020,1741,香川家,秋山|良泰,あきやま|よしやす,秋山良泰,,香川家,天霧城,,0,,0,247,50,55,44,45,53,54,,,,,,,,,22,11,41,45,53,balanced,1505,1517,1556,,,,,,,,,63,0,128,,95,0,,,,,,
1063021,1742,香川家,秋山|一忠,あきやま|かずただ,秋山一忠,,香川家,天霧城,,0,,0,240,43,57,45,41,54,59,,,,,,,,,26,16,15,85,53,balanced,1528,1540,1579,true,秋山良泰の子,1063020,,,,,,63,0,128,,95,0,,,,,,
1063022,1743,香川家,秋山|光忠,あきやま|みつただ,秋山光忠,,香川家,天霧城,,0,,0,241,50,60,34,40,57,52,,,,,,,,,32,25,24,75,53,balanced,1555,1567,1619,,秋山一忠の子,1063021,,,,,,63,0,128,,95,0,,,,,,
1063023,1744,香川家,大平|国雅,おおひら|くにまさ,大平国雅,,香川家,天霧城,,0,,0,232,58,56,38,39,41,55,,,,,,,,,20,8,37,65,51,aggressive,1502,1514,1561,,,,,,,,,63,0,128,,95,0,,,,,,
1063024,1745,香川家,大平|国祐,おおひら|くにすけ,大平国祐,,香川家,天霧城,,0,,0,261,62,61,45,43,50,57,,,,,,,,,36,30,36,73,51,aggressive,1538,1550,1603,,大平国雅の子,1063023,,,,,,63,0,128,,95,0,,,,,,
1063025,1746,香川家,大平|国常,おおひら|くにつね,大平国常,,香川家,天霧城,,0,,0,242,52,63,34,44,49,54,,,,,,,,,38,33,22,80,51,aggressive,1569,1581,1587,true,大平国祐の子,1063024,,,,,,63,0,128,,95,0,,,,,,
1063026,1747,香川家,細川|氏政,ほそかわ|うじまさ,細川氏政,,香川家,天霧城,,0,,0,235,34,47,48,63,43,63,,,,,,,,,18,5,17,78,48,conservative,1537,1549,1578,true,,,,,,,,63,0,128,,95,200,,,,,,
1063027,1748,香川家,細川|頼弘,ほそかわ|よりひろ,細川頼弘,,香川家,天霧城,,0,,0,252,45,33,57,52,65,48,,,,,,,,,22,11,20,75,50,conservative,1544,1556,1579,true,,,,,,,,63,0,128,,95,200,true,,,,,
1063028,1749,香川家,三野|栄久,みの|ひでひさ,三野栄久,,香川家,天霧城,,0,,0,292,58,52,62,61,59,57,,,,,,,,,34,28,28,70,49,balanced,1520,1532,1580,,,,,,,,,63,0,128,,95,500,,,,,,
1063029,1750,香川家,三野|栄政,みの|ひでまさ,三野栄政,,香川家,天霧城,,0,,0,256,46,37,61,57,55,58,,,,,,,,,50,50,38,64,49,balanced,1554,1566,1613,,三野栄久の子,1063028,,,,,,63,0,128,,95,0,,,,,,
1063030,1751,香川家,吉田|兼近,よしだ|かねちか,吉田兼近,,香川家,天霧城,,0,,0,209,39,41,44,47,38,60,,,,,,,,,50,50,51,59,50,balanced,1524,1536,1577,,,,,,,,,63,0,128,,95,0,,,,,,
1063031,1752,香川家,吉田|宗久,よしだ|むねひさ,吉田宗久,,香川家,天霧城,,0,,0,217,49,46,38,37,47,62,,,,,,,,,50,50,36,81,50,balanced,1545,1557,1579,true,吉田兼近の子,1063030,,,,,,63,0,128,,95,0,,,,,,
1067001,1753,蠣崎家,蠣崎|光広,かきざき|みつひろ,蠣崎光広,,蠣崎家,徳山館,,0,,0,0,0,0,0,0,0,0,,,,,,,,,0,0,0,0,35,hermit,1456,9999,1518,,,,,,,,,67,0,187,,95,0,,,,,,
1067002,1754,蠣崎家,蠣崎|義広,かきざき|よしひろ,蠣崎義広,,蠣崎家,徳山館,蠣崎氏当主。父・光広と上ノ国から大館へ進出し、檜山安東氏から蝦夷島支配を認められた。渡来商船から役銭を徴収して基盤を築き、諸館主を束ねて蠣崎氏の勢力を固めた。,79,,0,365,75,62,75,77,76,69,C,D,,,,,B,,50,50,56,38,35,balanced,1479,1491,1545,,蠣崎光広の子,1067001,,,,,,67,0,187,,95,0,,,,,,
1067003,1755,蠣崎家,蠣崎|季広,かきざき|すえひろ,蠣崎季広,,蠣崎家,徳山館,蠣崎氏4代当主。義広の跡を継いで道南の和人勢力をまとめた。アイヌとの抗争を和議で終結。「夷狄之商舶往還之法度」を定めて交易を整え、安定した和人地を築いた。,77,,0,344,63,52,83,75,71,64,D,,,,,,B,,50,50,48,50,35,balanced,1507,1519,1595,,蠣崎義広の子,1067002,,,,,,67,0,187,徳山館主,100,1000,,,,,,
1067004,1756,蠣崎家,蠣崎|舜広,かきざき|としひろ,蠣崎舜広,,蠣崎家,徳山館,,0,,0,327,69,66,65,67,60,66,,,,D,,,B,,50,50,35,68,35,balanced,1539,1551,1561,true,蠣崎季広の嫡男,1067003,,,,,,67,0,187,,95,500,,,,,,
1067005,1757,蠣崎家,明石|元広,あかし|もとひろ,明石元広,,蠣崎家,徳山館,,0,,0,300,59,54,66,67,54,62,,,,,,,,,50,50,37,65,30,balanced,1540,1552,1562,true,蠣崎季広の次男,1067003,,,,,,67,0,187,,95,0,,,,,,
1067006,1758,蠣崎家,松前|慶広,まつまえ|よしひろ,松前慶広,,蠣崎家,徳山館,蠣崎氏5代当主。父・季広の跡を継ぎ秀吉に謁見して蝦夷地支配を認められた。のちに家康へ臣従して松前姓を称した。黒印状でアイヌとの交易独占権を得て支配基盤を築いた。,80,,0,351,65,52,83,82,69,67,D,,D,,,,,,50,50,60,32,35,balanced,1548,1560,1616,,蠣崎季広の三男,1067003,,,,,,67,0,187,,95,500,,,,,,
1067007,1759,蠣崎家,松前|盛広,まつまえ|もりひろ,松前盛広,,蠣崎家,徳山館,松前慶広の長男。父とともに徳川家康に謁見した。松前家の記録では慶広に次ぐ当主に数えられるが、父より先に没したため藩主を継がず、子の公広が祖父・慶広の後を継いだ。,80,,0,282,50,42,69,68,53,57,,,D,,,,C,,50,50,74,32,35,balanced,1571,1583,1608,,松前慶広の子,1067006,,,,,,67,0,187,,95,300,,,,,,
1067008,1760,蠣崎家,松前|公広,まつまえ|きんひろ,松前公広,,蠣崎家,徳山館,松前藩二代藩主。盛広の子。祖父・慶広の跡を継ぎ、砂金場の開発や近江商人の受け入れで藩財政を整えた。蝦夷地巡察を命じて地図を作らせ、領内の実情把握にも努めた。,78,,0,255,59,36,61,48,51,55,,,,,,,C,,50,50,44,55,35,conservative,1598,1610,1641,,松前盛広の子,1067007,,,,,,67,0,187,,95,100,,,,,,
1067009,1761,蠣崎家,松前|景広,まつまえ|かげひろ,松前景広,,蠣崎家,徳山館,松前藩家老。松前慶広の子。西館に居を構え、白符などを支配した。松前家の系図や歴代事績を補訂して「新羅之記録」を編纂し、蝦夷地支配の成立過程を伝える記録を残した。,80,,0,255,47,41,58,56,53,55,,,,,,,,,50,50,39,62,27,conservative,1600,1612,1658,,松前慶広の子,1067006,,,,,,67,0,187,,95,0,,,,,,
1067010,1762,蠣崎家,蠣崎|吉広,かきざき|よしひろ,蠣崎吉広,,蠣崎家,徳山館,,0,,0,320,68,40,68,72,72,63,,,,,,,,,50,50,52,44,25,hermit,1555,1567,1645,,蠣崎季広の子,1067003,,,,,,67,0,187,,95,0,,,,,,
1067011,1763,蠣崎家,蠣崎|守広,かきざき|もりひろ,蠣崎守広,,蠣崎家,徳山館,,0,,0,251,40,44,60,56,51,57,,,,,,,,,57,60,38,67,32,balanced,1564,1576,1635,,蠣崎季広の１１男,,,,,,,67,0,187,,95,0,,,,,,
1067012,1764,蠣崎家,蠣崎|高広,かきざき|たかひろ,蠣崎高広,,蠣崎家,徳山館,,0,,0,230,38,31,54,47,60,52,,,,,,,,,54,56,56,55,59,balanced,1480,1492,1541,,蠣崎光広の子,1067001,,,,,,67,0,187,,95,0,,,,,,
1067013,1765,蠣崎家,蠣崎|基広,かきざき|もとひろ,蠣崎基広,,蠣崎家,徳山館,,0,,0,251,54,56,50,46,45,50,,D,,,,,,,50,50,72,15,64,balanced,1501,1513,1548,true,蠣崎高広の子,1067012,,,,,,67,0,187,,95,0,,,,,,
1067014,1766,蠣崎家,明石|季衡,あかし|すえひろ,明石季衡,,蠣崎家,徳山館,,0,,0,182,34,31,42,39,36,46,,,,,,,,,50,50,34,70,28,balanced,1509,1521,1588,,,,,,,,,67,0,187,,95,0,,,,,,
1067015,1767,蠣崎家,厚谷|重形,あつや|しげかた,厚谷重形,,蠣崎家,徳山館,,0,,0,235,45,33,57,53,47,46,,,,,,,,,26,16,26,54,35,conservative,1510,1522,1563,,,,,,,,,67,0,187,,95,0,,,,,,
1067016,1768,蠣崎家,厚谷|季政,あつや|すえまさ,厚谷季政,,蠣崎家,徳山館,,0,,0,218,52,56,32,35,43,46,,,,,,,,,30,22,35,65,35,balanced,1528,1540,1590,,厚谷重形の子,1067015,,,,,,67,0,187,,95,0,,,,,,
1067017,1769,蠣崎家,厚谷|季貞,あつや|すえさだ,厚谷季貞,,蠣崎家,徳山館,,0,,0,266,57,59,51,44,55,54,,,,,,,,,34,28,29,68,35,balanced,1549,1561,1570,,厚谷季政の子,1067016,,,,,,67,0,187,,95,0,,,,,,
1067018,1770,蠣崎家,厚谷|貞政,あつや|さだまさ,厚谷貞政,,蠣崎家,徳山館,,0,,0,244,46,44,48,51,55,53,,,,,,,,,43,40,27,76,35,balanced,1570,1582,1637,true,厚谷季貞の子,1067017,,,,,,67,0,187,,95,0,,,,,,
1067019,1771,蠣崎家,小平|季遠,こだいら|すえとお,小平季遠,,蠣崎家,徳山館,,0,,0,245,54,51,49,45,46,54,,,,,,,,,50,50,41,59,30,balanced,1533,1545,1617,,,,,,,,,67,0,187,,95,0,,,,,,
1067020,1772,蠣崎家,小林|良道,こばやし|よしみち,小林良道,,蠣崎家,徳山館,,0,,0,235,41,47,47,56,44,53,,,,,,,,,50,50,37,65,32,conservative,1514,1526,1563,,,,,,,,,67,0,187,,90,0,,,,,,
1067021,1773,蠣崎家,近藤|義武,こんどう|よしたけ,近藤義武,,蠣崎家,徳山館,,0,,0,300,53,67,58,61,61,50,,C,D,B,,,C,,50,50,36,67,33,balanced,1569,1581,1638,,,,,,,,,67,0,187,,95,0,,,,,,
1067022,1774,蠣崎家,酒井|広種,さかい|ひろたね,酒井広種,,蠣崎家,徳山館,,0,,0,231,45,58,41,41,46,53,,,,,,,,,50,50,27,79,30,aggressive,1602,1614,1637,true,,,,,,,,67,0,187,,95,0,,,,,,
1067025,1775,蠣崎家,富田|広定,とみた|ひろさだ,富田広定,,蠣崎家,徳山館,,0,,0,180,25,18,39,59,39,42,,,,,,,,,36,30,35,61,35,conservative,1519,1531,1566,,,,,,,,,67,0,187,,95,0,,,,,,
1067026,1776,蠣崎家,長門|広益,ながと|ひろます,長門広益,,蠣崎家,徳山館,,0,,0,219,46,69,34,33,37,51,D,,,,,,,,50,50,36,67,33,aggressive,1511,1523,1572,,,,,,,,,67,0,187,,95,0,,,,,,
1067027,1777,蠣崎家,南条|広継,なんじょう|ひろつぐ,南条広継,,蠣崎家,徳山館,,0,,0,260,58,50,46,48,58,61,,,,,,,,,26,16,17,82,37,balanced,1528,1540,1562,true,,,,,,,,67,0,187,,95,0,true,,,,,
1067028,1778,蠣崎家,南条|宗継,なんじょう|むねつぐ,南条宗継,,蠣崎家,徳山館,,0,,0,237,45,52,47,45,48,58,,,,,,,,,26,16,21,76,37,balanced,1555,1567,1562,true,南条広継の子,1067027,,,,,,67,0,187,,95,0,,,,,,
1070001,1779,葛西家,葛西|清重,かさい|きよしげ,葛西清重,,葛西家,寺池城,,0,,0,0,0,0,0,0,0,0,,,,,,,,,0,0,0,0,77,hermit,1161,9999,1238,,,,,,,,,70,0,200,,95,0,,,,,,
1070002,1780,葛西家,葛西|満重,かさい|みつしげ,葛西満重,,葛西家,寺池城,,0,,0,0,0,0,0,0,0,0,,,,,,,,,0,0,0,0,77,hermit,1425,9999,1483,,葛西清重の子孫,1070001,,,,,,70,0,200,,95,0,,,,,,
1070003,1781,葛西家,葛西|宗清,かさい|むねきよ,葛西宗清,,葛西家,寺池城,葛西氏13代当主。,8,葛西氏13代当主。,8,0,0,0,0,0,0,0,,,,,,,,,0,0,0,0,77,hermit,1456,9999,1506,,伊達成宗の子、葛西満重の養子,1074001,1070002,,,,,70,0,200,,95,0,,,,,,
1070004,1782,葛西家,葛西|政信,かさい|まさのぶ,葛西政信,,葛西家,寺池城,,0,,0,0,0,0,0,0,0,0,,,,,,,,,0,0,0,0,81,hermit,1433,9999,1506,,葛西清重の子孫,1070001,,,,,,70,0,200,,95,0,,,,,,
1070005,1783,葛西家,葛西|晴重,かさい|はるしげ,葛西晴重,,葛西家,寺池城,葛西氏14代当主。,8,葛西氏14代当主。,8,0,0,0,0,0,0,0,,,,,,,,,0,0,0,0,77,hermit,1469,9999,1534,,葛西政信の子、葛西宗清の嗣子,1070004,1070003,,,,,70,0,200,,95,0,,,,,,
1070006,1784,葛西家,葛西|晴胤,かさい|はるたね,葛西晴胤,,葛西家,寺池城,葛西氏15代当主。,8,葛西氏15代当主。,8,229,40,43,48,48,50,48,,,,,,,,,29,21,33,61,77,balanced,1497,1509,1555,,葛西晴重の子,1070005,,,,,,70,0,200,,95,0,,,,,,
1070007,1785,葛西家,葛西|親信,かさい|ちかのぶ,葛西親信,,葛西家,寺池城,葛西氏16代当主。,8,葛西氏16代当主。,8,175,25,31,45,38,36,44,,,,,,,,,29,21,33,61,77,balanced,1513,1525,1560,,葛西晴胤の子,1070006,,,,,,70,0,200,,95,200,,true,,,,
1070008,1786,葛西家,葛西|晴信,かさい|はるのぶ,葛西晴信,,葛西家,寺池城,葛西氏17代当主。寺池城を本拠に伊達氏と結び、大崎義隆を二度破った。一族・国衆を抱える領内は不安定で小田原攻めには不参。秀吉に所領を没収され葛西氏は滅亡した。,78,葛西氏17代当主。,8,249,41,53,45,57,53,58,,D,,,,,,,29,21,28,68,77,conservative,1531,1543,1597,,葛西親信の子,1070007,,,,,,70,0,200,寺池城主,100,1000,,,,,,
1070009,1787,葛西家,葛西|義重,かさい|よししげ,葛西義重,,葛西家,寺池城,,0,,0,223,43,35,48,51,46,51,,,,,,,,,33,26,39,53,77,conservative,1553,1565,1573,,葛西晴信の子,1070008,,,,,,70,0,200,,95,500,,,,,,
1070010,1788,葛西家,鬼死骸|胤綱,おにしがい|たねつな,鬼死骸胤綱,,葛西家,寺池城,,0,,0,222,50,52,36,41,43,50,,,,,,,,,24,14,41,75,81,balanced,1573,1585,1644,,葛西晴信の子、鬼死骸胤朝の養子。葛西→1591一揆→浪人,1070008,1070017,,,,,70,0,200,,95,0,,,,,,
1070011,1789,葛西家,葛西|胤重,かさい|たねしげ,葛西胤重,,葛西家,寺池城,,0,,0,241,52,56,46,41,46,56,,,,,,,,,36,30,35,64,79,balanced,1532,1544,1595,,葛西親信の子,1070007,,,,,,70,0,200,,95,500,,,,,,
1070012,1790,葛西家,葛西|重俊,かさい|しげとし,葛西重俊,,葛西家,寺池城,,0,,0,241,43,32,60,57,49,56,,,,,,,,,36,30,28,68,79,conservative,1550,1562,1602,,葛西胤重の子,1070011,,,,,,70,0,200,,95,300,,,,,,
1070013,1791,葛西家,葛西|俊信,かさい|としのぶ,葛西俊信,,葛西家,寺池城,,0,,0,189,47,64,28,23,27,48,,C,,,,,,,33,26,22,78,79,aggressive,1579,1591,1635,,葛西重俊の子,1070012,,,,,,70,0,200,,95,200,,,,,,
1070014,1792,葛西家,及川|頼家,おいかわ|よりいえ,及川頼家,,葛西家,寺池城,葛西家臣。鳥海村柏木館主。周辺に広がる及川氏の有力者。葛西一門の千葉信近と争い、村内有力者の親類関係を通じて他村から合力を集め、地域を越えた武力動員を行った。,79,,0,292,62,59,57,56,58,54,D,,,,,,,,26,16,53,44,67,conservative,1515,1527,1559,true,,,,,,,,70,0,200,,90,0,,,,,,
1070015,1793,葛西家,長坂|胤盛,ながさか|たねもり,長坂胤盛,,葛西家,寺池城,,0,,0,284,59,58,56,53,58,51,,,,,,,,,18,5,59,61,81,balanced,1488,1500,1549,,,,,,,,,70,0,200,,95,0,,,,,,
1070016,1794,葛西家,長坂|広胤,ながさわ|ひろたね,長坂広胤,,葛西家,寺池城,,0,,0,267,50,55,53,53,56,49,,,,,,,,,19,7,43,69,81,balanced,1511,1523,1569,,長坂胤盛の子,1070015,,,,,,70,0,200,,95,0,true,,,,,
1070017,1795,葛西家,鬼死骸|胤朝,おにしがい|たねとも,鬼死骸胤朝,,葛西家,寺池城,,0,,0,249,50,46,53,53,47,47,,,,,,,,,20,8,39,76,81,balanced,1518,1530,1578,,長坂胤盛の子,1070015,,,,,,70,0,200,,95,300,,,,,,
1070018,1796,葛西家,鬼死骸|胤成,おにしがい|たねなり,鬼死骸胤成,,葛西家,寺池城,葛西家臣。片馬合吉目木城主。千葉胤朝の子。葛西晴信の命で父と上吉目木へ移り、流荘の争乱や長部氏との戦いで活躍。葛西氏滅亡後は旧臣一揆に加わり、鎮圧軍に抗した。,79,,0,277,63,66,50,49,49,58,D,,,,,,,,23,12,44,84,81,balanced,1541,1553,1591,true,鬼死骸胤朝の子。葛西→1590一揆,1070017,,,,,,70,0,200,,95,0,,,,,,
1070019,1797,葛西家,鬼死骸|胤親,おにしがい|たねちか,鬼死骸胤親,,葛西家,寺池城,,0,,0,257,51,51,48,53,54,53,,,,,,,,,36,30,26,60,81,balanced,1553,1565,1619,,鬼死骸胤朝の子。葛西→1590一揆→浪人,1070017,,,,,,70,0,200,,95,0,,,,,,
1070020,1798,葛西家,鬼死骸|胤基,おにしがい|たねもと,鬼死骸胤基,,葛西家,寺池城,,0,,0,190,44,52,33,30,31,42,,,,,,,,,28,19,22,76,82,aggressive,1529,1541,1586,,長坂胤盛の子,1070015,,,,,,70,0,200,,95,0,,,,,,
1070021,1799,葛西家,柏山|明吉,かしやま|あきよし,柏山明吉,,葛西家,大林城,葛西家臣。胆沢地方を広く支配した国衆。南部衆と争った際、半入館の石川越後守へ下河原村三千刈などを恩賞として与える宛行状を発給し、胆沢の在地支配を担った。,76,,0,287,67,54,53,51,62,53,D,D,,,,,,,26,16,39,50,82,aggressive,1525,1537,1571,,,,,,,,,70,0,199,大林城主,95,300,,,,,,
1070022,1800,葛西家,柏山|明宗,かしやま|あきむね,柏山明宗,,葛西家,大林城,,0,,0,221,50,46,41,41,43,42,,,,,,,,,20,8,37,50,83,balanced,1550,1562,1590,true,柏山明吉の子,1070021,,,,,,70,0,199,,95,0,,,,,,
1070023,1801,葛西家,柏山|明助,かしやま|あきすけ,柏山明助,,葛西家,大林城,南部家臣。葛西旧臣の家に生まれ、主家滅亡後に南部利直へ仕えた。岩崎一揆の鎮圧に功を挙げ、千石と岩崎城代を与えられ、旧和賀勢力の押さえと仙台藩境の警護を担った。,79,,0,321,69,54,71,63,64,66,D,D,,,,,,,33,26,38,55,83,balanced,1578,1590,1624,true,柏山明宗の子。葛西→南部,1070022,,,,,,70,0,199,,95,0,,,,,,
1070024,1802,葛西家,小山|明長,おやま|あきなが,小山明長,,葛西家,大林城,,0,,0,257,62,71,45,40,39,54,,D,,,,,,,29,21,49,38,83,aggressive,1557,1569,1586,,柏山明吉の子。葛西→南部,1070021,,,,,,70,0,199,,95,0,,,,,,
1070025,1803,葛西家,折居|明久,おりい|あきひさ,折居明久,,葛西家,大林城,,0,,0,262,65,73,31,36,57,55,C,C,,,,,,,23,12,16,74,86,balanced,1577,1589,1659,,柏山明吉の子。葛西→南部。別名：柏山明久、折居明宗,1070021,,,,,,70,0,199,,95,0,,,,,,
1070026,1804,葛西家,金沢|冬胤,かなざわ|ふゆたね,金沢冬胤,,葛西家,石巻城,,0,,0,202,48,54,33,31,36,43,,,,,,,,,20,8,55,67,65,balanced,1478,1490,1544,true,,,,,,,,70,0,201,,95,0,,,,,,
1070027,1805,葛西家,金沢|胤正,かなざわ|たねまさ,金沢胤正,,葛西家,石巻城,,0,,0,201,50,47,35,34,35,44,,,,,,,,,20,8,57,65,65,balanced,1497,1509,1544,true,金沢冬胤の子,1070026,,,,,,70,0,201,,95,0,,,,,,
1070028,1806,葛西家,金沢|信胤,かなざわ|のぶたね,金沢信胤,,葛西家,石巻城,,0,,0,203,44,53,36,37,33,45,,,,,,,,,24,14,42,74,70,balanced,1519,1531,1591,true,金沢胤正の子,1070027,,,,,,70,0,201,,95,0,,,,,,
1070029,1807,葛西家,寺崎|良次,てらさき|よしつぐ,寺崎良次,,葛西家,石巻城,,0,,0,244,56,52,44,48,44,51,,,,,,,,,26,16,32,75,79,aggressive,1520,1532,1582,true,金沢胤正の子、寺崎茂継の嗣子,1070027,1070034,,,,,70,0,201,石巻城主,95,300,,,,,,
1070030,1808,葛西家,寺崎|正次,てらさき|まさつぐ,寺崎正次,,葛西家,石巻城,,0,,0,216,48,47,41,40,40,44,,,,,,,,,26,16,25,70,79,balanced,1543,1555,1591,true,寺崎良次の子,1070029,,,,,,70,0,201,,95,0,,,,,,
1070031,1809,葛西家,寺崎|貞次,てらさき|さだつぐ,寺崎貞次,,葛西家,石巻城,,0,,0,216,45,54,40,39,38,47,,,,,,,,,36,30,23,63,79,balanced,1565,1577,1632,,,,,,,,,70,0,201,,95,0,,,,,,
1070032,1810,葛西家,寺崎|時胤,てらさき|ときたね,寺崎時胤,,葛西家,石巻城,,0,,0,0,0,0,0,0,0,0,,,,,,,,,0,0,0,0,79,hermit,1457,9999,1507,true,,,,,,,,70,0,201,,95,0,,,,,,
1070033,1811,葛西家,寺崎|清時,てらさき|きよとき,寺崎清時,,葛西家,石巻城,,0,,0,0,0,0,0,0,0,0,,,,,,,,,0,0,0,0,79,hermit,1480,9999,1521,true,寺崎時胤の子,1070032,,,,,,70,0,201,,95,0,,,,,,
1070034,1812,葛西家,寺崎|茂継,てらさき|しげつぐ,寺崎茂継,,葛西家,石巻城,,0,,0,0,0,0,0,0,0,0,,,,,,,,,0,0,0,0,79,hermit,1500,9999,1521,true,寺崎清時の子,1070033,,,,,,70,0,201,,95,0,,,,,,
1070035,1813,葛西家,佐藤|某,さとう|なにがし,佐藤某,,葛西家,寺池城,,0,,0,0,0,0,0,0,0,0,,,,,,,,,0,0,0,0,77,hermit,1520,9999,1570,,,,,,,,,70,0,200,,95,0,,,,,,
1070036,1814,葛西家,佐藤|信貞,さとう|のぶさだ,佐藤信貞,,葛西家,寺池城,,0,,0,190,49,58,28,29,26,38,,,,,,,,,18,5,59,75,77,aggressive,1549,1561,1613,,佐藤某の子。葛西→1590一揆→浪人,1070035,,,,,,70,0,200,,95,0,,,,,,
1070037,1815,葛西家,佐藤|信時,さとう|のぶとき,佐藤信時,,葛西家,寺池城,,0,,0,197,53,48,32,33,31,45,,,,,,,,,36,30,26,74,77,aggressive,1558,1570,1622,,佐藤某の子。葛西→1590一揆→浪人,1070035,,,,,,70,0,200,,95,0,,,,,,
1070038,1816,葛西家,下河原|恒忠,しもかわら|つねただ,下河原恒忠,,葛西家,寺池城,,0,,0,213,46,38,45,43,41,43,,,,,,,,,24,14,23,65,72,balanced,1544,1556,1596,,柏山家臣。葛西→南部,,,,,,,70,0,200,,95,0,,,,,,
1070039,1817,葛西家,下河原|恒長,しもかわら|つねなが,下河原恒長,,葛西家,寺池城,,0,,0,216,45,51,40,40,40,44,,,,,,,,,28,19,28,59,72,balanced,1572,1584,1625,,柏山家臣。葛西→南部,,,,,,,70,0,200,,95,0,,,,,,
1070040,1818,葛西家,深堀|武虎,ふかぼり|たけとら,深堀武虎,,葛西家,寺池城,,0,,0,191,43,60,29,28,31,39,,,,,,,,,18,5,78,90,77,aggressive,1557,1569,1591,true,葛西→1590一揆,,,,,,,70,0,200,,95,0,,,,,,
1070041,1819,葛西家,米谷|常秀,まいや|つねひで,米谷常秀,,葛西家,寺池城,,0,,0,209,39,47,42,39,42,43,,,,,,,,,26,16,36,55,79,balanced,1535,1547,1591,true,葛西→1590一揆,,,,,,,70,0,200,,95,0,,,,,,
1070042,1820,葛西家,武鑓|重信,むやり|しげのぶ,武鑓重信,,葛西家,寺池城,,0,,0,251,57,60,41,42,51,49,D,,,,,,,,26,16,36,55,76,aggressive,1526,1538,1591,true,葛西→1590一揆,,,,,,,70,0,200,,95,0,,,,,,
1070043,1821,葛西家,矢作|重常,やはぎ|しげつね,矢作重常,,葛西家,寺池城,,0,,0,219,44,49,39,40,47,44,,,,,,,,,26,16,36,55,77,balanced,1555,1567,1590,true,葛西→1590一揆,,,,,,,70,0,200,,95,0,,,,,,
1049001,1822,河野家,河野|通直,かわの|みちなお,河野通直(弾正少弼),,河野家,湯築城,,0,,0,210,38,44,52,41,35,47,,,,,,,D,,50,50,56,38,31,aggressive,1500,1512,1572,,,,,,,,,49,0,139,,95,200,,true,,,,
1049002,1823,河野家,河野|通政,かわの|みちまさ,河野通政,,河野家,湯築城,伊予河野家当主。別名・晴通。河野通直の子。父から家督を譲られたが家中は分裂。石手寺の寺務や所領を安堵し、大内軍が中島へ侵攻すると迎撃を命じた。湯築城で没した。,79,,0,251,54,41,57,52,47,55,,,,,,,D,,54,55,49,50,31,aggressive,1522,1534,1543,,河野通直(弾正少弼)の子。別名：河野晴通,1049001,,,,,,49,0,139,,95,0,,,,,,
1049003,1824,河野家,河野|通宣,かわの|みちのぶ,河野通宣,,河野家,湯築城,河野家当主。湯築城主。家中の抗争に対応し、平岡房実に命じて岩伽羅城主・和田通興の反乱を鎮圧。幕府との関係を保ち左京大夫に任官した。病のため家督を通直へ譲り引退。,80,,0,240,44,52,52,47,45,30,,,D,,,,D,,64,70,53,50,31,balanced,1527,1539,1581,,河野通直(弾正少弼)の子,1049001,,,,,,49,0,139,湯築城主,100,1500,,,,,,
1049004,1825,河野家,河野|通直,かわの|みちなお,河野通直(伊予守),,河野家,湯築城,,0,,0,217,35,44,53,45,40,43,,,,,,,D,,54,55,45,55,30,aggressive,1564,1576,1587,,村上通康の子、河野通宣の養子,2060004,1049003,,,,,49,0,139,,95,0,,,,,,
1049005,1826,河野家,河野|通軌,かわの|みちのり,河野通軌,,河野家,湯築城,,0,,0,205,36,55,25,38,51,57,,,,,,,D,,50,50,42,58,29,balanced,1572,1584,1622,,宍戸元秀の子、河野通直(伊予守)の養子。河野→毛利,1025067,1049004,,,,,49,0,139,,95,0,,,,,,
1049006,1827,河野家,石川|通清,いしかわ|みちきよ,石川通清,,河野家,湯築城,,0,,0,188,33,33,43,39,40,44,,,,,,,,,50,50,56,38,48,conservative,1535,1547,1584,true,,,,,,,,49,0,139,,90,0,,,,,,
1049007,1828,河野家,大野|利直,おおの|としなお,大野利直,,河野家,湯築城,河野家臣。久万大除城主。父・朝直の跡を継ぎ、菅生山大宝寺へ梵鐘を寄進した。黒川通俊と結んで戒能通運を攻め、花山城を攻略して家臣・森家継を城代として置いた。,77,,0,266,56,59,51,47,53,49,,,,,,,,,22,11,34,55,28,balanced,1493,1505,1580,,,,,,,,,49,0,139,,95,200,,true,,,,
1049008,1829,河野家,大野|直昌,おおの|なおしげ,大野直昌,,河野家,大除城,河野家臣。大除城主。久万・小田方面を支配し、河野氏を支えた。豊臣秀吉の四国平定で主君・河野通直が降伏すると大除城を開城。のちに通直へ従い安芸竹原へ移った。,77,,0,276,63,60,48,50,55,59,,D,D,,,,,,50,50,32,72,28,aggressive,1534,1546,1589,,大野利直の子,1049007,,,,,,49,0,138,大除城主,95,500,,,,,,
1049009,1830,河野家,大野|直之,おおの|なおゆき,大野直之,,河野家,大除城,,0,,0,252,64,53,35,43,57,51,,,,,,,,,54,55,73,15,32,aggressive,1536,1548,1585,true,大野利直の子,1049007,,,,,,49,0,138,,95,0,,,,,,
1049010,1831,河野家,戒能|通運,かいのう|みちかず,戒能通運,,河野家,湯築城,,0,,0,247,51,58,47,44,47,51,,,,,,,,,36,30,33,64,32,conservative,1512,1524,1575,,,,,,,,,49,0,139,,95,0,,,,,,
1049011,1832,河野家,戒能|通森,かいのう|みちもり,戒能通森,,河野家,湯築城,河野家臣。大熊城主。戒能通運の子。南方・則之内や浮穴郡井内を支配し、備前守を称した。河野分限録では家老に数えられ、小早川隆景の侵攻では河野通直に降伏を勧めた。,79,,0,258,54,52,52,59,41,53,,,,,,,,,36,30,35,61,32,conservative,1536,1548,1592,,戒能通運の子,1049010,,,,,,49,0,139,,95,0,,,,,,
1049012,1833,河野家,金子|元成,かねこ|もとなり,金子元成,,河野家,湯築城,,0,,0,226,54,55,34,34,49,44,,,,,,,,,22,11,25,68,29,balanced,1522,1534,1568,,,,,,,,,49,0,139,,95,0,,,,,,
1049013,1834,河野家,金子|元宅,かねこ|もといえ,金子元宅,,河野家,湯築城,伊予石川家臣。新居・宇摩両郡の実力者。毛利氏と離れ、長宗我部元親と起請文を交わして同盟。秀吉の四国平定では攻撃目標となり、高尾城に籠って抗戦し落城した。,76,,0,260,58,65,34,44,59,54,D,,,,,,,,36,30,23,78,29,aggressive,1551,1563,1585,true,金子元成の子,1049012,,,,,,49,0,139,,95,0,,,,,,
1049014,1835,河野家,金子|宅明,かえこ|いえあき,金子宅明,,河野家,湯築城,,0,,0,217,41,22,54,53,47,48,,,,,,,,,36,30,18,85,29,aggressive,1573,1585,1645,,金子元宅の子,1049013,,,,,,49,0,139,,95,0,,,,,,
1049015,1836,河野家,忽那|通乗,くつな|みちのり,忽那通乗,,河野家,湯築城,,0,,0,233,53,60,43,31,46,52,,,,,,,C,,50,50,38,64,30,aggressive,1490,1502,1585,true,,,,,,,,49,0,139,,95,0,,,,,,
1049016,1837,河野家,忽那|通著,くつな|みちあき,忽那通著,,河野家,湯築城,河野家臣。忽那山城主。大友方の星野氏が伊予へ侵入すると弟や村上勢の援軍を得て城を守り撃退。のち毛利軍と三津浜で戦い、占領された恵良城を奪還して敵を海上へ退けた。,80,,0,280,60,69,47,50,54,59,,,D,,,,C,,50,50,36,67,30,aggressive,1519,1531,1579,true,忽那通乗の子,1049015,,,,,,49,0,139,,95,0,,,,,,
1049017,1838,河野家,重見|通昭,しげみ|みちあき,重見通昭,,河野家,湯築城,,0,,0,0,0,0,0,0,0,0,,,,,,,,,0,0,0,0,32,hermit,1470,9999,1520,,,,,,,,,49,0,139,,95,0,,,,,,
1049018,1839,河野家,重見|通種,しげみ|みちたね,重見通種,,河野家,湯築城,,0,,0,252,56,60,35,44,57,54,,,,,,,,,46,44,35,66,32,aggressive,1496,1508,1555,true,重見通昭の子,1049017,,,,,,49,0,139,,95,0,,,,,,
1049019,1840,河野家,重見|通遠,しげみ|みちとお,重見通遠,,河野家,湯築城,,0,,0,220,45,40,47,44,44,50,,,,,,,,,46,44,36,65,31,balanced,1497,1509,1555,true,重見通昭の子,1049017,,,,,,49,0,139,,95,0,,,,,,
1049020,1841,河野家,重見|通次,しげみ|みちつぐ,重見通次,,河野家,湯築城,,0,,0,214,58,58,30,28,40,49,,,,,,,,,46,44,32,70,30,aggressive,1516,1528,1579,true,重見通昭の子,1049017,,,,,,49,0,139,,95,0,,,,,,
1049021,1842,河野家,重見|通晴,しげみ|みちはる,重見通晴,,河野家,湯築城,,0,,0,210,54,60,29,26,41,50,,,,,,,,,50,50,30,75,30,aggressive,1542,1554,1585,true,重見通次の子,1049020,,,,,,49,0,139,,95,0,,,,,,
1049022,1843,河野家,垣生|盛周,はぶ|もりちか,垣生盛周,,河野家,湯築城,河野家臣。加賀守。垣生城主。河野通宣・通直に仕え、平岡房実らと奉行人として政務を担った。二神氏への新恩給与では房実と連署し、河野氏の領国支配を支えた。,75,,0,282,57,43,64,66,52,60,,,,,,,,,48,47,29,75,32,conservative,1531,1543,1616,,,,,,,,,49,0,139,,95,0,,,,,,
1049023,1844,河野家,平岡|房実,ひらおか|ふさざね,平岡房実,,河野家,湯築城,河野家執事。荏原城主。河野通宣の命で岩伽羅城主・和田通興を討ち、喜多郡方面の戦いにも出陣。寺社への禁制や知行安堵状を発給し、軍事・政務の両面で河野氏を支えた。,79,,0,313,63,62,62,64,62,35,,,D,D,,,C,,36,30,23,78,30,balanced,1515,1527,1574,,,,,,,,,49,0,139,,95,200,true,,,,,
1049024,1845,河野家,平岡|直房,ひらおか|なおふさ,平岡直房,,河野家,湯築城,,0,,0,221,39,45,42,44,51,47,,,,,,,,,36,30,39,55,30,balanced,1551,1563,1605,,平岡房実の子,1049023,,,,,,49,0,139,,95,0,,,,,,
1049025,1846,河野家,二神|通範,ふたがみ|みちのり,二神通範,,河野家,大除城,,0,,0,276,53,67,50,50,56,56,,,,,,,,,36,30,29,70,32,aggressive,1530,1542,1615,,,,,,,,,49,0,138,,95,0,,,,,,
1049026,1847,河野家,壬生川|通国,みぶかわ|みちくに,壬生川通国,,河野家,大除城,,0,,0,249,63,65,30,28,63,49,D,,,,,,,,26,16,29,65,32,conservative,1523,1535,1575,true,,,,,,,,49,0,138,,95,0,,,,,,
1049027,1848,河野家,壬生川|泰国,みぶかわ|やすくに,壬生川泰国,,河野家,大除城,,0,,0,212,50,44,39,36,43,44,,,,,,,,,28,19,27,68,32,conservative,1551,1563,1585,true,壬生川通国の子,1049026,,,,,,49,0,138,,95,0,,,,,,
1049028,1849,河野家,和田|通興,わだ|みちおき,和田通興,,河野家,湯築城,,0,,0,242,46,55,52,46,43,46,D,,,,,,,,29,21,56,27,58,aggressive,1505,1517,1554,true,,,,,,,,49,0,139,,80,0,,,,,,
1024001,1850,北畠家,北畠|政郷,きたばたけ|まささと,北畠政郷,,北畠家,霧山城,,0,,0,0,0,0,0,0,0,0,,,,,,,,,0,0,0,0,43,hermit,1445,9999,1508,,北畠顕家の子孫。別名：北畠政勝,1069002,,,,,,24,0,47,,95,0,,,,,,
1024002,1851,北畠家,北畠|材親,きたばたけ|きちか,北畠材親,,北畠家,霧山城,,0,,0,0,0,0,0,0,0,0,,,,,,,,,0,0,0,0,43,hermit,1468,9999,1518,,北畠政郷の子,1024001,,,,,,24,0,47,,95,0,,,,,,
1024003,1852,北畠家,北畠|晴具,きたばたけ|はるとも,北畠晴具,,北畠家,霧山城,北畠氏7代当主。伊勢国司。父・具方の死後に国司家を継ぎ、多気を本拠とした。北畠氏館跡庭園は晴具の時代に造られたと伝わる。のち具教へ家督を譲った。,72,,0,323,58,64,71,68,62,71,D,D,,,,,,,22,11,42,44,43,balanced,1503,1515,1563,,北畠材親の子,1024002,,,,,,24,0,47,,95,200,,true,,,,
1024004,1853,北畠家,北畠|具教,きたばたけ|とものり,北畠具教,,北畠家,霧山城,北畠氏当主。伊勢国司。長野氏と和睦し北伊勢へ進出。信長の侵攻で大河内城に抗戦し、和睦後は信雄を養嗣子に迎え隠居。和歌と剣術にも通じたが、のちに旧臣に殺害された。,80,,0,318,66,75,54,65,58,71,D,,,C,C,,,,22,11,50,63,43,conservative,1528,1540,1576,true,北畠晴具の子,1024003,,,,,,24,0,47,霧山城主,100,1500,,,kitabatake_tomonori.webp,13,中納言,
1024005,1854,北畠家,北畠|具房,きたばたけ|ともふさ,北畠具房,,北畠家,霧山城,,0,,0,96,21,12,28,21,14,28,,,,,,,,,22,11,5,51,43,balanced,1547,1559,1580,,北畠具教の子,1024004,,,,,,24,0,47,,95,700,,,kitabatake_tomohusa.webp,179,左近将監,
1024006,1855,長野工藤家,長野|具藤,ながの|ともふじ,長野具藤,,北畠家,長野城,,0,,0,182,33,43,41,35,30,43,,,,,,,,,26,16,31,61,44,aggressive,1552,1564,1576,true,北畠具教の子、長野藤定の養子,1024004,1222008,,,,,24,0,49,,95,0,,,,,,
1024007,1856,北畠家,木造|具政,こづくり|ともまさ,木造具政,,北畠家,霧山城,北畠氏一門。木造城主。晴具の子で具康の養子。信長の伊勢侵攻では織田方へ通じ、軍を木造城へ迎えて大河内城攻めを導いた。のち信雄に属し、戸木城で蒲生氏郷軍と戦った。,80,,0,276,48,52,56,59,61,56,D,,,D,,,,,36,30,61,20,37,balanced,1530,1542,1584,,北畠晴具の子、木造具康の養子,1024003,1024024,,,,,24,0,47,,95,0,,,,,,
1024008,1857,北畠家,滝川|雄利,たきがわ|かつとし,滝川雄利,,織田家,名古屋城,北畠一門。滝川一益の姓を受け、織田信雄に仕えたのち秀吉に従って伊勢神戸城主となる。関ヶ原では西軍につき改易されたが、のち常陸片野二万石を領して大名に復帰した。,79,,0,315,64,58,58,67,68,67,,,,,,,,,50,50,48,50,21,conservative,1543,1555,1610,,木造具政の子、滝川一益の養子。別名：木造雄利。木造具政→織田信雄→豊臣秀頼→浪人→徳川秀忠,1024007,1006087,,,,,1,0,11,,95,0,,,,,,
1024009,1858,北畠家,木造|長正,こづくり|ながまさ,木造長正,,北畠家,霧山城,,0,,0,239,34,43,61,54,47,53,,,,,,,,,33,26,38,55,37,conservative,1554,1566,1604,,木造具政の子,1024007,,,,,,24,0,47,,95,0,,,,,,
1024010,1859,北畠家,北畠|具親,きたばたけ|ともちか,北畠具親,,北畠家,霧山城,北畠晴具の三男。もとは興福寺東門院院主。兄・具教が織田方に討たれると還俗し、南伊勢の旧臣を集め家再興を図る。森城で信雄に抗したが落城し、毛利輝元を頼って逃れた。,80,,0,281,60,51,55,61,54,61,,,,,,,,,22,11,20,76,46,balanced,1535,1547,1586,,北畠晴具の子。1576独立→1582伊賀→1584蒲生氏郷,1024003,,,,,,24,0,47,,95,0,,,,,,
1024011,1860,北畠家,北畠|政能,きたばたけ|やすよし,北畠政能,,北畠家,霧山城,,0,,0,0,0,0,0,0,0,0,,,,,,,,,0,0,0,0,32,hermit,1482,9999,1532,,北畠政郷の子,1024001,,,,,,24,0,47,,95,0,,,,,,
1024012,1861,北畠家,北畠|政成,きたばたけ|まさなり,北畠政成,,北畠家,霧山城,北畠一門。霧山城主。北畠具教が謀殺されると千余の旧臣が霧山城に集結し、抗戦の中心となった。羽柴秀吉・神戸信孝らの織田軍に攻められ、城兵とともに討死した。,76,,0,297,70,66,54,52,55,64,D,,,,,,,,20,8,16,80,40,aggressive,1519,1531,1576,true,北畠政能の子,1024011,,,,,,24,0,47,,95,300,,,,,,
1024013,1862,北畠家,家城|之清,いえき|ゆききよ,家城之清,,北畠家,霧山城,,0,,0,214,53,72,24,21,44,43,D,,,,,,,,18,5,22,70,42,balanced,1525,1537,1577,,,,,,,,,24,0,47,,95,0,,,,,,
1024014,1863,北畠家,大宮|景連,おおみや|かげつら,大宮景連,,北畠家,霧山城,,0,,0,237,65,76,32,26,38,45,,,,B,,,,,22,11,20,76,43,aggressive,1549,1561,1584,,,,,,,,,24,0,47,,95,0,,,,,,
1024015,1864,北畠家,小浜|景隆,おはま|かげたか,小浜景隆,,北畠家,波切城,志摩小浜の水軍衆。小浜を本拠として北畠氏へ仕える。北畠氏衰亡後は武田信玄に招かれて船大将となり、海に面しない武田氏の水軍編成を担った。のち徳川家康に仕えた。,78,,0,250,56,63,38,38,55,38,D,,C,B,,,B,,41,37,55,50,40,conservative,1540,1552,1597,,北畠→武田→勝頼→徳川,,,,,,,24,0,78,,95,0,,,,,,
1024016,1865,北畠家,小浜|光隆,おはま|みつたか,小浜光隆,,北畠家,波切城,徳川家臣。志摩水軍の将・景隆の子。父譲りの水軍力を背景に徳川家へ仕え、大坂船手頭に就任。大坂川口の船手屋敷を拠点に官船管理・海上警備・商船監視を担った。,76,,0,262,55,55,42,50,60,56,,,,,,,B,,50,50,44,55,42,conservative,1572,1584,1645,,小浜景隆の子。北畠→武田→勝頼→徳川,1024015,,,,,,24,0,78,,95,0,,,,,,
1024017,1866,北畠家,鹿伏兎|定長,かぶと|さだなが,鹿伏兎定長,,北畠家,霧山城,,0,,0,211,41,44,45,40,41,42,,,,,,,,,22,11,31,59,36,balanced,1492,1504,1567,true,,,,,,,,24,0,47,,95,0,,,,,,
1024018,1867,北畠家,鹿伏兎|定秀,かぶと|さだひで,鹿伏兎定秀,,北畠家,霧山城,,0,,0,230,47,46,51,43,43,46,,,,,,,,,29,21,40,50,36,aggressive,1516,1528,1570,true,鹿伏兎定長の子。関→浅井,1024017,,,,,,24,0,47,,95,0,,,,,,
1024019,1868,北畠家,神戸|長盛,かんべ|ながもり,神戸長盛,,北畠家,霧山城,,0,,0,237,58,54,42,40,43,46,,,,,,,,,22,11,25,68,38,balanced,1476,1488,1552,,,,,,,,,24,0,47,,95,0,,,,,,
1024020,1869,北畠家,神戸|利盛,かんべ|としもり,神戸利盛,,北畠家,霧山城,,0,,0,207,52,57,30,32,36,43,,,,,,,,,25,15,21,76,38,balanced,1501,1513,1559,,神戸長盛の子,1024019,,,,,,24,0,47,,95,0,,,,,,
1024021,1870,北畠家,神戸|具盛,かんべ|とももり,神戸具盛(7代目),,北畠家,霧山城,,0,,0,231,44,48,40,52,47,44,,,,,,,,,25,15,69,35,37,balanced,1526,1538,1600,,神戸長盛の子,1024019,,,,,,24,0,47,,95,0,,,,,,
1024022,1871,北畠家,楠木|正具,くすのき|まさとも,楠木正具,,北畠家,長野城,北畠家臣。伊勢治田城主。楠木正成の後裔と伝わる。織田信長の伊勢侵攻に抗し、のち石山本願寺へ移って顕如に従う。織田軍との戦いを続け、木津川口の戦いで討死した。,78,,0,299,66,59,38,62,74,56,,,,,,,,,22,11,19,77,48,balanced,1516,1528,1576,true,北畠→北畠滅亡後は本願寺,,,,,,,24,0,49,,95,0,true,,,,,
1024023,1872,北畠家,木造|俊茂,こづくり|とししげ,木造俊茂,,北畠家,霧山城,北畠一門。木造氏7代当主。参議。木造城を古城の北へ移して新城を築き、伊勢街道近くの要地を支配した。城下には定期市が立ち、人と物資が集う地域拠点を整えた。,76,,0,320,54,53,73,72,68,63,,,,,,,,,50,50,56,38,42,balanced,1495,1507,1548,,,,,,,,,24,0,47,,95,0,,,,,,
1024024,1873,北畠家,木造|具康,こづくり|ともやす,木造具康,,北畠家,霧山城,,0,,0,221,46,48,48,41,38,50,,,,,,,,,50,50,48,50,42,balanced,1520,1532,1569,,木造俊茂の子,1024023,,,,,,24,0,47,,95,0,,,,,,
1024025,1874,北畠家,国府|盛種,こう|もりたね,国府盛種,,北畠家,霧山城,,0,,0,198,37,36,51,40,34,42,,,,,,,,,29,21,37,55,16,aggressive,1540,1552,1589,true,関家臣。北畠→織田信孝,,,,,,,24,0,47,,90,0,,,,,,
1024026,1875,北畠家,田原|重綱,たはら|しげつな,田原重綱,,北畠家,霧山城,,0,,0,236,42,40,56,51,47,50,,,,,,,,,40,35,40,55,16,balanced,1545,1557,1584,true,北畠→織田信雄,,,,,,,24,0,47,,90,0,,,,,,
1024027,1876,北畠家,鳥羽|成忠,とば|しげただ,鳥羽成忠,,北畠家,波切城,,0,,0,245,56,59,41,41,48,50,,,,,,,C,,31,23,32,63,28,aggressive,1523,1535,1589,,北畠→九鬼,,,,,,,24,0,78,,95,0,,,,,,
1024028,1877,北畠家,鳥羽|宗忠,とば|むねただ,鳥羽宗忠,,北畠家,波切城,,0,,0,228,54,56,38,34,46,47,,,,,,,C,,33,26,40,52,18,aggressive,1546,1558,1612,,鳥羽成忠の子。北畠→九鬼,1024027,,,,,,24,0,78,,90,0,,,,,,
1024029,1878,北畠家,田丸|直昌,たまる|なおまさ,田丸直昌,,北畠家,霧山城,,0,,0,180,22,53,45,31,29,44,,,,,,,,,50,50,44,55,4,aggressive,1551,1563,1607,,北畠→織田信雄→秀頼,,,,,,,24,0,47,,85,0,,,,,,
1024030,1879,北畠家,鳥屋尾|満栄,とやのお|みつひで,鳥屋尾満栄,,北畠家,波切城,北畠家臣。奉行人。大湊との折衝を担い、会合衆へ書状を送って海上動員を進めた。北畠具豊の代には船道具・材木の積載や桑名方面への出船を督促し、軍需輸送を支えた。,78,,0,323,61,55,65,69,73,56,D,D,,,,,,,50,50,16,78,43,conservative,1508,1520,1577,,北畠→織田信雄,,,,,,,24,0,78,波切城主,95,200,,,,,,
1024031,1880,北畠家,藤方|朝成,ふじかた|ともなり,藤方朝成,,北畠家,波切城,,0,,0,263,45,49,52,56,61,49,,,,,,,,,36,30,44,16,72,balanced,1530,1542,1597,,北畠→織田信雄→羽柴,,,,,,,24,0,78,,90,0,,,,,,
1024032,1881,北畠家,藤方|安正,ふじかた|やすまさ,藤方安正,,北畠家,波切城,,0,,0,223,41,46,42,44,50,50,,,,,,,,,50,50,48,50,67,balanced,1571,1583,1622,,藤方朝成の子。北畠→羽柴→徳川,1024031,,,,,,24,0,78,,90,0,,,,,,
1024033,1882,北畠家,森本|具俊,もりもと|ともとし,森本具俊,,北畠家,霧山城,,0,,0,210,28,30,52,50,50,47,,,,,,,,,40,35,36,61,36,balanced,1540,1552,1584,,北畠→織田信包→秀次→徳川家康→秀忠,,,,,,,24,0,47,,95,0,,,,,,
1024034,1883,北畠家,山路|正幽,やまじ|しょうゆう,山路正幽,,北畠家,霧山城,,0,,0,201,45,52,35,34,35,45,,,,,,,,,36,30,32,65,85,balanced,1522,1534,1571,true,,,,,,,,24,0,47,,85,0,,,,,,
1024035,1884,北畠家,山路|正国,やまじ|まさくに,山路正国,,北畠家,霧山城,,0,,0,242,47,60,50,42,43,50,D,C,,,,,,,43,40,64,52,85,aggressive,1546,1558,1583,true,山路正幽の子。北畠→柴田勝豊,1024034,,,,,,24,0,47,,85,0,,,,,,
1024036,1885,北畠家,長尾|一勝,ながお|かずかつ,長尾一勝,,北畠家,霧山城,,0,,0,255,46,56,48,51,54,47,,,,,,,,,25,15,36,26,31,balanced,1550,1562,1619,,山路正幽の子。別名：長尾種常。神戸具盛→福島正則,1024034,,,,,,24,0,47,,95,0,,,,,,
1024037,1886,北畠家,星合|教賢,ほしあい|のりかた,星合教賢,,北畠家,霧山城,,0,,0,242,52,47,45,55,43,55,,,,,,,,,54,56,36,69,11,balanced,1538,1550,1609,,北畠→織田秀雄,,,,,,,24,0,47,,95,0,,,,,,
1024038,1887,北畠家,星合|具泰,ほしあい|ともひら,星合具泰,,北畠家,霧山城,,0,,0,254,54,50,43,63,44,57,,,,,,,,,60,64,33,76,11,conservative,1567,1579,1639,,星合教賢の子。北畠→織田秀雄,1024037,,,,,,24,0,47,,95,0,,,,,,
1024039,1888,北畠家,本田|親康,ほんだ|ちかやす,本田親康,,北畠家,霧山城,,0,,0,242,62,58,34,32,56,50,,,,,,,B,,43,40,32,69,18,aggressive,1532,1544,1588,,北畠→織田,,,,,,,24,0,47,,90,0,,,,,,
1222001,1889,長野工藤家,長野|稙藤,ながの|たねふじ,長野稙藤,,北畠家,長野城,伊勢国衆。長野氏当主。長野城主。高田派門徒へ書下を発給するなど地域支配に関与。本願寺証如へ願証寺を通じ太刀や鯨の荒巻を贈り、伊勢の真宗勢力とも関係を結んだ。,78,,0,269,46,45,62,61,55,51,,,,,,,,,25,15,35,49,44,balanced,1504,1516,1562,true,,,,,,,,24,0,49,,95,200,,true,,,,
1222002,1890,長野工藤家,細野|藤光,ほその|ふじみつ,細野藤光,,北畠家,安濃津城,,0,,0,252,52,43,55,53,49,49,,,,,,,,,25,15,20,70,39,balanced,1511,1523,1560,,長野稙藤の子,1222001,,,,,,24,0,251,,95,200,,true,,,,
1222003,1891,長野工藤家,細野|藤敦,ほその|ふじあつ,細野藤敦,,北畠家,安濃津城,長野工藤氏一族。細野藤光の子。安濃城主。信長の伊勢侵攻では籠城して抗戦したが、本家長野氏の降伏に従った。のち織田信包に攻められ、城に火を放って退去した。,76,,0,286,39,51,68,67,61,54,,,,,,,,,25,15,50,61,39,balanced,1540,1552,1603,,細野藤光の子,1222002,,,,,,24,0,251,安濃津城主,95,300,,,,,,
1222004,1892,長野工藤家,分部|光嘉,わけべ|みつよし,分部光嘉,,北畠家,安濃津城,分部氏当主。細野藤光の次男。光高の養子。織田信包に仕え、のち秀吉から一万石を領した。関ヶ原では安濃津城で西軍と戦い、戦後二万石を与えられ伊勢上野藩主となった。,79,,0,300,65,67,61,52,55,58,C,,,,,,,,36,30,43,50,15,balanced,1552,1564,1601,,細野藤光の子、分部光高の養子。長野工藤→織田信包→大名,1222002,1222013,,,,,24,0,251,,90,0,,,,,,
1222005,1893,長野工藤家,分部|光勝,わけべ|みつかつ,分部光勝,,北畠家,安濃津城,,0,,0,207,42,53,36,40,36,46,,,,,,,,,36,30,33,63,15,balanced,1571,1583,1599,,分部光嘉の子,1222004,,,,,,24,0,251,,90,0,,,,,,
1222006,1894,長野工藤家,分部|光信,わけべ|みつのぶ,分部光信,,北畠家,安濃津城,分部光嘉の養子。養父の跡を継ぎ伊勢上野藩主となり、大坂の陣で戦功を挙げた。のち近江大溝へ転封され城下を整備。二条城・大坂城普請や比叡山造営の奉行も務めた。,77,,0,286,45,57,70,61,53,59,,,,,,,,,50,50,23,56,14,conservative,1591,1601,1643,,分部光嘉の養子。長野工藤→織田→羽柴→徳川,,1222004,,,,,24,0,251,,90,0,,,,,,
1222007,1895,長野工藤家,川北|藤元,かわきた|ふじもと,川北藤元,,北畠家,安濃津城,,0,,0,248,44,30,57,65,52,51,,,,,,,,,30,22,22,77,12,balanced,1553,1565,1602,,細野藤光の子。長野工藤→織田信包,1222002,,,,,,24,0,251,,90,0,,,,,,
1222008,1896,長野工藤家,長野|藤定,ながの|ふじさだ,長野藤定,,北畠家,長野城,,0,,0,257,47,50,56,54,50,49,,D,,,,,,,25,15,30,58,44,conservative,1526,1538,1562,true,長野稙藤の子,1222001,,,,,,24,0,49,長野城主,95,500,,,,,,
1222009,1897,長野工藤家,雲林院|祐基,うじい|すけもと,雲林院祐基,,北畠家,長野城,,0,,0,226,42,55,39,47,43,44,D,,,,D,,,,26,16,29,50,41,aggressive,1528,1540,1587,,長野稙藤の子。長野工藤→織田信包,1222001,,,,,,24,0,49,,95,0,,,,,,
1222010,1898,長野工藤家,雲林院|祐光,うじい|すけみつ,雲林院祐光,,北畠家,長野城,,0,,0,204,38,62,35,33,36,42,D,,,,D,,,,32,25,37,42,41,balanced,1547,1559,1601,,雲林院祐基の子。別名：雲林院兵部少輔,1222009,,,,,,24,0,49,,95,0,,,,,,
1222011,1899,長野工藤家,乙部|政直,おとべ|まさなお,乙部政直,,北畠家,長野城,,0,,0,239,44,42,56,52,45,46,,,,,,,,,22,11,32,58,26,balanced,1522,1534,1569,,長野工藤→織田信包,,,,,,,24,0,49,,90,0,,,,,,
1222012,1900,長野工藤家,進藤|政次,しんどう|まさつぐ,進藤政次,,北畠家,長野城,,0,,0,248,41,45,50,61,51,49,,,,,,,,,26,16,22,74,6,balanced,1564,1576,1612,,乙部政直の子。長野工藤→宇喜多,1222011,,,,,,24,0,49,,90,0,,,,,,
1222013,1901,長野工藤家,分部|光高,わけべ|みつたか,分部光高,,北畠家,安濃津城,,0,,0,194,59,43,35,27,30,42,,,,,,,,,29,21,33,61,15,aggressive,1528,1540,1567,,,,,,,,,24,0,251,,90,0,,,,,,
1222014,1902,長野工藤家,長谷川|藤直,はせがわ|ふじなお,長谷川藤直,,北畠家,長野城,,0,,0,200,28,12,60,46,54,47,,,,,,,,,44,42,35,65,2,hermit,1522,1534,1581,,長野具藤→徳川,,,,,,,24,0,49,,90,0,,,,,,
1222015,1903,長野工藤家,長谷川|藤広,はせがわ|ふじひろ,長谷川藤広,,北畠家,長野城,徳川家康の側近。長崎奉行。キリシタン取締りや外国貿易を担当し、有馬晴信とポルトガル船を攻撃。堺奉行・小豆島代官を兼ね、堺復興と長崎・堺間の海上輸送整備に努めた。,80,,0,302,49,59,74,57,63,64,,,,,,,C,,64,70,71,52,2,conservative,1567,1579,1617,,長野具藤→徳川。水軍,,,,,,,24,0,49,,90,0,,,,,,
1061001,1904,肝付家,肝付|兼忠,きもつき|かねただ,肝付兼忠,,肝付家,高山城,,0,,0,0,0,0,0,0,0,0,,,,,,,,,0,0,0,0,2,hermit,1406,9999,1484,,,,,,,,,61,0,173,,95,0,,,,,,
1061002,1905,肝付家,肝付|兼連,きもつき|かねつら,肝付兼連,,肝付家,高山城,,0,,0,0,0,0,0,0,0,0,,,,,,,,,0,0,0,0,2,hermit,1430,9999,1480,,肝付兼忠の子,1061001,,,,,,61,0,173,,95,0,,,,,,
1061003,1906,肝付家,肝付|兼久,きもつき|かねひさ,肝付兼久,,肝付家,高山城,,0,,0,0,0,0,0,0,0,0,,,,,,,,,0,0,0,0,2,hermit,1473,9999,1523,,肝付兼連の子,1061002,,,,,,61,0,173,,95,0,,,,,,
1061004,1907,肝付家,肝付|兼興,きもつき|かねおき,肝付兼興,,肝付家,高山城,,0,,0,0,0,0,0,0,0,0,,,,,,,,,0,0,0,0,2,hermit,1492,9999,1533,,肝付兼久の子,1061003,,,,,,61,0,173,,95,0,,,,,,
1061005,1908,肝付家,肝付|兼続,きもつき|かねつぐ,肝付兼続,,肝付家,高山城,肝付氏当主。兼興の子。高山城主。島津貴久と争い、大隅への進出を阻んだ。恒吉城を攻めて北郷時久勢を破るなど勢力を伸ばし、家臣へ敵情警戒や兵糧輸送を細かく指示した。,80,,0,284,70,66,53,48,47,54,C,,C,D,,,,,50,50,60,32,2,aggressive,1511,1523,1566,,肝付兼興の子,1061004,,,,,,61,0,173,高山城主,100,1000,,,,,,
1061006,1909,肝付家,肝付|良兼,きもつき|よしかね,肝付良兼,,肝付家,高山城,肝付氏17代当主。兼続の子。高山城を本拠に伊東義祐・禰寝氏・伊地知氏らと結んで島津氏に対抗。連合水軍三百艘で鹿児島・向島方面を襲い、大隅で島津氏との抗争を続けた。,80,,0,278,57,60,50,54,57,44,D,C,D,,,,,,29,21,49,38,2,aggressive,1535,1547,1571,,肝付兼続の子,1061005,,,,,,61,0,173,,100,500,,,,,,
1061007,1910,肝付家,肝付|兼亮,きもつき|かねすけ,肝付兼亮,,肝付家,高山城,,0,,0,131,23,27,32,23,26,45,,,,,,,,,26,16,52,32,97,balanced,1558,1570,1634,,肝付兼続の子、肝付良兼の娘婿,1061005,1061006,,,,,61,0,173,,95,0,,,,,,
1061008,1911,肝付家,肝付|兼護,きもつき|かねもり,肝付兼護,,肝付家,高山城,,0,,0,182,34,39,34,39,36,41,,,,,,,,,26,16,27,67,7,conservative,1561,1573,1600,true,肝付兼続の子,1061005,,,,,,61,0,173,,95,0,,,,,,
1061009,1912,肝付家,肝付|兼幸,きもつき|かねゆき,肝付兼幸,,肝付家,高山城,,0,,0,173,35,22,39,40,37,40,,,,,,,,,22,11,14,55,7,aggressive,1592,1604,1611,true,肝付兼護の子,1061008,,,,,,61,0,173,,95,0,,,,,,
1061010,1913,肝付家,肝付|兼光,きもつき|かねみつ,肝付兼光,,島津家,加治木城,,0,,0,0,0,0,0,0,0,0,,,,,,,,,0,0,0,0,14,hermit,1436,9999,1483,,肝付兼忠の子,1061001,,,,,,26,0,171,,95,0,,,,,,
1061011,1914,肝付家,肝付|兼固,きもつき|かねかた,肝付兼固,,島津家,加治木城,,0,,0,0,0,0,0,0,0,0,,,,,,,,,0,0,0,0,14,hermit,1460,9999,1510,,肝付兼光の子,1061010,,,,,,26,0,171,,95,0,,,,,,
1061012,1915,肝付家,肝付|兼演,きもつき|かねひろ,肝付兼演,,島津家,加治木城,,0,,0,217,35,42,47,45,48,53,,,,,,,,,64,70,57,44,14,aggressive,1498,1510,1552,,肝付兼固の子,1061011,,,,,,26,0,171,,95,0,,,,,,
1061013,1916,肝付家,肝付|兼盛,きもつき|かねもり,肝付兼盛,,島津家,加治木城,,0,,0,226,54,45,46,41,40,54,,,,,,,,,64,70,45,61,14,aggressive,1533,1545,1578,,肝付兼演の子,1061012,,,,,,26,0,171,,95,0,,,,,,
1061014,1917,肝付家,肝付|兼寛,きもつき|かねひろ,肝付兼寛,,島津家,加治木城,,0,,0,230,50,59,41,39,41,54,,,,,,,,,64,70,40,68,14,aggressive,1558,1570,1590,,肝付兼盛の子,1061013,,,,,,26,0,171,,95,0,,,,,,
1061015,1918,肝付家,肝付|兼篤,きもつき|かねあつ,肝付兼篤,,島津家,加治木城,,0,,0,213,47,45,45,39,37,46,,,,,,,,,68,75,42,67,13,balanced,1562,1574,1609,,肝付兼盛の子,1061013,,,,,,26,0,171,,95,0,,,,,,
1061016,1919,肝付家,肝付|兼武,きもつき|かねたけ,肝付兼武,,島津家,加治木城,,0,,0,178,38,32,45,33,30,41,,,,,,,,,36,30,40,54,13,conservative,1601,1609,1635,,肝付兼篤の子,1061015,,,,,,26,0,171,,95,0,,,,,,
1061017,1920,肝付家,安楽|兼寛,あんらく|かねひろ,安楽兼寛,,肝付家,高山城,,0,,0,269,61,68,44,39,57,59,,,,D,,,,,50,50,28,78,99,conservative,1530,1542,1579,,,,,,,,,61,0,173,,95,0,,,,,,
1061018,1921,肝付家,安楽|兼之,あんらく|かねゆき,安楽兼之,,肝付家,高山城,,0,,0,252,53,40,51,57,51,52,,,,,,,,,36,30,31,66,2,balanced,1509,1521,1568,,,,,,,,,61,0,173,,95,0,,,,,,
1061019,1922,肝付家,安楽|兼朗,あんらく|かねあき,安楽兼朗,,肝付家,高山城,,0,,0,234,37,12,62,65,58,56,,,,,,,,,18,5,18,62,2,conservative,1536,1548,1590,,安楽兼之の子,1061018,,,,,,61,0,173,,95,0,,,,,,
1061020,1923,肝付家,伊地知|重興,いじち|しげおき,伊地知重興,,肝付家,垂水城,大隅国衆。下大隅五所の領主。肝付・禰寝・伊東氏と結び島津氏に反し、水軍で鹿児島を攻撃。小浜城を奪い守将を討つが、のち五所を挙げて義久に降り、下城を与えられた。,79,,0,264,52,54,42,52,64,29,D,,,D,,,,,26,16,47,38,17,conservative,1528,1540,1580,,肝付→1574島津,,,,,,,61,0,172,垂水城主,85,300,,,,,,
1061021,1924,肝付家,伊地知|重政,いじち|しげまさ,伊地知重政,,肝付家,垂水城,,0,,0,162,7,4,54,41,56,24,,,,,,,,,26,16,32,60,17,hermit,1540,1552,1618,,肝付→1574島津,,,,,,,61,0,172,,85,0,,,,,,
1061022,1925,肝付家,検見崎|兼書,けみさき|かねふみ,検見崎兼書,,肝付家,高山城,,0,,0,268,58,47,57,48,58,56,,,,,,,,,32,25,24,74,2,balanced,1513,1525,1565,,,,,,,,,61,0,173,,95,0,,,,,,
1061023,1926,肝付家,検見崎|兼泰,けみさき|かねやす,検見崎兼泰,,肝付家,高山城,,0,,0,248,41,39,66,49,53,53,,,,,,,,,37,32,28,71,2,conservative,1535,1547,1587,,検見崎兼書の子,1061022,,,,,,61,0,173,,95,0,,,,,,
1061024,1927,肝付家,禰寝|清年,ねじめ|きよとし,禰寝清年,,肝付家,垂水城,,0,,0,259,59,62,51,45,42,46,C,,D,,,,,,26,16,39,50,2,aggressive,1510,1522,1559,,,,,,,,,61,0,172,,95,0,,,,,,
1061025,1928,肝付家,禰寝|重長,ねじめ|しげたけ,禰寝重長,,肝付家,垂水城,大隅国衆。禰寝清年の子。種子島家の内紛に兵を率いて介入。のち肝付・伊地知・伊東氏と結び島津氏に抗したが、義久へ降伏して帰順し、肝付氏の孤立と大隅統一を促した。,79,,0,263,40,44,61,61,57,54,,,,,,,,,26,16,52,32,19,balanced,1536,1548,1580,,禰寝清年の子。肝付→1573島津,1061024,,,,,,61,0,172,,85,0,,,,,,
1061026,1929,肝付家,禰寝|重張,ねじめ|しげひら,禰寝重張,,肝付家,垂水城,島津家臣。禰寝重長の子。禰寝氏十七代当主。秀吉の命で大隅から薩摩吉利へ移封され、私領主として重臣となった。園林寺を小根占から吉利へ移し、歴代領主の菩提所とした。,80,,0,244,30,39,65,59,51,50,,,,,,,,,36,30,47,44,19,conservative,1566,1578,1629,,禰寝重長の子。肝付→1573島津,1061025,,,,,,61,0,172,,85,0,,,,,,
1061027,1930,肝付家,薬丸|兼将,やくまる|かねまさ,薬丸兼将,,肝付家,高山城,肝付家臣。出雲守。東郷氏や荒武氏などへ書状を送り、使節や所用の取り次ぎに携わった。肝付氏の家中と周辺勢力を結ぶ連絡・折衝の実務を担い、領国運営を支えた。,76,,0,317,71,66,49,62,69,61,D,,,,,,,,26,16,24,64,9,hermit,1512,1524,1576,true,,,,,,,,61,0,173,,95,500,true,,,,,
1061028,1931,肝付家,薬丸|兼持,やくまる|かねもち,薬丸兼持,,肝付家,高山城,肝付家臣。龍相城守将。兼将の子。甑武清が龍相城を襲うと城外で迎撃し退けた。戦ヶ島では島津忠親の大軍を迎え、大野出羽守と一騎打ちして深手を負わせ討死した。,76,,0,294,64,68,54,48,60,60,D,,,,,,,,30,22,25,72,9,aggressive,1530,1542,1566,true,薬丸兼将の子,1061027,,,,,,61,0,173,,95,0,,,,,,
1061029,1932,肝付家,薬丸|兼成,やくまる|かねしげ,薬丸兼成,,肝付家,高山城,肝付家臣。薬丸兼持の子。薬丸家は代々肝付氏の家老を務め、家伝の剣法「野太刀」を継承。野太刀の使い手として名高く、示現流を開く東郷重位の初陣では介添え役を務めた。,80,,0,280,68,75,33,42,62,61,,,D,D,,,,,22,11,24,69,9,balanced,1552,1564,1603,,薬丸兼持の子,1061028,,,,,,61,0,173,,95,0,,,,,,
1075001,1933,黒川家,黒川|景氏,くろかわ|かげうじ,黒川景氏,,黒川家,鶴楯城,陸奥黒川郡の国衆。大崎氏の内訌に際して古川城へ出兵し、伊達氏天文の乱にも関与した。のちに鶴巣館を築いて御所館から本拠を移し、黒川郡内でさらに勢力を広げた。,77,,0,297,68,60,52,63,54,59,D,,,,,,,,36,30,45,75,88,balanced,1484,1496,1552,,,,,,,,,75,0,204,,95,0,,,,,,
1075002,1934,黒川家,黒川|稙国,くろかわ|たねくに,黒川稙国,,黒川家,鶴楯城,,0,,0,246,46,40,54,58,48,51,,,,,,,,,36,30,41,59,88,conservative,1502,1514,1560,,黒川景氏の子,1075001,,,,,,75,0,204,,95,200,,,,,,
1075003,1935,黒川家,黒川|稙家,くろかわ|たねいえ,黒川稙家,,黒川家,鶴楯城,,0,,0,291,61,60,57,54,59,58,,,,,,,,,36,30,33,63,88,conservative,1521,1533,1568,,黒川稙国の子,1075002,,,,,,75,0,204,鶴楯城主,100,1000,,true,,,,
1075004,1936,黒川家,黒川|晴氏,くろかわ|はるうじ,黒川晴氏,1591:0|月舟斎:0|げっしゅうさい,黒川家,鶴楯城,黒川氏当主。月舟斎。黒川郡を領し、大崎・伊達両氏の間で勢力を保った。大崎合戦では大崎方へ転じて伊達軍に反旗を翻す。奥州仕置で黒川郡は伊達領となり、所領を失った。,80,,0,356,77,72,57,64,86,66,,B,,,,,,,36,30,47,44,87,balanced,1523,1535,1599,,黒川稙国の子,1075002,,,,,,75,0,204,,95,500,,,,,,
1075005,1937,黒川家,黒川|義康,くろかわ|よしやす,黒川義康,,黒川家,鶴楯城,,0,,0,207,50,54,34,33,36,45,,,,,,,,,33,26,33,62,87,aggressive,1551,1563,1626,,大崎義直の子、黒川晴氏の養子,1076004,1075004,,,,,75,0,204,,95,0,,,,,,
1075006,1938,黒川家,八谷|氏則,はちや|うじのり,八谷氏則,,黒川家,鶴楯城,,0,,0,251,61,67,38,35,50,52,,D,,,,,,,36,30,34,62,90,conservative,1538,1550,1590,true,黒川稙国の子,1075002,,,,,,75,0,204,,95,0,,,,,,
1075007,1939,黒川家,飯坂|氏定,いいざか|うじさだ,飯坂氏定,,黒川家,鶴楯城,,0,,0,221,41,39,54,43,44,43,,,,,,,,,22,11,71,45,2,aggressive,1534,1546,1571,,黒川景氏の子、飯坂宗康の養子。黒川→1563長尾,1075001,1075012,,,,,75,0,204,,95,0,,,,,,
1075008,1940,黒川家,大衡|宗氏,おおひら|むねうじ,大衡宗氏,,黒川家,鶴楯城,,0,,0,275,56,59,49,52,59,54,,,,,,,,,28,19,33,69,85,balanced,1536,1548,1590,true,黒川景氏の子,1075001,,,,,,75,0,204,,95,0,,,,,,
1075009,1941,黒川家,大衡|氏胤,おおひら|うじたね,大衡氏胤,,黒川家,鶴楯城,,0,,0,221,44,55,38,36,48,46,,,,,,,,,28,19,23,74,85,balanced,1558,1570,1610,,大衡宗氏の子。黒川→留守政景,1075008,,,,,,75,0,204,,95,0,,,,,,
1075010,1942,黒川家,細川|重定,ほそかわ|しげさだ,細川重定,,黒川家,鶴楯城,,0,,0,199,42,60,32,30,35,47,,,,,,,,,50,50,40,61,92,aggressive,1537,1549,1590,true,黒川景氏の子,1075001,,,,,,75,0,204,,95,0,,,,,,
1075011,1943,黒川家,八森|定直,はちもり|さだなお,八森定直,,黒川家,鶴楯城,,0,,0,227,59,55,36,35,42,45,,,,,,,,,24,14,29,63,92,conservative,1540,1552,1610,,黒川景氏の子,1075001,,,,,,75,0,204,,95,0,,,,,,
1075012,1944,黒川家,飯坂|宗康,いいざか|むねやす,飯坂宗康,,黒川家,鶴楯城,,0,,0,220,49,54,40,38,39,46,,,,,,,,,30,22,41,64,2,balanced,1512,1524,1589,,,,,,,,,75,0,204,,95,0,,,,,,
1075013,1945,黒川家,郷右近|可斎,ごううこん|かさい,郷右近可斎,,黒川家,鶴楯城,,0,,0,211,30,20,49,48,64,40,,,,,,,,,17,4,13,68,90,hermit,1515,1527,1576,,,,,,,,,75,0,204,,95,0,true,,,,,
1075014,1946,黒川家,佐藤|忠冬,さとう|ただふゆ,佐藤忠冬,,黒川家,鶴楯城,,0,,0,175,40,38,35,31,31,37,,,,,,,,,22,11,27,66,86,balanced,1523,1535,1575,,,,,,,,,75,0,204,,95,0,,,,,,
1075015,1947,黒川家,松坂|定頼,まつざか|さだより,松坂定頼,,黒川家,鶴楯城,,0,,0,197,43,50,38,35,31,43,,,,,,,,,32,25,48,69,78,aggressive,1557,1569,1590,true,,,,,,,,75,0,204,,95,0,,,,,,
1005001,1948,斎藤家,長井|利隆,ながい|としたか,長井利隆,,一色家,稲葉山城,,0,,0,0,0,0,0,0,0,0,,,,,,,,,0,0,0,0,80,hermit,1460,9999,1533,,,,,,,,,6,0,3,,95,0,,,,,,
1005002,1949,斎藤家,長井|規秀,ながい|のりひで,斎藤道三,1535:斎藤|利政:さいとう|としまさ/1549:0|道三:0|どうさん,一色家,稲葉山城,美濃斎藤氏当主。稲葉山城と城下を整備し、守護・土岐頼芸を追放して美濃を掌握。織田信秀と戦ったのち和睦し、娘を信長に嫁がせた。晩年は子の義龍に敗れて討死した。,78,,0,421,82,88,75,78,98,57,A,,,,,,,謀将,50,50,88,10,80,aggressive,1494,1506,1556,true,長井利隆の子。別名：斎藤道三,1005001,,,,,,6,0,3,,95,0,,,,,,
1005003,1950,斎藤家,斎藤|利尚,さいとう|としひさ,斎藤利尚,1555:0|高政:0|たかまさ/1559:一色|義龍:いっしき|よしたつ,一色家,稲葉山城,美濃斎藤氏当主。父・道三と対立し、弟らを殺害して長良川で道三を討った。宿老制を敷き知行・軍役体制を整えて支配を再編。信長の侵攻を防ぐが若くして急死した。,76,,0,422,84,80,88,85,85,73,,B,,,,,,謀将,25,15,90,11,29,balanced,1527,1539,1561,,長井規秀の子。別名：一色義龍、斎藤義龍,1005002,,,,,,6,0,3,稲葉山城主,100,1500,,,saitou_yoshitatsu.webp,,,1006006:120
1005004,1951,斎藤家,斎藤|龍興,さいとう|たつおき,斎藤龍興,1559:一色|0:いっしき|0/1566:0|義棟:0|よしむね,一色家,稲葉山城,斎藤氏当主。稲葉山城主。父・義龍の死後に家督を継ぎ、織田信長の侵攻に抗した。重臣らの離反で城を失うと伊勢長島へ逃れ、朝倉義景を頼ったが刀禰坂の戦いで討死した。,79,,0,243,44,67,30,57,45,31,,,,,,,,,25,15,81,29,29,aggressive,1548,1560,1573,true,斎藤利尚の子、一色龍興、一色義棟,1005003,,,,,,6,0,3,,95,500,,,saitou_tatsuoki.webp,,,
1005005,1952,斎藤家,斎藤|利治,さいとう|としはる,斎藤利治,,一色家,稲葉山城,斎藤道三の子。斎藤氏滅亡後に織田信長へ仕え、信忠の重臣として美濃・越中など各地を転戦した。甲州征伐にも従軍し、本能寺の変後は越中で上杉軍と戦う中で没した。,77,,0,358,80,70,64,68,76,67,D,,C,,,,,,36,30,29,70,97,conservative,1541,1553,1582,true,長井規秀の子。斎藤→織田信忠家臣,1005002,,,,,,6,0,3,,95,0,,,,,,
1005006,1953,斎藤家,斎藤|義興,さいとう|よしおき,斎藤義興,,一色家,稲葉山城,,0,,0,250,58,63,45,37,47,56,,,,,,,,,36,30,58,68,97,balanced,1579,1591,1626,,斎藤利治の子。斎藤→森長可→織田秀信→1601～池田輝政,1005005,,,,,,6,0,3,,95,0,,,,,,
1005007,1954,斎藤家,長井|道利,ながい|みちとし,長井道利,,一色家,稲葉山城,斎藤家臣。美濃可児郡の国衆。烏峰城を支配し、斎藤領国東端を担った。道三・義龍・龍興の三代に仕え、織田信長の美濃侵攻に抗戦して美濃斎藤氏を支えた。,72,,0,322,60,50,70,70,72,63,D,,D,D,,,,,25,15,45,68,34,conservative,1501,1513,1571,,長井利隆の子。東常慶の養子,1005001,1023013,,,,,6,0,3,,95,300,,,,,,
1005008,1955,斎藤家,長井|道勝,ながい|みちかつ,長井道勝,,一色家,稲葉山城,,0,,0,235,54,63,39,37,42,52,,,,,,,,,36,30,32,65,34,aggressive,1521,1533,1618,,長井道利の子。斎藤→織田→羽柴→池田（ずっと岐阜城）,1005007,,,,,,6,0,3,,95,0,,,,,,
1005009,1956,斎藤家,安藤|守就,あんどう|もりなり,安藤守就,,一色家,北方城,美濃三人衆の一人。西美濃に勢力を築き、斎藤氏から信長へ転じる。岐阜攻略で内応して本領を安堵される。のち追放され、本能寺の変後に旧領回復を図るも稲葉一鉄に敗れた。,80,,0,327,69,71,60,62,65,58,,,D,D,,,,,50,50,51,31,88,balanced,1523,1535,1582,true,西美濃三人衆,,,,,,,6,0,183,北方城主,95,500,,,,,,
1005010,1957,斎藤家,安藤|定治,あんどう|さだはる,安藤定治,,一色家,北方城,織田家臣。安藤守就の子。父とともに斎藤氏から織田信長に従う。武田氏への内通を疑われ父子で追放された。本能寺の変後に旧領回復を図って挙兵し、稲葉良通と戦った。,78,,0,273,63,65,55,44,46,59,,D,,,,,,,50,50,65,39,88,balanced,1547,1559,1582,true,安藤守就の子,1005009,,,,,,6,0,183,,95,0,,,,,,
1005011,1958,斎藤家,稲葉|良通,いなば|よしみち,稲葉良通,1574:0|一鉄:0|いってつ,一色家,曽根城,美濃国衆。曽根城主。土岐・斎藤氏に仕え、西美濃三人衆の一人として勢力を築いた。信長の美濃攻略に内応して本領を安堵された。以後は美濃勢を率いて各地を転戦した。,78,,0,328,71,68,59,61,69,65,C,D,,B,,,,医術,54,56,50,41,96,balanced,1515,1527,1588,,西美濃三人衆。別名：稲葉一鉄,,,,,,,6,0,182,曽根城主,95,500,,,,,,
1005012,1959,斎藤家,稲葉|重通,いなば|しげみち,稲葉重通,,一色家,曽根城,織田・豊臣家臣。稲葉一鉄の子。信長・秀吉に仕え、父の死後は美濃清水城主となり一万二千石を継いだ。晩年は秀吉の御咄衆として近侍し、清水藩主稲葉家の祖となった。,78,,0,311,66,60,60,63,62,59,D,,,,,,,,54,55,41,61,94,balanced,1544,1556,1598,,稲葉良通の子,1005011,,,,,,6,0,182,,95,0,,,,,,
1005013,1960,斎藤家,稲葉|道通,いなば|つねみち,稲葉道通,,一色家,曽根城,織田・豊臣家臣。稲葉重通の子。兄の牧村利貞の死後に遺領を継いで伊勢岩出城主となった。関ヶ原では徳川方に属して戦功を挙げ田丸城主となり、同城を大改修した。,76,,0,298,65,54,55,60,64,58,,,,,,,,,54,55,49,50,93,balanced,1570,1582,1608,,稲葉重通の子。斎藤→羽柴→徳川,1005012,,,,,,6,0,182,,95,0,,,,,,
1005014,1961,斎藤家,稲葉|正成,いなば|まさなり,稲葉正成,,一色家,曽根城,稲葉重通の養子。小早川秀秋の家老を務め、関ヶ原では秀秋を徳川方へ転じさせた。のち徳川家に仕え、美濃十七条・越後糸魚川を経て下野真岡を領し、大名となった。,76,,0,317,63,58,63,65,68,41,,D,D,,,,,,54,55,57,38,94,conservative,1571,1583,1628,,稲葉重通の子,1005012,,,,,,6,0,182,,95,0,,,,,,
1005015,1962,斎藤家,稲葉|貞通,いなば|さだみち,稲葉貞通,,一色家,曽根城,織田・豊臣家臣。曾根城主。一鉄の子。信長に仕え、本能寺の変後は秀吉に属して郡上八幡城主となる。小田原征伐・朝鮮出兵に従軍し、関ヶ原後は豊後臼杵五万石を領した。,79,,0,251,48,58,54,48,43,47,D,,,,,,,,50,50,34,38,96,balanced,1546,1558,1603,,稲葉良通の子,1005011,,,,,,6,0,182,,95,0,,,,,,
1005016,1963,斎藤家,稲葉|典通,いなば|のりみち,稲葉典通,,一色家,曽根城,織田・豊臣・徳川家臣。稲葉貞通の長男。信長に仕え美濃曽根城主となり、秀吉の九州攻めに従軍。関ヶ原では岐阜城陥落後に父と東軍へ属し、のち豊後臼杵藩主を継いだ。,78,,0,272,54,54,57,55,52,57,,,,,,,,,50,50,44,55,96,aggressive,1566,1578,1626,,稲葉貞通の子,1005015,,,,,,6,0,182,,95,0,,,,,,
1005017,1964,斎藤家,猪子|高就,いのこ|たかなり,猪子高就,,一色家,稲葉山城,,0,,0,206,46,57,41,31,31,55,,,,,,,,,22,11,34,56,90,conservative,1546,1558,1582,true,,,,,,,,6,0,3,,95,0,,,,,,
1005018,1965,斎藤家,桑原|直元,くわはら|なおもと,桑原直元,1559:氏家|0:うじいえ|0/1567:0|卜全:0|ぼくぜん,一色家,大垣城,美濃三人衆の一人。斎藤氏に仕えたのちに織田信長へ内応し、美濃攻略に貢献。信長配下として伊勢長島攻めに参加し、討死した。,59,,0,326,73,76,57,58,62,62,D,C,,,,,,,54,56,34,50,3,balanced,1513,1525,1571,true,西美濃三人衆。別名：氏家卜全,,,,,,,6,0,36,大垣城主,95,500,,,,,,
1005019,1966,斎藤家,氏家|直昌,うじいえ|なおまさ,氏家直昌,,一色家,大垣城,織田家臣。大垣城主。氏家直元（卜全）の子。父の戦死後に家督を継ぎ、小谷・越前・天王寺などに従軍。有岡城攻めでは四角屋敷を守り、荒木方の出撃にも応戦した。,76,,0,274,64,70,35,51,54,56,,D,,,,,,,50,50,45,68,3,aggressive,1542,1554,1583,,桑原直元の子,1005018,,,,,,6,0,36,,95,0,,,,,,
1005020,1967,斎藤家,氏家|行広,うじいえ|ゆきひろ,氏家行広,,一色家,大垣城,,0,,0,232,50,59,40,40,43,48,,D,,D,,,,,50,50,54,53,11,balanced,1546,1558,1615,true,桑原直元の子,1005018,,,,,,6,0,36,,95,0,,,,,,
1005021,1968,斎藤家,遠藤|胤好,えんどう|たねよし,遠藤胤好,,一色家,大垣城,,0,,0,0,0,0,0,0,0,0,,,,,,,,,0,0,0,0,93,hermit,1480,9999,1530,,,,,,,,,6,0,36,,95,0,,,,,,
1005022,1969,斎藤家,遠藤|胤縁,えんどう|たねより,遠藤胤縁,,一色家,大垣城,,0,,0,0,0,0,0,0,0,0,,,,,,,,,0,0,0,0,93,hermit,1510,9999,1559,,遠藤胤好の子,1005021,,,,,,6,0,36,,95,0,,,,,,
1005023,1970,斎藤家,遠藤|盛数,えんどう|もりかず,遠藤盛数,,一色家,郡上八幡城,,0,,0,236,48,58,37,41,52,61,,,,,,,,,50,50,45,68,89,aggressive,1527,1539,1562,,遠藤胤好の子、東常慶の養子,1005021,1023013,,,,,6,0,50,郡上八幡城主,95,200,,,,,,
1005024,1971,斎藤家,遠藤|慶隆,えんどう|よしたか,遠藤慶隆,,一色家,郡上八幡城,郡上遠藤氏当主。八幡城を拠点に信長・秀吉へ従うが、秀吉に郡上を没収。関ヶ原では東軍につき、西軍の守る八幡城を攻めた功で旧領を回復し、郡上八幡藩主となった。,77,,0,317,59,66,49,73,70,57,,,,,,,,,50,50,48,50,89,aggressive,1550,1562,1632,,遠藤盛数の子,1005023,,,,,,6,0,50,,95,0,,,,,,
1005025,1972,斎藤家,遠藤|胤俊,えんどう|たねとし,遠藤胤俊,,一色家,郡上八幡城,,0,,0,199,46,44,36,35,38,47,,,,,,,,,46,44,40,45,91,balanced,1546,1558,1570,true,遠藤胤縁の子,1005022,,,,,,6,0,50,,95,0,,,,,,
1005026,1973,斎藤家,遠藤|胤基,えんどう|たねもと,遠藤胤基,,一色家,郡上八幡城,,0,,0,209,52,54,29,43,31,43,,,,,,,,,46,44,63,26,91,aggressive,1548,1560,1592,,遠藤胤縁の子,1005022,,,,,,6,0,50,,95,0,,,,,,
1005027,1974,斎藤家,大沢|正秀,おおさわ|まさひで,大沢正秀,,一色家,稲葉山城,,0,,0,231,34,58,51,55,33,49,,,,,,,,,16,2,55,38,10,aggressive,1547,1559,1622,,斎藤→柴田→勝豊→羽柴→小田原浪人,,,,,,,6,0,3,,95,0,,,,,,
1005028,1975,斎藤家,加藤|光泰,かとう|みつやす,加藤光泰,,一色家,稲葉山城,豊臣家臣。もとは斎藤龍興に仕え、斎藤氏滅亡後は信長を経て秀吉に属す。山崎戦後、周山・大垣を経て甲斐二十四万石を領し甲府城を築城。文禄の役で朝鮮に渡り病没した。,79,,0,243,57,49,54,41,42,49,,D,D,,,,,,57,60,50,63,16,balanced,1537,1549,1593,,,,,,,,,6,0,3,,95,0,,,,,,
1005029,1976,斎藤家,加藤|貞泰,かとう|さだやす,加藤貞泰,,一色家,稲葉山城,豊臣・徳川家臣。大洲藩初代藩主。光泰の子。父の死後、美濃黒野を領して築城と治水を進めた。大坂の陣後に伊予大洲へ入り、大洲城の修復や船手組の整備に努めた。,76,,0,258,55,51,48,50,54,57,,,,,,,,,52,53,55,40,94,aggressive,1580,1592,1623,,加藤光泰の子。斎藤→羽柴→徳川,1005028,,,,,,6,0,3,,95,0,,,,,,
1005030,1977,斎藤家,岸|信周,きし|のぶちか,岸信周,,一色家,稲葉山城,,0,,0,236,62,64,38,36,36,58,D,,,,,,,,25,15,30,81,11,aggressive,1513,1525,1565,true,,,,,,,,6,0,3,,95,0,,,,,,
1005031,1978,斎藤家,小牧|道家,こまき|みちいえ,小牧道家,,一色家,稲葉山城,,0,,0,251,39,65,44,55,48,58,,,,,,,,,50,50,31,76,71,aggressive,1527,1539,1572,,別名：小牧源太,,,,,,,6,0,3,,95,0,,,,,,
1005032,1979,斎藤家,斎藤|利良,さいとう|としよし,斎藤利良,,一色家,稲葉山城,,0,,0,238,51,42,42,47,56,47,,,,,,,,,29,21,44,44,55,balanced,1477,1489,1537,,,,,,,,,6,0,3,,95,0,,,,,,
1005033,1980,斎藤家,斎藤|利茂,さいとう|とししげ,斎藤利茂,,一色家,稲葉山城,,0,,0,214,33,40,49,46,46,48,,,,,,,,,29,21,40,50,55,hermit,1506,1518,1542,,斎藤利良の子,1005032,,,,,,6,0,3,,95,0,,,,,,
1005034,1981,斎藤家,原|長頼,はら|ながより,原長頼,,一色家,稲葉山城,織田家臣。信長に仕え越前勝山城主となる。賤ヶ岳では柴田勝家方の先鋒を務め、敗戦後は秀吉に従った。のち美濃太田山城主となり、関ヶ原で西軍に属して敗れ自害した。,78,,0,271,63,67,41,46,54,67,,D,C,,,,,,57,60,65,61,91,aggressive,1544,1556,1600,true,,,,,,,,6,0,3,,95,0,,,,,,
1005035,1982,斎藤家,日根野|弘就,ひねの|ひろなり,日根野弘就,1566:延永|0:のぶなが|0/1574:日根野|0:ひねの|0,一色家,稲葉山城,斎藤家臣。道三・義龍・龍興に仕え、斎藤氏滅亡後は諸家を経て信長に属す。伊勢長島攻めなどに従軍し、のち秀吉に仕えて小牧・長久手の戦いにも参陣。高野山で出家した。,79,,0,322,65,71,59,63,64,62,C,D,,D,,,,謀将,50,50,67,37,29,balanced,1520,1532,1602,,斎藤→氏真→1569浅井→1572長島→1574織田→羽柴,,,,,,,6,0,3,,95,300,true,,,,,
1005036,1983,斎藤家,日根野|高吉,ひねの|たかよし,日根野高吉,1566:延永|0:のぶなが|0/1574:日根野|0:ひねの|0,一色家,稲葉山城,豊臣家臣。日根野弘就の子。小田原攻めの戦功で信濃諏訪を与えられ、湖畔に高島城を築いた。城下町を整えて諏訪領内支配の基礎を固めたが、関ヶ原直前に死去した。,76,,0,274,56,68,58,42,50,58,D,C,,D,,,,,50,50,38,63,14,balanced,1539,1551,1600,,日根野弘就の子。斎藤→織田→信孝→羽柴,1005035,,,,,,6,0,3,,95,0,,,,,,
1005037,1984,斎藤家,日根野|吉明,ひねの|よしあき,日根野吉明,1566:延永|0:のぶなが|0/1574:日根野|0:ひねの|0,一色家,稲葉山城,豊後府内藩主。日根野高吉の子。父の急死で高島城を継ぎ、関ヶ原では東軍に従った。戦後は下野壬生へ移り大坂の陣で戦功を挙げ、のち豊後府内へ転封され初瀬井路を開いた。,80,,0,224,45,60,43,38,38,57,,,,,,,,,50,50,50,46,99,aggressive,1587,1599,1656,,日根野高吉の子。羽柴→徳川,1005036,,,,,,6,0,3,,95,0,,,,,,
1005038,1985,斎藤家,不破|光治,ふわ|みつはる,不破光治,,一色家,稲葉山城,斎藤家臣。美濃の有力国衆。斎藤氏滅亡後に信長へ従い、越前一向一揆平定後は前田利家・佐々成政と府中二郡を預かる。龍門寺城を居城とし柴田勝家の目付を務めた。,76,,0,319,71,70,52,60,66,43,D,C,,,,,,,43,40,50,70,90,balanced,1521,1533,1583,,,,,,,,,6,0,3,,95,0,,,,,,
1005039,1986,斎藤家,松野|一忠,まつの|かずただ,松野一忠,,一色家,北方城,,0,,0,257,56,65,46,39,51,59,,,,,,,,,60,64,21,86,4,balanced,1539,1551,1582,true,安藤守就家臣,,,,,,,6,0,183,,95,0,,,,,,
1005040,1987,斎藤家,松野|重元,まつの|しげもと,松野重元,,一色家,北方城,,0,,0,232,65,67,28,30,42,57,,,B,,,,,,71,80,40,72,4,aggressive,1573,1585,1655,,松野一忠の子。安藤守就家臣,1005039,,,,,,6,0,183,,95,0,,,,,,
1005041,1988,斎藤家,横山|長隆,よこやま|ながたか,横山長隆,,一色家,曽根城,,0,,0,188,39,47,32,31,39,54,,,,,,,,,47,45,59,32,96,aggressive,1539,1551,1583,,稲葉→金森→前田,,,,,,,6,0,182,,95,0,,,,,,
1005042,1989,斎藤家,横山|長知,よこやま|ながちか,横山長知,,一色家,曽根城,,0,,0,208,44,32,40,42,50,56,,,,,,,,,47,45,39,61,96,balanced,1568,1580,1646,,横山長隆の子。稲葉→金森→前田,1005041,,,,,,6,0,182,,95,0,,,,,,
1220001,1990,土岐家,土岐|政房,とき|まさふさ,土岐政房,,一色家,曽根城,,0,,0,0,0,0,0,0,0,0,,,,,,,,,0,0,0,0,92,hermit,1466,9999,1519,,,,,,,,,6,0,182,,95,0,,,,,,
1220002,1991,土岐家,土岐|頼武,とき|よりたけ,土岐頼武,,一色家,曽根城,,0,,0,187,41,40,39,33,34,48,,,,,,,,,22,11,34,55,92,balanced,1498,1510,1547,,土岐政房の子。別名：土岐政頼,1220001,,,,,,6,0,182,,95,0,,,,,,
1220003,1992,土岐家,土岐|頼芸,とき|よりのり,土岐頼芸,,六角家,壺笠山城,美濃守護。家督争いを経て土岐氏当主となり大桑城を本拠とした。斎藤道三に追われて美濃を失い、諸国を流浪。晩年に旧臣・稲葉一鉄のもとで帰国した。鷹の絵にも優れた。,79,,0,265,46,28,60,65,66,48,,,,,,,,,26,16,24,72,93,balanced,1502,1514,1582,,土岐政房の子。斎藤→六角,1220001,,,,,,18,0,27,,95,200,,true,,,,
1220004,1993,土岐家,土岐|頼栄,とき|よりひで,土岐頼栄,,一色家,曽根城,,0,,0,238,49,61,38,39,51,44,,,,,,,,,22,11,34,55,93,conservative,1524,1536,1561,,土岐頼芸の子。別名：土岐頼秀,1220003,,,,,,6,0,182,,95,200,,true,,,,
1220005,1994,土岐家,土岐|頼次,とき|よりつぐ,土岐頼次,,一色家,曽根城,,0,,0,201,34,40,43,48,36,16,,,,,,,,,29,21,10,55,94,conservative,1545,1557,1614,,土岐頼芸の子。斎藤義龍→松永→羽柴→徳川秀忠,1220003,,,,,,6,0,182,,95,0,,,,,,
1220006,1995,土岐家,土岐|頼勝,とき|よりかつ,土岐頼勝,,一色家,曽根城,,0,,0,167,25,13,37,50,42,37,,,,,,,,,29,21,25,51,94,conservative,1578,1590,1666,,土岐頼次の子。斎藤義龍→松永→羽柴→徳川秀忠,1220005,,,,,,6,0,182,,95,0,,,,,,
1220007,1996,土岐家,土岐|頼元,とき|よりもと,土岐頼元,,一色家,曽根城,,0,,0,181,22,23,47,44,45,49,,,,,,,,,29,21,33,61,90,balanced,1546,1558,1608,,土岐頼芸の子,1220003,,,,,,6,0,182,,95,0,,,,,,
1220008,1997,土岐家,揖斐|光親,いび|みつちか,揖斐光親,,一色家,曽根城,,0,,0,216,50,44,38,45,39,50,,,,,,,,,22,11,36,52,88,aggressive,1504,1516,1573,,土岐政房の子,1220001,,,,,,6,0,182,,95,0,,,,,,
1220009,1998,土岐家,関|成重,せき|なりしげ,関成重,,一色家,稲葉山城,,0,,0,205,37,28,51,48,41,46,,,,,,,,,42,39,36,48,97,balanced,1528,1540,1592,,土岐→斎藤道三→織田,,,,,,,6,0,3,,95,0,,,,,,
1220010,1999,土岐家,関|成政,せき|なりまさ,関成政,,一色家,稲葉山城,織田家臣。関成重の子。森長可の姉を娶り、信忠に近侍。長島一向一揆、長篠、甲州征伐に従軍した。本能寺の変後は信雄に仕えたが、小牧・長久手では羽柴方へ転じ討死した。,80,,0,260,56,70,47,44,43,54,,D,,,,,,,50,50,63,74,97,aggressive,1552,1564,1584,true,関成重の子。織田→信雄→羽柴,1220009,,,,,,6,0,3,,95,0,,,,,,
1051001,2000,西園寺家,西園寺|公家,さいおんじ|きんいえ,西園寺公家,,西園寺家,黒瀬城,,0,,0,0,0,0,0,0,0,0,,,,,,,,,0,0,0,0,54,hermit,1480,9999,1530,,,,,,,,,51,0,141,,95,0,,,,,,
1051002,2001,西園寺家,西園寺|実充,さいおんじ|さねみつ,西園寺実充,,西園寺家,黒瀬城,伊予宇和の西園寺氏当主。松葉城を本拠に周辺国衆を束ね、大友・一条氏らの侵攻に備えた。宇都宮氏との抗争で嫡子・公高を失い、のちに養子・公広へ家督を譲って出家した。,80,,0,319,61,57,66,68,67,73,C,,,,,,,,26,16,36,55,54,balanced,1510,1522,1565,,西園寺公家の子,1051001,,,,,,51,0,141,黒瀬城主,100,1500,,,,84,左近衛少将,
1051003,2002,西園寺家,西園寺|公高,さいおんじ|きんたか,西園寺公高,,西園寺家,黒瀬城,,0,,0,225,49,59,39,39,39,61,,,,,,,,,26,16,15,84,54,aggressive,1538,1550,1556,true,西園寺実充の子,1051002,,,,,,51,0,141,,95,500,,,,,,
1051004,2003,西園寺家,西園寺|公宣,さいおんじ|きんのぶ,西園寺公宣,,西園寺家,黒瀬城,,0,,0,246,42,29,57,62,56,62,,,,,,,,,22,11,10,76,57,balanced,1511,1523,1567,,西園寺公家の子,1051001,,,,,,51,0,141,,95,0,,,,,,
1051005,2004,西園寺家,西園寺|公広,さいおんじ|きんひろ,西園寺公広,,西園寺家,黒瀬城,西園寺氏当主。黒瀬城主。公宣の子で実充の養子。長宗我部の侵攻を受けて講和した。秀吉の四国平定後、戸田勝隆が宇和郡を領し、黒瀬城を明け渡して九島の願成寺へ移った。,80,,0,275,57,54,58,55,51,66,D,,,,,,,,26,16,36,55,53,balanced,1537,1549,1588,true,西園寺公宣の子、西園寺実充の養子,1051004,1051002,,,,,51,0,141,,95,500,,,,,,
1051006,2005,西園寺家,西園寺|宣久,さいおんじ|のぶひさ,西園寺宣久,,西園寺家,黒瀬城,西園寺一族。来村殿と称し、板島丸串城主となり宇和島一帯を支配。伊勢参宮の紀行文に和歌・俳諧を残す教養人でもあった。戦乱で失われかけた仏木寺の記録を取り戻した。,79,,0,258,47,47,64,56,44,65,,,,,,,,,26,16,27,67,52,conservative,1541,1553,1580,,西園寺公宣の子,1051004,,,,,,51,0,141,,95,0,,,,,,
1051007,2006,西園寺家,西園寺|信久,さいおんじ|のぶひさ,西園寺信久,,西園寺家,黒瀬城,,0,,0,280,56,54,58,59,53,67,,,,,,,,,22,11,32,73,52,conservative,1566,1578,1588,true,西園寺宣久の子,1051006,,,,,,51,0,141,,95,0,,,,,,
1051008,2007,西園寺家,今城|能親,いましろ|よりちか,今城能親,,西園寺家,大森城,,0,,0,268,61,52,38,57,60,52,,,,,,,,,26,16,19,79,54,conservative,1497,1509,1572,,,,,,,,,51,0,142,,95,500,,,,,,
1051009,2008,西園寺家,今城|能信,いましろ|よりのぶ,今城能信,,西園寺家,大森城,,0,,0,219,55,62,32,34,36,44,,,,,,,,,26,16,38,51,54,balanced,1522,1534,1581,,今城能親の子,1051008,,,,,,51,0,142,,95,0,,,,,,
1051010,2009,西園寺家,越智|通繁,おち|みちしげ,越智通繁,,西園寺家,黒瀬城,,0,,0,180,42,59,29,17,33,40,,,,,,,,,26,16,20,77,55,balanced,1543,1555,1580,true,,,,,,,,51,0,141,,95,0,,,,,,
1051011,2010,西園寺家,観修寺|基詮,かんしゅうじ|もとあきら,観修寺基詮,,西園寺家,黒瀬城,伊予御荘の国衆。常盤城主。左馬頭。長宗我部元親の南予侵攻に抗した。小早川隆景の下では在城を許され、九州征伐にも従軍したが、戸田勝隆の入部後に下城した。,75,,0,302,70,73,40,52,67,56,D,,,,,,,,26,16,27,67,55,conservative,1536,1548,1594,,,,,,,,,51,0,141,,95,0,true,,,,,
1051012,2011,西園寺家,北之川|通安,きたのかわ|ちかやす,北之川通安,,西園寺家,黒瀬城,,0,,0,240,56,38,48,40,58,47,,,,,,,,,26,16,32,60,52,aggressive,1523,1535,1581,true,,,,,,,,51,0,141,,95,0,,,,,,
1051013,2012,西園寺家,北之川|親安,きたのがわ|ちかやす,北之川親安,,西園寺家,黒瀬城,,0,,0,237,41,55,49,46,46,46,D,D,,,,,,,26,16,39,50,52,aggressive,1534,1546,1583,true,北之川通安の子,1051012,,,,,,51,0,141,,95,0,,,,,,
1051014,2013,西園寺家,北之川|正親,きたのがわ|ちかやす,北之川正親,,西園寺家,黒瀬城,,0,,0,267,54,60,52,52,49,52,,,,,,,,,26,16,38,80,52,balanced,1556,1568,1583,true,北之川親安の子,1051013,,,,,,51,0,141,,95,0,,,,,,
1051015,2014,西園寺家,竹林院|真清,ちくりんいん|まさきよ,竹林院真清,,西園寺家,大森城,,0,,0,262,62,57,42,53,48,51,,,,,,,,,26,16,24,72,54,aggressive,1516,1528,1571,,,,,,,,,51,0,142,,95,0,,,,,,
1051016,2015,西園寺家,土居|清宗,どい|きよむね,土居清宗,,西園寺家,黒瀬城,西園寺家臣。石城主。西園寺氏の要請で入城し、十数年にわたり来攻する大友軍を防いだ。度重なる攻勢を退けたが、ついに大軍に包囲され落城し、一族郎党とともに自害した。,80,,0,275,62,60,43,49,61,59,C,C,D,,,,,,36,30,31,67,54,aggressive,1483,1495,1560,true,,,,,,,,51,0,141,,95,0,,,,,,
1051017,2016,西園寺家,土居|清晴,どい|きよはる,土居清晴,,西園寺家,黒瀬城,,0,,0,284,54,50,64,59,57,64,,,,,,,,,50,50,29,77,54,balanced,1509,1521,1560,true,土居清宗の子,1051016,,,,,,51,0,141,,95,300,,,,,,
1051018,2017,西園寺家,土居|清良,どい|きよよし,土居清良,,西園寺家,黒瀬城,西園寺家臣。伊予石城主。長宗我部氏や大友氏との戦いで領地を守り、主家滅亡後も在地に残った。後世、農政や戦闘の記録をまとめた「清良記」の主人公となった。,75,,0,326,65,59,74,61,67,74,D,,B,,,,,,50,50,40,61,54,aggressive,1546,1558,1629,,土居清晴の子。西園寺→滅亡後浪人,1051017,,,,,,51,0,141,,95,200,,,,,,
1051019,2018,西園寺家,中野|通宗,なかの|みちむね,中野通宗,,西園寺家,大森城,,0,,0,215,47,54,37,36,41,44,,,,,,,,,26,16,24,72,74,aggressive,1523,1535,1578,,,,,,,,,51,0,142,,95,0,,,,,,
1051020,2019,西園寺家,中野|通賢,なかの|みちかた,中野通賢,,西園寺家,大森城,,0,,0,230,57,60,35,35,43,47,,,,,,,,,26,16,22,75,74,balanced,1549,1561,1580,true,中野通宗の子,1051019,,,,,,51,0,142,,95,0,,,,,,
1051021,2020,西園寺家,中野|兼通,なかの|かねみち,中野兼通,,西園寺家,大森城,,0,,0,211,39,47,40,45,40,47,,,,,,,,,41,37,54,51,79,balanced,1568,1580,1624,,中野通賢の子。西園寺→長宗我部,1051020,,,,,,51,0,142,,90,0,,,,,,
1051022,2021,西園寺家,法華津|前延,ほけづ|さきのぶ,法華津前延,,西園寺家,黒瀬城,西園寺家臣。法華津城主。父・範延の跡を継ぎ、十六か村浦と七城を支配。水軍を擁して土佐・豊後とも関わり、山王宮を再建した。九州平定への出動命令を受けた文書も残る。,80,,0,276,58,69,52,44,53,53,,,,,,,,,26,16,43,64,73,aggressive,1531,1543,1603,,西園寺→長宗我部,,,,,,,51,0,141,,95,0,,,,,,
1051023,2022,西園寺家,渡辺|政忠,わたなべ|まさただ,渡辺政忠,,西園寺家,大森城,,0,,0,210,27,24,47,58,54,43,,,,,,,,,26,16,29,64,73,balanced,1507,1519,1574,,,,,,,,,51,0,142,大森城主,95,500,,,,,,
1051024,2023,西園寺家,渡辺|教忠,わたなべ|のりただ,渡辺教忠,,西園寺家,大森城,,0,,0,177,32,31,41,36,37,38,,,,,,,,,26,16,36,55,78,balanced,1542,1554,1628,,西園寺→長宗我部。西園寺→長宗我部,,,,,,,51,0,142,,90,0,,,,,,
1059001,2024,相良家,相良|長続,さがら|ながつぐ,相良長続,,相良家,人吉城,,0,,0,0,0,0,0,0,0,0,,,,,,,,,0,0,0,0,48,hermit,1411,9999,1468,,,,,,,,,59,0,160,,95,0,,,,,,
1059002,2025,相良家,相良|為続,さがら|ためつぐ,相良為続,,相良家,人吉城,,0,,0,0,0,0,0,0,0,0,,,,,,,,,0,0,0,0,48,hermit,1447,9999,1500,,相良長続の子,1059001,,,,,,59,0,160,,95,0,,,,,,
1059003,2026,相良家,相良|長毎,さがら|ながつね,相良長毎,,相良家,人吉城,,0,,0,0,0,0,0,0,0,0,,,,,,,,,0,0,0,0,48,hermit,1469,9999,1518,,相良為続の子,1059002,,,,,,59,0,160,,95,0,,,,,,
1059004,2027,相良家,相良|義滋,さがら|よししげ,相良義滋,,相良家,人吉城,相良氏当主。家督争いを制して人吉・八代・芦北を支配し、八代に鷹峯城を築いた。領国支配を整える一方、琉球との交易も進め、戦乱の中で相良氏の勢力を維持した。,76,,0,373,75,64,78,79,77,49,,B,,,,,,,33,26,42,50,48,conservative,1491,1503,1546,,相良長毎の子,1059003,,,,,,59,0,160,,95,0,,,,,,
1059005,2028,相良家,上村|頼廉,うえむら|よりかど,上村頼廉,,相良家,人吉城,,0,,0,0,0,0,0,0,0,0,,,,,,,,,0,0,0,0,64,hermit,1472,9999,1520,,相良為続の子、上村直頼の養子。上村家12代当主,1059002,1059020,,,,,59,0,160,,95,0,,,,,,
1059006,2029,相良家,上村|頼興,うえむら|よりおき,上村頼興,,相良家,人吉城,相良家重臣。相良長唯の反乱鎮圧に協力し、嫡男を養子に入れて宗家を継がせた。嫡男は相良晴広と改名。晴広の没後は幼い頼房の元服日時を定め、家中の殺害事件を糺した。,79,,0,292,49,41,64,68,70,48,,,,,,,,謀将,36,30,63,21,55,balanced,1490,1502,1557,,上村頼廉の子、上村長国の養子。上村家13代当主,1059005,1059021,,,,,59,0,160,,95,0,,,,,,
1059007,2030,相良家,相良|晴広,さがら|はるひろ,相良晴広,,相良家,人吉城,相良氏当主。上村頼興の子。義滋の養子となって人吉城主。明との貿易を行い、先代の法度を再確認したうえで相良氏法度二十一ヵ条を定め、領国支配の規範を整えた。,76,,0,317,53,54,71,71,68,45,D,D,,D,,,,,26,16,47,38,49,balanced,1513,1525,1555,,上村頼興の子、相良義滋の養子,1059006,1059004,,,,,59,0,160,,95,0,,,,,,
1059008,2031,相良家,相良|義陽,さがら|よしひ,相良義陽,,相良家,人吉城,相良氏17代当主。人吉城主。晴広の子。家督を継ぎ、島津氏の圧迫を受け水俣など五城を割いて和睦した。義久の命で盟友・甲斐宗運を攻め、響野原で奇襲を受け討死した。,78,,0,373,76,71,72,79,75,49,,B,,,,,,,36,30,31,67,49,balanced,1544,1556,1581,true,相良晴広の子,1059007,,,,,,59,0,160,人吉城主,100,1000,,,,,,
1059009,2032,相良家,相良|頼房,さがら|よりふさ,相良頼房,,相良家,人吉城,相良義陽の子。兄・忠房の死後に家督を継ぎ、秀吉の九州平定で服属して球磨を安堵される。朝鮮出兵に従軍。関ヶ原では西軍から東軍へ転じて本領を保ち、人吉藩主となった。,80,,0,283,49,51,57,62,64,55,D,D,D,,,,C,,50,50,48,50,49,balanced,1574,1586,1636,,相良義陽の子,1059008,,,,,,59,0,160,,95,500,,,,,,
1059010,2033,諸：相良家,相良|頼貞,さがら|よりさだ,相良頼貞,,相良家,加久藤城,,0,,0,223,53,70,21,39,40,62,D,,,,,,,,55,57,90,21,59,aggressive,1544,1556,1581,true,相良晴広の子、義陽の弟,1059007,,,,,,0,7,167,相良家当主,50,0,,,,,,
1059011,2034,相良家,稲留|長蔵,いなどめ|ながくら,稲留長蔵,,相良家,古麓城,,0,,0,152,40,43,25,23,21,45,,,,,,,,,26,16,47,38,29,aggressive,1522,1534,1567,true,上村頼興の子,1059006,,,,,,59,0,161,,80,0,,,,,,
1059012,2035,相良家,上村|頼孝,うえむら|よりよし,上村頼孝,,相良家,古麓城,相良家臣。上村家14代当主。上村城主。父・頼興の死後、弟・頼堅らと幼い相良義陽へ反旗を翻し、菱刈・北原氏と結んで対抗。敗れて日向へ逃れ、帰参後に攻められ没落した。,80,,0,276,55,48,58,58,57,51,D,,D,,,,,,26,16,59,22,55,conservative,1523,1535,1567,true,上村頼興の子。上村家14代当主,1059006,,,,,,59,0,161,古麓城主,95,500,,,,,,
1059013,2036,相良家,上村|長陸,うえむら|ながみち,上村長陸,,相良家,古麓城,,0,,0,210,35,43,47,39,46,54,,,,,,,,,50,50,72,15,55,aggressive,1556,1568,1609,true,上村頼孝の子。上村家15代当主,1059012,,,,,,59,0,161,,80,100,,,,,,
1059014,2037,相良家,上村|頼堅,うえむら|よりかた,上村頼堅,,相良家,古麓城,,0,,0,176,30,46,32,29,39,44,,,,,,,,,26,16,56,26,29,aggressive,1527,1539,1557,,上村頼興の子,1059006,,,,,,59,0,161,,80,0,,,,,,
1059015,2038,相良家,上村|長種,うえむら|ながたね,上村長種,,相良家,古麓城,相良家臣。上村頼廉の子。頼興の弟。相良氏の重職として葦北鎮定に功を挙げ、八代中島へ移った。中島館を築いて海外貿易の拠点整備を担い、八代の政務を支えた。,75,,0,344,69,61,75,66,73,52,D,D,,,,,,,36,30,27,72,48,hermit,1505,1517,1535,true,上村頼廉の子,1059005,,,,,,59,0,161,,95,0,,,,,,
1059016,2039,相良家,相良|頼泰,さがら|よりやす,相良頼泰(権五郎),,相良家,人吉城,,0,,0,0,0,0,0,0,0,0,,,,,,,,,0,0,0,0,35,hermit,1450,9999,1487,true,相良長続の子,1059001,,,,,,59,0,160,,80,0,,,,,,
1059017,2040,相良家,相良|長弘,さがら|ながひろ,相良長弘,,相良家,人吉城,,0,,0,0,0,0,0,0,0,0,,,,,,,,,0,0,0,0,35,hermit,1485,9999,1530,,相良頼泰(権五郎)の子,1059016,,,,,,59,0,160,,80,0,,,,,,
1059018,2041,相良家,相良|治頼,さがら|はるより,相良治頼,,相良家,人吉城,相良家臣。義滋に仕えて八代を預かった。家中の支持を得て反乱を企てるが露見し、多良木で敗れて豊後へ逃れ病没。のちに晴広は治頼と母を供養する神社を建立させた。,77,,0,326,66,67,58,65,70,48,D,C,,,,,,,33,26,54,32,35,balanced,1514,1526,1546,,相良長弘の子,1059017,,,,,,59,0,160,,80,0,,,,,,
1059019,2042,相良家,上村|高頼,うえむら|たかより,上村高頼,,相良家,古麓城,,0,,0,0,0,0,0,0,0,0,,,,,,,,,0,0,0,0,35,hermit,1440,9999,1500,,上村家10代当主,,,,,,,59,0,161,,95,0,,,,,,
1059020,2043,相良家,上村|直頼,うえむら|なおより,上村直頼,,相良家,古麓城,,0,,0,287,60,32,68,63,64,53,,,,,,,,,18,5,79,46,64,balanced,1461,1473,1535,,上村高頼の子。上村家11代当主,1059019,,,,,,59,0,161,,95,0,,,,,,
1059021,2044,相良家,上村|長国,うえむら|ながくに,上村長国,,相良家,古麓城,相良一門。上村氏一族の長老。出家して洞然と称した。晴広の婚姻に際し、歴代当主の事績と領主の心得を説く『沙彌洞然長状』を残し、兵学・孝道など統治者の規範を伝えた。,80,,0,301,59,38,74,64,66,58,,,,,,,,,23,12,36,82,58,conservative,1468,1480,1546,,上村高頼の子,1059019,,,,,,59,0,161,,95,0,,,,,,
1059022,2045,相良家,岡本|頼春,おかもと|よりはる,岡本頼春,,相良家,人吉城,,0,,0,212,24,16,64,54,54,51,,,,,,,,,20,8,20,74,58,conservative,1510,1522,1550,true,上村長国の子,1059021,,,,,,59,0,160,,95,0,,,,,,
1059023,2046,相良家,東|頼兼,ひがし|よりかね,東頼兼,,相良家,人吉城,,0,,0,235,31,38,59,57,50,50,,,,,,,,,20,8,25,67,58,conservative,1536,1548,1611,,岡本頼春の子,1059022,,,,,,59,0,160,,95,0,,,,,,
1059024,2047,相良家,赤池|長任,あかいけ|ながとう,赤池長任,,相良家,人吉城,相良家臣。薩摩国境の大口城を守り、菱刈氏と連携して島津氏の侵攻を迎え撃った。真幸の筈尾城を攻めた記録も残り、大口をめぐる相良・島津両氏の抗争で前線を担った。,78,,0,286,52,77,41,51,65,53,,C,,D,,,,猛将,43,40,42,55,50,aggressive,1529,1541,1577,,,,,,,,,59,0,160,,95,0,,,,,,
1059025,2048,相良家,犬童|頼安,いんどう|よりやす,犬童頼安,,相良家,人吉城,相良家臣。幼少時に一族の粛清を免れ、のちに帰参して義陽・頼房を支えた。水俣城で島津軍に抗戦し、豊臣政権下では奉行として相良氏の存続に尽力した。,71,,0,320,68,69,62,57,64,64,,B,,D,,,,,36,30,43,50,41,balanced,1521,1533,1606,,,,,,,,,59,0,160,,95,300,,,,,,
1059026,2049,相良家,犬童|頼兄,いんどう|よりもり,犬童頼兄,,相良家,人吉城,相良家臣。犬童頼安の子。家老として政務を握り、関ヶ原では東軍への寝返り策で相良氏を存続させた。のち藩政を専断して主君・頼寛に幕府へ訴えられ、弘前藩預けとなった。,80,,0,315,67,66,61,55,66,61,,D,D,,,,,,50,50,60,32,41,aggressive,1568,1580,1655,,犬童頼安の子,1059025,,,,,,59,0,160,,95,100,,,,,,
1059027,2050,相良家,岡本|頼氏,おかもと|よりうじ,岡本頼氏,,相良家,人吉城,,0,,0,257,58,70,33,51,45,58,D,,,D,,,,,36,30,39,55,46,aggressive,1537,1549,1606,,,,,,,,,59,0,160,,95,0,,,,,,
1059028,2051,相良家,北原|兼親,きたはら|かねちか,北原兼親,,相良家,古麓城,,0,,0,236,55,47,50,43,41,46,,,,,,,,,26,16,39,50,29,balanced,1523,1535,1579,,,,,,,,,59,0,161,,80,0,,,,,,
1059029,2052,相良家,後醍院|宗重,ごだいいん|むねしげ,後醍院宗重,,相良家,人吉城,,0,,0,204,63,61,22,14,44,47,,,,D,,,,,26,16,36,55,36,aggressive,1551,1563,1624,,,,,,,,,59,0,160,,90,0,,,,,,
1059030,2053,相良家,東|長兄,ひがし|ながもり,東長兄,,相良家,人吉城,相良家臣。人吉奉行。相良頼房を支え、奉行の丸目頼美と対立して家中を二分した。獺野原の戦いで頼美方を破って日向へ退け、のち深水頼金らと連署状を発給し家政を担った。,80,,0,269,58,33,60,54,64,49,,,,,,,,,37,32,27,58,42,conservative,1524,1536,1575,,,,,,,,,59,0,160,,95,0,,,,,,
1059031,2054,相良家,深水|長智,ふかみ|ながとも,深水長智,,相良家,人吉城,相良家臣。義陽・頼房を支え、外交を担った。島津氏への服属後も家中を支え、秀吉の九州平定では島津降伏受諾や知行宛行の朱印状を受け、相良氏の存続に尽力した。,76,,0,332,62,36,78,84,72,62,D,,D,,,,,,36,30,31,67,59,conservative,1531,1543,1590,,,,,,,,,59,0,160,,90,300,true,,,,,
1059032,2055,相良家,深水|頼蔵,ふかみ|よりくら,深水頼蔵,,相良家,人吉城,相良家臣。深水宗芳の跡を継ぐ。相良頼房の朝鮮出兵に従い加藤清正配下で渡海。帰国の途上で主家を離れ加藤領へ出奔し、深水一族と犬童氏の対立をさらに激化させた。,77,,0,297,58,31,69,67,72,60,,,,,,,,,20,8,60,31,69,conservative,1563,1575,1598,true,深水長智の養子。相良→加藤清正家臣,,1059031,,,,,59,0,160,,90,100,,,,,,
1059033,2056,相良家,丸目|長恵,まるめ|ながよし,丸目長恵,,相良家,人吉城,,0,,0,221,34,77,33,39,38,53,,,,,B,,,,50,50,60,32,59,balanced,1540,1552,1629,,,,,,,,,59,0,160,,95,0,,,,,,
1059034,2057,伊東家,丸目|頼美,まるめ|よりよし,丸目頼美,,伊東家,都於郡城,,0,,0,233,44,53,53,45,38,51,,,,,,,,,34,28,36,58,52,balanced,1527,1539,1572,true,相良→1559伊東,,,,,,,60,0,164,,95,0,,,,,,
1032001,2058,佐竹家,佐竹|義治,さたけ|よしはる,佐竹義治,,佐竹家,舞鶴城,,0,,0,0,0,0,0,0,0,0,,,,,,,,,0,0,0,0,20,hermit,1443,9999,1490,,,,,,,,,32,0,59,,95,0,,,,,,
1032002,2059,佐竹家,佐竹|義舜,さたけ|よしきよ,佐竹義舜,,佐竹家,舞鶴城,,0,,0,0,0,0,0,0,0,0,,,,,,,,,0,0,0,0,20,hermit,1470,9999,1517,,佐竹義治の子,1032001,,,,,,32,0,59,,95,0,,,,,,
1032003,2060,佐竹家,佐竹|義篤,さたけ|よしあつ,佐竹義篤,,佐竹家,舞鶴城,佐竹氏当主。弟の宇留野義元と十二年に及ぶ家督争いを続け、部垂城を攻めてこれを滅ぼした。長い内紛を収束させて本家の支配を立て直し、子・義昭の勢力拡大につないだ。,79,,0,370,77,71,71,74,77,48,B,,,,,,,,36,30,63,21,20,balanced,1507,1517,1545,,佐竹義舜の子,1032002,,,,,,32,0,59,,95,0,,,,,,
1032004,2061,佐竹家,佐竹|義昭,さたけ|よしあき,佐竹義昭,,佐竹家,舞鶴城,佐竹氏当主。義篤の子。常陸太田城を本拠に宇都宮広綱の復帰を助け、結城晴綱や小田氏治を攻めた。宇都宮・那須氏と連携して北条氏に対抗し、常陸南部へ勢力を広げた。,78,,0,355,73,57,77,80,68,67,C,D,,B,,,,,29,21,71,63,20,balanced,1531,1543,1565,,佐竹義篤の子,1032003,,,,,,32,0,59,舞鶴城主,100,1500,,,satake_yoshiaki.webp,,,
1032005,2062,佐竹家,佐竹|義重,さたけ|よししげ,佐竹義重,,佐竹家,舞鶴城,佐竹氏当主。北条氏政と関東を争い、下野・南奥州へ勢力を拡大。伊達政宗とも対立した。豊臣秀吉の小田原征伐に参陣して常陸支配を固め、「鬼義重」と称された。,75,,0,421,88,91,84,86,72,76,S,,,C,,,,鬼,36,30,69,75,20,balanced,1547,1559,1612,true,佐竹義昭の子,1032004,,,,,,32,0,59,,95,500,,,satake_yoshishige.webp,,,
1032006,2063,佐竹家,佐竹|義宣,さたけ|よしのぶ,佐竹義宣,,佐竹家,舞鶴城,佐竹氏当主。父・義重とともに常陸統一を進め、豊臣秀吉に臣従して常陸54万石余を領した。関ヶ原後に出羽へ転封され、久保田城と城下町を築き秋田藩政の基盤を整えた。,78,,0,381,76,68,82,80,75,65,D,D,,D,,,,,68,75,50,55,20,aggressive,1570,1582,1633,,佐竹義重の子,1032005,,,,,,32,0,59,,95,500,,,,,,
1032007,2064,佐竹南家,佐竹|義尚,さたけ|よしひさ,佐竹義尚,,佐竹家,土浦城,,0,,0,173,41,40,31,30,31,54,,,,,,,,,40,36,31,68,18,balanced,1549,1561,1571,,佐竹義昭の子、佐竹義里の養子,1032004,1032010,,,,,32,0,60,,95,0,,,,,,
1032008,2065,佐竹南家,佐竹|義種,さたけ|よしたね,佐竹義種,,佐竹家,土浦城,佐竹南家当主。秋田転封に従い湯沢城主となり、藩南境を担った。常陸から土木技術者・富谷次郎左衛門を招いた。湯沢大堰を開削させ、城下整備と新田開発を進めた。,76,,0,273,46,58,51,59,59,62,,,,,,,,,44,42,33,54,18,balanced,1567,1579,1619,,佐竹義尚の子,1032007,,,,,,32,0,60,,95,0,,,,,,
1032009,2066,佐竹家,佐竹|義継,さたけ|よしつぐ,佐竹義継,1626:0|阿證:0|あしょう,佐竹家,舞鶴城,,0,,0,90,12,21,23,19,15,16,,,,,,,,,50,50,17,36,14,balanced,1612,1624,1656,,佐竹義重の子、佐竹義宣の養子,1032005,1032006,,,,,32,0,59,,95,0,,,,,,
1032010,2067,佐竹南家,佐竹|義里,さたけ|よしさと,佐竹義里,,佐竹家,土浦城,佐竹氏一門。義舜の三男。常陸太田城の南に居館を構え、佐竹南家を興して分流の祖となる。南家は本家を支える有力一門として続き、子孫は義宣の秋田転封に従った。,76,,0,287,58,30,77,79,43,56,,,,,,,,,24,14,31,61,18,conservative,1509,1521,1567,,佐竹義舜の子,1032002,,,,,,32,0,60,,95,0,,,,,,
1032011,2068,佐竹北家,佐竹|義信,さたけ|よしのぶ,佐竹義信,,佐竹家,水戸城,,0,,0,0,0,0,0,0,0,0,,,,,,,,,0,0,0,0,22,hermit,1476,9999,1533,,佐竹義治の子,1032001,,,,,,32,0,247,,95,0,,,,,,
1032012,2069,佐竹北家,佐竹|義廉,さたけ|よしかど,佐竹義廉,,佐竹家,水戸城,,0,,0,264,42,35,67,64,56,58,,,,,,,,,29,21,37,55,22,balanced,1516,1528,1565,,佐竹義信の子,1032011,,,,,,32,0,247,水戸城主,95,500,,,,,,
1032013,2070,佐竹北家,佐竹|義斯,さたけ|よしつな,佐竹義斯,,佐竹家,水戸城,佐竹北家当主。義廉の子。佐竹一門の北家を率い、宗家義宣の元服で加冠役を務めた。これを先例に北家は代々、宗家当主の元服で加冠を担う家となった。,70,,0,308,58,54,62,72,62,59,D,,,,,,,,33,26,27,63,22,conservative,1545,1557,1599,,佐竹義廉の子,1032012,,,,,,32,0,247,,95,0,,,,,,
1032014,2071,佐竹北家,佐竹|義憲,さたけ|よしのり,佐竹義憲,,佐竹家,水戸城,,0,,0,263,43,42,65,59,54,51,,,,,,,,,36,30,43,50,22,conservative,1570,1582,1599,,佐竹義斯の子,1032013,,,,,,32,0,247,,95,0,,,,,,
1032015,2072,佐竹北家,佐竹|義廉,さたけ|よしかど,佐竹義廉,,佐竹家,水戸城,,0,,0,188,32,25,44,48,39,52,,,,,,,,,36,30,34,62,22,balanced,1591,1603,1625,,佐竹義憲の子,1032014,,,,,,32,0,247,,95,0,,,,,,
1032016,2073,佐竹東家,佐竹|政義,さたけ|まさよし,佐竹政義,,佐竹家,土浦城,,0,,0,0,0,0,0,0,0,0,,,,,,,,,0,0,0,0,16,hermit,1484,9999,1534,,佐竹義治の子,1032001,,,,,,32,0,60,,95,0,,,,,,
1032017,2074,佐竹東家,佐竹|義堅,さたけ|よしかた,佐竹義堅,,佐竹家,土浦城,,0,,0,230,47,49,57,45,32,50,,,,,,,,,29,21,30,67,16,conservative,1518,1530,1569,,佐竹政義の子,1032016,,,,,,32,0,60,土浦城主,95,500,,,,,,
1032018,2075,佐竹東家,佐竹|義喬,さたけ|よしたか,佐竹義喬,,佐竹家,土浦城,,0,,0,272,51,32,59,70,60,61,,,,,,,,,62,67,39,68,16,conservative,1551,1563,1572,,佐竹義堅の子,1032017,,,,,,32,0,60,,95,0,,,,,,
1032019,2076,佐竹東家,佐竹|義久,さたけ|よしひさ,佐竹義久,,佐竹家,土浦城,佐竹東家当主。義重・義宣を支えて軍事・政務を担い、豊臣政権との交渉にも関与。太閤検地後は本家とは別に六万石を秀吉から直接安堵され、一門中でも大勢力を持った。,78,,0,342,72,65,70,73,62,61,C,D,D,,,,,,36,30,35,61,16,conservative,1554,1566,1601,true,佐竹義堅の子,1032017,,,,,,32,0,60,,95,0,,,,,,
1032020,2077,佐竹東家,佐竹|義賢,さたけ|よしかた,佐竹義賢,,佐竹家,土浦城,佐竹東家初代。秋田移封に従い六千石を知行。雄物川西岸の原野開発に着目し、藩から指紙開の許可を得て大森周辺の新田開発に着手し、山城堰開削の端緒を開いた。,75,,0,280,66,64,51,52,47,47,,,,D,,,,,25,15,32,59,16,balanced,1584,1596,1624,,,,,,,,,32,0,60,,95,0,,,,,,
1032021,2078,佐竹家,梅津|道金,うめづ|どうきん,梅津道金,,佐竹家,舞鶴城,,0,,0,236,37,33,56,50,60,52,,,,,,,,,36,30,30,68,18,hermit,1535,1547,1590,,,,,,,,,32,0,59,,95,0,,,,,,
1032022,2079,佐竹家,梅津|憲忠,うめづ|のりただ,梅津憲忠,,佐竹家,舞鶴城,佐竹家臣。梅津政景の兄。義宣に仕え秋田転封に従い、近習出頭人として藩政の中枢を担った。大坂冬の陣で功を挙げ家老となり、仁井田堰の開削や税法整備にも尽力した。,78,,0,276,37,65,67,59,48,54,D,,C,,,,,,64,70,45,61,18,conservative,1572,1584,1630,,梅津道金の子,1032021,,,,,,32,0,59,,95,0,,,,,,
1032023,2080,佐竹家,梅津|政景,うめづ|まさかげ,梅津政景,,佐竹家,舞鶴城,佐竹家臣。梅津道金の子。院内銀山奉行・惣山奉行・久保田町奉行・勘定奉行・家老を歴任。『梅津政景日記』を残し、鉱山・林業や久保田城下の構築など藩政実務を担った。,79,,0,268,39,34,78,66,51,52,,,,,,,,,36,30,31,67,18,balanced,1581,1593,1633,,梅津道金の子,1032021,,,,,,32,0,59,,95,0,,,,,,
1032024,2081,佐竹家,江戸|忠通,えど|ただみち,江戸忠通,,佐竹家,水戸城,常陸国衆。江戸氏当主。水戸城主。佐竹義篤に従い相馬氏と戦うが、義篤の没後は佐竹義昭と抗争。のちに和睦して再び佐竹氏に属し、水戸城主として領国支配を維持した。,78,,0,290,60,62,57,56,55,45,D,D,,,,,,,26,16,47,38,22,balanced,1507,1519,1564,,,,,,,,,32,0,247,,95,0,,,,,,
1032025,2082,佐竹家,江戸|通政,えど|みちまさ,江戸通政,,佐竹家,水戸城,,0,,0,196,25,25,47,48,51,49,,,,,,,,,29,21,28,67,21,balanced,1538,1550,1567,,,,,,,,,32,0,247,,95,0,,,,,,
1032026,2083,佐竹家,江戸|重通,えど|しげみち,江戸重通,,佐竹家,水戸城,,0,,0,249,51,49,51,49,49,49,,,,,,,,,29,21,33,61,17,aggressive,1556,1568,1598,,江戸通政の子,1032025,,,,,,32,0,247,,95,0,,,,,,
1032027,2084,佐竹家,岡本|禅哲,おかもと|ぜんてつ,岡本禅哲,,佐竹家,舞鶴城,佐竹家臣。僧形の側近。佐竹義昭・義重に仕え、知行・諸役に関する奉書や外交文書を発給した。和田昭為らと奉行人として家政を担い、周辺勢力との交渉にも関わった。,77,,0,275,24,10,79,87,75,44,,,,,,,,,50,50,21,57,18,balanced,1524,1536,1583,,,,,,,,,32,0,59,,95,0,true,,,,,
1032028,2085,佐竹家,岡本|顕逸,おかもと|けんいつ,岡本顕逸,,佐竹家,舞鶴城,,0,,0,255,21,27,71,70,66,64,,,,,,,,,64,70,49,55,18,hermit,1559,1571,1596,,岡本禅哲の子,1032027,,,,,,32,0,59,,95,0,,,,,,
1032029,2086,佐竹家,岡本|宣綱,おかもと|のぶつな,岡本宣綱,,佐竹家,舞鶴城,佐竹家臣。岡本顕逸の子。如哲と称して僧籍にあったが、佐竹義宣の命で還俗して側近となる。主家の出羽転封に従い、大坂の陣にも従軍して功を立てた。晩年は再び出家した。,80,,0,272,46,30,69,67,60,54,,,,,,,,,43,40,42,55,18,hermit,1583,1595,1649,,岡本顕逸の子,1032028,,,,,,32,0,59,,95,0,,,,,,
1032030,2087,佐竹家,小田野|義正,おだの|よしまさ,小田野義正,,佐竹家,舞鶴城,佐竹家臣。山入氏の一族。佐竹宗家と長く争った山入氏義を討ち、義舜から感状を受けた。山入一揆の終結に大きく寄与し、以後小田野氏は佐竹氏の家臣として続いた。,76,,0,318,59,48,66,77,68,55,,,,,,,,,18,5,24,68,20,conservative,1486,1498,1561,,,,,,,,,32,0,59,,95,0,,,,,,
1032031,2088,佐竹家,小貫|頼久,おぬき|よりひさ,小貫頼久,,佐竹家,舞鶴城,佐竹家臣。大蔵丞。義重・義宣の側近として上杉・武田・岩城・蘆名氏への使者を務めた。義宣の知行割では奉行人として発給に携わり、秋田転封時の領国引渡しを代表した。,79,,0,269,38,43,66,64,58,56,,,,,,,,,36,30,47,65,17,conservative,1544,1556,1603,,,,,,,,,32,0,59,,95,500,,,,,,
1032032,2089,佐竹家,小野崎|従通,おのざき|つぐみち,小野崎従通,,佐竹家,舞鶴城,,0,,0,197,27,36,41,43,50,56,,,,,,,,,50,50,60,32,91,balanced,1542,1554,1610,,佐竹→伊達。別名：小野崎昭通、小野崎照通,,,,,,,32,0,59,,95,0,,,,,,
1032033,2090,佐竹家,小野崎|昭通,おのざき|あきみち,小野崎昭通,,佐竹家,舞鶴城,,0,,0,193,31,26,44,45,47,46,,,,,,,,,50,50,38,50,91,balanced,1563,1575,1631,,小野崎従通の子,1032032,,,,,,32,0,59,,95,0,,,,,,
1032034,2091,佐竹家,神生|通朝,かのう|みちとも,神生通朝,,佐竹家,水戸城,,0,,0,246,43,42,52,54,55,49,,,,,,,,,29,21,28,67,19,balanced,1559,1571,1588,,,,,,,,,32,0,247,,95,0,,,,,,
1032035,2092,佐竹家,車|斯忠,くるま|つなただ,車斯忠,,佐竹家,舞鶴城,,0,,0,194,42,78,14,11,49,35,D,D,,,,,,,26,16,75,27,18,aggressive,1552,1564,1602,true,,,,,,,,32,0,59,,90,0,,,,,,
1032036,2093,佐竹家,渋江|政光,しぶえ|まさみつ,渋江政光,,佐竹家,舞鶴城,佐竹家臣。義宣の秋田転封後、第一家老として検地や農政を進め、渋江田法を実施。大坂冬の陣の今福の戦いで義宣をかばい、討死した。,62,,0,309,49,33,86,75,66,58,,,,,,,,,71,80,35,78,23,conservative,1574,1586,1614,,,,,,,,,32,0,59,,95,0,,,,,,
1032037,2094,佐竹家,大掾|貞国,だいじょう|さだくに,大掾貞国,,佐竹家,舞鶴城,,0,,0,211,41,44,45,40,41,51,,,,,,,,,36,30,43,50,21,balanced,1548,1560,1577,,,,,,,,,32,0,59,,90,0,,,,,,
1032038,2095,佐竹家,戸村|義広,とむら|よしひろ,戸村義広,,佐竹家,舞鶴城,,0,,0,217,42,65,30,29,51,63,,,,,,,,,38,33,28,72,20,aggressive,1521,1533,1591,,,,,,,,,32,0,59,,90,0,,,,,,
1032039,2096,佐竹家,戸村|義和,とむら|よしかず,戸村義和,,佐竹家,舞鶴城,,0,,0,230,54,61,36,37,42,55,,,,,,,,,40,36,24,78,20,balanced,1552,1564,1593,true,戸村義広の子,1032038,,,,,,32,0,59,,90,0,,,,,,
1032040,2097,佐竹家,戸村|義国,とむら|よしくに,戸村義国,,佐竹家,舞鶴城,佐竹家臣。戸村氏当主。義宣に従って常陸から秋田へ移り、大坂冬の陣では敵将を討ち功を挙げた。のち藩主・義隆の家老を務め、佐竹一門の宿老として重きをなした。,76,,0,313,66,60,63,56,68,57,D,,,,,,,,68,76,35,77,20,aggressive,1591,1603,1671,,戸村義和の子,1032039,,,,,,32,0,59,,90,0,,,,,,
1032041,2098,佐竹家,長倉|義重,ながくら|よししげ,長倉義重,,佐竹家,舞鶴城,,0,,0,252,46,51,48,52,55,47,,,,,,,,,24,14,29,63,23,conservative,1491,1503,1552,,,,,,,,,32,0,59,,95,0,,,,,,
1032042,2099,佐竹家,根本|里行,ねもと|さとゆき,根本里行,,佐竹家,舞鶴城,佐竹家臣。部垂城代。那須氏との大山田城の戦いで功を挙げた。佐竹貞隆が岩城氏へ入嗣すると随行して付家老となり、佐藤貞信と連署して書状を発し、岩城家の政務を支えた。,80,,0,281,44,56,70,47,64,61,,,,,,,,,34,28,32,64,20,balanced,1546,1558,1613,,,,,,,,,32,0,59,,95,0,,,,,,
1032043,2100,佐竹家,馬場|篤親,ばば|あつちか,馬場篤親,,佐竹家,舞鶴城,室町幕府奉公衆。美濃佐竹氏の出身。足利義晴の命で京と常陸を往還し、幕府と佐竹氏の取次を務めた。のち常陸に定住して佐竹氏に仕え、武田・北条氏との外交にも携わった。,80,,0,268,33,47,65,67,56,64,,,,,,,,,40,36,34,64,25,conservative,1507,1519,1571,,足利将軍家→1537佐竹,,,,,,,32,0,59,,95,0,,,,,,
1032044,2101,佐竹家,馬場|政直,ばば|まさなお,馬場政直,,佐竹家,舞鶴城,,0,,0,164,47,42,23,24,28,51,,,,,,,,,18,5,71,29,25,balanced,1548,1560,1602,true,馬場篤親の子,1032043,,,,,,32,0,59,,95,0,,,,,,
1032045,2102,佐竹家,人見|藤道,ひとみ|ふじみち,人見藤道,,佐竹家,舞鶴城,,0,,0,255,33,22,76,58,66,55,,,,,,,,,50,50,18,63,20,conservative,1565,1577,1600,,,,,,,,,32,0,59,,95,0,,,,,,
1032046,2103,佐竹家,真壁|久幹,まかべ|ひさもと,真壁久幹,,佐竹家,舞鶴城,常陸真壁氏当主。小田氏から離れて佐竹氏と結び、手這坂の戦いでは小田氏治を破り小田城攻略に貢献。真壁氏の勢力を広げた。,58,,0,329,69,76,50,63,71,66,D,C,,,,,,鬼,50,50,71,59,16,balanced,1522,1534,1589,,,,,,,,,32,0,59,,85,0,,,,,,
1032047,2104,佐竹家,真壁|氏幹,まかべ|うじもと,真壁氏幹,,佐竹家,舞鶴城,常陸真壁城主。久幹の子。豊臣政権下で佐竹氏に従い、肥前名護屋へ出陣して朝鮮へ渡海した。氏幹期には真壁城下の整備も進み、能舞台や茶室・池を備えた庭園跡が残る。,78,,0,301,67,87,27,44,76,59,B,D,,C,C,,,鬼,36,30,61,67,16,aggressive,1550,1562,1622,,真壁久幹の子,1032046,,,,,,32,0,59,,85,0,,,,,,
1032048,2105,佐竹家,真壁|義幹,まかべ|よしもと,真壁義幹,,佐竹家,舞鶴城,,0,,0,228,56,59,36,33,44,48,,,,,,,,,34,28,40,53,19,aggressive,1552,1564,1630,,真壁久幹の子,1032046,,,,,,32,0,59,,95,0,,,,,,
1032049,2106,佐竹家,茂木|治良,もてぎ|はるよし,茂木治良,,佐竹家,土浦城,,0,,0,267,57,65,43,47,55,51,,,,,,,,,34,28,37,57,18,balanced,1561,1573,1634,,,,,,,,,32,0,60,,95,0,,,,,,
1032050,2107,佐竹家,和田|昭為,わだ|あきため,和田昭為,,佐竹家,土浦城,佐竹家臣。義昭・義重・義宣の３代に渡って仕え、財政・外交面で活躍し、軍事指南役も務めた。讒訴を受けて落ち延びたが、白河結城当主・義親を捕縛し功をもって帰参した。,80,佐竹家臣。義昭・義重・義宣の３代に渡って仕え、財政・外交面で活躍し、軍事指南役も務めた。讒訴を受けて落ち延びたが、白河結城当主・義親を捕縛し功をもって帰参した。,80,351,62,51,74,82,82,63,,,,,,,,,29,21,51,39,22,conservative,1532,1544,1618,,佐竹→1571白河→1575佐竹,,,,,,,32,0,60,,95,500,,,,,,
1027001,2108,里見家,里見|義尭,さとみ|よしたか,里見義尭,,里見家,久留里城,房総里見氏当主。義豊を滅ぼして家督を掌握し、久留里城を本拠に安房・上総の支配を固めた。上杉謙信と結んで北条氏康・氏政と長く抗争し、里見氏の最盛期を築いた。,77,,0,366,82,68,62,71,83,57,C,C,,D,,,C,,29,21,60,57,33,balanced,1512,1524,1574,,里見実尭の子。別名：里見義堯,,,,,,,27,0,46,久留里城主,100,1500,,,,126,刑部少輔,
1027002,2109,里見家,里見|義舜,さとみ|よしきよ,里見義舜,daimyo:0|義弘:0|よしひろ,里見家,久留里城,里見義尭の子。安房・上総を領して北条氏と争い、国府台で大敗した。のちに勢力を立て直して三船山で北条軍を破る。父の死後も抗争を続け、最終的に北条氏政と和睦した。,79,里見氏６代当主。,8,301,69,64,55,55,58,57,D,,,,,,,,32,25,70,47,33,aggressive,1525,1537,1578,,里見義尭の子。別名：里見義弘,1027001,,,,,,27,0,46,,95,500,,,,,,
1027003,2110,里見家,里見|義重,さとみ|よししげ,里見義重,,里見家,久留里城,里見氏７代当主。義弘の子。幼名梅王丸。父・義弘の没後、叔父・義頼らとの家督争いに敗北し出家した。のちに還俗して義重と名乗り、義頼の子・義康を補佐した。,75,里見氏７代当主。義弘の子。幼名梅王丸。父・義弘の没後、叔父・義頼らとの家督争いに敗北し出家した。のちに還俗して義重と名乗り、義頼の子・義康を補佐した。,75,201,34,25,46,50,46,46,,,,,,,,,43,40,21,84,33,conservative,1570,1580,1622,,里見義舜の子,1027002,,,,,,27,0,46,,95,0,,,,,,
1027004,2111,里見家,薦野|頼俊,こもり|よりとし,薦野頼俊,,里見家,久留里城,里見家臣。里見義弘の子。母方祖父・薦野時盛の名跡を継いで、安房明星山城主となる。一門衆として２千５百石を領した。主家改易後、水戸徳川家に仕えた。,72,里見家臣。里見義弘の子。母方祖父・薦野時盛の名跡を継いで、安房明星山城主となる。一門衆として２千５百石を領した。主家改易後、水戸徳川家に仕えた。,72,180,32,28,44,40,36,43,,,,,,,,,50,50,17,65,21,conservative,1573,1585,1627,,里見義舜の子,1027002,,,,,,27,0,46,,95,0,,,,,,
1027005,2112,里見家,里見|義頼,さとみ|よしより,里見義頼,,里見家,久留里城,里見氏当主。岡本城主。義弘の死後、梅王丸との家督争いに勝利して家中を掌握した。正木憲時の反乱を鎮め、北条氏の圧力を受けながら安房と上総南部の支配を維持した。,78,,0,303,60,57,53,62,71,48,C,,,D,,,,,36,30,51,38,31,conservative,1543,1555,1587,,里見義尭の子,1027001,,,,,,27,0,46,,95,0,,,,,,
1027006,2113,里見家,里見|義康,さとみ|よしやす,里見義康,,里見家,久留里城,安房館山藩初代藩主。里見義頼の長男。父の跡を継ぎ、小田原征伐への遅参で上総を没収され安房一国となる。文禄の役で名護屋へ出陣し、関ヶ原では東軍に属し加増された。,79,,0,219,49,52,44,38,36,46,D,,,,,,,,36,30,39,55,31,conservative,1573,1585,1603,,里見義頼の子,1027005,,,,,,27,0,46,,95,0,,,,,,
1027007,2114,里見家,里見|忠義,さとみ|ただよし,里見忠義,,里見家,久留里城,里見義康の子。父の死後に館山藩主となり、大久保忠隣の孫娘を妻とした。忠隣の失脚に連座して安房を没収され、伯耆倉吉へ移された。嗣子なく死去し、里見氏は断絶した。,79,,0,189,31,43,48,36,31,42,,,,,,,,,36,30,43,50,31,conservative,1594,1606,1622,,里見義康の子。里見→徳川,1027006,,,,,,27,0,46,,95,0,,,,,,
1027008,2115,里見家,秋元|義久,あきもと|よしひさ,秋元義久,,里見家,久留里城,,0,,0,224,47,45,41,47,44,45,,,,,,,,,26,16,52,74,33,balanced,1532,1544,1565,true,,,,,,,,27,0,46,,95,0,,,,,,
1027009,2116,里見家,安西|実元,あんざい|さねもと,安西実元,,里見家,岡本城,里見家臣。蛇喰城主。第二次国府台合戦で主君・義弘に従い北条氏と争った。敗走する義弘に自分の馬を差し出して逃がし、自身は敵陣に斬り込んで討死した。,72,里見家臣。蛇喰城主。第二次国府台合戦で主君・義弘に従い北条氏と争った。敗走する義弘に自分の馬を差し出して逃がし、自身は敵陣に斬り込んで討死した。,72,265,58,62,47,45,53,48,,,,,,,,,19,7,14,82,33,balanced,1518,1530,1564,true,,,,,,,,27,0,99,,95,300,,,,,,
1027010,2117,里見家,安西|勝貞,あんざい|かつさだ,安西勝貞,,里見家,岡本城,,0,,0,199,48,49,32,31,39,39,,,,,,,D,,22,11,66,53,31,balanced,1529,1541,1581,,,,,,,,,27,0,99,,95,0,,,,,,
1027011,2118,里見家,安西|清勝,あんざい|きよかつ,安西清勝,,里見家,久留里城,,0,,0,216,47,56,38,38,37,42,,,,,,,C,,22,11,54,70,31,balanced,1551,1563,1613,,安西勝貞の子,1027010,,,,,,27,0,46,,95,0,,,,,,
1027012,2119,里見家,板倉|昌察,いたくら|まさあき,板倉昌察,,里見家,久留里城,,0,,0,256,27,39,60,67,63,49,,,,,,,,,20,8,25,67,33,conservative,1541,1553,1614,,,,,,,,,27,0,46,,95,300,,,,,,
1027013,2120,里見家,岡本|随縁斎,おかもと|ずいえんさい,岡本随縁斎,,里見家,岡本城,里見家臣。安房岡本城主。里見義弘が岡本城を本拠とする際に城を譲り、自らは房州仙台へ移って新たな居城を構えた。岡本城は以後、里見氏の重要な拠点となった。,75,,0,283,55,68,51,55,54,53,,,,,,,B,,29,21,30,65,31,aggressive,1512,1524,1592,,,,,,,,,27,0,99,岡本城主,95,500,,,,,,
1027014,2121,里見家,岡本|頼元,おかもと|よりもと,岡本頼元,,里見家,岡本城,,0,,0,226,51,58,36,36,45,45,,,,,,,C,,29,21,37,55,31,aggressive,1556,1568,1624,,岡本随縁斎の子,1027013,,,,,,27,0,99,,95,0,,,,,,
1027015,2122,里見家,加藤|信景,かとう|のぶかげ,加藤信景,,里見家,久留里城,里見家臣。主君・里見義弘の没後、梅王丸の後見として佐貫城に入り安房の里見義頼と対立した。1580年に義頼の攻撃を受けて降伏し、以降は梅王丸の後の佐貫城代を務めた。,79,里見家臣。主君・里見義弘の没後、梅王丸の後見として佐貫城に入り安房の里見義頼と対立した。1580年に義頼の攻撃を受けて降伏し、以降は梅王丸の後の佐貫城代を務めた。,79,219,40,39,49,47,44,49,,,,,,,,,43,40,79,73,33,balanced,1538,1550,1603,,,,,,,,,27,0,46,,95,0,,,,,,
1027016,2123,里見家,加藤|弘景,かとう|ひろかげ,加藤弘景,,里見家,久留里城,里見家臣。信景の子。主君・里見義弘の没後、父・信景は梅王丸の後見として佐貫城に入り、安房の里見義頼と対立した。義頼に降伏して以降は父とともに佐貫城を守備した。,79,里見家臣。信景の子。主君・里見義弘の没後、父信景は梅王丸の後見として佐貫城に入り、安房の里見義頼と対立した。義頼に降伏して以降は父とともに佐貫城を守備した。,78,198,34,32,46,46,40,44,,,,,,,,,43,40,25,65,33,balanced,1562,1574,1626,,加藤信景の子,1027015,,,,,,27,0,46,,95,0,,,,,,
1027017,2124,里見家,土岐|為頼,とき|ためより,土岐為頼,,里見家,万喜城,上総万喜城主。里見・正木氏らと抗争しながら夷隅地域を支配し、寺院を保護して城下を整えた。海雄寺を移して菩提寺とし、晩年には北条氏と結んで土岐氏の勢力を保った。,79,,0,333,75,66,53,66,73,64,C,,,,,,,,50,50,63,44,22,balanced,1494,1506,1583,,里見→北条,,,,,,,27,0,65,万喜城主,90,500,true,,,,,
1027018,2125,里見家,土岐|頼春,とき|よりはる,土岐頼春,,里見家,万喜城,房総土岐氏当主。万喜城主。為頼の子。父の死後に家督を継ぎ、北条氏と結んで里見義康と争った。小田原征伐でも北条方に属し、万喜城を攻められ、所領を失った。,75,,0,263,66,69,42,44,42,56,,D,,,,,,,54,55,37,67,22,aggressive,1526,1538,1590,true,土岐為頼の子,1027017,,,,,,27,0,65,,90,0,,,,,,
1027019,2126,里見家,堀江|頼忠,ほりえ|よりただ,堀江頼忠,,里見家,久留里城,,0,,0,255,37,28,68,61,61,50,,,,,,,,,29,21,25,72,30,conservative,1548,1560,1617,,,,,,,,,27,0,46,,95,300,,,,,,
1027020,2127,里見家,正木|時綱,まさき|ときつな,正木時綱,,里見家,久留里城,,0,,0,0,0,0,0,0,0,0,,,,,,,,,0,0,0,0,33,hermit,1492,9999,1533,,別名：正木通綱,,,,,,,27,0,46,,90,0,,,,,,
1027021,2128,里見家,正木|時茂,まさき|ときしげ,正木時茂,,里見家,久留里城,里見家臣。大多喜城主。正木時綱の子。里見義尭を助けて義豊を滅ぼし、国府台の戦いにも出陣した。東上総へ勢力を広げ、里見氏を代表して上杉謙信らとの交渉も担った。,78,,0,302,74,83,36,52,57,60,B,C,,D,C,,B,猛将,29,21,45,78,33,balanced,1513,1525,1561,,正木時綱の子,1027020,,,,,,27,0,46,,90,0,,,,,,
1027022,2129,里見家,正木|信茂,まさき|のぶしげ,正木信茂,,里見家,久留里城,里見家臣。大多喜城主。正木時茂の跡を継いで上総正木氏を率いた。里見義弘に従い第二次国府台合戦へ出陣し、北条氏康らと戦う。里見方が大敗する中で討死した。,75,,0,294,69,81,41,48,55,57,D,C,,,,,,,34,28,53,77,33,balanced,1540,1552,1564,true,正木時茂の子,1027021,,,,,,27,0,46,,90,0,,,,,,
1027023,2130,里見家,正木|時忠,まさき|ときただ,正木時忠,,里見家,久留里城,里見家臣。勝浦城主。兄の時茂と東上総へ進出し、九十九里から海上・香取へ勢力を広げ小見川城を攻略。第二次国府台合戦後は里見氏を離れ、子を人質として北条氏に属した。,80,,0,286,63,64,49,53,57,39,D,,,D,,,B,,29,21,66,26,28,conservative,1521,1533,1576,,正木時綱の子。里見→1564北条→1573里見,1027020,,,,,,27,0,46,,90,500,,,,,,
1027024,2131,里見家,正木|時通,まさき|ときみち,正木時通,,里見家,久留里城,,0,,0,256,49,56,50,54,47,48,,,,,,,,,29,21,73,39,28,balanced,1547,1559,1575,,正木時忠の子。里見→1564北条→1573里見,1027023,,,,,,27,0,46,,90,0,,,,,,
1027025,2132,里見家,正木|頼忠,まさき|よりただ,正木頼忠,,里見家,久留里城,里見家臣。上総勝浦城主。時忠の子。里見氏に仕える一方、後北条氏へ子を人質に出し両氏の調整役を担う。里見氏改易後は紀伊へ移り、娘のお万は家康の側室となった。,77,,0,262,44,54,55,55,54,53,,,,,,,C,,29,21,44,44,28,balanced,1551,1563,1622,,正木時忠の子、正木時通の養子,1027023,1027024,,,,,27,0,46,,95,0,,,,,,
1027026,2133,里見家,正木|為春,まさき|ためはる,正木為春,,里見家,久留里城,紀州徳川家臣。正木頼忠の次男。家康に仕え、妹のお万の方が生んだ徳川頼宣の守役を務め紀州藩家老となる。和歌・連歌・仏学にも通じ、仮名草子「あだ物語」などを著した。,80,,0,251,34,40,67,60,50,52,,,,,,,,,36,30,35,61,28,conservative,1573,1585,1652,,正木頼忠の子,1027025,,,,,,27,0,46,,95,0,,,,,,
1027027,2134,里見家,正木|弘季,まさき|ひろすえ,正木弘季,,里見家,久留里城,,0,,0,199,45,47,36,37,34,43,,,,,,,,,29,21,69,80,35,aggressive,1522,1534,1564,true,正木時綱の子,1027020,,,,,,27,0,46,,95,0,,,,,,
1027028,2135,里見家,正木|憲時,まさき|のりとき,正木憲時,,里見家,久留里城,里見家臣。大多喜城主。正木時茂の跡を継いだ。里見義弘の死後、家督を継いだ義頼と対立して挙兵したが敗北。家臣に殺害され、大多喜は里見氏の直轄領となった。,75,,0,257,63,56,44,48,46,51,D,D,,,,,,,29,21,25,89,33,balanced,1549,1561,1581,true,正木弘季の子、正木時茂の嗣子,1027027,1027021,,,,,27,0,46,,95,0,,,,,,
1027029,2136,里見家,神子上|吉明,みこがみ|よしあき,神子上吉明,1593:小野|忠明:おの|ただあき,里見家,久留里城,里見家臣。通称典膳。伊藤一刀斎に師事して一刀流の道統を継ぎ、小野派一刀流を開いた。のち徳川家康に召し抱えられて小野忠明と改名し、秀忠の剣術師範を務めた。,76,,0,146,19,72,23,16,16,20,,,,,B,,,,50,50,80,32,44,balanced,1565,1577,1628,,別名：神子上典膳、小野忠明,,,,,,,27,0,46,,95,0,,,,,,
1027030,2137,里見家,小野|忠常,おの|ただつね,小野忠常,,里見家,久留里城,,0,,0,141,16,74,14,15,22,13,,,,,A,,,,64,70,92,36,44,balanced,1608,1620,1666,,神子上吉明の子,1027029,,,,,,27,0,46,,95,0,,,,,,
1225001,2138,真里谷家,真里谷|信勝,まりやつ|のぶかつ,真里谷信勝,,里見家,久留里城,,0,,0,0,0,0,0,0,0,0,,,,,,,,,0,0,0,0,72,hermit,1448,9999,1523,,,,,,,,,27,0,46,,90,0,,,,,,
1225002,2139,真里谷家,真里谷|信清,まりやつ|のぶきよ,真里谷信清,1524:0|恕鑑:0|じょかん,里見家,久留里城,真里谷武田氏当主。信勝の子。恕鑑と号した。里見氏の内乱では義豊を支え、信隆が義堯方につく中も義豊方を援助。没後は信応と信隆が家督を争い真里谷氏の内紛へ発展した。,80,,0,297,60,56,55,65,61,54,,,,,,,,,26,16,42,60,72,balanced,1477,1489,1534,,真里谷信勝の子。別名：真里谷恕鑑,1225001,,,,,,27,0,46,,90,0,,,,,,
1225003,2140,真里谷家,真里谷|信隆,まりやつ|のぶたか,真里谷信隆,,里見家,久留里城,,0,,0,183,28,26,41,41,47,40,,,,,,,,,29,21,37,55,72,balanced,1496,1508,1551,,真里谷信清の子,1225002,,,,,,27,0,46,,90,0,,,,,,
1225004,2141,真里谷家,真里谷|信政,まりやつ|のぶまさ,真里谷信政,,里見家,久留里城,,0,,0,216,36,46,53,43,38,43,,,,,,,,,26,16,39,50,72,aggressive,1527,1539,1552,,真里谷信隆の子,1225003,,,,,,27,0,46,,90,0,,,,,,
1225005,2142,真里谷家,真里谷|信応,まりやつ|のぶまさ,真里谷信応,,里見家,久留里城,,0,,0,260,51,59,48,49,53,48,D,,,,,,,,22,11,46,38,52,aggressive,1515,1527,1552,,真里谷信清の子,1225002,,,,,,27,0,46,,90,0,,,,,,
1225006,2143,真里谷家,真里谷|信高,まりやつ|のぶたか,真里谷信高,,里見家,久留里城,,0,,0,174,34,35,33,32,40,39,,,,,,,,,26,16,15,84,52,balanced,1542,1554,1595,,真里谷信応の子、真里谷信政の養子。里見→北条→那須,1225005,1225004,,,,,27,0,46,,90,0,,,,,,
1225007,2144,真里谷家,真里谷|信経,まりやつ|のぶつね,真里谷信経,,里見家,久留里城,,0,,0,167,32,28,37,36,34,36,,,,,,,,,29,21,16,56,52,balanced,1565,1577,1611,,真里谷信高の子。里見→北条→那須,1225006,,,,,,27,0,46,,90,0,,,,,,
1225008,2145,真里谷家,真里谷|信保,まりやつ|のぶやす,真里谷信保,,里見家,久留里城,,0,,0,291,55,64,62,58,52,56,,,,,,,,,29,21,28,67,64,hermit,1480,1492,1549,,真里谷信勝の子。別名：真里谷信秋、真里谷全方,1225001,,,,,,27,0,46,,90,0,,,,,,
1209001,2146,真田家,真田|頼昌,さなだ|よりまさ,真田頼昌,,武田家,戸石城,,0,,0,0,0,0,0,0,0,0,,,,,,,,,0,0,0,0,59,hermit,1480,9999,1523,,,,,,,,,3,0,30,,100,0,,,,,,
1209002,2147,真田家,真田|幸綱,さなだ|ゆきつな,真田幸綱,1562:0|幸隆:0|こうりゅう,武田家,戸石城,信濃真田氏当主。武田侵攻で本領を失い上野へ退くが、信玄に仕えて旧領を回復。信濃先方衆として村上義清と戦い、砥石城・岩櫃城などを攻略して一族発展の基礎を築いた。,79,,0,356,67,68,56,68,97,65,D,C,,D,,,,謀将,32,25,70,70,59,conservative,1513,1525,1574,,真田頼昌の子。別名：真田幸隆,1209001,,,,,,3,0,30,戸石城主,100,500,,,,,,
1209003,2148,真田家,真田|信綱,さなだ|のぶつな,真田信綱,,武田家,戸石城,武田家臣。真田幸綱の長男で家督を継ぎ、信玄・勝頼に仕えた。川中島や小田原攻めに従軍し、長篠の戦いで弟・昌輝とともに討死した。,62,,0,283,62,77,46,48,50,73,,C,,D,,,,,50,50,56,73,59,aggressive,1537,1549,1575,true,真田幸綱の子,1209002,,,,,,3,0,30,,100,0,,,,,,
1209004,2149,真田家,真田|昌輝,さなだ|まさてる,真田昌輝,,武田家,戸石城,武田家臣。幸綱の次男。父や兄・信綱を助けて信玄に仕え、小田原城攻めで戦功を挙げた。信玄没後も勝頼に仕え、長篠の戦いでは兄とともに織田・徳川軍と戦い討死した。,78,,0,357,75,72,66,72,72,71,C,C,,D,,,,,32,25,61,80,61,aggressive,1543,1555,1575,true,真田幸綱の子,1209002,,,,,,3,0,30,,100,0,,,,,,
1209005,2150,真田家,武藤|喜兵衛,むとう|きへえ,武藤喜兵衛,1576:真田|昌幸:さなだ|まさゆき,武田家,戸石城,武田家臣。武田氏滅亡後、上杉・北条・徳川の間を転じて領国を守り、上田城を築く。二度の上田合戦で徳川軍を退けたが、関ヶ原では西軍に属して九度山へ流された。,76,,0,432,86,76,78,99,93,81,B,C,,B,,,,表裏比興|謀将,36,30,75,52,63,balanced,1547,1559,1611,,真田幸綱の子。別名：真田昌幸,1209002,,,,,,3,0,30,,100,0,,,sanada_masayuki.webp,,,
1209006,2151,真田家,真田|信幸,さなだ|のぶゆき,真田信幸,1601:0|信之:0|のぶゆき,武田家,戸石城,真田昌幸の嫡男。関ヶ原では父・昌幸、弟・信繁と袂を分かち東軍に属し、両名の助命に尽力。上田・沼田を継ぎ、のち松代へ移封され、真田家を近世大名として存続させた。,79,,0,381,76,67,79,84,75,73,,D,C,D,,,,赤備え,36,30,27,72,68,conservative,1566,1578,1658,,武藤喜兵衛の子。別名：真田信之。武田→真田,1209005,,,,,,3,0,30,,100,0,,,,,,
1209007,2152,真田家,真田|信吉,さなだ|のぶよし,真田信吉,,武田家,戸石城,真田家臣。信之の長男。大坂の陣では病身の父に代わり弟の信政と出陣し、豊臣方と戦った。のち父から沼田城を譲られ二代城主となり領内を治め、城鐘を鋳造した。,75,,0,287,59,51,60,60,57,50,,,,,,,,,26,16,47,39,73,conservative,1595,1607,1635,,真田信幸の子・家督,1209006,,,,,,3,0,30,,100,0,,,,,,
1209008,2153,真田家,真田|信政,さなだ|のぶまさ,真田信政,,武田家,戸石城,真田信之の次男。大坂冬の陣では兄・信吉と徳川方で出陣。のち沼田城主となり、検地や用水開削、町割りを進めた。父・信之の隠居後に松代藩を継ぐが、在任わずかで没した。,80,,0,281,56,61,52,55,57,54,,,,,,,,,48,47,64,26,73,conservative,1597,1609,1658,,真田信幸の子・家督,1209006,,,,,,3,0,30,,100,0,,,,,,
1209009,2154,真田家,真田|信繁,さなだ|のぶしげ,真田信繁,1614:0|幸村:0|ゆきむら,武田家,戸石城,真田氏一門。昌幸の次男。関ヶ原では父と西軍に属し、敗れて九度山へ配流。大坂冬の陣では真田丸を築いて徳川軍を撃退。夏の陣では家康本陣へ突撃するが討死した。,76,,0,363,85,98,43,61,76,91,A,S,,B,C,,,赤備え|猛将,50,50,20,90,25,conservative,1567,1579,1615,true,武藤喜兵衛の子。武田→真田。別名：真田幸村,1209005,,,,,,3,0,30,,100,0,,,,,,
1209010,2155,真田家,真田|幸昌,さなだ|ゆきまさ,真田幸昌,,武田家,戸石城,真田信繁の子。通称大助。父と大坂城へ入り、冬・夏の陣で豊臣方として戦う。夏の陣で父が戦死すると遺言に従い城へ戻り、落城する大坂城で豊臣秀頼に殉じ自害した。,77,,0,289,58,74,41,52,64,65,D,D,,,,,,,50,50,20,90,25,balanced,1600,1612,1615,true,真田信繁の子,1209009,,,,,,3,0,30,,100,0,,,,,,
1209011,2156,真田家,真田|信勝,さなだ|のぶかつ,真田信勝,,武田家,戸石城,,0,,0,234,56,63,37,36,42,55,,,,,,,,,50,50,64,27,74,aggressive,1571,1583,1609,,武藤喜兵衛の子。武田→真田,1209005,,,,,,3,0,30,,100,0,,,,,,
1209012,2157,真田家,真田|信尹,さなだ|のぶただ,真田信尹,,武田家,戸石城,真田幸綱の子。武田信玄・勝頼に仕えて軍事や外交を担い、武田氏滅亡後は北条氏を経て徳川家康に属した。小田原征伐にも従軍し、のちに旗本として真田分家の祖となった。,79,,0,361,67,63,75,82,74,58,,D,,,,,,,54,55,57,38,65,balanced,1547,1559,1632,,真田幸綱の子,1209002,,,,,,3,0,30,,100,0,,,,,,
1209013,2158,真田家,矢沢|頼綱,やざわ|よりつな,矢沢頼綱,,武田家,戸石城,真田家臣。真田幸隆の弟。真田昌幸の沼田攻略に働き、のち沼田城代となる。北条氏との前線で攻撃を五度にわたり撃退し、沼田在番の功で昌幸から海野領千貫を与えられた。,79,,0,285,79,69,54,18,65,44,C,C,,D,,,,,22,11,19,75,61,conservative,1518,1530,1597,,真田頼昌の子,1209001,,,,,,3,0,30,,95,0,,,,,,
1209014,2159,真田家,矢沢|頼康,やざわ|よりやす,矢沢頼康,,武田家,戸石城,真田家臣。矢沢頼綱の嫡男。頼幸とも称す。第一次上田合戦では矢沢城を守り徳川勢と戦った。父の跡を継いで真田信之に仕え、上田藩、のちに松代藩で家政を支えた。,76,,0,265,60,72,41,40,52,62,C,C,,D,,,,,22,11,26,77,62,balanced,1553,1565,1625,,矢沢頼綱の子,1209013,,,,,,3,0,30,,95,0,,,,,,
1209015,2160,真田家,常田|隆永,ときだ|たかなが,常田隆永,,武田家,躑躅ヶ崎館,武田家臣。真田幸隆の弟。常田氏を継ぎ、武田信玄の上野侵攻に従った。長野原城攻略後は城将に任じられ斎藤氏に備えた。斎藤方の反攻を受けた長野原合戦で討死した。,77,,0,269,55,62,47,51,54,49,,,,,,,,,33,26,42,50,48,balanced,1519,1531,1572,,真田頼昌の子。真田→武田,1209001,,,,,,3,0,9,,95,0,,,,,,
1209016,2161,真田家,石合|道重,いしあい|みちしげ,石合道重,,武田家,戸石城,,0,,0,217,48,57,35,36,41,47,,,,,,,,,22,11,18,78,45,aggressive,1541,1553,1582,true,別名：長窪道重,,,,,,,3,0,30,,95,0,,,,,,
1209017,2162,真田家,石合|道相,いしあい|みちすけ,石合道相,,武田家,戸石城,,0,,0,234,55,51,43,42,43,48,,,,,,,,,25,15,22,74,45,balanced,1563,1575,1600,,石合道重の子,1209016,,,,,,3,0,30,,95,0,,,,,,
1209018,2163,真田家,石合|道定,いしあい|みちさだ,石合道定,,武田家,戸石城,,0,,0,256,58,52,57,43,46,48,,,,,,,,,28,19,32,61,45,balanced,1585,1597,1645,,石合道相の子,1209017,,,,,,3,0,30,,95,0,,,,,,
1209019,2164,真田家,河原|綱家,かわはら|つないえ,河原綱家,,武田家,戸石城,真田家臣。昌幸に仕え、武田氏滅亡後の甲信争奪で戦功を挙げて甲斐に所領を得た。のちに商人統制も担った。小田原攻め・奥羽平定の功では窪林二十貫文を加増された。,77,,0,334,58,57,74,74,71,49,,D,C,,,,,,29,21,33,61,60,conservative,1556,1568,1634,,,,,,,,,3,0,30,,95,0,,,,,,
1209020,2165,真田家,出浦|昌相,いでうら|まさすけ,出浦昌相,,武田家,躑躅ヶ崎館,信濃国衆。村上・武田氏を経て真田昌幸に仕え、武田氏滅亡後も真田氏に従う。信之の代には吾妻・沼田の検断や年貢収納を任され、訴訟処理や幕閣との交渉にも携わった。,78,,0,336,65,76,52,66,77,28,D,,,D,,B,,,36,30,43,70,62,balanced,1546,1558,1623,,武田→真田,,,,,,,3,0,9,,95,0,,,,,,
1209021,2166,真田家,鈴木|重則,すずき|しげのり,鈴木重則,,武田家,戸石城,,0,,0,218,59,65,30,28,36,59,D,C,C,,,,,,50,50,24,84,60,aggressive,1547,1559,1589,,,,,,,,,3,0,30,,95,0,,,,,,
1209022,2167,真田家,鈴木|忠重,すずき|ただしげ,鈴木忠重,,武田家,戸石城,,0,,0,207,29,53,26,38,61,51,,,,,,,,,36,30,39,55,60,aggressive,1574,1586,1658,,鈴木重則の子。武田→真田,1209021,,,,,,3,0,30,,95,0,,,,,,
1209023,2168,真田家,高梨|内記,たかなし|ないき,高梨内記,,武田家,戸石城,真田家臣。関ヶ原後に昌幸・信繁の九度山配流へ同行した。昌幸の没後に多くの家臣が上田へ戻る中でも信繁のもとに残り、青柳清庵・三井豊前とともに大坂入城まで従った。,79,,0,299,60,57,63,62,57,52,,,,,,,,,22,11,13,86,39,conservative,1560,1572,1615,,高梨政頼の子,1001054,,,,,,3,0,30,,95,0,,,,,,
1209024,2169,真田家,堀田|興重,ほった|おきしげ,堀田興重,,武田家,戸石城,,0,,0,247,56,62,38,41,50,54,,,,,,,,,36,30,15,89,35,aggressive,1570,1582,1615,true,堀田作兵衛。武田→真田,,,,,,,3,0,30,,95,0,,,,,,
1036001,2170,佐野家,佐野|秀綱,さの|ひでつな,佐野秀綱,,佐野家,唐沢山城,下野国衆。佐野氏当主。盛綱の死後に家督を継ぐ。子の泰綱または一族へ十二条の家訓を残し、母への孝順、奉公、質素、厳正な裁判などを命じた。天命村に観音寺を建立した。,80,,0,284,59,64,49,53,59,57,,,,,,,,,47,45,46,50,11,aggressive,1472,1484,1548,,,,,,,,,36,0,66,,95,0,,,,,,
1036002,2171,佐野家,佐野|泰綱,さの|やすつな,佐野泰綱,,佐野家,唐沢山城,佐野氏25代当主。秀綱の子。連歌師宗長を館に招き連歌を催すなど上方文化に親しんだ。晩年には赤見城を支配下に置き、唐沢山城の支城として足利長尾氏への備えを固めた。,79,,0,299,52,59,58,64,66,60,,,,,,,,,47,45,34,67,11,aggressive,1488,1500,1560,,佐野秀綱の子,1036001,,,,,,36,0,66,,95,200,,true,,,,
1036003,2172,佐野家,佐野|豊綱,さの|とよつな,佐野豊綱,,佐野家,唐沢山城,佐野氏当主。泰綱の子。唐沢山城主。長尾景虎の初の関東越山では弟・昌綱を出迎えに遣わし、景虎を城へ迎えた。猿楽を催すなど越後勢を数日饗応し上杉方と結んだ。,76,,0,276,52,50,63,59,52,51,D,,,,,,,,26,16,36,55,13,balanced,1504,1516,1559,true,佐野泰綱の子,1036002,,,,,,36,0,66,,95,0,,,,,,
1036004,2173,佐野家,佐野|昌綱,さの|まさつな,佐野昌綱,,佐野家,唐沢山城,佐野氏15代当主。政戦両略に長け、多くの改革を行った。降伏・離反を繰り返して佐野氏と唐沢山城の支配を保った。上杉謙信の侵攻を幾度も受け、その多くを撃退した。,77,佐野氏15代当主。政戦両略に長け、多くの改革を行った。降伏・離反を繰り返して佐野氏と唐沢山城の支配を保った。上杉謙信の侵攻を幾度も受け、その多くを撃退した。,77,360,80,65,66,71,78,62,D,C,,D,,,,,46,44,54,8,11,conservative,1529,1541,1574,,佐野泰綱の子,1036002,,,,,,36,0,66,唐沢山城主,100,1000,,,,,,
1036005,2174,佐野家,佐野|宗綱,さの|むねつな,佐野宗綱,,佐野家,唐沢山城,佐野氏16代当主。昌綱の子。たびたび上杉謙信に攻められるも北条と結んで幾度も撃退。関東では遅れていた鉄砲の普及を推奨し、織田政権にも早くから誼を通じていた。,77,佐野氏16代当主。昌綱の子。たびたび上杉謙信に攻められるも北条と結んで幾度も撃退。関東では遅れていた鉄砲の普及を推奨し、織田政権にも早くから誼を通じていた。,77,346,74,73,65,72,62,72,,B,,,,,,,71,80,77,67,11,aggressive,1556,1568,1586,true,佐野昌綱の子,1036004,,,,,,36,0,66,,95,500,,,,,,
1036006,2175,佐野家,桐生|親綱,きりゅう|ちかつな,桐生親綱,,佐野家,唐沢山城,,0,,0,110,20,30,18,20,22,29,,,,,,,,,46,44,66,21,14,aggressive,1561,1573,1598,,佐野昌綱の子、桐生助綱の養子,1036004,1036017,,,,,36,0,66,,95,0,,,,,,
1036007,2176,佐野家,佐野|氏忠,さの|うじただ,佐野氏忠,,佐野家,唐沢山城,佐野氏17代当主。北条氏尭の子。北条氏の将として対徳川の前線で活躍。のちに佐野氏に養子入りし、佐竹派の重臣を追放して北条時代からの家臣に代えるなど支配を確立した。,80,佐野氏17代当主。北条氏尭の子。北条氏の将として対徳川の前線で活躍。のちに佐野氏に養子入りし、佐竹派の重臣を追放して北条時代からの家臣に代えるなど支配を確立した。,80,305,65,56,64,60,60,63,,,,,,,,,50,50,80,75,21,balanced,1556,1568,1593,,北条氏尭の子、佐野宗綱の養子。別名：北条氏忠,1003015,1036005,,,,,36,0,66,,95,0,,,,,,
1036008,2177,佐野家,佐野|房綱,さの|ふさつな,佐野房綱,,佐野家,唐沢山城,佐野泰綱の子。佐野氏の当主不在の折、佐竹氏の息子を迎えることを主張し佐竹派を形成。敗れて出奔し秀吉に仕えた。北条氏の降伏後は佐野氏の名代に任じられた。,75,佐野泰綱の子。佐野氏の当主不在の折、佐竹氏の息子を迎えることを主張し佐竹派を形成。敗れて出奔し秀吉に仕えた。北条氏の降伏後は佐野氏の名代に任じられた。,75,296,51,70,62,59,54,37,D,,,D,C,,,,29,21,33,61,83,aggressive,1558,1570,1601,,佐野泰綱の子,1036002,,,,,,36,0,66,,95,500,,,,,,
1036009,2178,佐野家,佐野|信吉,さの|のぶよし,佐野信吉,,佐野家,唐沢山城,佐野氏19代当主。富田一白の子。事実上家督を継いだ佐野房綱の養嗣子となり、改めて正式な当主として家督を継いだ。関ヶ原の戦いでは東軍に与し所領を安堵された。,76,佐野氏19代当主。富田一白の子。事実上家督を継いだ佐野房綱の養嗣子となり、改めて正式な当主として家督を継いだ。関ヶ原の戦いでは東軍に与し所領を安堵された。,76,261,50,54,58,49,50,54,,,,,,,,,50,50,44,55,83,conservative,1566,1578,1622,,富田一白の子、佐野房綱の養子,1401078,1036007,,,,,36,0,66,,95,0,,,,,,
1036010,2179,佐野家,神馬|忠春,じんば|ただはる,神馬忠春,,佐野家,唐沢山城,,0,,0,226,42,41,52,47,44,50,,,,,,,,,47,45,27,78,11,aggressive,1507,1519,1546,,,,,,,,,36,0,66,,95,0,,,,,,
1036011,2180,佐野家,赤見|綱重,あかみ|つなしげ,赤見綱重,,佐野家,唐沢山城,佐野家臣。元は下野国衆。赤見氏は佐野氏と争ってきたが、佐野昌綱の代に和睦して以降は佐野武士団の有力な一員として活躍した。,60,佐野家臣。元は下野国衆。赤見氏は佐野氏と争ってきたが、佐野昌綱の代に和睦して以降は佐野武士団の有力な一員として活躍した。,60,263,64,68,38,45,48,49,,D,,,,,,,26,16,71,47,93,balanced,1529,1541,1584,,,,,,,,,36,0,66,,95,500,,,,,,
1036012,2181,佐野家,赤見|綱高,あかみ|つなたか,赤見綱高,,佐野家,唐沢山城,佐野家臣。綱重の子。赤見城主。佐野房綱の重臣。佐野氏再興のため秀吉と結び、反北条派の中心となった。房綱が隠居先を赤見郷と定めた時にはその普請を行った。,75,佐野家臣。綱重の子。赤見城主。佐野房綱の重臣。佐野氏再興のため秀吉と結び、反北条派の中心となった。房綱が隠居先を赤見郷と定めた時にはその普請を行った。,75,278,59,52,63,54,50,52,,,,,,,,,26,16,44,71,83,balanced,1562,1574,1612,,赤見綱重の子,1036009,,,,,,36,0,66,,95,0,,,,,,
1036013,2182,佐野家,大貫|某,おおぬき|なにがし,大貫某,,佐野家,唐沢山城,,0,,0,0,0,0,0,0,0,0,,,,,,,,,0,0,0,0,18,hermit,1510,9999,1560,,,,,,,,,36,0,66,,95,0,,,,,,
1036014,2183,佐野家,大貫|武重,おおぬき|たけしげ,大貫武重,,佐野家,唐沢山城,佐野家臣。佐野四天王の一人。主君・宗綱の出陣を制止するも聞き入れられず、宗綱は出陣し討死した。宗綱の没後、主戦派によって居城を攻め立てられ一戦もせずに自刃した。,80,佐野家臣。佐野四天王の一人。主君・宗綱の出陣を制止するも聞き入れられず、宗綱は出陣し討死した。宗綱の没後、主戦派によって居城を攻め立てられ一戦もせずに自刃した。,80,280,53,45,62,56,64,57,,,,,,,,,47,45,46,81,18,conservative,1532,1544,1586,true,大貫某の子,1036011,,,,,,36,0,66,,95,300,true,,,,,
1036015,2184,佐野家,大貫|武基,おおぬき|たけもと,大貫武基,,佐野家,唐沢山城,佐野家臣。武重の子。1590年、同族の大貫定行とともに唐沢山城で自刃した。,35,佐野家臣。武重の子。1590年、同族の大貫定行とともに唐沢山城で自刃した。,35,232,39,38,58,51,46,50,,,,,,,,,47,46,42,56,18,conservative,1553,1565,1590,true,大貫武重の子,1036012,,,,,,36,0,66,,95,0,,,,,,
1036016,2185,佐野家,大貫|定行,おおぬき|さだゆき,大貫定行,,佐野家,唐沢山城,佐野家臣。小田原合戦の折、小田原城に入った主君・氏忠に代わり唐沢山城代となった。秀吉の降伏勧告を拒否して城門を閉ざし、やがて完全に包囲されると自刃した。,76,佐野家臣。小田原合戦の折、小田原城に入った主君・氏忠に代わり唐沢山城代となった。秀吉の降伏勧告を拒否して城門を閉ざし、やがて完全に包囲されると自刃した。,76,266,61,59,47,49,50,53,,,,,,,,,36,30,22,79,18,balanced,1549,1561,1590,true,大貫某の子,1036011,,,,,,36,0,66,,95,0,,,,,,
1036017,2186,佐野家,桐生|助綱,きりゅう|すけつな,桐生助綱,,佐野家,唐沢山城,上野国衆。柄杓山城主。桐生氏当主。仁田山・赤萩を領有し、菱村の細川氏を破るなど周辺へ勢力を伸ばす。さらに膳因幡守の軍を破って膳城まで進攻し、和睦を結んだ。,77,,0,286,60,54,56,60,56,55,,,,,,,,,36,30,35,61,14,balanced,1512,1524,1570,,,,,,,,,36,0,66,,95,0,,,,,,
1036018,2187,佐野家,高瀬|武正,たかせ|たけまさ,高瀬武正,,佐野家,唐沢山城,佐野家臣。下野免鳥城主。北条方に寝返った赤井氏に代わり免鳥城に入った。免鳥城は度々足利長尾氏との交戦の場となり、1581年、長尾顕長に攻め落とされ討死した。,76,佐野家臣。下野免鳥城主。北条方に寝返った赤井氏に代わり免鳥城に入った。免鳥城は度々足利長尾氏との交戦の場となり、1581年、長尾顕長に攻め落とされ討死した。,76,233,46,48,45,46,48,50,,,,,,,,,40,36,54,79,12,balanced,1526,1538,1581,true,別名：高瀬満重、高瀬綱清,,,,,,,36,0,66,,95,0,,,,,,
1036019,2188,佐野家,高瀬|武元,たかせ|たけもと,高瀬武元,,佐野家,唐沢山城,佐野家臣。武正の子。1572年、父・武正とともに免鳥城に入り守備した。1581年、長尾顕長勢に免鳥城を攻め落とされ討死した。,58,佐野家臣。武正の子。1572年、父・武正とともに免鳥城に入り守備した。1581年、長尾顕長勢に免鳥城を攻め落とされ討死した。,58,224,39,51,37,47,50,49,,,,,,,,,47,45,34,67,12,conservative,1548,1560,1581,true,高瀬武正の子。別名：高瀬忠行,1036018,,,,,,36,0,66,,95,0,,,,,,
1036020,2189,佐野家,竹沢|定冬,たけざわ|さだふゆ,竹沢定冬,,佐野家,唐沢山城,佐野家臣。佐野四天王の一人。,14,佐野家臣。佐野四天王の一人。,14,270,65,59,46,43,57,57,,D,,,,,,,50,50,31,73,10,aggressive,1519,1531,1570,,,,,,,,,36,0,66,,95,300,,,,,,
1036021,2190,佐野家,津布久|昌成,つぶく|まさなり,津布久昌成,,佐野家,唐沢山城,佐野家臣。佐野四天王の一人。早逝しその死を主君・昌綱に惜しまれた。,33,佐野家臣。佐野四天王の一人。早逝しその死を主君・昌綱に惜しまれた。,33,275,49,51,54,63,58,61,,,,,,,,,46,44,27,77,11,balanced,1538,1550,1567,,,,,,,,,36,0,66,,95,300,,,,,,
1036022,2191,佐野家,福地|寧久,ふくち|やすひさ,福地寧久,,佐野家,唐沢山城,佐野家臣。綱久の子。椿田城主。福地家は武蔵の忍。椿田城を拠点として佐野氏の南を守り、軍事面においても活躍した重臣。,57,佐野家臣。綱久の子。椿田城主。福地家は武蔵の忍。椿田城を拠点として佐野氏の南を守り、軍事面においても活躍した重臣。,57,223,58,59,24,31,51,38,,,,,,B,,,42,39,56,63,14,balanced,1520,1532,1584,,,,,,,,,36,0,66,,95,0,,,,,,
1036023,2192,佐野家,福地|智之,ふくち|ともゆき,福地智之,,佐野家,唐沢山城,佐野家臣。寧久の子。佐野氏忠に仕えた五奉行の一人。積極的に領内を統治し、領内の年貢高の確定や不作地の減免などにより農民の負担を軽減しながら開発を進めた。,76,佐野家臣。寧久の子。佐野氏忠に仕えた五奉行の一人。積極的に領内を統治し、領内の年貢高の確定や不作地の減免などにより農民の負担を軽減しながら開発を進めた。,76,265,49,53,70,42,51,56,,,,,,D,,,50,50,19,69,14,conservative,1546,1558,1616,,福地寧久の子,1036022,,,,,,36,0,66,,95,0,,,,,,
1036024,2193,佐野家,茂呂|久重,もろ|ひさしげ,茂呂久重,,佐野家,唐沢山城,,0,,0,201,33,34,50,44,40,44,,,,,,,,,47,45,55,38,12,balanced,1538,1550,1590,,,,,,,,,36,0,66,,95,0,,,,,,
1036025,2194,佐野家,山上|氏秀,やまがみ|うじひで,山上道及,1564:0|道及:0|どうきゅう,佐野家,唐沢山城,佐野家臣。関東の争乱の中で多くの戦功を挙げ、重臣に取り立てられて佐野四天王と呼ばれた。当主・宗綱の没後、家督争いで佐竹派に属し敗れて出奔。晩年は上杉に属した。,79,佐野家臣。関東の争乱の中で多くの戦功を挙げ、重臣に取り立てられて佐野四天王と呼ばれた。当主・宗綱の没後、家督争いで佐竹派に属し敗れて出奔。晩年は上杉に属した。,79,287,70,78,39,39,61,62,C,D,,D,,,,,50,50,24,84,86,aggressive,1543,1555,1621,,別名：山上道及。長野→1555佐野→1586豊臣→1598上杉,,,,,,,36,0,66,,95,300,,,,,,
1224001,2195,尾張斯波家,斯波|義統,しば|よしむね,斯波義統,,浪人,清洲城,,0,,0,168,26,25,39,37,41,51,,,,,,,,,29,21,49,38,0,conservative,1513,1525,1554,,,,,,,,,0,0,7,,50,0,,,,,,
1224002,2196,尾張斯波家,斯波|義銀,しば|よしかね,斯波義銀,,織田家,清洲城,,0,,0,153,24,29,36,31,33,48,,,,,,,,,26,16,43,44,22,balanced,1540,1552,1600,,斯波義統の子。織田→羽柴,1224001,,,,,,1,0,7,,95,0,,,,,,
1224003,2197,尾張斯波家,斯波|長秀,しば|ながひで,斯波長秀,1540:毛利|0:もうり|0/1585:0|秀頼:0|ひでより,織田家,清洲城,,0,,0,224,54,54,39,37,40,64,,,,,,,,,50,50,29,51,18,balanced,1541,1553,1593,,斯波義統の子。別名：毛利長秀・毛利秀頼。織田→羽柴,1224001,,,,,,1,0,7,,95,0,,,,,,
1224004,2198,尾張斯波家,斯波|秀秋,しば|ひであき,斯波秀秋,1564:毛利|0:もうり|0,織田家,清洲城,,0,,0,206,24,34,53,48,47,57,,,,,,,,,29,21,40,50,18,conservative,1565,1577,1615,true,斯波長秀の子。別名：毛利秀秋。羽柴家臣,1224003,,,,,,1,0,7,,95,0,,,,,,
1224005,2199,尾張斯波家,斯波|義冬,しば|よしふゆ,斯波義冬,1542:津川|0:つがわ|0,織田家,清洲城,,0,,0,233,37,35,57,54,50,60,,,,,,,,,26,16,36,55,18,conservative,1543,1555,1584,true,斯波義統の子。別名：津川義冬。織田家臣,1224001,,,,,,1,0,7,,95,0,,,,,,
1071001,2200,高水寺斯波家,斯波|詮高,しば|あきたか,斯波詮高,,斯波家,雫石城,高水寺斯波氏当主。高水寺城を本拠に雫石へ勢力を広げ、厨川平野にも影響力を及ぼした。子の詮貞を雫石、詮義を猪去へ配して一門支配を固め、北奥で南部氏と勢力を競った。,80,,0,355,73,67,62,73,80,68,C,D,,,,,,,29,21,44,44,94,balanced,1476,1488,1549,,,,,,,,,71,0,197,,95,0,,,,,,
1071002,2201,高水寺斯波家,斯波|経詮,しば|つねあき,斯波経詮,,斯波家,雫石城,高水寺斯波氏。斯波詮高の子。南部氏の勢力下にあった雫石城を攻略し、弟・詮貞を城主とした。本拠が「斯波御所」と称されたのにならい、雫石城も「雫石御所」と呼ばれた。,80,,0,276,45,40,62,65,64,70,,,,,,,,,26,16,47,38,94,balanced,1495,1507,1559,,斯波詮高の子,1071001,,,,,,71,0,197,,95,0,,,,,,
1071003,2202,高水寺斯波家,斯波|詮真,しば|あきざね,斯波詮真,,斯波家,雫石城,,0,,0,203,38,26,43,49,47,61,,,,,,,,,26,16,36,55,94,balanced,1524,1536,1573,,斯波経詮の子,1071002,,,,,,71,0,197,雫石城主,100,1500,,,,124,民部少輔,
1071004,2203,高水寺斯波家,斯波|詮直,しば|あきなお,斯波詮直,,斯波家,雫石城,,0,,0,130,21,28,18,38,25,45,,,,,,,,,26,16,36,55,94,balanced,1548,1560,1597,,斯波詮真の子。別名：斯波詮元,1071003,,,,,,71,0,197,,95,700,,,,,,
1071005,2204,高水寺斯波家,斯波|詮森,しば|あきもり,斯波詮森,,斯波家,雫石城,,0,,0,190,39,32,37,44,38,55,,,,,,,,,30,22,34,59,94,conservative,1567,1579,1588,true,斯波詮直の子,1071004,,,,,,71,0,197,,95,300,,,,,,
1071006,2205,高水寺斯波家,斯波|詮国,しば|あきくに,斯波詮国,,斯波家,雫石城,,0,,0,194,41,34,38,44,37,57,,,,,,,,,34,28,32,64,94,conservative,1586,1598,1652,,斯波詮森の子。斯波→浪人,1071005,,,,,,71,0,197,,95,0,,,,,,
1071007,2206,高水寺斯波家,雫石|詮貞,しずくいし|あきさだ,雫石詮貞,,斯波家,雫石城,,0,,0,229,55,27,46,42,59,49,,D,,,,,,,36,30,37,72,92,conservative,1503,1515,1557,,斯波詮高の子,1071001,,,,,,71,0,197,,95,0,,,,,,
1071008,2207,高水寺斯波家,雫石|詮貴,しずくいし|あきたか,雫石詮貴,,斯波家,雫石城,,0,,0,206,56,16,38,46,50,46,,,,,,,,,36,30,29,70,92,conservative,1526,1538,1577,,雫石詮貞の子,1071007,,,,,,71,0,197,,95,0,,,,,,
1071009,2208,高水寺斯波家,雫石|久資,しずくいし|ひさすけ,雫石久資,,斯波家,雫石城,,0,,0,218,53,29,43,45,48,48,,,,,,,,,40,36,30,56,92,conservative,1552,1564,1599,,雫石詮貴の子。斯波→南部,1071008,,,,,,71,0,197,,95,0,,,,,,
1071010,2209,高水寺斯波家,猪去|詮義,いさり|あきよし,猪去詮義,,斯波家,雫石城,,0,,0,236,57,53,35,49,42,47,,,,,,,,,26,16,38,66,96,aggressive,1505,1517,1566,,斯波詮高の子,1071001,,,,,,71,0,197,,95,0,,,,,,
1071011,2210,高水寺斯波家,猪去|義方,いさり|よしかた,猪去義方,,斯波家,雫石城,,0,,0,201,49,55,30,29,38,42,,,,,,,,,26,16,26,68,96,aggressive,1531,1543,1596,,猪去詮義の子。斯波→北信愛,1071010,,,,,,71,0,197,,95,0,,,,,,
1071012,2211,高水寺斯波家,猪去|久道,いさり|もとひさ,猪去久道,,斯波家,雫石城,,0,,0,206,50,50,37,32,37,43,,,,,,,,,30,22,28,54,96,balanced,1555,1567,1612,,猪去義方の子。斯波→北信愛,1071011,,,,,,71,0,197,,95,0,,,,,,
1071013,2212,高水寺斯波家,岩清水|某,いわしみず|なにがし,岩清水某,,斯波家,雫石城,,0,,0,0,0,0,0,0,0,0,,,,,,,,,0,0,0,0,43,hermit,1510,9999,1560,,,,,,,,,71,0,197,,95,0,,,,,,
1071014,2213,高水寺斯波家,岩清水|義長,いわしみず|よしなが,岩清水義長,,斯波家,雫石城,奥州斯波家臣。肥後守。弟の岩清水右京が南部方に通じて挙兵すると、斯波方として岩清水館を攻めたが敗れ片寄へ退いた。この内訌は斯波氏没落の直接の契機となった。,77,,0,286,66,69,49,42,60,56,D,,,,,,,,18,5,10,87,94,aggressive,1544,1556,1588,true,岩清水某の子,1071013,,,,,,71,0,197,,95,0,true,,,,,
1071015,2214,高水寺斯波家,岩清水|義教,いわしみず|よしのり,岩清水義教,,斯波家,雫石城,,0,,0,237,54,58,37,45,43,46,,D,,,,,,,29,21,56,27,80,balanced,1547,1559,1606,,岩清水某の子。斯波→南部,1071013,,,,,,71,0,197,,95,0,,,,,,
1071016,2215,高水寺斯波家,大萱生|秀定,おおがゆ|ひでさだ,大萱生秀定,,斯波家,雫石城,,0,,0,208,44,71,33,32,28,47,,,,D,,,,,22,11,16,81,95,aggressive,1535,1547,1588,true,,,,,,,,71,0,197,,95,0,,,,,,
1071017,2216,高水寺斯波家,大萱生|秀重,おおがゆ|ひでしげ,大萱生秀重,,斯波家,雫石城,,0,,0,194,43,55,32,29,35,41,,,,,,,,,27,18,29,51,81,aggressive,1566,1578,1641,,大萱生秀定の子。斯波→南部,1071016,,,,,,71,0,197,,95,0,,,,,,
1071018,2217,高水寺斯波家,工藤|茂道,くどう|しげみち,工藤茂道,,斯波家,雫石城,,0,,0,202,40,50,37,38,37,40,,,,,,,,,20,8,19,76,95,balanced,1539,1551,1588,true,,,,,,,,71,0,197,,95,0,,,,,,
1071019,2218,高水寺斯波家,工藤|茂正,くどう|しげまさ,工藤茂正,,斯波家,雫石城,,0,,0,196,37,51,38,35,35,39,,,,,,,,,20,8,24,69,95,balanced,1558,1570,1620,,工藤茂道の子。斯波→南部,1071018,,,,,,71,0,197,,95,0,,,,,,
1071020,2219,高水寺斯波家,十日市|光久,とうかいち|みつひさ,十日市光久,,斯波家,雫石城,,0,,0,180,39,44,26,24,47,36,,,,,,,,,19,7,41,58,94,aggressive,1518,1530,1570,,,,,,,,,71,0,197,,95,0,,,,,,
1071021,2220,高水寺斯波家,豊間根|秀国,とよまね|ひでくに,豊間根秀国,,斯波家,雫石城,,0,,0,184,27,34,45,41,37,38,,,,,,,,,22,11,34,56,94,balanced,1513,1525,1561,,,,,,,,,71,0,197,,95,0,,,,,,
1071022,2221,高水寺斯波家,中村|秀峰,なかむら|ひでみね,中村秀峰,,斯波家,雫石城,,0,,0,183,40,39,34,30,40,37,,,,,,,,,22,11,26,52,94,conservative,1516,1528,1563,,,,,,,,,71,0,197,,95,0,,,,,,
1071023,2222,高水寺斯波家,簗田|詮泰,やなだ|あきやす,簗田詮泰,,斯波家,雫石城,,0,,0,239,42,26,59,55,57,48,,,,,,,,,36,30,31,38,69,balanced,1539,1551,1593,,斯波→南部,,,,,,,71,0,197,,85,0,,,,,,
1071024,2223,高水寺斯波家,簗田|勝泰,やなだ|かつやす,簗田勝泰,,斯波家,雫石城,,0,,0,233,38,32,57,53,53,47,,,,,,,,,36,30,32,36,69,balanced,1560,1572,1621,,簗田詮泰の子。斯波→南部,1071023,,,,,,71,0,197,,85,0,,,,,,
1026001,2224,島津家,島津|久豊,しまづ|ひさとよ,島津久豊,,島津家,内城,,0,,0,0,0,0,0,0,0,0,,,,,,,,,0,0,0,0,29,hermit,1375,9999,1425,,,,,,,,,26,0,169,,95,0,,,,,,
1026002,2225,島津家,島津|忠国,しまづ|ただくに,島津忠国,,島津家,内城,,0,,0,0,0,0,0,0,0,0,,,,,,,,,0,0,0,0,29,hermit,1403,9999,1470,,島津久豊の子,1026001,,,,,,26,0,169,,95,0,,,,,,
1026003,2226,島津家,島津|立久,しまづ|たつひさ,島津立久,,島津家,内城,,0,,0,0,0,0,0,0,0,0,,,,,,,,,0,0,0,0,29,hermit,1432,9999,1474,,島津忠国の子,1026002,,,,,,26,0,169,,95,0,,,,,,
1026004,2227,島津家,島津|忠昌,しまづ|ただまさ,島津忠昌,,島津家,内城,,0,,0,0,0,0,0,0,0,0,,,,,,,,,0,0,0,0,29,hermit,1463,9999,1508,,島津立久の子,1026003,,,,,,26,0,169,,95,0,,,,,,
1026005,2228,島津家,島津|勝久,しまづ|かつひさ,島津勝久,,島津家,内城,,0,,0,204,38,38,33,41,54,27,,,,,,,,,33,26,62,21,29,conservative,1503,1515,1573,,島津忠昌の子,1026004,,,,,,26,0,169,,95,700,,,,,,
1026006,2229,豊洲家,島津|季久,しまづ|すえひさ,島津季久,,島津家,内城,,0,,0,0,0,0,0,0,0,0,,,,,,,,,0,0,0,0,32,hermit,1413,9999,1477,,島津久豊の子,1026001,,,,,,26,0,169,,95,0,,,,,,
1026007,2230,豊洲家,島津|忠廉,しまづ|ただかど,島津忠廉,,島津家,内城,,0,,0,0,0,0,0,0,0,0,,,,,,,,,0,0,0,0,32,hermit,1440,9999,1491,,島津季久の子,1026006,,,,,,26,0,169,,95,0,,,,,,
1026008,2231,豊洲家,島津|忠朝,しまづ|ただとも,島津忠朝,,島津家,内城,豊州家島津氏三代当主。忠廉の子。後継争いでは仲裁を試みたが実らず、実久方で戦った。北郷・肝付氏らと新納氏を破って志布志を領し、飫肥を嫡子・忠広に任せ移った。,78,,0,261,62,58,44,51,46,55,,,,,,,,,50,50,30,40,32,balanced,1466,1478,1540,,島津忠廉の子,1026007,,,,,,26,0,169,,95,0,,,,,,
1026009,2232,豊洲家,島津|忠広,しまづ|ただひろ,島津忠広,,島津家,内城,,0,,0,230,54,61,36,36,43,57,,,,,,,,,50,50,48,50,32,balanced,1482,1494,1551,,島津忠朝の子,1026008,,,,,,26,0,169,,95,0,,,,,,
1026010,2233,相州家,島津|忠良,しまづ|ただよし,島津忠良,1526:0|日新斎:0|じっしんさい,島津家,内城,伊作島津家当主。相州家も継ぐ。子・貴久を勝久の養子として宗家に入れた。薩州家実久を退け島津氏中興の基礎を築く。学問を重んじ「日新公いろは歌」を残した。,75,,0,379,74,55,86,80,84,65,D,D,,,,,,,71,80,63,38,28,conservative,1493,1505,1568,,,,,,,,,26,0,169,,95,0,true,,,,,
1026011,2234,島津家,島津|貴久,しまづ|たかひさ,島津貴久,,島津家,内城,島津忠良の子。勝久の養子として宗家を継ぎ、父とともに一族の内紛を制して薩摩を平定。鉄砲を早くから実戦に用い、家督を義久へ譲った後も島津氏の勢力拡大を支えた。,78,,0,370,75,61,80,76,78,78,,,B,,,,,,75,85,60,44,30,conservative,1514,1526,1571,,島津忠良の子、島津勝久の養子,1026010,1026005,,,,,26,0,169,内城主,100,1500,,,shimazu_takahisa.webp,70,修理大夫,
1026012,2235,島津家,島津|義久,しまづ|よしひさ,島津義久,,島津家,内城,島津氏16代当主。薩摩・大隅・日向を統一し、耳川で大友軍を破る。弟らの働きで沖田畷でも龍造寺氏を破り九州制覇へ迫ったが、豊臣秀吉の九州平定軍に敗れて降伏した。,78,,0,417,79,73,87,92,86,86,,,D,B,,,C,,78,90,70,32,30,balanced,1533,1545,1611,,島津貴久の子,1026011,,,,,,26,0,169,,95,700,,,shimazu_yoshihisa.webp,,,
1026013,2236,島津家,島津|義弘,しまづ|よしひろ,島津義弘,,島津家,加久藤城,島津貴久の子。兄・義久を補佐し、木崎原・耳川などを転戦して勢力拡大を支えた。朝鮮出兵では泗川などで戦功。関ヶ原では西軍に属し、敵中突破して薩摩へ帰還した。,77,,0,352,83,97,50,49,73,92,C,S,A,,,,C,鬼|退き巧者|医術,78,90,58,50,30,aggressive,1535,1547,1619,,島津貴久の子,1026011,,,,,,26,0,167,加久藤城主,95,500,,,shimazu_yoshihiro.webp,,,
1026014,2237,島津家,島津|忠恒,しまづ|ただつね,島津忠恒,,島津家,加久藤城,島津義弘の子。朝鮮出兵後に家督を継ぎ、伊集院忠棟を斬殺して庄内の乱を招くが鎮圧。関ヶ原後は家康と和議して領国安堵を得て鹿児島城を築き、のち琉球を征服した。,77,,0,315,55,68,70,63,59,70,D,,D,,,,C,謀将,78,90,58,50,30,conservative,1578,1590,1638,,島津義弘の子、島津義久の養子,1026013,1026012,,,,,26,0,167,,95,0,,,,,,
1026015,2238,島津家,島津|歳久,しまづ|としひさ,島津歳久,,島津家,加治木城,島津貴久の三男。兄・義久を支えて薩摩統一や大隅・日向方面を転戦した。秀吉の九州平定では最後まで抗し、梅北一揆への家臣の加担を疑われて秀吉の命で自害した。,76,,0,368,68,78,70,69,83,74,D,,C,D,,,,,78,90,50,61,22,balanced,1537,1549,1592,true,島津貴久の子,1026011,,,,,,26,0,171,加治木城主,95,300,,,,,,
1026016,2239,島津家,島津|家久,しまづ|いえひさ,島津家久,,島津家,内城,島津貴久の四男。兄・義久を支えて転戦し、沖田畷で龍造寺隆信の大軍を破り討ち取る。豊臣秀吉の九州平定では戸次川で先鋒軍を撃破したが、島津氏降伏後まもなく急死した。,80,,0,368,89,84,58,64,73,68,B,,A,C,D,,,猛将|謀将,78,90,54,55,30,conservative,1547,1559,1587,,島津貴久の子,1026011,,,,,,26,0,169,,95,300,,,,,,
1026017,2240,島津家,島津|豊久,しまづ|とよひさ,島津豊久,,島津家,内城,島津家久の子。佐土原城主。沖田畷で初陣を飾り、父の死後に家督を継いで朝鮮出兵や庄内の乱にも従軍。関ヶ原では伯父・義弘に従い、島津勢の退却で殿を務めて戦死した。,79,,0,335,70,87,54,57,67,80,,B,,D,D,,,猛将,78,90,42,72,30,balanced,1570,1582,1600,true,島津家久の子,1026016,,,,,,26,0,169,,95,0,,,,,,
1026018,2241,垂水家,島津|忠将,しまづ|ただまさ,島津忠将,,島津家,内城,島津家臣。忠良の子で貴久の弟。垂水家島津氏の祖。大隅守護代本田董親を破って清水領主となり、蒲生範清の岩剣城攻めでも功を立てる。肝付氏との大隅廻城合戦で討死した。,80,,0,318,71,73,51,58,65,64,,D,,,,,,,71,80,52,55,34,balanced,1520,1532,1561,,島津忠良の子,1026010,,,,,,26,0,169,,95,200,,,,,,
1026019,2242,垂水家,島津|以久,しまづ|もちひさ,島津以久,,島津家,内城,島津家臣。忠将の子。大友氏との戦いや朝鮮出兵、庄内の乱で活躍し、忠恒の宗家相続も支持した。関ヶ原後は佐土原3万石の初代藩主となり、城下を整備して造林も進めた。,79,,0,288,62,64,41,54,67,61,,,,D,,,,,71,80,59,44,34,balanced,1550,1562,1610,,島津忠将の子,1026018,,,,,,26,0,169,,95,0,,,,,,
1026020,2243,垂水家,島津|彰久,しまづ|てるひさ,島津彰久,,島津家,内城,,0,,0,238,57,65,39,28,49,64,,,,,,,,,75,86,47,64,34,balanced,1567,1579,1595,true,島津以久の子,1026019,,,,,,26,0,169,,95,0,,,,,,
1026021,2244,入来院家,入来院|重時,いりきいん|しげとき,入来院重時,,島津家,平佐城,,0,,0,199,46,57,31,29,36,50,,,,,,,,,75,85,37,78,43,aggressive,1573,1585,1600,true,島津以久の子、入来院重豊の養子,1026019,2043003,,,,,26,0,168,,95,0,,,,,,
1026022,2245,佐土原家,島津|忠興,しまづ|ただおき,島津忠興,,島津家,内城,佐土原藩二代藩主。以久の三男。若くして家督を継ぎ、大坂冬・夏の陣に徳川方として出陣。領内各郷に弓場を設けて士風の維持に努め、父の三回忌には高月院を建立した。,78,,0,260,51,55,59,51,44,57,,,,,,,,,71,80,44,66,20,conservative,1599,1611,1637,,島津以久の子,1026019,,,,,,26,0,169,,95,0,,,,,,
1026023,2246,薩州家,島津|用久,しまづ|もちひさ,島津用久,,島津家,平佐城,,0,,0,0,0,0,0,0,0,0,,,,,,,,,0,0,0,0,36,hermit,1411,9999,1459,,島津久豊の子,1026001,,,,,,26,0,168,,95,0,,,,,,
1026024,2247,薩州家,島津|忠興,しまづ|ただおき,島津忠興(薩州家),,島津家,平佐城,,0,,0,0,0,0,0,0,0,0,,,,,,,,,0,0,0,0,36,hermit,1486,9999,1525,,島津用久の子孫,1026023,,,,,,26,0,168,,95,0,,,,,,
1026025,2248,薩州家,島津|実久,しまづ|さねひさ,島津実久,,島津家,平佐城,,0,,0,208,36,44,36,41,51,41,,,,,,,,,26,16,52,32,36,aggressive,1510,1522,1553,,島津忠興(薩州家)の子,1026024,,,,,,26,0,168,,95,0,,,,,,
1026026,2249,薩州家,島津|義虎,しまづ|よしとら,島津義虎,,島津家,平佐城,,0,,0,243,46,60,57,44,36,55,D,D,,D,,,,,29,21,28,67,36,balanced,1536,1548,1585,,島津実久の子,1026025,,,,,,26,0,168,平佐城主,95,200,,,,,,
1026027,2250,薩州家,島津|忠辰,しまづ|ただとき,島津忠辰,,島津家,平佐城,,0,,0,219,31,32,55,52,49,51,,,,,,,,,61,65,55,44,36,balanced,1565,1577,1593,true,島津義虎の子,1026026,,,,,,26,0,168,,95,0,,,,,,
1026028,2251,相州家,島津|尚久,しまづ|なおひさ,島津尚久,,島津家,内城,,0,,0,242,55,64,36,39,48,55,,,,,,,,,71,80,63,38,28,aggressive,1531,1543,1562,,島津忠良の子,1026010,,,,,,26,0,169,,95,200,,,,,,
1026029,2252,相州家,島津|忠長,しまづ|ただなが,島津忠長,,島津家,内城,島津家臣。尚久の子。義久の九州平定を助け、朝鮮出兵では義弘旗下で勇名を馳せた。宮之城領主となり、関ヶ原後は義久の使者として家康と交渉し和議をまとめた。,75,,0,314,54,67,61,65,67,57,,,,,,,,,71,80,47,61,28,balanced,1551,1563,1610,,島津尚久の子,1026028,,,,,,26,0,169,,95,0,,,,,,
1026030,2253,相州家,島津|久元,しまづ|ひさもと,島津久元,,島津家,内城,島津忠長の子。父と朝鮮出兵や関ヶ原に従い義弘のもとで転戦。新納忠真の養子となるが兄の死で実家を継ぎ宮之城領主に。のち薩摩藩家老を務め、島原の乱にも出陣した。,78,,0,284,44,43,66,67,64,55,,,,,,,,,66,73,44,63,28,conservative,1581,1593,1643,,島津忠長の子,1026029,,,,,,26,0,169,,95,0,,,,,,
1026031,2254,本郷家,北郷|忠相,ほんごう|ただすけ,北郷忠相,,島津家,飫肥城,北郷氏当主。父・数久の跡を継ぎ、伊東・北原・新納氏らと争って都城盆地を統一。島津貴久の守護継承を支持して本家と協力した。社寺を復興し敵味方の戦没者も弔った。,78,,0,350,71,65,72,72,70,55,D,,,,,,,,50,50,64,27,25,balanced,1487,1499,1559,,,,,,,,,26,0,165,,90,0,,,,,,
1026032,2255,本郷家,北郷|忠親,ほんごう|ただちか,北郷忠親,1546:島津|0:しまづ|0,島津家,飫肥城,,0,,0,251,55,40,58,52,46,57,,,,,,,,,50,50,48,61,25,aggressive,1512,1524,1571,,北郷忠相の子、島津忠広の養子。別名：島津忠親,1026031,1026009,,,,,26,0,165,飫肥城主,90,200,,,,,,
1026033,2256,本郷家,北郷|時久,ほんごう|ときひさ,北郷時久,,島津家,飫肥城,北郷家当主。忠親の子。父の島津豊州家相続に伴い家督を継いだ。伊東氏との戦いで父を援け、木崎原・耳川にも参陣。秀吉に降伏後は旧領を安堵され、祁答院へ移封された。,79,,0,253,41,50,56,54,52,47,,,,,,,,,50,50,40,61,25,balanced,1530,1542,1596,,北郷忠親の子,1026032,,,,,,26,0,165,,90,0,,,,,,
1026034,2257,本郷家,北郷|三久,ほんごう|みつひさ,北郷三久,,島津家,飫肥城,島津家臣。北郷時久の子。朝鮮出兵で北郷勢を率い、兄忠虎の死後は忠能を後見し家督を代行。庄内の乱では忠能とともに戦い都城への復帰を果たし、自身は平佐に留まった。,79,,0,225,43,45,48,45,44,60,,,,,,,,,55,57,42,61,25,balanced,1573,1585,1620,,北郷時久の子,1026033,,,,,,26,0,165,,90,0,,,,,,
1026035,2258,豊洲家,島津|朝久,しまづ|ともひさ,島津朝久,,島津家,内城,,0,,0,257,61,69,42,33,52,60,D,,D,,,,,,53,54,31,75,32,balanced,1539,1551,1593,true,北郷忠親の子,1026032,,,,,,26,0,169,,95,0,,,,,,
1026036,2259,豊洲家,島津|久賀,しまづ|ひさか,島津久賀,,島津家,内城,島津豊州家7代当主。朝久の子。島原の乱では島津久元らと軍大将を務め薩摩勢を率いた。帖佐地頭を経て祁答院黒木を与えられ、豊州家は久賀の代から同地を私領とした。,78,,0,286,70,66,50,41,59,63,D,,,,,,,,61,66,39,68,32,balanced,1582,1594,1644,,島津朝久の子,1026035,,,,,,26,0,169,,95,0,,,,,,
1026037,2260,島津家,有川|貞真,ありかわ|さだまさ,有川貞真,,島津家,飫肥城,,0,,0,210,44,33,48,42,43,49,,,,,,,,,56,59,25,71,27,conservative,1541,1553,1593,,,,,,,,,26,0,165,,95,0,,,,,,
1026038,2261,島津家,伊勢|貞昌,いせ|さだまさ,伊勢貞昌,,島津家,飫肥城,島津家臣。忠恒・光久に仕え、家老として江戸で幕府との折衝を担う。礼法・故実にも通じ、島津氏の家政と対幕府外交を支えた。,59,,0,327,62,57,66,71,71,60,,,,,,,,,62,67,35,59,27,conservative,1570,1581,1641,,,,,,,,,26,0,165,,95,0,,,,,,
1026039,2262,島津家,伊集院|忠朗,いじゅういん|ただあき,伊集院忠朗,,島津家,内城,島津家臣。家老。忠良・貴久父子を支え、樺山幸久の救援を指揮し北原方に奪われた日当山城も奪回した。薩摩・大隅統一を進める貴久を軍事・政務の両面から支えた。,76,,0,351,63,58,78,76,76,57,C,,C,,,,,,64,70,61,38,12,hermit,1502,1514,1566,,,,,,,,,26,0,169,,90,0,,,,,,
1026040,2263,島津家,伊集院|忠倉,いじゅういん|ただあお,伊集院忠倉,,島津家,内城,島津家臣。伊集院忠朗の子。父とともに黒川崎へ布陣し、火矢で肝付兼演方の陣屋を焼き敵を動揺させた。肝付兼盛らとも盟約を結び、島津方への忠節と相互扶助を誓った。,78,,0,301,53,54,62,66,66,53,D,,D,D,,,,,64,70,53,50,12,conservative,1523,1535,1567,,伊集院忠朗の子,1026039,,,,,,26,0,169,,90,500,,,,,,
1026041,2264,島津家,伊集院|忠棟,いじゅういん|ただむね,伊集院忠棟,,島津家,内城,島津家筆頭家老。九州征伐で義久敗北後に人質となり豊臣政権と接近。庄内八万石を与えられ権勢を振るったが、伏見で忠恒に斬殺され、子の忠真が庄内の乱を起こした。,77,,0,315,40,54,71,79,71,41,,,D,D,,,,,64,70,73,21,12,conservative,1547,1559,1599,true,伊集院忠倉の子,1026040,,,,,,26,0,169,,80,0,,,,,,
1026042,2265,島津家,伊集院|忠真,いじゅういん|ただざね,伊集院忠真,,島津家,内城,島津家臣。伊集院忠棟の子。父が島津忠恒に殺害されると都城を本陣に諸城を固め反旗を翻し、庄内の乱を起こす。徳川家康の仲介で降伏したのち、野尻の狩猟中に殺害された。,80,,0,202,43,62,26,32,39,37,,,,,,,,,64,70,81,16,12,aggressive,1576,1588,1602,true,伊集院忠棟の子,1026041,,,,,,26,0,169,,80,0,,,,,,
1026043,2266,島津家,肝付|兼三,きもつき|かねひろ,肝付兼三,,島津家,加治木城,,0,,0,191,36,26,45,43,41,47,,,,,,,,,64,70,79,20,14,balanced,1585,1597,1602,true,伊集院忠棟の子、肝付兼寛の養子,1026041,1061014,,,,,26,0,171,,80,0,,,,,,
1026044,2267,島津家,上井|覚兼,うわい|かくけん,上井覚兼,,島津家,都之城,島津家臣。義久の奏者から家老となり、宮崎城主として日向経営を担った。肥後・肥前・豊後にも出陣。自筆の『上井覚兼日記』は南九州の政治・社会と武士生活を伝える。,78,,0,300,44,37,77,73,69,37,,,,,,,,,64,70,45,61,29,conservative,1545,1557,1589,,,,,,,,,26,0,166,,95,0,,,,,,
1026045,2268,島津家,頴娃|兼堅,えい|かねかた,頴娃兼堅,,島津家,土矢倉城,,0,,0,225,55,62,29,37,42,58,,,,,,,,,50,50,38,63,30,balanced,1530,1542,1569,,,,,,,,,26,0,170,土矢倉城主,95,200,,,,,,
1026046,2269,島津家,頴娃|兼有,えい|かねあり,頴娃兼有,,島津家,土矢倉城,,0,,0,212,57,41,38,38,38,61,,,,,,,,,22,11,61,30,33,balanced,1549,1561,1571,true,頴娃兼堅の子,1026045,,,,,,26,0,170,,75,0,,,,,,
1026047,2270,島津家,頴娃|兼次,えい|かねつぐ,頴娃兼次,1571:樺山|久増:かばやま|ひさます,島津家,土矢倉城,,0,,0,201,30,32,48,49,42,56,,,,,,,,,50,50,24,70,33,conservative,1570,1582,1610,,頴娃兼有の子。別名：樺山久増,1026046,,,,,,26,0,170,,95,0,,,,,,
1026048,2271,島津家,頴娃|慶兼,えい|よしかね,頴娃慶兼,1570:0|久虎:0|ひさとら,島津家,土矢倉城,島津家臣。頴娃氏七代当主。久虎と改名。頴娃・指宿を支配し、義久・義弘に従って各地を転戦。のち旧領山川の地頭となり、外国船対応や領内裁判を宗家の統制下で担った。,79,,0,267,63,65,40,43,56,58,,,,D,,,,,50,50,46,67,30,aggressive,1558,1570,1587,,別名：頴娃久虎,,,,,,,26,0,170,,95,0,,,,,,
1026049,2272,島津家,頴娃|久音,えい|ひさぶえ,頴娃久音,,島津家,土矢倉城,,0,,0,226,59,58,34,30,45,53,,,,,,,,,50,50,37,65,30,balanced,1583,1595,1598,,頴娃慶兼の子,1026048,,,,,,26,0,170,,95,0,,,,,,
1026050,2273,島津家,頴娃|兼豊,えい|かねとよ,頴娃兼豊,,島津家,土矢倉城,,0,,0,181,36,50,24,27,44,42,,,,,,,,,22,11,59,20,30,aggressive,1536,1548,1571,true,頴娃家臣,,,,,,,26,0,170,,75,0,,,,,,
1026051,2274,島津家,樺山|善久,かばやま|よしひさ,樺山善久,,島津家,都之城,島津家臣。樺山氏当主。貴久の薩摩・大隅統一戦で軍功を重ねた。上洛して公家・連歌師らと交流した。のちに近衛家から古今伝授を受けるなど歌道に通じ、自記も残した。,78,,0,329,69,64,58,67,71,62,,,,D,,,,,71,80,43,67,30,aggressive,1513,1525,1595,,,,,,,,,26,0,166,,95,0,,,,,,
1026052,2275,島津家,樺山|忠助,かばやま|ただすけ,樺山忠助,,島津家,都之城,島津家臣。樺山善久の子。兄・忠副の死後に家督を継ぎ紹剣と号した。『源氏物語』の系図や難語・要点を記した書物を取り寄せるなど古典に親しみ、自らの記録も残した。,78,,0,272,53,57,40,54,68,53,,,,,,,,,75,85,56,50,30,aggressive,1540,1552,1609,,樺山善久の子,1026051,,,,,,26,0,166,,95,0,,,,,,
1026053,2276,島津家,樺山|久高,かばやま|ひさたか,樺山久高,,島津家,都之城,島津家臣。樺山忠助の子。琉球出兵では大将として三千余を率い、奄美・徳之島を攻略して首里城を落とした。尚寧王らを鹿児島へ連行し、島津氏の琉球支配確立に関わった。,79,,0,244,50,53,45,46,50,57,,,D,,,,,,50,50,48,50,29,aggressive,1558,1570,1634,,樺山忠助の子,1026052,,,,,,26,0,166,,95,0,,,,,,
1026054,2277,島津家,鎌田|政年,かまた|まさとし,鎌田政年,,島津家,加久藤城,島津家臣。向島地頭として島津家久の援軍を受け、伊東・肝付・禰寝・伊地知連合軍の水軍襲来に備えた。のち牛根地頭となり、島津氏が大隅へ支配を広げる前線地域を担った。,80,,0,275,60,67,48,43,57,53,D,,,,,,,,68,75,42,67,31,aggressive,1514,1526,1587,,,,,,,,,26,0,167,,95,0,,,,,,
1026055,2278,島津家,鎌田|政広,かまた|まさひろ,鎌田政広,,島津家,加久藤城,,0,,0,247,38,50,52,58,49,58,,,,,,,,,50,50,24,70,31,conservative,1540,1552,1593,,鎌田政年の子,1026054,,,,,,26,0,167,,95,0,,,,,,
1026056,2279,島津家,川上|忠克,かわかみ|ただかつ,川上忠克,,島津家,平佐城,,0,,0,242,46,44,54,51,47,56,,,,,,,,,50,50,60,32,56,aggressive,1501,1513,1586,,,,,,,,,26,0,168,,90,0,,,,,,
1026057,2280,島津家,川上|久朗,かわかみ|ひさあき,川上久朗,,島津家,平佐城,島津家臣。忠克の子。貴久・義久に仕え、薩摩・大隅各地を転戦。蒲生氏らとの戦いで活躍し、島津氏の勢力拡大を軍事面で支えた。,60,,0,318,66,67,59,63,63,62,D,C,C,,,,,,50,50,44,55,56,conservative,1536,1548,1568,true,川上忠克の子,1026056,,,,,,26,0,168,,90,0,,,,,,
1026058,2281,島津家,川上|忠実,かわかみ|ただざね,川上忠実,,島津家,平佐城,,0,,0,238,44,52,46,46,50,63,,,,,,,,,66,73,63,36,56,aggressive,1563,1575,1623,,川上久朗の子,1026057,,,,,,26,0,168,,90,0,,,,,,
1026059,2282,島津家,佐多|忠増,さた|ただます,佐多忠増,,島津家,加久藤城,島津家臣。佐多越後守。琉球征討に従軍し、国王降伏後も山中で抵抗した謝名親方を降すよう命じられ、家臣・久信を使者に送って和平を説かせ、その帰順に関わった。,76,,0,273,58,69,42,48,56,65,,,,,,,,,68,75,54,50,30,aggressive,1562,1574,1641,,,,,,,,,26,0,167,,95,0,,,,,,
1026060,2283,島津家,猿渡|信光,さるわたり|のぶみつ,猿渡信光,,島津家,都之城,,0,,0,207,47,58,32,31,39,33,,D,,,,,,,36,30,43,50,29,balanced,1534,1546,1587,true,,,,,,,,26,0,166,,95,0,,,,,,
1026061,2284,島津家,園田|実明,そのだ|さねあき,園田実明,,島津家,内城,,0,,0,254,59,37,45,53,60,60,,,,,,,,,68,75,46,61,30,aggressive,1500,1512,1569,,,,,,,,,26,0,169,,95,0,,,,,,
1026062,2285,島津家,竹内|玄芳,たけのうち|げんほう,竹内玄芳,,島津家,土矢倉城,,0,,0,167,22,24,38,47,36,41,,,,,,,,,18,5,57,20,33,hermit,1515,1527,1571,,,,,,,,,26,0,170,,75,0,,,,,,
1026063,2286,島津家,種子島|恵時,たねがしま|しげとき,種子島恵時,,島津家,赤尾木城,種子島氏当主。赤尾木城主。禰寝氏の侵攻で屋久島へ退くも、時尭の交渉で帰還した。南蛮船漂着時には子の時尭と鉄砲を見聞し、鉄砲を得て日本への伝来に立ち会った。,77,,0,272,48,41,56,62,65,63,,,,,,,,,75,85,53,55,18,conservative,1503,1515,1567,,,,,,,,,26,0,185,赤尾木城主,90,200,,,,,,
1026064,2287,島津家,種子島|時尭,たねがしま|ときたか,種子島時尭,,島津家,赤尾木城,種子島氏当主。漂着した異国船から鉄砲を入手し、八板金兵衛に銃の模作、笹川小四郎に火薬製法を命じた。国産化に成功し、種子島から各地へ鉄砲が広まる契機を作った。,78,,0,306,50,52,71,69,64,57,,,B,,,,,,75,85,56,50,18,balanced,1528,1540,1579,,種子島恵時の子,1026063,,,,,,26,0,185,,90,0,,,,,,
1026065,2288,島津家,種子島|久時,たねがしま|ひさとき,種子島久時,,島津家,赤尾木城,,0,,0,226,25,46,53,52,50,49,,,,,,,,,64,70,45,61,22,balanced,1568,1580,1611,,種子島時尭の子,1026064,,,,,,26,0,185,,90,0,,,,,,
1026066,2289,島津家,中馬|重方,ちゅうまん|しげかた,中馬重方,,島津家,加久藤城,,0,,0,217,35,72,33,34,43,64,,,,,D,,,,64,70,43,63,30,conservative,1566,1578,1636,,,,,,,,,26,0,167,,95,0,,,,,,
1026067,2290,島津家,長寿院|盛淳,ちょうじゅいん|もりあつ,長寿院盛淳,,島津家,加久藤城,島津家臣。義弘に近侍し、奏者番・家老として政務や太閤検地に携わった。関ヶ原では少数の島津勢に合流し、退却戦で義弘を逃すため身代わりとなって奮戦し討死した。,77,,0,291,51,34,68,70,68,67,,,D,,,,,,75,85,41,72,30,hermit,1547,1559,1600,true,,,,,,,,26,0,167,,95,0,,,,,,
1026068,2291,島津家,津曲|俊宗,つまがり|としむね,津曲俊宗,,島津家,土矢倉城,,0,,0,178,23,27,47,46,35,42,,,,,,,,,22,11,59,20,33,conservative,1489,1501,1551,,頴娃家臣,,,,,,,26,0,170,,75,0,,,,,,
1026069,2292,島津家,新納|忠元,にいろ|ただもと,新納忠元,,島津家,内城,島津家臣。大口地頭。菱刈氏・相良氏との北薩の戦いを担い、秀吉の九州平定にも最後まで抵抗した。戦後も長く大口を治め、和歌・連歌にも通じた文武兼備の重臣。,75,,0,327,77,77,43,53,77,62,,B,,,,,,鬼,75,85,49,61,30,balanced,1526,1538,1610,,,,,,,,,26,0,169,,95,0,,,,,,
1026070,2293,島津家,新納|忠尭,にいろ|ただたか,新納忠尭,,島津家,内城,島津家臣。新納忠元の子。刑部大輔。肝付氏との抗争では父に代わって人質となった。のち有馬氏救援のため肥前へ渡り、龍造寺方の深江城を攻めた際に奮戦して討死した。,78,,0,269,68,68,47,40,46,59,,D,,,,,,,60,64,58,54,30,aggressive,1554,1566,1583,true,新納忠元の子,1026069,,,,,,26,0,169,,95,0,,,,,,
1026071,2294,島津家,新納|忠増,にいろ|ただます,新納忠増,,島津家,内城,島津家臣。新納忠元の次男。父に代わり朝鮮出兵に従軍し、大口から肥後・対馬を経て渡海。その行程を『忠増渡海日記』に記し、島津勢の遠征を伝える記録を残した。,76,,0,265,61,64,40,46,54,51,,,,D,,,,,36,30,36,60,29,balanced,1558,1570,1608,,新納忠元の子,1026069,,,,,,26,0,169,,95,0,,,,,,
1026072,2295,島津家,平田|宗秀,ひらた|むねひで,平田宗秀,,島津家,加治木城,,0,,0,208,44,43,42,41,38,55,,,,,,,,,50,50,64,26,58,balanced,1491,1503,1554,,島津実久家臣,,,,,,,26,0,171,,80,0,,,,,,
1026073,2296,島津家,平田|宗茂,ひらた|むねしげ,平田宗茂,,島津家,加治木城,島津家臣。薩摩苦辛城主。平田宗秀の子。初め島津実久に属したが、のちに島津忠良へ降伏して老中となった。島津貴久から河辺郡の平山・宮・永田・高田の諸村を与えられた。,80,,0,257,48,42,56,56,55,62,,,,,,,,,64,70,61,38,48,balanced,1515,1527,1578,,平田宗秀の子。島津実久→島津忠良家臣,1026072,,,,,,26,0,171,,90,0,,,,,,
1026074,2297,島津家,平田|光宗,ひらた|みつむね,平田光宗,,島津家,加治木城,,0,,0,242,40,46,53,52,51,51,,,,,,,,,36,30,39,55,38,conservative,1529,1541,1605,,平田宗秀の子,1026072,,,,,,26,0,171,,95,0,,,,,,
1026075,2298,島津家,山田|有信,やまだ|ありのぶ,山田有信,,島津家,都之城,島津家臣。日向高城主。大友軍の侵攻では高城を守り抜き、耳川の戦いの勝利につなげた。豊臣軍の九州侵攻でも大軍に包囲されながら抗戦し、島津氏の降伏まで城を守った。,79,,0,309,75,75,36,53,70,59,D,,D,D,,,,,64,70,33,78,28,balanced,1544,1556,1609,,,,,,,,,26,0,166,都之城主,95,200,,,,,,
1026076,2299,島津家,山田|有栄,やまだ|ありなが,山田有栄,,島津家,都之城,島津家臣。有信の子。義弘に従い関ヶ原の退却戦を生還した。のち出水地頭を務め、天草一揆の鎮圧に出陣。帰国後は武士の士気を鼓舞する行事を起こしたと伝わる。,75,,0,330,62,68,63,68,69,65,C,,,,,,,,64,70,37,72,28,balanced,1578,1590,1668,,山田有信の子,1026075,,,,,,26,0,166,,95,0,,,,,,
1218001,2300,少弐家,少弐|資元,しょうに|すけもと,少弐資元,,浪人,勢福寺城,,0,,0,239,54,46,53,45,41,64,,D,,,,,,,26,16,59,21,28,aggressive,1489,1501,1536,true,,,,,,,,0,0,151,,50,0,,,,,,
1218002,2301,少弐家,少弐|冬尚,しょうに|ふゆひさ,少弐冬尚,,浪人,勢福寺城,少弐氏当主。資元の子。大内氏の圧迫で肥前各地を転々としつつ勢力回復を図った。やがて龍造寺隆信と対立し、勢福寺城を攻められて自害し、少弐氏は事実上滅亡した。,77,,0,256,45,44,59,56,52,61,,,,,,,C,,26,16,47,38,28,aggressive,1510,1522,1559,true,少弐資元の子,1218001,,,,,,0,0,151,,50,0,,,,,,
1218003,2302,少弐家,少弐|冬敬,しょうに|ふゆたか,少弐冬敬,,浪人,勢福寺城,,0,,0,219,41,50,38,48,42,60,,,,,,,D,,36,30,57,44,28,balanced,1529,1541,1584,true,少弐冬尚の子。少弐→浪人,1218002,,,,,,0,0,151,,50,0,,,,,,
1218004,2303,少弐家,千葉|胤頼,ちば|たねより,千葉胤頼,,浪人,佐嘉城,,0,,0,183,39,41,35,33,35,54,,,,,,,,,22,11,48,35,48,balanced,1532,1544,1559,true,少弐資元の子、千葉喜胤の婿養子,1218001,1218010,,,,,0,0,152,,50,0,,,,,,
1218005,2304,少弐家,千葉|胤誠,ちば|たねあき,千葉胤誠,,大友家,柳川城,,0,,0,175,36,27,39,39,34,43,,,,,,,,,20,8,43,42,50,conservative,1556,1568,1593,,千葉胤頼の子、神代長良の養子。少弐→神代（大友→龍造寺）,1218004,1218015,,,,,53,0,150,,90,0,,,,,,
1218006,2305,少弐家,少弐|政興,しょうに|まさおき,少弐政興,,大友家,柳川城,少弐氏一門。資元の子。兄の冬尚の死後、大友宗麟に擁立され、少弐氏再興を図った。有馬・大村・松浦ら肥前諸氏を糾合して龍造寺隆信と争ったが敗れ、肥前を追われた。,78,,0,296,70,68,40,60,58,68,C,,,D,,,C,,26,16,80,63,19,aggressive,1534,1546,1579,,少弐資元の子。少弐→大友,1218001,,,,,,53,0,150,,95,0,,,,,,
1218007,2306,少弐家,少弐|元盛,しょうに|もともり,少弐元盛,,龍造寺家,勢福寺城,,0,,0,213,34,33,47,53,46,57,,,,,,,,,18,5,24,53,38,conservative,1535,1547,1586,,少弐資元の子。少弐→龍造寺,1218001,,,,,,54,0,151,,95,0,,,,,,
1218008,2307,少弐家,少弐|資宗,しょうに|すけむね,少弐資宗,,龍造寺家,勢福寺城,,0,,0,212,42,48,39,43,40,54,,,,,,,,,29,21,42,62,38,balanced,1557,1569,1584,true,少弐元盛の子,1218007,,,,,,54,0,151,,90,0,,,,,,
1218009,2308,少弐家,千葉|興常,ちば|おきつね,千葉興常,,浪人,佐嘉城,,0,,0,234,47,36,44,60,47,54,,,,,,,,,22,11,32,58,45,balanced,1472,1484,1540,,,,,,,,,0,0,152,,50,0,,,,,,
1218010,2309,少弐家,千葉|喜胤,ちば|よしたね,千葉喜胤,,浪人,佐嘉城,,0,,0,194,33,47,44,36,34,48,,,,,,,,,22,11,34,55,45,hermit,1507,1519,1542,,千葉興常の子,1218009,,,,,,0,0,152,,50,0,,,,,,
1218011,2310,少弐家,犬塚|鎮家,いぬづか|しげいえ,犬塚鎮家,,龍造寺家,勢福寺城,,0,,0,213,56,79,25,18,35,53,,D,,D,,,,,50,50,40,61,62,aggressive,1512,1524,1584,,少弐→龍造寺,,,,,,,54,0,151,,95,0,,,,,,
1218012,2311,少弐家,江上|武種,えがみ|たけたね,江上武種,,龍造寺家,勢福寺城,,0,,0,234,46,63,34,49,42,56,D,D,,B,,,,,50,50,58,35,71,aggressive,1526,1538,1575,,少弐→龍造寺→1569大友→1571龍造寺,,,,,,,54,0,151,勢福寺城主,85,500,,,,,,
1218013,2312,少弐家,小田|政光,おだ|まさみつ,小田政光,,龍造寺家,勢福寺城,肥前国衆。蓮池城主。少弐氏に従い龍造寺家兼らと大内勢に抗戦。龍造寺隆信が筑後へ逃れた際には佐賀城を警固し、のち隆信に属して江上武種討伐の先陣を務めた。,75,,0,282,51,54,59,60,58,56,,,,,,,,,50,50,56,38,24,balanced,1509,1521,1558,true,少弐→龍造寺,,,,,,,54,0,151,,95,0,,,,,,
1218014,2313,少弐家,神代|勝利,くましろ|かつとし,神代勝利,,大友家,柳川城,肥前山内の国衆。少弐氏に属して山内に勢力を築き、武勇と知謀で肥前の有力武将となる。少弐氏滅亡後も龍造寺隆信に屈せず争い、晩年に和睦。子孫は鍋島氏の重臣となった。,80,,0,334,67,72,56,63,76,63,C,D,D,,,,,,29,21,40,50,51,aggressive,1511,1523,1565,,少弐→大友,,,,,,,53,0,150,,90,0,,,,,,
1218015,2314,少弐家,神代|長良,くましろ|ながよし,神代長良,,大友家,柳川城,肥前国衆。神代勝利の子。父と龍造寺隆信に抗し、大友氏とも結んで佐賀北部へ進出。河上合戦では神代勢の先陣を率い龍造寺軍を押し返した。のち隆信と和睦して従った。,78,,0,291,59,61,53,64,54,57,,,,,,,,,29,21,40,50,51,balanced,1537,1549,1581,,神代勝利の子。別名：神代勝良。少弐→大友→1571龍造寺,1218014,,,,,,53,0,150,,90,0,,,,,,
1218016,2315,少弐家,執行|種兼,しぎょう|たねかね,執行種兼,,龍造寺家,勢福寺城,江上家臣。江上武種に仕え、龍造寺隆信との抗争後に和睦を進言。のち龍造寺方で江上衆の先陣を率い、筑前内野では大友方の兵糧輸送を奇襲。沖田畷で戦い討死した。,76,,0,283,61,67,46,51,58,64,C,,,,,,,,64,70,63,35,61,balanced,1530,1542,1584,true,江上家臣。少弐→龍造寺→大友→龍造寺,,,,,,,54,0,151,,85,0,,,,,,
1218017,2316,少弐家,高木|鑑房,たかぎ|あきふさ,高木鑑房,,浪人,勢福寺城,,0,,0,209,62,65,24,24,34,51,D,,,,,,,,50,50,52,44,26,aggressive,1504,1516,1554,true,,,,,,,,0,0,151,,50,0,,,,,,
1218018,2317,少弐家,馬場|頼周,ばば|よりちか,馬場頼周,,浪人,勢福寺城,少弐家臣。綾部・中野城主。資元・冬尚を後見して家中の実権を握る。龍造寺家兼を警戒し、冬尚と謀って一族を襲撃して家兼を筑後へ追ったが、その反撃を受け討たれた。,78,,0,321,48,49,70,76,78,58,,,,,,,,,29,21,44,44,19,balanced,1497,1509,1546,true,,,,,,,,0,0,151,,50,0,,,,,,
1218019,2318,少弐家,馬場|政員,ばば|まさかず,馬場政員,,浪人,勢福寺城,,0,,0,271,49,53,54,56,59,51,,,,,,,,,27,18,61,55,19,aggressive,1520,1532,1546,true,馬場頼周の子,1218018,,,,,,0,0,151,,50,0,,,,,,
1218020,2319,少弐家,馬場|鑑周,ばば|あきちか,馬場鑑周,,大友家,柳川城,,0,,0,279,42,51,58,63,65,53,,,,,,,,,32,25,77,42,19,balanced,1541,1553,1569,true,馬場政員の子。少弐→大友,1218019,,,,,,53,0,150,,95,0,,,,,,
1011001,2320,神保家,神保|長職,じんぼう|ながもと,神保長職,,神保家,増山城,神保氏当主。越中富山城・増山城を拠点に神保氏を再興し、椎名氏と争った。上杉謙信の侵攻を受けつつ武田氏や一向一揆とも結び、越中支配を巡って抗争を続けた。,75,,0,330,68,65,65,69,63,63,,D,,,,,,,50,50,60,40,81,balanced,1514,1526,1572,,,,,,,,,11,0,242,増山城主,100,1000,,,,,,
1011002,2321,神保家,神保|長住,じんぼう|ながずみ,神保長住,,神保家,増山城,,0,,0,242,50,53,43,50,46,49,,,,D,,,,,36,30,39,55,78,balanced,1539,1551,1598,,神保長職の子。神保→浪人,1011001,,,,,,11,0,242,,95,500,,,,,,
1011003,2322,神保家,神保|長城,じんぼう|ながなり,神保長城,,神保家,増山城,,0,,0,208,43,49,40,36,40,46,,,,,,,,,50,50,52,44,86,balanced,1537,1549,1576,true,神保長職の子,1011001,,,,,,11,0,242,,95,0,,,,,,
1011004,2323,神保家,神保|長国,じんぼう|ながくに,神保長国,,神保家,増山城,,0,,0,198,40,46,35,40,37,43,,,,,,,,,36,30,48,56,87,balanced,1544,1556,1578,,神保長職の子,1011001,,,,,,11,0,242,,95,0,,,,,,
1011005,2324,神保家,飯田|某,いいだ|なにがし,飯田某,,神保家,増山城,,0,,0,0,0,0,0,0,0,0,,,,,,,,,0,0,0,0,85,hermit,1490,9999,1540,,,,,,,,,11,0,242,,95,0,,,,,,
1011006,2325,神保家,飯田|利忠,いいだ|としただ,飯田利忠,,神保家,増山城,,0,,0,213,46,56,33,37,41,47,,,,,,,,,36,30,52,79,85,aggressive,1515,1527,1559,true,飯田某の子,1011005,,,,,,11,0,242,,95,0,,,,,,
1011007,2326,神保家,飯田|利行,いいだ|としゆき,飯田利行,,神保家,増山城,,0,,0,196,41,47,34,35,39,42,,,,,,,,,32,25,19,67,85,aggressive,1541,1553,1602,,飯田利忠の子。神保→浪人,1011006,,,,,,11,0,242,,95,0,,,,,,
1011008,2327,神保家,飯田|利常,いいだ|としつね,飯田利常,,神保家,増山城,,0,,0,186,39,52,28,31,36,42,,,,,,,,,32,25,54,75,87,aggressive,1516,1528,1552,true,飯田某の子,1011005,,,,,,11,0,242,,95,0,,,,,,
1011009,2328,神保家,飯田|利憲,いいだ|としのり,飯田利憲,,神保家,増山城,,0,,0,180,38,50,27,30,35,39,,,,,,,,,28,19,35,71,82,aggressive,1533,1545,1552,true,飯田某の子,1011005,,,,,,11,0,242,,95,0,,,,,,
1011010,2329,神保家,狩野|良政,かのう|よしまさ,狩野良政,,神保家,増山城,,0,,0,230,49,51,40,45,45,44,,,,,,,,,22,11,47,65,97,balanced,1494,1506,1569,,,,,,,,,11,0,242,,95,0,,,,,,
1011011,2330,神保家,狩野|宣久,かのう|のぶひさ,狩野宣久,,神保家,増山城,,0,,0,203,41,46,36,40,40,40,,,,,,,,,22,11,24,62,97,balanced,1513,1525,1575,,狩野良政の子,1011010,,,,,,11,0,242,,95,300,,true,,,,
1011012,2331,神保家,狩野|秀基,かのう|ひでもと,狩野秀基,,神保家,増山城,,0,,0,212,42,46,38,42,44,41,,,,,,,,,22,11,42,58,97,balanced,1534,1546,1592,,狩野宣久の子。神保→上杉,1011011,,,,,,11,0,242,,95,0,,,,,,
1011013,2332,神保家,狩野|秀治,かのう|ひではる,狩野秀治,,神保家,増山城,上杉家臣。景勝の側近。御館の乱後は直江兼続と並ぶ取り次ぎ役となり、重臣として政務と外交を担った。羽柴秀吉からも兼続と連名で書状を受け、政権の窓口を務めた。,77,,0,324,58,51,72,75,68,59,,,,,,,,,26,16,44,72,7,hermit,1556,1568,1584,,狩野秀基の子。神保→上杉,1011012,,,,,,11,0,242,,95,0,,,,,,
1011014,2333,神保家,水越|勝重,みずこし|かつしげ,水越勝重,,神保家,増山城,,0,,0,255,50,46,56,50,53,52,,,,,,,,,36,30,41,66,78,conservative,1503,1515,1567,,,,,,,,,11,0,242,,95,0,,,,,,
1011015,2334,神保家,水越|職勝,みずこし|もとかつ,水越職勝,,神保家,増山城,,0,,0,230,49,46,40,50,45,44,,,,,,,,,24,14,24,50,78,conservative,1526,1538,1581,,水越勝重の子,1011014,,,,,,11,0,242,,95,0,,,,,,
1011016,2335,神保家,西野|宗慶,にしの|むねよし,西野宗慶,,神保家,増山城,,0,,0,220,41,38,46,49,46,44,,,,,,,,,30,22,44,45,86,balanced,1500,9999,1550,,,,,,,,,11,0,242,,95,0,,,,,,
1011017,2336,神保家,小島|職鎮,こじま|もとしげ,小島職鎮,,神保家,増山城,神保家臣。のち上杉謙信に従い日宮城を守った。一向一揆の攻撃を受け和談して退去。謙信没後も上杉方に属し、唐人親広らと富山城を急襲して織田方の神保長住を幽閉した。,79,,0,312,59,58,66,62,67,56,,,,,,,,,35,29,72,16,86,aggressive,1523,1535,1582,true,西野宗慶の子,1011016,,,,,,11,0,242,,95,500,true,,,,,
1011020,2337,神保家,小島|国綱,こじま|くにつな,小島国綱,,神保家,増山城,,0,,0,231,53,62,36,39,41,49,,,,,,,,,36,30,67,72,86,aggressive,1541,1553,1582,true,小島職鎮の子,1011017,,,,,,11,0,242,,95,0,,,,,,
1011019,2338,神保家,寺島|盛徳,てらしま|もりのり,寺島盛徳,,神保家,増山城,,0,,0,259,63,72,37,42,45,52,,D,,,,,,,36,30,74,62,96,aggressive,1544,1556,1605,,小島職鎮の子、寺島職定の養子。神保→佐々→前田,1011017,1011021,,,,,11,0,242,,95,0,,,,,,
1011021,2339,神保家,寺島|職定,てらしま|もとさだ,寺島職定,,神保家,増山城,神保家臣。長職の被官で池田城を拠点とした。六渡寺渡の通行を許す過書を発給して地域支配を担う。家中分裂後は寺島方を率い、小島職鎮方と対立し上杉輝虎に攻められた。,79,,0,299,53,56,62,67,61,56,,,,,,,,,36,30,53,42,95,conservative,1530,1542,1584,,西野宗慶の子,1011016,,,,,,11,0,242,,95,500,,,,,,
1011018,2340,神保家,小島|胤興,こじま|たねおき,小島胤興,,神保家,増山城,,0,,0,210,43,51,36,39,41,46,,,,,,,,,36,30,59,70,82,balanced,1536,1548,1582,true,西野宗慶の子,1011016,,,,,,11,0,242,,95,0,,,,,,
1011022,2341,神保家,二宮|長恒,にのみや|ながつね,二宮長恒,,神保家,増山城,越中国衆。上熊野城主。左衛門大夫。上杉謙信に陳謝して一字を与えられ、同年、本知行と新地を安堵された。謙信の死後は織田方の神保長住からも知行を認められた。,76,,0,259,52,54,44,56,53,53,,,,,,,,,42,39,54,51,98,balanced,1529,1541,1586,,神保→長尾→前田,,,,,,,11,0,242,,95,0,,,,,,
1011023,2342,神保家,二宮|長恒,にのみや|ひでさだ,二宮秀定,,神保家,増山城,,0,,0,228,41,43,46,49,49,50,,,,,,,,,50,50,38,56,98,balanced,1558,1570,1620,,二宮長恒の子。神保→長尾→前田,1011022,,,,,,11,0,242,,95,0,,,,,,
1021001,2343,鈴木家,雑賀|助大夫,さいか|すけだゆう,雑賀助大夫,,鈴木家,雑賀城,,0,,0,278,45,26,64,74,69,52,,,,,,,,,18,5,15,80,57,conservative,1480,1492,1560,,,,,,,,,21,0,42,,95,200,,true,,,,
1021002,2344,鈴木家,鈴木|重意,すずき|しげおき,鈴木重意,,鈴木家,雑賀城,,0,,0,247,59,60,29,39,60,45,,,C,,,,,,19,6,37,50,57,conservative,1498,1510,1561,,雑賀助大夫の子,1021001,,,,,,21,0,42,,95,200,,true,,,,
1021003,2345,鈴木家,釈|順勝,しゃく|じゅんしょう,釈順勝,,鈴木家,雑賀城,,0,,0,260,46,59,41,64,50,49,,,C,,,,,,17,4,46,79,55,conservative,1527,1539,1582,,鈴木重意の子,1021002,,,,,,21,0,42,,95,0,,true,,,,
1021004,2346,鈴木家,鈴木|重秀,すずき|しげひで,鈴木重秀,,鈴木家,雑賀城,紀伊雑賀衆の有力者。鉄砲隊を率いて石山本願寺に味方し、織田信長軍と各地で戦った。本願寺退去後は信長に接近した。,55,,0,325,75,90,30,58,72,70,,,S,,D,,,,18,5,79,85,57,balanced,1529,1541,1585,,鈴木重意の子,1021002,,,,,,21,0,42,雑賀城主,100,1000,,,suzuki_shigehide.webp,,,
1021005,2347,鈴木家,鈴木|重朝,すずき|しげとも,鈴木重朝,,鈴木家,雑賀城,雑賀衆。重秀の子。豊臣秀吉に仕え、関ヶ原では西軍として伏見城を攻撃。敗戦後は徳川家康に仕え、のちに水戸徳川家に属した。,59,,0,317,73,81,38,56,69,71,,,S,C,,,,,22,11,42,44,57,balanced,1561,1573,1623,,鈴木重秀の子,1021004,,,,,,21,0,42,,95,500,,,,,,
1021006,2348,鈴木家,鈴木|重次,すずき|しげつぐ,鈴木重次,,鈴木家,雑賀城,,0,,0,242,61,73,33,30,45,52,,,D,,,,,,36,30,35,61,57,aggressive,1598,1610,1664,,鈴木重朝の子,1021005,,,,,,21,0,42,,95,0,,,,,,
1021007,2349,鈴木家,平井|義兼,ひらい|よしかね,平井義兼,,鈴木家,雑賀城,,0,,0,260,41,32,63,65,59,52,,,,,,,,,22,11,44,69,59,balanced,1540,1552,1589,,鈴木重意の子,1021002,,,,,,21,0,42,,95,0,,,,,,
1021008,2350,鈴木家,鈴木|重宗,すずき|しげむね,鈴木重宗,,鈴木家,雑賀城,,0,,0,250,39,25,60,65,61,49,,,,,,,,,20,8,15,82,55,aggressive,1504,1516,1575,,雑賀助大夫の子,1021001,,,,,,21,0,42,,95,300,true,,,,,
1021009,2351,鈴木家,太田|宗正,おおた|むねまさ,太田宗正,,鈴木家,雑賀城,,0,,0,235,64,53,38,37,43,51,,,C,,,,,,29,21,21,78,61,conservative,1546,1558,1585,,,,,,,,,21,0,42,,95,0,,,,,,
1021010,2352,鈴木家,岡|了順,おか|りょうじゅん,岡了順,,鈴木家,雑賀城,雑賀衆の年寄衆。石山本願寺に籠城した雑賀門徒の代表として下間頼廉らと連絡を取り、教如から抗戦継続を求められた。講和を受け入れたのち、雑賀衆の起請文に名を連ねた。,80,,0,303,58,52,63,67,63,57,,,C,,,,,,22,11,27,65,56,aggressive,1520,1532,1581,,,,,,,,,21,0,42,,95,0,,,,,,
1021011,2353,鈴木家,岡|吉正,おか|よしまさ,岡吉正,,鈴木家,雑賀城,,0,,0,226,48,65,28,39,46,49,,,A,,,,C,,26,16,55,27,61,balanced,1548,1560,1590,,岡了順の子,1021010,,,,,,21,0,42,,95,0,,,,,,
1021012,2354,鈴木家,狐島|吉次,きつねじま|よしつぐ,狐島吉次,,鈴木家,雑賀城,,0,,0,223,53,50,40,38,42,43,,,,,,,B,,19,7,69,76,56,aggressive,1524,1536,1591,,,,,,,,,21,0,42,,95,0,,,,,,
1021013,2355,鈴木家,佐武|義昌,さたけ|よしまさ,佐武義昌,,鈴木家,雑賀城,紀伊雑賀衆。伊賀守。『佐武伊賀働書』に自らの軍功を残した。鉄砲隊では射手と装填役を分けて連続射撃を行い、各地で戦功を重ねた。のち浅野家に仕え五百石を知行した。,79,,0,298,61,71,49,56,61,58,,D,,,,,,,29,21,40,50,59,aggressive,1537,1549,1620,,鈴木→羽柴秀長→桑山重晴→浅野幸長,,,,,,,21,0,42,,95,0,,,,,,
1021014,2356,鈴木家,土橋|胤継,つちはし|たねつぐ,土橋胤継,,鈴木家,雑賀城,,0,,0,249,56,61,31,49,52,53,,,C,,,,,,29,21,63,71,61,balanced,1518,1530,1582,,別名：土橋守重,,,,,,,21,0,42,,95,300,,,,,,
1021015,2357,鈴木家,土橋|春継,つちはし|はるつぐ,土橋春継,,鈴木家,雑賀城,,0,,0,220,50,58,30,42,40,46,,,C,,,,,,29,21,30,64,61,balanced,1540,1552,1590,true,土橋胤継の子。鈴木→北条→毛利,1021014,,,,,,21,0,42,,95,0,,,,,,
1021016,2358,鈴木家,松江|定久,まつえ|さだひさ,松江定久,,鈴木家,雑賀城,,0,,0,210,40,50,40,35,45,44,,,,,,,C,,27,18,30,63,58,balanced,1523,1535,1585,,鈴木→織田,,,,,,,21,0,42,,95,0,,,,,,
1021017,2359,鈴木家,的場|昌長,まとば|まさなが,的場昌長,,鈴木家,雑賀城,紀伊国衆。雑賀衆の鉄砲の名手。石山合戦では本願寺方として織田軍と戦った。敵陣深くへ忍び込んで狙撃と離脱を繰り返して敵将を討ち、「小雲雀」の異名で恐れられた。,78,,0,277,51,75,36,49,66,53,D,,,,,,,,22,11,34,55,56,aggressive,1550,1562,1599,,鈴木→織田,,,,,,,21,0,42,,95,0,,,,,,
1021018,2360,鈴木家,湊|高秀,みなと|たかひで,湊高秀,,鈴木家,雑賀城,,0,,0,223,49,46,39,42,47,42,,,,,,,C,,19,7,25,52,61,balanced,1533,1545,1596,,鈴木→織田,,,,,,,21,0,42,,95,0,,,,,,
1206001,2361,諏訪家,諏訪|頼満,すわ|よりみつ,諏訪頼満,,武田家,飯田城,諏訪氏当主。上社惣領家として下社金刺氏を破り、諏訪地方の統一を進めた。金刺氏を庇護した武田信虎とも戦って退け、晩年には和睦して孫・頼重へ家督をつないだ。,76,,0,368,77,64,72,76,79,43,,D,,,,,,,22,11,54,27,13,balanced,1480,1492,1539,,,,,,,,,3,0,8,,95,0,,,,,,
1206002,2362,諏訪家,諏訪|頼隆,すわ|よりたか,諏訪頼隆,,武田家,飯田城,,0,,0,0,0,0,0,0,0,0,,,,,,,,,0,0,0,0,13,hermit,1499,9999,1530,,諏訪頼満の子,1206001,,,,,,3,0,8,,95,0,,,,,,
1206003,2363,諏訪家,諏訪|頼重,すわ|よりしげ,諏訪頼重,,武田家,飯田城,諏訪氏当主。諏訪上社大祝を務め、上原城を本拠とした。武田信虎と和睦してその娘を娶り、佐久・小県へ出兵。信玄の侵攻を受け桑原城で降伏し、甲府へ送られ自害した。,78,,0,250,55,51,47,46,51,49,,,,,,,,,22,11,46,38,13,aggressive,1516,1528,1542,true,諏訪頼隆の子,1206002,,,,,,3,0,8,,95,0,,,,,,
1206004,2364,諏訪家,諏訪|満隣,すわ|みつちか,諏訪満隣,1542:0|竺渓斎:0|じくけいさい,武田家,飯田城,諏訪氏一門。頼重が武田晴信に攻められるとこれを助け、諏訪氏滅亡後は頼重の遺児を擁立して高遠頼継と戦う。その後は武田氏に従った。,63,,0,325,59,65,66,68,67,50,,,,,,,,,22,11,34,55,24,hermit,1501,1513,1582,,諏訪頼満の子,1206001,,,,,,3,0,8,,95,0,,,,,,
1206005,2365,諏訪家,諏訪|頼忠,すわ|よりただ,諏訪頼忠,,武田家,飯田城,信濃国衆。諏訪頼水の父。武田・織田両氏の滅亡後、旧臣に擁立されて諏訪氏の旧領を回復した。徳川家康に従って小田原攻めに加わり、のちに諏訪高島藩の基礎を築いた。,78,,0,246,39,46,62,55,44,53,,,,,,,,,43,40,50,61,24,balanced,1536,1548,1606,,諏訪満隣の子,1206004,,,,,,3,0,8,,95,0,,,,,,
1206006,2366,諏訪家,諏訪|頼水,すわ|よりみず,諏訪頼水,,武田家,飯田城,諏訪氏当主。高島藩初代藩主。頼忠の子。関ヶ原では秀忠に従って上田城を攻め、戦後に旧領諏訪へ復帰。高島城を治め、新田開発などを進めて藩政の基礎を築いた。,75,,0,299,61,41,71,67,59,60,,,,,,,,,43,40,36,63,24,conservative,1571,1583,1641,,諏訪頼忠の子。武田→徳川,1206005,,,,,,3,0,8,,95,0,,,,,,
1206007,2367,諏訪家,諏訪|忠恒,すわ|ただつね,諏訪忠恒,,武田家,飯田城,諏訪頼水の長男。大坂の陣で戦功を挙げ、五千石を加増された。父の跡を継いで信濃高島藩主となり、干拓や新田開発を進めて領内の生産力を高め、検地も実施した。,75,,0,247,53,61,51,43,39,52,,,,,,,,,43,40,42,54,24,conservative,1595,1607,1657,,諏訪頼水の子。武田→徳川,1206006,,,,,,3,0,8,,95,0,,,,,,
1062001,2368,宗家,宗|頼茂,そう|よりしげ,宗頼茂,,宗家,厳原城,宗氏７代当主。宗氏は室町幕府の守護大名でありながら同時に李氏朝鮮の被官でもあった。,41,宗氏７代当主。宗氏は室町幕府の守護大名でありながら同時に李氏朝鮮の被官でもあった。,41,0,0,0,0,0,0,0,,,,,,,,,0,0,0,0,11,hermit,1340,9999,1390,,,,,,,,,62,0,174,,95,0,,,,,,
1062002,2369,宗家,宗|貞国,そう|さだくに,宗貞国,,宗家,厳原城,宗氏11代当主。分裂していた一族をまとめあげ支配権を確立。主筋である少弐氏を助け勢威を広げたが、大内氏の反攻にあい少弐氏は敗れ、宗氏も筑前国の所領を失った。,77,宗氏11代当主。分裂していた一族をまとめあげ支配権を確立。主筋である少弐氏を助け勢威を広げたが、大内氏の反攻にあい少弐氏は敗れ、宗氏も筑前国の所領を失った。,77,0,0,0,0,0,0,0,,,,,,,,,0,0,0,0,11,hermit,1423,9999,1494,,宗頼茂の子孫。11代当主,1062001,,,,,,62,0,174,,95,0,,,,,,
1062003,2370,宗家,宗|材盛,そう|きもり,宗材盛,,宗家,厳原城,宗氏12代当主。宗貞国の子。土地がやせ細っていた対馬では長年朝鮮国との貿易に頼り切っていたが、銅の貿易禁止や制限措置を言い渡され苦境に立たされた。,72,宗氏12代当主。宗貞国の子。土地がやせ細っていた対馬では長年朝鮮国との貿易に頼り切っていたが、銅の貿易禁止や制限措置を言い渡され苦境に立たされた。,72,0,0,0,0,0,0,0,,,,,,,,,0,0,0,0,11,hermit,1445,9999,1507,,宗貞国の子。12代当主,1062002,,,,,,62,0,174,,95,0,,,,,,
1062004,2371,宗家,宗|義盛,そう|よしもり,宗義盛,,宗家,厳原城,宗氏13代当主。宗材盛の子。1510年「三浦の乱」が起こり朝鮮国と断絶。その後講和交渉により通交が再開されるも、権益が大きく制限された。,65,宗氏13代当主。宗材盛の子。1510年「三浦の乱」が起こり朝鮮国と断絶。その後講和交渉により通交が再開されるも、権益が大きく制限された。,65,0,0,0,0,0,0,0,,,,,,,,,0,0,0,0,11,hermit,1476,9999,1520,,宗材盛の子。13代当主,1062003,,,,,,62,0,174,,95,0,,,,,,
1062005,2372,宗家,宗|盛家,そう|もりいえ,宗盛家,,宗家,厳原城,宗材盛の子。,6,宗材盛の子。,6,0,0,0,0,0,0,0,,,,,,,,,0,0,0,0,11,hermit,1480,9999,1530,,宗材盛の次男,1062003,,,,,,62,0,174,,95,0,,,,,,
1062006,2373,宗家,宗|盛長,そう|もりなが,宗盛長,,宗家,厳原城,宗氏14代当主。宗盛家の子。李氏朝鮮との敗戦で交易に大打撃を受ていた宗氏の中で新体制の展開を模索するも一族や家臣らと対立。将盛に殺害された。,69,宗氏14代当主。宗盛家の子。李氏朝鮮との敗戦で交易に大打撃を受ていた宗氏の中で新体制の展開を模索するも一族や家臣らと対立。将盛に殺害された。,69,0,0,0,0,0,0,0,,,,,,,,,0,0,0,0,10,hermit,1502,9999,1526,true,宗盛家の子。宗義盛の嗣子,1062005,1062004,,,,,62,0,174,,95,0,,,,,,
1062007,2374,宗家,宗|盛俊,そう|もりとし,宗盛俊,,宗家,厳原城,宗貞国の子。,6,宗貞国の子。,6,0,0,0,0,0,0,0,,,,,,,,,0,0,0,0,12,hermit,1450,9999,1500,,宗貞国の子,1062002,,,,,,62,0,174,,95,0,,,,,,
1062008,2375,宗家,宗|盛弘,そう|もりひろ,宗盛弘,,宗家,厳原城,宗盛俊の子。,6,宗盛俊の子。,6,0,0,0,0,0,0,0,,,,,,,,,0,0,0,0,12,hermit,1470,9999,1510,true,宗盛俊の子,1062007,,,,,,62,0,174,,95,0,,,,,,
1062009,2376,宗家,山本|康範,やまもと|やすのり,山本康範,,宗家,厳原城,宗盛弘の子。1557年、津奈調親と共に宗義調に謀反を起こした「船越浦の戦い」では海賊衆を率い戦った。その後、義調に謀殺される。,61,宗盛弘の子。1557年、津奈調親と共に宗義調に謀反を起こした「船越浦の戦い」では海賊衆を率い戦った。その後、義調に謀殺される。,61,203,47,49,31,39,37,43,,,,,,,C,,36,30,74,29,42,aggressive,1500,1512,1557,true,宗盛弘の庶長子,,,,,,,62,0,174,,95,0,,,,,,
1062010,2377,宗家,津奈|調親,つな|しげちか,津奈調親,,宗家,厳原城,宗盛弘の子。1557年、山本康範と共に宗義調に謀反を起こした「船越浦の戦い」では海賊衆を率い戦った。その後、義調に謀殺される。,61,宗盛弘の子。1557年、山本康範と共に宗義調に謀反を起こした「船越浦の戦い」では海賊衆を率い戦った。その後、義調に謀殺される。,61,199,44,53,34,34,34,40,,,,,,,C,,26,16,70,35,43,aggressive,1505,1517,1557,true,宗盛弘の庶子,,,,,,,62,0,174,,95,0,,,,,,
1062011,2378,宗家,宗|将盛,そう|まさもり,宗将盛,,宗家,厳原城,宗氏15代当主。宗盛弘の子。一族や家臣の謀反が相次ぎ、次々鎮圧するも1539年に遂に金石城を包囲され、閉居に追い込まれて家督を返上。以降は隠棲した。,71,宗氏15代当主。宗盛弘の子。一族や家臣の謀反が相次ぎ、次々鎮圧するも1539年に遂に金石城を包囲され、閉居に追い込まれて家督を返上。以降は隠棲した。,71,247,60,66,33,44,44,34,,,,D,,,B,,26,16,19,65,27,aggressive,1509,1521,1573,,宗盛弘の子。15代当主,1062008,,,,,,62,0,174,,95,0,,true,,,,
1062012,2379,宗家,宗|茂尚,そう|しげひさ,宗茂尚,,宗家,厳原城,宗氏18代当主。宗将盛の子。1566年17代義調の意向を受け、家督を相続する。病弱を理由に弟・宗義純に家督を譲り隠居した。,57,宗氏18代当主。宗将盛の子。1566年17代義調の意向を受け、家督を相続する。病弱を理由に弟・宗義純に家督を譲り隠居した。,57,172,34,22,40,37,39,40,,,,,,,,,36,30,12,65,18,balanced,1547,1559,1569,,宗将盛の子、宗義調の嗣子。18代当主,1062011,1062018,,,,,62,0,174,,95,0,,,,,,
1062013,2380,宗家,宗|義純,そう|よしずみ,宗義純,,宗家,厳原城,宗氏19代当主。宗将盛の子。1569年、兄である宗茂尚の意向を受け家督を相続するも、病気を理由に弟・宗義智に家督を譲った。,58,宗氏19代当主。宗将盛の子。1569年、兄である宗茂尚の意向を受け家督を相続するも、病気を理由に弟・宗義智に家督を譲った。,58,228,56,50,38,41,43,49,,,,,,,D,,36,30,24,70,20,balanced,1550,1562,1580,,宗将盛の子。19代当主,1062011,,,,,,62,0,174,,95,0,,,,,,
1062014,2381,宗家,宗|智順,そう|ともしげ,宗智順,,宗家,厳原城,宗義純の子。1592年「李氏平壌城の戦い」で宗義智に従い明勢と戦い、戦功を挙げた。1643年の柳川騒動では江戸城に召還され取り調べを受ける。,66,宗義純の子。1592年「李氏平壌城の戦い」で宗義智に従い明勢と戦い、戦功を挙げた。1643年の柳川騒動では江戸城に召還され取り調べを受ける。,66,227,54,60,34,37,42,48,,,,,,,C,,26,16,47,67,20,aggressive,1571,1583,1646,,宗義純の子,1062013,,,,,,62,0,174,,95,0,,,,,,
1062015,2382,宗家,宗|義智,そう|よしとし,宗義智,,宗家,厳原城,宗氏20代当主。宗将盛の子。羽柴秀吉に所領を安堵され、文禄の役では小西行長に従い戦功を挙げた。戦後は李氏朝鮮との国交回復に尽力し、1609年慶長条約を締結した。,77,宗氏20代当主。宗将盛の子。羽柴秀吉に所領を安堵され、文禄の役では小西行長に従い戦功を挙げた。戦後は李氏朝鮮との国交回復に尽力し、1609年慶長条約を締結した。,77,323,60,59,65,77,62,62,D,,,,,,B,,50,50,57,36,14,conservative,1568,1580,1615,,宗将盛の子、宗義調の養子。20代当主,1062011,1062018,,,,,62,0,174,,95,500,,,,,,
1062016,2383,宗家,宗|義成,そう|よしなり,宗義成,,宗家,厳原城,宗氏21代当主。宗義智の子。1615年義智が病没したため家督を相続した。「大坂夏の陣」では徳川方に付き京都丹波口を守備した。,59,宗氏21代当主。宗義智の子。1615年義智が病没したため家督を相続した。「大坂夏の陣」では徳川方に付き京都丹波口を守備した。,59,274,47,41,67,63,56,56,,,,,,,,,50,50,55,40,14,conservative,1604,1616,1656,,宗義智の子。21代当主,1062015,,,,,,62,0,174,,95,0,,,,,,
1062017,2384,宗家,宗|貞泰,そう|さだやす,宗貞泰,1542:0|晴康:0|はるやす,宗家,厳原城,宗氏16代当主。宗盛俊の子。1539年に家臣に推されて当主となり、『宗家中興の主』と呼ばれた。庶家の宗姓名乗りを禁じて本家の支配権を確立。産業にも心血を注いだ。,77,宗氏16代当主。宗盛俊の子。1539年に家臣に推されて当主となり、『宗家中興の主』と呼ばれた。庶家の宗姓名乗りを禁じて本家の支配権を確立。産業にも心血を注いだ。,77,328,67,52,81,58,70,66,,,,,,,C,,50,50,40,61,12,conservative,1475,1487,1563,,宗盛俊の子、宗将盛の嗣子,1062007,1062011,,,,,62,0,174,,100,200,,true,,,,
1062018,2385,宗家,宗|義調,そう|よししげ,宗義調,,宗家,厳原城,宗氏17代当主。宗晴康の子。倭寇討伐に協力し朝鮮国との関係修復に務めた。朝鮮国との交渉を有利に進め丁巳約条を締結。貿易収入を増大させた。,67,宗氏17代当主。宗晴康の子。倭寇討伐に協力し朝鮮国との関係修復に務めた。朝鮮国との交渉を有利に進め丁巳約条を締結。貿易収入を増大させた。,67,343,64,63,70,80,66,70,D,,,,,,B,,64,70,37,58,12,balanced,1532,1544,1589,,宗貞泰の子。17代当主,1062017,,,,,,62,0,174,厳原城主,100,1000,,,,,,
1062019,2386,宗家,仁位|某,にい|なにがし,仁位某,,宗家,厳原城,,0,,0,0,0,0,0,0,0,0,,,,,,,,,0,0,0,0,7,hermit,1485,9999,1535,,宗頼茂の子孫。仁位盛家の父,1062001,,,,,,62,0,174,,95,0,,,,,,
1062020,2387,宗家,仁位|盛家,にい|もりいえ,仁位盛家,,宗家,厳原城,宗家臣。宗氏庶流。1557年「船越浦の戦い」で山本康範、津奈調親と戦い戦功を挙げた。,40,宗家臣。宗氏庶流。1557年「船越浦の戦い」で山本康範、津奈調親と戦い戦功を挙げた。,40,229,51,57,39,40,42,49,,,,,,,C,,36,30,43,63,7,aggressive,1511,1523,1567,,仁位某の子,1062019,,,,,,62,0,174,,95,0,,,,,,
1062021,2388,宗家,仁位|某,にい|なにがし,仁位某,,宗家,厳原城,,0,,0,0,0,0,0,0,0,0,,,,,,,,,0,0,0,0,6,hermit,1530,9999,1580,,宗頼茂の子孫。仁位智信の父,1062001,,,,,,62,0,174,,95,0,,,,,,
1062022,2389,宗家,仁位|智信,にい|とものぶ,仁位智信,,宗家,厳原城,宗家臣。宗氏庶流。1592年「文禄の役」で宗義智に従って仁位党を率い、朝鮮勢と戦って戦功を挙げた。宗義成の代では家老を務める。,61,宗家臣。宗氏庶流。1592年「文禄の役」で宗義智に従って仁位党を率い、朝鮮勢と戦って戦功を挙げた。宗義成の代では家老を務める。,61,255,56,64,46,45,44,55,,,,,,,C,,50,50,31,60,6,aggressive,1555,1567,1621,,仁位某の子,1062021,,,,,,62,0,174,,95,0,,,,,,
1062023,2390,宗家,小田|盛長,おだ|もりなが,小田盛長,,宗家,厳原城,宗家臣。1527年「大館山の戦い」で宗晴康に従って戦い戦功を挙げた。,32,宗家臣。1527年「大館山の戦い」で宗晴康に従って戦い戦功を挙げた。,32,198,47,54,33,30,34,45,,,,,,,D,,28,19,50,64,13,aggressive,1498,1510,1556,,,,,,,,,62,0,174,,95,0,,,,,,
1062024,2391,宗家,大石|智久,おおいし|ともひさ,大石智久,,宗家,厳原城,宗家臣。1592年「平壌城の戦い」で宗義智に従って戦い、李氏朝鮮勢に包囲された平壌城から退却路を見出した。1594年虎を捕縛する功を挙げた。,66,宗家臣。1592年「平壌城の戦い」で宗義智に従って戦い、李氏朝鮮勢に包囲された平壌城から退却路を見出した。1594年虎を捕縛する功を挙げた。,66,231,57,68,33,28,45,56,D,D,,,D,,C,,36,30,23,78,13,aggressive,1561,1573,1627,,,,,,,,,62,0,174,,95,0,,,,,,
1062025,2392,宗家,佐須|盛廉,さす|もりかど,佐須盛廉,,宗家,厳原城,対馬国守護代。1528年「宗盛治の乱」で宗将盛に従って戦い戦功を挙げた。,34,対馬国守護代。1528年「宗盛治の乱」で宗将盛に従って戦い戦功を挙げた。,34,272,58,55,53,48,58,55,,,,,,,D,,36,30,35,61,23,balanced,1492,1504,1564,,,,,,,,,62,0,174,,95,200,,true,,,,
1062026,2393,宗家,佐須|盛円,さす|もりのぶ,佐須盛円,,宗家,厳原城,対馬国守護代。佐須盛廉の子。約二十年間にわたって政権の中心を担った。島外諸領主や博多商人との交渉に注力した。,54,対馬国守護代。佐須盛廉の子。約二十年間にわたって政権の中心を担った。島外諸領主や博多商人との交渉に注力した。,54,291,52,34,69,73,63,62,,,,,,,C,,50,50,30,75,23,balanced,1513,1525,1581,,佐須盛廉の子,1062025,,,,,,62,0,174,,95,500,true,,,,,
1062027,2394,宗家,佐須|景満,さす|かげみつ,佐須景満,,宗家,厳原城,対馬国守護代。佐須盛円の子。豊臣秀吉の命による朝鮮国との交渉をめぐって柳川調信と対立。調信の讒言により、登城を許されないまま古川智次らによって謀殺された。,77,対馬国守護代。佐須盛円の子。豊臣秀吉の命による朝鮮国との交渉をめぐって柳川調信と対立。調信の讒言により、登城を許されないまま古川智次らによって謀殺された。,77,245,40,31,62,56,56,51,,,,,,,D,,36,30,27,58,23,conservative,1532,1544,1590,true,佐須盛円の子,1062026,,,,,,62,0,174,,95,200,,,,,,
1062028,2395,宗家,杉村|広幸,すぎむら|ひろゆき,杉村広幸,,宗家,厳原城,宗家臣。宗家三家老と呼ばれた内の一人。佐須盛円の子。,26,宗家臣。宗家三家老と呼ばれた内の一人。佐須盛円の子。,26,254,41,34,64,59,56,52,,,,,,,,,36,30,23,64,12,conservative,1534,1546,1601,,佐須盛円の子,1062026,,,,,,62,0,174,,95,100,,,,,,
1062029,2396,宗家,杉村|調長,すぎむら|しげなが,杉村調長,,宗家,厳原城,宗家臣。杉村広幸の子。,11,宗家臣。杉村広幸の子。,11,240,42,37,58,54,49,50,,,,,,,,,36,30,32,65,12,balanced,1555,1567,1623,,杉村広幸の子,1062028,,,,,,62,0,174,,95,0,,,,,,
1062030,2397,宗家,杉村|智清,すぎむら|ともきよ,杉村智清,,宗家,厳原城,宗家臣。杉村調長の子。1592年「大同江の戦い」で戦功を挙げた。沙灘から上陸し夜襲を画策して浮碧樓から綾羅に渡ったが、明国勢に夜襲を受け討死した。,71,宗家臣。杉村調長の子。1592年「大同江の戦い」で戦功を挙げた。沙灘から上陸し夜襲を画策して浮碧樓から綾羅に渡ったが、明国勢に夜襲を受け討死した。,71,223,43,56,39,37,48,50,,,,,,,D,,42,39,60,68,12,balanced,1576,1588,1592,true,杉村調長の子,1062029,,,,,,62,0,174,,95,0,,,,,,
1062031,2398,宗家,平田|成幸,ひらた|なりゆき,平田成幸,,宗家,厳原城,宗家臣。宗家三家老と呼ばれた内の一人。宗義成と柳川調興の対立が深まると調興は成幸を通して所領と歳遣船の返還を申し出たが解決には至らず、後のお家騒動に発展した。,79,宗家臣。宗家三家老と呼ばれた内の一人。宗義成と柳川調興の対立が深まると調興は成幸を通して所領と歳遣船の返還を申し出たが解決には至らず、後のお家騒動に発展した。,79,253,41,39,60,56,57,57,,,,,,,,,57,60,40,64,8,balanced,1553,1565,1637,,,,,,,,,62,0,174,,95,100,,,,,,
1062032,2399,宗家,古川|智次,ふるかわ|もとつぐ,古川智次,,宗家,厳原城,宗家臣。宗家三家老と呼ばれた内の一人。宗義智の意向を受け、柳川調信と不仲になった佐須景満を殿中で謀殺した。,53,宗家臣。宗家三家老と呼ばれた内の一人。宗義智の意向を受け、柳川調信と不仲になった佐須景満を殿中で謀殺した。,53,258,45,55,52,52,54,55,,,,,,,,,50,50,43,56,8,balanced,1561,1573,1639,,,,,,,,,62,0,174,,95,100,,,,,,
1062033,2400,宗家,柳川|調信,やながわ|しげのぶ,柳川調信,,宗家,厳原城,宗氏庶流・津奈家臣。「船越浦の戦い」で養父・津奈調親が討死したため、宗義調に仕えた。1591年に李氏朝鮮に赴いて外交交渉で功を挙げ、嘉善大夫を務めた。,73,宗氏庶流・津奈家臣。「船越浦の戦い」で養父・津奈調親が討死したため、宗義調に仕えた。1591年に李氏朝鮮に赴いて外交交渉で功を挙げ、嘉善大夫を務めた。,73,286,44,37,60,79,66,60,,,,,,,,,50,50,41,60,3,conservative,1539,1551,1605,,,,,,,,,62,0,174,,95,500,,,,,,
1062034,2401,宗家,柳川|智永,やながわ|としなが,柳川智永,,宗家,厳原城,宗家臣。柳川調信の子。関ヶ原の戦いでは西軍に属し、島津義弘と共に伊勢口を突破した。朝鮮国に副使として渡り慶長条約に尽力。年一隻の貿易船派遣が許された。,75,宗家臣。柳川調信の子。関ヶ原の戦いでは西軍に属し、島津義弘と共に伊勢口を突破した。朝鮮国に副使として渡り慶長条約に尽力。年一隻の貿易船派遣が許された。,75,333,62,70,62,74,65,67,,D,,,,,D,,50,50,44,84,3,balanced,1561,1573,1614,,柳川調信の子,1062033,,,,,,62,0,174,,95,200,,,,,,
1062035,2402,宗家,柳川|調興,やながわ|しげおき,柳川調興,,宗家,厳原城,宗氏家老。柳川智永の子。宗義成と対立し、宗氏の国書偽造を幕府に直訴したが敗訴。津軽に流罪となる。弘前藩では広大な屋敷を与えられ一流の文化人として遇された。,77,宗氏家老。柳川智永の子。宗義成と対立し、宗氏の国書偽造を幕府に直訴したが敗訴。津軽に流罪となる。弘前藩では広大な屋敷を与えられ一流の文化人として遇された。,77,264,48,41,57,61,57,54,,,,,,,,,36,30,65,46,93,balanced,1603,1615,1684,,柳川智永の子,1062034,,,,,,62,0,174,,90,200,,,,,,
1062036,2403,宗家,柚谷|康広,ゆずや|やすひろ,柚谷康広,,宗家,厳原城,宗家臣。宗義調の意向を受け李氏朝鮮と交渉し、貿易制限の緩和に尽力した。日朝間交渉にあたったが、羽柴秀吉の意向は通らず、交渉決裂した。,66,宗家臣。宗義調の意向を受け李氏朝鮮と交渉し、貿易制限の緩和に尽力した。日朝間交渉にあたったが、羽柴秀吉の意向は通らず、交渉決裂した。,66,199,27,10,47,66,49,49,,,,,,,,,64,70,31,52,14,conservative,1533,1545,1590,,,,,,,,,62,0,174,,95,0,,,,,,
1062037,2404,宗家,柚谷|智広,ゆずや|ともひろ,柚谷智広,,宗家,厳原城,宗家臣。柚谷康広の子。宗義智の意向を受けて日朝交渉に尽力したが、李氏朝鮮に捕縛された。1600年幽閉されたまま病没した。,58,宗家臣。柚谷康広の子。宗義智の意向を受けて日朝交渉に尽力したが、李氏朝鮮に捕縛された。1600年幽閉されたまま病没した。,58,196,21,24,43,60,48,50,,,,,,,,,64,70,29,70,14,conservative,1554,1566,1600,true,柚谷康広の子,1062036,,,,,,62,0,174,,95,0,,,,,,
1077001,2405,相馬家,相馬|盛胤,そうま|もりたね,相馬盛胤(13代),,相馬家,小高城,,0,,0,0,0,0,0,0,0,0,,,,,,,,,0,0,0,0,7,hermit,1476,9999,1521,,,,,,,,,77,0,209,,95,0,,,,,,
1077002,2406,相馬家,相馬|顕胤,そうま|あきたね,相馬顕胤,,相馬家,小高城,相馬氏当主。伊達稙宗の娘を妻に迎え、天文の乱では岳父・稙宗を支持して晴宗と戦った。敗れた稙宗を小高城に迎え、伊達・岩城氏との抗争の中で相馬領を守った。,75,,0,371,68,79,78,70,76,73,D,C,,,,,,,32,25,46,72,7,balanced,1508,1520,1549,,相馬盛胤(13代)の子,1077001,,,28,,,77,0,209,,100,0,,,,,,
1077003,2407,相馬家,相馬|盛胤,そうま|もりたね,相馬盛胤(15代),,相馬家,小高城,相馬氏当主。小高城を拠点に伊達氏と伊具・亘理を巡って争い、たびたび領境で戦った。子・義胤に家督を譲った後も中村城で伊達氏への備えを続けた。,69,,0,330,76,72,58,64,60,63,D,,,,,,,,36,30,49,55,7,aggressive,1529,1541,1601,,相馬顕胤の子,1077002,,28,,,,77,0,209,小高城主,100,1500,,,,,,
1077004,2408,相馬家,相馬|義胤,そうま|よしたね,相馬義胤(16代),,相馬家,小高城,相馬家当主。盛胤の子。家督を継ぎ伊達氏と抗争し、小田原に参陣して秀吉から本領安堵を受ける。関ヶ原不参で所領を失うが、のち相馬家は復領。利胤の死後は孫を補佐した。,80,,0,273,67,63,44,48,51,55,D,,,,,,,,36,30,43,64,7,balanced,1548,1560,1635,,相馬盛胤(15代)の嫡男,1077003,,,,,,77,0,209,,95,500,,,,,,
1077005,2409,相馬家,相馬|利胤,そうま|としたね,相馬利胤,,相馬家,小高城,相馬氏第十七代当主。相馬中村藩初代藩主。関ヶ原後の所領没収の危機を乗り越え、小高城から中村城へ本拠を移した。中村城を改修し城下町を整備して、藩政の基礎を築いた。,80,,0,258,59,56,44,51,48,54,,,,,,,,,50,50,32,44,7,aggressive,1581,1593,1625,,相馬義胤(16代)の子,1077004,,,,,,77,0,209,,95,200,,,,,,
1077006,2410,相馬家,相馬|義胤,そうま|よしたね,相馬義胤(中村藩主),,相馬家,小高城,,0,,0,232,41,37,54,52,48,46,,,,,,,,,26,16,35,70,7,conservative,1619,1631,1651,,相馬利胤の子,1077005,,,,,,77,0,209,,95,0,,,,,,
1077007,2411,相馬家,相馬|隆胤,そうま|たかたね,相馬隆胤,,相馬家,小高城,,0,,0,191,38,51,35,34,33,44,,,,,,,,,32,25,50,80,8,conservative,1551,1563,1590,,相馬盛胤(15代)の次男,1077003,,,,,,77,0,209,,95,0,,,,,,
1077008,2412,相馬家,田中|郷胤,たなか|さとたね,田中郷胤,,相馬家,小高城,,0,,0,198,36,32,45,44,41,42,,,,,,,,,26,16,26,68,9,conservative,1552,1564,1601,,相馬盛胤(15代)の四男。別名：相馬郷胤,1077003,,,,,,77,0,209,,95,0,,,,,,
1077009,2413,相馬家,堀内|近胤,ほりうち|ちかたね,堀内近胤,,相馬家,黒木城,相馬家臣。堀内氏当主。,11,相馬家臣。堀内氏当主。,11,236,44,40,52,51,49,51,,,,,,,,,36,30,20,82,92,conservative,1510,1522,1562,,相馬盛胤(13代)の子。別名：相馬近胤,1077001,,,,,,77,0,208,黒木城主,95,500,,,,,,
1077010,2414,相馬家,堀内|俊胤,ほりうち|としたね,堀内俊胤,,相馬家,黒木城,相馬家臣。堀内氏２代当主。,13,相馬家臣。堀内氏２代当主。,13,206,40,34,45,45,42,43,,,,,,,,,28,19,18,67,92,conservative,1534,1546,1569,true,堀内近胤の子,1077009,,,,,,77,0,208,,95,0,,,,,,
1077011,2415,相馬家,相馬|胤乗,そうま|たねのり,相馬胤乗,,相馬家,小高城,,0,,0,229,51,55,47,33,43,48,,,,,,,,,32,25,38,69,11,balanced,1522,1534,1576,,相馬盛胤(13代)の子,1077001,,,,,,77,0,209,,95,200,,true,,,,
1077012,2416,伊達家,懸田|義宗,かけだ|よしむね,懸田義宗,,伊達家,米沢城,,0,,0,0,0,0,0,0,0,0,,,,,,,,,0,0,0,0,79,hermit,1480,9999,1553,,,,,,,,,74,0,228,,95,0,,,,,,
1077013,2417,伊達家,懸田|俊宗,かけだ|としむね,懸田俊宗,,伊達家,米沢城,懸田氏当主。懸田城主。伊達稙宗の娘婿。天文の乱では稙宗方の最有力将として居城を本陣に戦った。乱後も晴宗に抵抗したが家臣の離反で敗れ、討たれて懸田氏は滅亡した。,79,,0,277,45,44,61,64,63,53,,,,,,,,,29,21,44,44,79,balanced,1514,1526,1553,,懸田義宗の子,1077012,,,,,,74,0,228,,95,0,,,,,,
1077014,2418,相馬家,黒木|晴親,くろき|はるちか,黒木晴親,,相馬家,黒木城,,0,,0,241,51,38,47,56,49,47,,,,,,,,,24,14,52,60,79,balanced,1525,1537,1576,,懸田俊宗の子。別名：藤田晴近,1077013,,,,,,77,0,208,,95,0,,,,,,
1077015,2419,相馬家,黒木|宗俊,くろき|むねとし,黒木宗俊,,相馬家,黒木城,,0,,0,262,56,58,50,48,50,54,,,,,,,,,32,25,51,79,79,balanced,1549,1561,1616,,黒木晴親の子。相馬→1580謀反→伊達,1077014,,,,,,77,0,208,,85,0,,,,,,
1077016,2420,相馬家,堀内|晴胤,ほりうち|はるたね,堀内晴胤,,相馬家,黒木城,,0,,0,193,27,41,47,48,30,41,,,,,,,,,30,22,69,38,84,aggressive,1556,1568,1633,,黒木晴親の子、堀内義氏の嗣子。別名：堀内宗和。相馬→1580謀反→伊達,1077014,1077017,,,,,77,0,208,,85,0,,,,,,
1077017,2421,相馬家,堀内|義氏,ほりうち|よしうじ,堀内義氏,,相馬家,黒木城,,0,,0,193,46,43,31,37,36,42,,,,,,,,,32,25,21,51,84,aggressive,1533,1545,1569,true,懸田義宗の子、堀内俊胤の娘婿。相馬→1570?浪人,1077012,1077010,,,,,77,0,208,,95,0,,,,,,
1077018,2422,相馬家,泉田|顕清,いずみだ|あききよ,泉田顕清,,相馬家,黒木城,,0,,0,260,57,54,49,47,53,50,,,,,,,,,23,12,40,76,5,balanced,1508,1520,1567,,,,,,,,,77,0,208,,95,0,,,,,,
1077019,2423,相馬家,泉田|胤雪,いずみだ|たねゆき,泉田胤雪,1565:0|雪斎:0|せっさい,相馬家,黒木城,相馬家臣。右近大夫。雪斎。泉田氏当主として伊達勢との攻防を担った。相馬義胤が三春から退くと舟曳を守り、黒旗印を目印に伊達政宗へ攻めかかって包囲を解かせた。,77,,0,295,70,58,44,52,71,58,,,,,,,,,33,26,43,77,5,balanced,1536,1548,1594,,泉田顕清の子,1077018,,,,,,77,0,208,,95,0,,,,,,
1077020,2424,相馬家,泉田|胤清,いずみだ|たねきよ,泉田胤清,,相馬家,黒木城,,0,,0,250,58,75,35,34,48,51,D,,,,,,,,29,21,49,81,5,aggressive,1558,1570,1602,,泉田胤雪の子,1077019,,,,,,77,0,208,,95,0,,,,,,
1077021,2425,相馬家,堀内|胤政,ほりうち|たねまさ,堀内胤政,,相馬家,黒木城,,0,,0,226,49,58,38,42,39,49,,,,,,,,,36,30,44,76,86,balanced,1561,1573,1595,,泉田胤雪の子、堀内俊胤の養子,1077019,1077010,,,,,77,0,208,,95,0,,,,,,
1077022,2426,相馬家,堀内|胤泰,ほりうち|たねやす,堀内胤泰,,相馬家,黒木城,,0,,0,236,42,25,63,57,49,50,,,,,,,,,36,30,12,80,86,balanced,1583,1595,1633,,堀内胤政の子,1077021,,,,,,77,0,208,,95,0,,,,,,
1077023,2427,相馬家,青田|顕治,あおた|あきはる,青田顕治,,相馬家,小高城,,0,,0,213,47,52,41,31,42,41,,,,,,,,,28,19,60,21,72,aggressive,1509,1521,1563,true,相馬→伊達に内応して謀反,,,,,,,77,0,209,,85,0,,,,,,
1077024,2428,相馬家,江井|胤治,えねい|たねはる,江井胤治,,相馬家,小高城,,0,,0,220,34,33,55,42,56,47,,,,,,,,,33,26,26,72,8,conservative,1504,1516,1588,,,,,,,,,77,0,209,,95,0,,,,,,
1077025,2429,相馬家,岡田|茂胤,おかだ|しげたね,岡田茂胤,,相馬家,小高城,,0,,0,271,49,36,60,62,64,55,,,,,,,,,40,36,26,61,9,balanced,1526,1538,1567,,岡田義胤の子。小高筆頭家老,,,,,,,77,0,209,,95,300,true,,,,,
1077026,2430,相馬家,岡田|直胤,おかだ|なおたね,岡田直胤,,相馬家,小高城,相馬家臣。小高郷岡田館主。岡田茂胤の子。岡田氏当主として二十五騎を率いる有力家臣で、盛胤・義胤に仕えた。小高郷の軍事を担ったが、朝鮮出兵以前に病没した。,76,,0,273,57,51,56,56,53,59,,,,,,,,,50,50,43,71,9,balanced,1560,1572,1591,true,岡田茂胤の子。家老,1077025,,,,,,77,0,209,,95,0,,,,,,
1077027,2431,相馬家,草野|直清,くさの|なおきよ,草野直清,,相馬家,小高城,,0,,0,245,55,53,50,40,47,48,D,D,,,,,,,26,16,36,55,74,aggressive,1514,1526,1563,true,相馬→1563伊達に内応して謀反,,,,,,,77,0,209,,85,0,,,,,,
1077028,2432,相馬家,木幡|政清,こばた|まさきよ,木幡政清,,相馬家,小高城,,0,,0,264,39,33,67,61,64,58,,,,,,,,,50,50,24,84,8,conservative,1507,1519,1583,,,,,,,,,77,0,209,,95,0,,,,,,
1077029,2433,相馬家,木幡|経清,こばた|つねきよ,木幡経清,,相馬家,小高城,,0,,0,232,32,34,61,50,55,53,,,,,,,,,50,50,22,72,8,conservative,1534,1546,1618,,木幡政清の子。別名：木幡継清,1077028,,,,,,77,0,209,,95,0,,,,,,
1077030,2434,相馬家,佐藤|好信,さとう|よしのぶ,佐藤好信,,相馬家,小高城,相馬家臣。磯部館主。もとは岩城氏に仕えたが、のち相馬氏に属した。海運に関わる佐藤一族の一人として松川浦南端の磯部館と湊を押さえ、相馬領の海上交通を支えた。,77,,0,278,65,63,41,45,64,55,,,,D,,,,,33,26,30,67,93,aggressive,1492,1504,1579,,,,,,,,,77,0,209,,90,0,,,,,,
1077031,2435,相馬家,佐藤|為信,さとう|ためのぶ,佐藤為信,,相馬家,小高城,,0,,0,253,63,67,38,37,48,50,,D,,,,,,,33,26,60,38,78,aggressive,1543,1555,1591,true,佐藤好信の子。相馬→1579伊達,1077030,,,,,,77,0,209,,85,0,,,,,,
1077032,2436,相馬家,佐藤|勝信,さとう|かつのぶ,佐藤勝信,,相馬家,小高城,,0,,0,213,41,45,43,45,39,46,,,,,,,,,38,33,48,43,78,balanced,1565,1577,1617,,相馬→1579伊達,,,,,,,77,0,209,,85,0,,,,,,
1077033,2437,相馬家,水谷|某,みずたに|なにがし,水谷某,,相馬家,小高城,,0,,0,0,0,0,0,0,0,0,,,,,,,,,0,0,0,0,7,hermit,1490,9999,1540,,,,,,,,,77,0,209,,95,0,,,,,,
1077034,2438,相馬家,水谷|胤氏,みずたに|たねうじ,水谷胤氏,,相馬家,小高城,,0,,0,202,47,49,36,36,34,42,,,,,,,,,22,11,48,78,7,aggressive,1517,1529,1542,,水谷某の子,1077033,,,,,,77,0,209,,95,0,,,,,,
1077035,2439,相馬家,水谷|胤重,みずたに|たねしげ,水谷胤重,,相馬家,小高城,,0,,0,311,66,63,60,57,65,65,,D,,D,,,,,29,21,55,72,7,conservative,1538,1550,1606,,水谷胤氏の子,1077034,,,,,,77,0,209,,95,0,,,,,,
1077036,2440,相馬家,水谷|胤清,みずたに|たねきよ,水谷胤清,,相馬家,小高城,,0,,0,269,52,39,59,60,59,51,,,,,,,,,23,12,34,70,6,balanced,1524,1536,1575,,水谷某の子,1077033,,,,,,77,0,209,,95,0,,,,,,
1087001,2441,大宝寺家,大宝寺|政氏,だいほうじ|まさうじ,大宝寺政氏,,大宝寺家,尾浦城,大宝寺氏12代当主,8,大宝寺氏12代当主,8,0,0,0,0,0,0,0,,,,,,,,,0,0,0,0,56,hermit,1453,9999,1512,,別名：武藤政氏,,,,,,,87,0,223,,95,0,,,,,,
1087002,2442,大宝寺家,大宝寺|澄氏,だいほうじ|すみうじ,大宝寺澄氏,,大宝寺家,尾浦城,大宝寺氏13代当主,8,大宝寺氏13代当主,8,0,0,0,0,0,0,0,,,,,,,,,0,0,0,0,56,hermit,1479,9999,1527,,大宝寺政氏の子。別名：武藤澄氏,1087001,,,,,,87,0,223,,95,0,,,,,,
1087003,2443,大宝寺家,大宝寺|氏説,だいほうじ|うじとき,大宝寺氏説,,大宝寺家,尾浦城,大宝寺氏14代当主,8,大宝寺氏14代当主,8,0,0,0,0,0,0,0,,,,,,,,,0,0,0,0,57,hermit,1480,9999,1530,,大宝寺政氏の子。別名：武藤氏説,1087001,,,,,,87,0,223,,95,0,,,,,,
1087004,2444,大宝寺家,大宝寺|晴時,むとう|はるとき,大宝寺晴時,,大宝寺家,尾浦城,大宝寺氏当主。氏説の子。庄内で一族の砂越氏と対立し、大宝寺城を追われて尾浦城へ本拠を移した。その後は一族の義増が家督を継ぎ、衰えた大宝寺氏の勢力回復を進めた。,79,大宝寺氏15代当主。,9,265,51,41,59,58,56,52,,,,,,,,,36,30,55,32,57,balanced,1512,1524,1541,,大宝寺氏説の子。別名：武藤晴時、大宝寺時氏,1087003,,,,,,87,0,223,,95,0,,,,,,
1087005,2445,大宝寺家,大宝寺|九郎,だいほうじ|くろう,大宝寺九郎,,大宝寺家,尾浦城,,0,,0,0,0,0,0,0,0,0,,,,,,,,,0,0,0,0,58,hermit,1490,9999,1540,,大宝寺政氏の子。別名：武藤九郎,1087001,,,,,,87,0,223,,95,0,,,,,,
1087006,2446,大宝寺家,大宝寺|義増,むとう|よします,大宝寺義増,,大宝寺家,尾浦城,大宝寺氏当主。晴時の後を継ぎ、砂越・土佐林氏らが並立する庄内で大宝寺氏の勢力回復を進めた。越後上杉氏と結んで周辺情勢に対応し、のちに嫡子・義氏へ家督を譲った。,79,大宝寺氏16代当主。,9,244,23,46,56,59,60,32,,,,,,,,,26,16,47,38,58,balanced,1522,1534,1581,,大宝寺九郎の子、大宝寺晴時の養子。別名：武藤義増,1087005,1087004,,,,,87,0,223,尾浦城主,100,1000,,,,,,
1087007,2447,大宝寺家,大宝寺|義氏,むとう|よしうじ,大宝寺義氏,,大宝寺家,尾浦城,大宝寺氏17代当主。大宝寺義増の子。,17,大宝寺氏17代当主。大宝寺義増の子。,17,198,60,63,24,23,28,11,,D,,,,,,,26,16,55,27,58,balanced,1551,1563,1583,true,大宝寺義増の子。別名：武藤義氏,1087006,,,,,,87,0,223,,95,500,,,,,,
1087008,2448,大宝寺家,大宝寺|義興,むとう|よしおき,大宝寺義興,,大宝寺家,尾浦城,大宝寺氏18代当主。大宝寺義増の子。,17,大宝寺氏18代当主。大宝寺義増の子。,17,278,32,39,70,70,67,51,,,,,,,,,26,16,47,38,59,hermit,1553,1565,1587,true,大宝寺義増の子。別名：武藤義興,1087006,,,,,,87,0,223,,95,200,,,,,,
1087009,2449,大宝寺家,阿部|良輝,あべ|よしてる,阿部良輝,,大宝寺家,尾浦城,,0,,0,247,49,45,51,48,54,49,,,,,,,,,28,19,39,65,59,balanced,1544,1556,1591,,,,,,,,,87,0,223,,95,200,true,,,,,
1087010,2450,大宝寺家,阿部|貞嗣,あべ|さだつぐ,阿部貞嗣,,大宝寺家,尾浦城,,0,,0,220,58,54,38,34,36,48,,,,,,,,,43,40,40,53,59,balanced,1565,1577,1588,true,阿部良輝の子,1087009,,,,,,87,0,223,,95,0,,,,,,
1087011,2451,大宝寺家,池田|盛国,いけだ|もりくに,池田盛国,,大宝寺家,尾浦城,,0,,0,237,50,44,47,49,47,51,,,,,,,,,40,36,43,58,75,balanced,1526,1538,1578,,,,,,,,,87,0,223,,90,0,,,,,,
1087012,2452,大宝寺家,池田|盛周,いけだ|もりちか,池田盛周,,大宝寺家,尾浦城,,0,,0,231,54,60,33,41,43,49,,,,,,,,,40,36,70,41,75,conservative,1555,1560,1611,,池田盛国の子。大宝寺→1583最上,1087011,,,,,,87,0,223,,90,0,,,,,,
1087013,2453,大宝寺家,池田|盛邦,いけだ|もりくに,池田盛邦,,大宝寺家,尾浦城,,0,,0,218,53,56,39,34,36,47,,,,,,,,,40,36,51,40,75,balanced,1590,1602,1653,,池田盛周の子。大宝寺→1583最上,1087012,,,,,,87,0,223,,90,0,,,,,,
1087014,2454,大宝寺家,板垣|兼富,いたがき|かねとみ,板垣兼富,,大宝寺家,尾浦城,,0,,0,198,39,57,33,39,30,41,,,,,,,,,22,11,31,74,60,aggressive,1539,1551,1564,,,,,,,,,87,0,223,,95,0,,,,,,
1087015,2455,大宝寺家,来次|時秀,きすぎ|ときひで,来次時秀,,大宝寺家,尾浦城,,0,,0,232,43,44,61,47,37,49,,,,,,,,,36,30,31,67,61,aggressive,1543,1555,1575,,,,,,,,,87,0,223,,95,300,,,,,,
1087016,2456,大宝寺家,来次|氏秀,きすぎ|うじひで,来次氏秀,,大宝寺家,尾浦城,,0,,0,225,34,35,49,52,55,49,,,,,,,,,36,30,27,72,61,balanced,1567,1579,1606,,来次時秀の子。大宝寺→1583最上,1087015,,,,,,87,0,223,,95,0,,,,,,
1087017,2457,大宝寺家,砂越|氏維,さごし|うじふさ,砂越氏維,,大宝寺家,尾浦城,,0,,0,227,41,35,48,55,48,49,,,,,,,,,40,36,78,45,88,balanced,1493,1505,1571,true,大宝寺→1570謀反,,,,,,,87,0,223,,95,0,,,,,,
1087018,2458,大宝寺家,菅原|政次,すがわら|まさつぐ,菅原政次,,大宝寺家,尾浦城,,0,,0,215,48,48,39,39,41,46,,,,,,,,,34,28,51,52,43,balanced,1551,1563,1613,,大宝寺→1583上杉→1622酒井,,,,,,,87,0,223,,95,0,,,,,,
1087019,2459,大宝寺家,菅原|政広,すがわら|まさひろ,菅原政広,,大宝寺家,尾浦城,,0,,0,211,47,44,43,41,36,45,,,,,,,,,34,28,49,54,43,balanced,1570,1582,1631,,菅原政次の子。大宝寺→1583上杉→1622酒井,1087018,,,,,,87,0,223,,95,0,,,,,,
1087020,2460,大宝寺家,東禅寺|義長,とうぜんじ|よしなが,東禅寺義長,,大宝寺家,東禅寺城,大宝寺家臣。前森蔵人を称す。大宝寺義氏に反旗を翻し東禅寺城主となる。義興と対立して最上義光と結び、争乱の中心となった。本庄繁長らの侵攻を十五里ヶ原で迎撃し討死。,80,,0,277,51,56,50,57,63,52,,,,,,,,,29,21,49,38,93,aggressive,1544,1556,1588,true,大宝寺→1583最上,,,,,,,87,0,244,東禅寺城主,85,300,,,,,,
1087021,2461,大宝寺家,東禅寺|勝正,とうぜんじ|かつまさ,東禅寺勝正,,大宝寺家,東禅寺城,,0,,0,244,51,42,56,50,45,49,,,,,,,,,29,21,37,55,93,balanced,1546,1558,1588,true,大宝寺→1583最上,,,,,,,87,0,244,,85,0,,,,,,
1087022,2462,大宝寺家,土佐林|禅棟,とさばやし|ぜんとう,土佐林禅棟,,大宝寺家,尾浦城,,0,,0,244,59,49,39,46,51,46,,,,,,,,,26,16,56,55,87,conservative,1512,1524,1571,true,大宝寺→1570謀反,,,,,,,87,0,223,,85,0,,,,,,
1087023,2463,大宝寺家,土佐林|氏頼,とさばやし|うじより,土佐林氏頼,,大宝寺家,尾浦城,,0,,0,223,46,33,49,48,47,43,,,,,,,,,22,11,20,61,87,balanced,1533,1545,1570,,,,,,,,,87,0,223,,85,0,,,,,,
1087024,2464,大宝寺家,原|頼秀,はら|よりひで,原頼秀,,大宝寺家,尾浦城,,0,,0,242,38,27,64,52,61,55,,,,,,,,,50,50,22,79,43,conservative,1559,1571,1617,,大宝寺→1587上杉,,,,,,,87,0,223,,95,0,,,,,,
1207001,2465,高遠家,高遠|頼継,たかとお|よりつぐ,高遠頼継,,浪人,高遠城,信濃国衆。高遠城主。武田晴信と結んで諏訪頼重を滅ぼし諏訪郡西半を得たが、まもなく反旗を翻した。武田軍に高遠城を攻められて降伏し、のちに再び甲府で自害した。,77,,0,245,55,45,37,47,61,51,,D,,,,,,,36,30,43,50,82,balanced,1503,1515,1552,true,,,,,,,,0,0,88,,50,0,,,,,,
1002001,2466,武田家,武田|信虎,たけだ|のぶとら,武田信虎,,浪人,駿府城,甲斐武田氏当主。国衆を従えて甲斐を統一し、躑躅ヶ崎館を築いて府中を整備。信濃へ進出し今川・北条氏とも争った。嫡子・晴信らに駿河へ追放され、今川氏や京都を頼った。,80,,0,360,81,87,64,55,73,26,,B,,C,,,,,29,21,61,21,44,aggressive,1494,1506,1574,,,,,,,,,0,0,13,,100,200,,true,,,,
1002002,2467,武田家,武田|晴信,たけだ|はるのぶ,武田晴信,1559:0|信玄:0|しんげん,武田家,躑躅ヶ崎館,武田氏16代当主。甲斐国守護。信虎の子。信濃をほぼ平定し、上杉謙信と幾度も争った。駿河国にも勢力を拡大。徳川領へ侵攻し三方ヶ原で大勝するも、西上の途上で病没した。,80,武田氏16代当主。甲斐国守護。信虎の子。信濃をほぼ平定し、上杉謙信と幾度も争った。駿河国にも勢力を拡大。徳川領へ侵攻し三方ヶ原で大勝するも、西上の途上で病没した。,80,458,100,81,97,81,99,80,B,S,D,B,,,,甲斐の虎,32,25,98,10,63,balanced,1521,1533,1573,,武田信虎の子。別名：武田信玄,1002001,,,6|20,,,3,0,9,躑躅ヶ崎館主,100,1500,,,takeda_shingen.webp|1559:takeda_shingen2.webp,67,大膳大夫,1001015:999
1002003,2468,武田家,武田|義信,たけだ|よしのぶ,武田義信,,武田家,躑躅ヶ崎館,武田晴信の嫡男。今川義元の娘を妻に迎え甲駿同盟を支えた。父と不和となり謀反の嫌疑で幽閉され自害。妻の帰国後に武田・今川同盟は崩れ、晴信の駿河侵攻へつながった。,79,,0,251,60,72,44,39,36,55,,C,,D,,,,謀将,50,50,65,90,44,balanced,1538,1550,1567,true,武田晴信の子,1002002,,6,10,,,3,0,9,,90,500,,,,,,
1002004,2469,武田家,守随|信義,しゅずい|のぶよし,守随信義,daimyo:武田|0:たけだ|0,武田家,躑躅ヶ崎館,,0,,0,181,31,16,62,38,34,48,,,,,,,,,50,50,57,37,44,hermit,1564,1576,1608,,武田義信の子。武田→徳川,1002003,,,,,,3,0,9,,90,0,,,,,,
1002005,2470,武田家,海野|信親,うんの|のぶちか,海野信親,1561:0|竜芳:0|りゅうほう,武田家,躑躅ヶ崎館,,0,,0,209,12,9,64,60,64,47,,,,,,,,,26,16,44,43,88,hermit,1541,1553,1582,true,武田晴信の子,1002002,,6,,,,3,0,9,,95,0,,,,,,
1002006,2471,武田家,武田|信道,たけだ|のぶみち,武田信道,1603:長延寺|道快:ちょうえんじ|どうかい,武田家,躑躅ヶ崎館,甲府長延寺住職。海野信親の子で武田信玄の孫。出家して顕了道快と称し、武田氏の血統を伝えた。大久保長安事件に連座して伊豆大島へ流され、赦免なく同地で没した。,77,,0,210,27,30,55,49,49,48,,,,,,,,,18,5,36,50,88,hermit,1574,1586,1643,,海野信親の子,1002005,,,,,,3,0,9,,95,0,,,,,,
1002007,2472,武田家,諏訪|勝頼,すわ|かつより,諏訪勝頼,daimyo:武田|0:たけだ|0,武田家,躑躅ヶ崎館,武田氏当主。信玄の四男。諏訪氏を継いだのち武田家を継承し、高天神城を攻略。長篠で大敗後は新府城を築いて立て直しを図った。甲州征伐で追い詰められ天目山で自害した。,80,,0,372,85,92,59,66,70,69,,A,,,,,,猛将,39,35,79,53,70,aggressive,1546,1558,1582,true,武田晴信と諏訪御料人の子。別名：武田勝頼,1002002,,20,,,,3,0,9,,95,500,,,takeda_katsuyori.webp,,,
1002008,2473,武田家,武田|信勝,たけだ|のぶかつ,武田信勝,,武田家,躑躅ヶ崎館,武田家嫡子。勝頼の子。新府城を退いた父と岩殿城を目指すが、小山田信茂に拒まれ田野へ追い詰められた。最期に御旗楯無の前で擐甲の礼を行ったと伝わり、父と自害した。,79,,0,306,65,71,54,56,60,61,D,C,,,,,,,39,35,26,75,75,conservative,1567,1579,1582,true,諏訪勝頼の子,1002007,,,,,,3,0,9,,95,500,,,,,,
1002009,2474,武田家,仁科|盛信,にしな|もりのぶ,仁科盛信,daimyo:武田|0:たけだ|0,武田家,躑躅ヶ崎館,武田家臣。信玄の五男。仁科氏を継いで信濃北部を治め、織田氏の甲州攻めでは高遠城を守備。降伏勧告を拒んで織田信忠軍と戦い、城の陥落とともに討死した。,73,,0,306,70,77,48,50,61,60,D,C,,B,,,,,40,35,28,72,86,aggressive,1557,1569,1582,true,武田晴信の子、仁科盛政（未登場）の養子,1002002,,,,,,3,0,9,,95,0,,,,,,
1002010,2475,武田家,武田|信清,たけだ|のぶきよ,武田信清,1561:0|玄竜:0|げんりゅう,武田家,躑躅ヶ崎館,上杉家臣。武田信玄の子。武田家滅亡後、姉の夫・景勝を頼って越後へ逃れ三千石を与えられた。上杉家の会津・米沢移封に従い、米沢では親族の高家衆筆頭として遇された。,79,,0,235,33,15,65,62,60,45,,,,,,,,,26,16,46,40,85,balanced,1560,1572,1642,,武田晴信の子,1002002,,,,,,3,0,9,,95,0,,,,,,
1002011,2476,武田家,武田|勝信,たけだ|かつのぶ,武田勝信,,武田家,躑躅ヶ崎館,,0,,0,217,34,22,56,54,51,43,,,,,,,,,22,11,27,65,85,conservative,1607,1619,1680,,武田信清の子,1002010,,,,,,3,0,9,,95,0,,,,,,
1002012,2477,武田家,武田|信貞,たけだ|のぶさだ,武田信貞,,武田家,躑躅ヶ崎館,,0,,0,187,40,47,30,26,44,41,,,,,,,,,34,28,43,49,53,balanced,1559,1571,1582,true,武田晴信の子、葛山氏元の養子,1002002,1004055,,,,,3,0,9,,95,0,,,,,,
1002013,2478,武田家,武田|信繁,たけだ|のぶしげ,武田信繁,,武田家,小諸城,武田家臣。信虎の次男。兄・信玄を補佐して信濃攻略などで軍を率い、嫡子に家訓を残した。第四次川中島では武田軍の副将格として奮戦し、上杉軍との激戦で討死した。,77,,0,375,81,73,75,72,74,85,,B,,B,,,,,25,15,42,98,51,conservative,1525,1537,1561,true,武田信虎の子。川中島で戦死,1002001,,,,,,3,0,229,小諸城主,95,300,,,,,,
1002014,2479,武田家,武田|信豊,たけだ|のぶとよ,武田信豊,,武田家,小諸城,武田信繁の子。信玄・勝頼に仕え、小諸城を守る一門衆として武田家を支えた。甲州征伐で織田・徳川軍が侵攻すると小諸へ退却。離反した家臣・下曽根賢範に殺害された。,78,,0,357,72,76,70,68,71,72,D,C,,D,,,,,22,11,42,44,55,balanced,1547,1559,1582,true,武田信繁の子,1002013,,,,,,3,0,229,,95,100,,,,,,
1002015,2480,武田家,武田|信廉,たけだ|のぶかど,武田信廉,,武田家,飯田城,武田一門。信虎の子。信玄の弟。深志城代・高遠城主を務め、武田家の重鎮として信玄を支えた。画才にも優れ父母の肖像を残し、武田氏滅亡時に織田軍に討たれた。,75,,0,275,52,46,55,68,54,59,,,,,,,,,46,44,21,37,51,conservative,1528,1540,1582,true,武田信虎の子,1002001,,,,,,3,0,8,,100,0,,,,,,
1002016,2481,武田家,一条|信龍,いちじょう|のぶたつ,一条信龍,,武田家,岩殿山城,武田信虎の子。信玄の弟。武田一門として河内領を支配し、信濃・駿河攻略では後方支援や外交を担った。信玄没後は勝頼を補佐したが、甲州征伐で子の信就とともに討死した。,80,,0,358,71,64,71,75,77,51,D,D,,D,,,,,32,25,20,69,55,aggressive,1539,1551,1582,true,武田信虎の子,1002001,,,,,,3,0,55,,95,0,,,,,,
1002017,2482,武田家,秋山|虎繁,あきやま|とらしげ,秋山虎繁,,武田家,飯田城,武田家臣。信濃伊那から東濃方面を任され、岩村城攻略では総大将として城を掌握した。以後織田方と抗争するが、長篠敗戦後の反攻を受けて降伏し、信長の命で処刑された。,79,,0,354,78,79,55,68,74,64,C,C,,D,,,,,25,15,50,80,58,balanced,1527,1539,1575,true,,,,,,,,3,0,8,飯田城主,95,200,,,,,,
1002018,2483,武田家,蘆田|信守,あしだ|のぶもり,蘆田信守,,武田家,高遠城,,0,,0,229,58,56,31,36,48,47,,,,,,,,,26,16,31,61,24,aggressive,1526,1538,1575,,,,,,,,,3,0,88,,90,0,,,,,,
1002019,2484,武田家,依田|信蕃,あしだ|のぶしげ,依田信蕃,,武田家,高遠城,武田家臣。蘆田信守の子。武田氏滅亡後に家康へ従い、信濃佐久・諏訪両郡を領有。真田昌幸の徳川方帰属にも尽力するなど信濃経略を支えたが、佐久岩尾城攻めで討死した。,79,,0,244,55,60,32,41,56,47,D,D,,,,,,,29,21,44,44,24,aggressive,1548,1560,1583,true,蘆田信守の子,1002018,,,,,,3,0,88,,90,0,,,,,,
1002020,2485,武田家,跡部|勝資,あとべ|かつすけ,跡部勝資,,武田家,小諸城,武田家臣。信玄の侍大将。信玄没後は勝頼に仕え、奉行人として棟別銭収納や命令に連署して政務も担う。織田・徳川軍の侵攻で武田家が滅ぶと、主家に従い諏訪で討死した。,79,,0,266,36,24,69,77,60,43,,,,,,,,,25,15,73,29,71,aggressive,1547,1559,1582,true,,,,,,,,3,0,229,,95,0,,,,,,
1002021,2486,武田家,跡部|昌業,あとべ|まさなり,跡部昌業,,武田家,小諸城,,0,,0,146,27,26,31,28,34,39,,,,,,,,,40,35,28,72,71,balanced,1560,1572,1617,,跡部勝資の子、和田業繁の養子,1002020,2055001,,,,,3,0,229,,95,0,,,,,,
1002022,2487,武田家,穴山|信友,あなやま|のぶとも,穴山信友,,武田家,下山城,武田家臣。穴山氏当主。河内領を支配し下山を本拠とした。信虎の娘・南松院を妻とし武田宗家と結び、親族衆筆頭となる。信玄が信虎を駿河へ追放した際にはこれに協力した。,80,,0,290,57,47,68,63,55,51,,,,,,,,,15,1,28,61,58,conservative,1506,1518,1560,,,,,,,,,3,0,245,,95,200,,true,,,,
1002023,2488,武田家,穴山|信君,あなやま|のぶただ,穴山信君,1580:0|梅雪斎:0|ばいせつさい,武田家,下山城,武田一門の穴山氏当主。駿河江尻城を拠点に徳川氏との前線を担ったが、勝頼と対立して家康へ通じた。甲州征伐では織田・徳川方に協力したが、本能寺の変後に殺害された。,79,,0,337,62,58,74,71,72,60,C,,,D,,,,,43,40,73,25,38,balanced,1541,1553,1582,true,穴山信友の子。別名：穴山梅雪斎,1002022,,,,,,3,0,245,下山城主,90,500,,,,,,
1002024,2489,武田家,穴山|信治,あなやま|のぶはる,穴山信治,,武田家,下山城,穴山信君の嫡男。武田氏滅亡後に穴山氏を継ぎ武田の名跡を担う。南部宿の伝馬法度や内房郷の川除を命じる朱印状を発給。十六歳で病没し、母・見性院が最恩寺に墓を営んだ。,80,,0,289,58,45,63,61,62,52,,,,,,,,,38,33,45,48,38,balanced,1572,1584,1587,,穴山信君の子,1002023,,,,,,3,0,245,,90,0,,,,,,
1002025,2490,武田家,甘利|虎泰,あまり|とらやす,甘利虎泰,,武田家,躑躅ヶ崎館,武田家臣。信虎・信玄に仕え、信玄の家督相続を支えた。信濃攻略で軍を率い、上田原の戦いで板垣信方らとともに討死した。,57,,0,333,73,73,60,63,64,50,B,,,D,,,,猛将,29,21,21,78,63,aggressive,1498,1510,1548,true,,,,,,,,3,0,9,,95,0,,,,,,
1002026,2491,武田家,板垣|信方,いたがき|のぶかた,板垣信方,,武田家,躑躅ヶ崎館,武田家臣。信虎・信玄に仕え、信玄の家督相続後は甘利虎泰とともに宿老として信濃攻略を主導した。諏訪郡代として領国支配も担ったが、上田原の戦いで討死した。,75,,0,360,73,61,75,76,75,50,D,C,,,,,,猛将,29,21,21,78,63,balanced,1489,1501,1548,true,,,,,,,,3,0,9,,95,0,,,,,,
1002027,2492,武田家,大久保|長安,おおくぼ|ながやす,大久保長安,,武田家,躑躅ヶ崎館,徳川家代官頭。武田氏の猿楽師の子。武田滅亡後に家康へ仕え、八王子で検地・交通整備を担った。石見・伊豆銀山や佐渡金山を経営し、死後に不正を問われ子らが処刑された。,80,,0,255,19,21,85,73,57,36,,,,,,,,,71,80,75,21,78,balanced,1545,1557,1613,,,,,,,,,3,0,9,,90,0,,,,,,
1002028,2493,諸：大熊家,大熊|朝秀,おおくま|ともひで,大熊朝秀,,大熊家,魚津城,,0,,0,239,34,66,65,45,29,47,D,,,D,,,,,18,5,40,19,88,balanced,1517,1529,1582,,上杉定実→上杉謙信→1556越中諸勢力→1563武田勝頼,,,,,,,0,26,1,大熊家当主,50,0,,,,,,
1002029,2494,武田家,小幡|憲重,おばた|のりしげ,小幡憲重,,武田家,躑躅ヶ崎館,上野国衆。国峰城主。山内上杉氏に従ったが、のち北条・武田両氏と結んだ。一時小幡を追われながら再び戻り、西上野の有力勢力として国峰小幡氏の基礎を確立した。,76,,0,270,64,61,35,47,63,60,D,C,,,,,,,25,15,46,81,38,aggressive,1517,1529,1583,,,,,,,,,3,0,9,,95,0,,,,,,
1002030,2495,武田家,小幡|信真,おばた|のぶざね,小幡信真,,武田家,躑躅ヶ崎館,上野国衆。国峯城主。小幡信貞とも称す。上杉氏衰退後に武田信玄へ属し、西上野先方衆として戦った。勝頼から赤備を許され、五百騎を率いる小幡隊は武田軍の先陣を担った。,80,,0,291,68,71,48,45,59,61,D,B,,,,,,赤備え,26,16,36,55,37,aggressive,1541,1553,1592,,小幡憲重の子、別名：小幡信貞,1002029,,,,,,3,0,9,,90,0,,,,,,
1002031,2496,武田家,小畠|虎盛,おばた|とらもり,小畠虎盛,,武田家,飯田城,,0,,0,256,65,74,32,38,47,58,D,,,,,,,鬼,29,21,36,72,59,balanced,1505,1517,1561,,,,,,,,,3,0,8,,95,0,,,,,,
1002032,2497,武田家,小幡|昌盛,おばた|まさもり,小幡昌盛,,武田家,飯田城,武田家臣。小畠虎盛の子。父の跡を継いで足軽大将衆を務め、小幡姓に改めた。武田氏滅亡時は病のため勝頼に従えず、甲斐善光寺門前で暇乞いしてほどなく病没した。,76,,0,293,52,62,56,61,62,50,,,,,,,,,33,26,34,61,59,balanced,1534,1546,1582,,小畠虎盛の子,1002031,,,,,,3,0,8,,95,0,,,,,,
1002033,2498,武田家,小幡|景憲,おばた|かげのり,小幡景憲,,武田家,飯田城,武田家臣・小幡昌盛の子。武田氏滅亡後は各地を流浪し、のちに徳川氏に仕えた。武田流の軍法を整理して甲州流軍学を広め、多くの門弟を育てた。,67,,0,326,70,69,51,61,75,46,C,,,,,,,,29,21,61,21,59,balanced,1572,1584,1663,,小幡昌盛の子。武田→徳川,1002032,,,,,,3,0,8,,95,0,,,,,,
1002034,2499,武田家,飯富|道悦,おぶ|どうえつ,飯富道悦,,武田家,岩殿山城,,0,,0,0,0,0,0,0,0,0,,,,,,,,,0,0,0,0,13,hermit,1465,9999,1515,,,,,,,,,3,0,55,,95,0,,,,,,
1002035,2500,武田家,飯富|虎昌,おぶ|とらまさ,飯富虎昌,,武田家,岩殿山城,武田家臣。譜代家老。信虎・信玄に仕え、板垣信方らと信玄を擁立して信虎を追放。信濃攻略で活躍し、信玄の嫡男・義信の傅役を務めたが、義信事件に連座して自害した。,78,,0,298,72,80,41,48,57,73,,B,,C,,,,赤備え,32,25,46,65,44,conservative,1504,1516,1565,true,飯富道悦の子,1002034,,,,,,3,0,55,,95,300,,,,,,
1002036,2501,武田家,飯富|昌景,おぶ|まさかげ,飯富昌景,1565:山県|0:やまがた|0,武田家,岩殿山城,武田家臣。飯富虎昌の弟。兄の死後に山県氏を継ぎ、赤備えを率いて駿河江尻城代を務めた。三方ヶ原などで徳川軍と戦い、信玄没後は勝頼を支えたが長篠の戦いで討死した。,79,,0,402,85,92,68,81,76,75,,S,,,,,,赤備え|猛将,32,25,50,87,57,aggressive,1529,1541,1575,true,武田四天王。飯富道悦の子。別名：山県昌景,1002034,,,,,,3,0,55,,95,500,,,,,,
1002037,2502,武田家,飯富|昌満,おぶ|まさみつ,飯富昌満,1565:山県|0:やまがた|0,武田家,岩殿山城,,0,,0,218,46,58,38,37,39,56,,,,,,,,,44,42,29,73,57,aggressive,1557,1569,1582,true,飯富昌景の子。別名：山県昌満,1002036,,,,,,3,0,55,,95,0,,,,,,
1002038,2503,武田家,小山田|信有,おやまだ|のぶあり,小山田信有,,武田家,岩殿山城,郡内小山田氏当主。信虎・晴信に従い、諏訪・伊那・佐久攻略の先鋒として信濃侵攻を支えた。上田原で奮戦し、砥石城攻めでは援護の鉄砲隊を率いて重傷を負った。,75,,0,316,58,69,57,64,68,35,D,B,,,,,,,26,16,31,61,60,balanced,1519,1531,1552,,,,,,,,,3,0,55,,90,0,,,,,,
1002039,2504,武田家,小山田|信茂,おやまだ|のぶしげ,小山田信茂,,武田家,岩殿山城,武田家臣。甲斐郡内領主。谷村を本拠に独自の家臣団を率い、寺社領の安堵や軍役賦課を通じて郡内を支配した。武田氏滅亡時には一族とともに織田氏に滅ぼされた。,75,,0,289,65,68,41,47,68,62,,,,B,,,,,25,15,68,41,37,aggressive,1539,1551,1582,true,小山田信有の子,1002038,,,,,,3,0,55,岩殿山城主,90,500,,,,,,
1002040,2505,武田家,小山田|茂誠,おやまだ|しげまさ,小山田茂誠,,武田家,岩殿山城,真田家臣。武田氏滅亡後は北条氏を経て真田昌幸に仕えた。昌幸の娘・村松殿を妻とし、小山田家は真田家の家老を代々務めた。大坂冬の陣後には信繁から書状を受けている。,79,,0,252,61,59,43,44,45,57,,,,,,,,,21,9,11,88,65,conservative,1561,1573,1637,,武田→小山田信茂→北条→真田信之,,,,,,,3,0,55,,90,0,,,,,,
1002041,2506,武田家,春日|虎綱,かすが|とらつな,春日虎綱,1556:香坂|0:こうさか|0/1566:春日|0:かすが|0,武田家,海津城,武田四名臣。近習から侍大将に抜擢され、小諸城代を経て海津城将となる。川中島後も北信濃の統治と対上杉防衛を担い、信玄・勝頼二代に仕えた武田軍きっての智将。,76,,0,392,82,87,69,72,82,71,,B,,C,,,,退き巧者,22,11,40,88,57,balanced,1527,1539,1578,,武田四天王。別名：高坂昌信,,,,,,,3,0,5,海津城主,95,500,,,,,,
1002042,2507,武田家,香坂|昌澄,こうさか|まさずみ,香坂昌澄,,武田家,海津城,武田家臣。春日虎綱の子。父が海津城で上杉氏への備えに当たる中、山本勘蔵信供とともに長篠城の監視隊を率いた。長篠・設楽原の戦いで徳川軍と戦って討死した。,75,,0,266,62,64,41,39,60,67,,,,D,,,,,22,11,14,84,57,balanced,1551,1563,1575,true,春日虎綱の子。別名：高坂昌澄,1002041,,,,,,3,0,5,,95,0,,,,,,
1002043,2508,武田家,春日|信達,かすが|のぶたつ,春日信達,,武田家,海津城,武田家臣。春日虎綱の子。父の死後に海津城将となり、上杉景勝との和議に関わった。武田氏滅亡後は森長可に従い、本能寺の変後に上杉景勝へ属したが、謀反の罪で殺された。,80,,0,265,61,54,42,52,56,64,,,,,,,,,22,11,65,26,58,balanced,1554,1566,1582,true,春日虎綱の子。別名：高坂昌元,1002041,,,,,,3,0,5,,95,0,,,,,,
1002044,2509,武田家,春日|元忠,かすが|もとただ,春日元忠,,武田家,海津城,上杉家臣。もとは武田氏に仕え、滅亡後に上杉景勝へ従った。直江兼続の配下となり、村上で大国実頼の代官を務める。会津移封後は高畠城代となり、開墾にも関与した。,77,,0,257,32,39,70,63,53,48,,,,,,,,,26,16,27,67,14,conservative,1559,1571,1608,,武田→滅亡後上杉（直江重臣）,,,,,,,3,0,5,,95,0,,,,,,
1002045,2510,武田家,木曾|義在,きそ|よしあり,木曾義在,,武田家,福島城,信濃国衆。木曾氏当主。木曾谷の道路を整えて宿駅を定め、領内交通を整備した。木曾山の良材を伐り出して流送・売却し、山林資源を財政に活用して戦乱に備えた。,75,,0,300,41,43,73,73,70,46,,,,,,,,,22,11,26,67,83,conservative,1493,1505,1558,,,,,,,,,3,0,52,,95,0,,,,,,
1002046,2511,武田家,木曾|義康,きそ|よしやす,木曾義康,,武田家,福島城,木曾氏当主。義在の子。信濃木曾谷を領し、武田晴信の南信濃侵攻を受けて降伏した。嫡子・義昌に信玄の娘を迎えて武田氏の親族衆となり、美濃・飛騨国境の守備を担った。,79,,0,281,48,57,60,60,56,50,D,D,,,,,,,22,11,45,63,80,balanced,1514,1526,1579,,木曾義在の子,1002045,,,,,,3,0,52,福島城主,95,200,,,,,,
1002047,2512,武田家,木曾|義昌,きそ|よしまさ,木曾義昌,,武田家,福島城,信濃木曾の国衆。義康の子。武田信玄に従いその娘を妻としたが、勝頼の代に信長へ内通し鳥居峠で武田軍を撃退。武田滅亡後は家康、秀吉と主君を替え、下総網戸へ移された。,80,,0,269,53,55,49,54,58,52,,D,,,,,,謀将,22,11,69,33,81,conservative,1540,1552,1595,,木曾義康の子,1002046,,,,,,3,0,52,,95,0,,,,,,
1002048,2513,武田家,木曾|義利,きそ|よしとし,木曾義利,,武田家,福島城,,0,,0,143,33,30,30,24,26,45,,,,,,,,,26,16,47,38,79,balanced,1577,1589,1640,,木曾義昌の子。武田家→徳川,1002047,,,,,,3,0,52,,95,0,,,,,,
1002049,2514,武田家,工藤|昌秀,くどう|まさひで,工藤昌秀,1569:内藤|0:ないとう|0,武田家,海津城,武田四名臣。父を信虎に討たれて流浪したのち信玄に呼び戻され、川中島などを転戦。深志城・箕輪城を任され西上野支配を担い、勝頼にも仕えたが長篠で討死した。,75,,0,396,84,76,72,75,89,71,D,D,,B,,,,,22,11,30,85,57,balanced,1522,1534,1575,true,武田四天王。別名：内藤昌豊,,,,,,,3,0,5,,95,500,,,,,,
1002050,2515,武田家,駒井|高白斎,こまい|こうはくさい,駒井高白斎,,武田家,躑躅ヶ崎館,武田家臣。信虎・信玄の近臣。主家の軍事・普請などを身近で記録し、『高白斎記』の原記録の筆者とされる。現存本は後世の加筆を含むが、武田氏研究の重要史料となった。,79,,0,273,45,19,69,77,63,51,,,,,,,,,33,26,22,78,59,hermit,1512,1524,1562,,,,,,,,,3,0,9,,95,0,,,,,,
1002051,2516,武田家,三枝|昌貞,さえぐさ|まささだ,三枝昌貞,,武田家,躑躅ヶ崎館,武田家臣。山県昌景の配下として各地を転戦し、足軽大将を務めた。長篠の戦いでは鳶ヶ巣山砦を守り、徳川軍の奇襲を受けて討死した。,62,,0,318,71,65,56,62,64,51,,,,D,,,,,33,26,26,72,60,aggressive,1537,1549,1575,,,,,,,,,3,0,9,,95,0,,,,,,
1002052,2517,武田家,多田|昌澄,ただ|まさずみ,多田昌澄,,武田家,躑躅ヶ崎館,武田家臣。信虎・信玄の二代に仕え足軽隊将を務めた。多くの合戦に参加して二十九通の感状を受け、全身に二十七か所の傷を負ったとされ、甲陽五名臣の一人に数えられた。,79,,0,269,60,69,28,45,67,50,,D,,,,,,,25,15,48,58,56,aggressive,1501,1513,1563,,別名：多田満頼,,,,,,,3,0,9,,95,0,,,,,,
1002053,2518,武田家,千村|良重,ちむら|よししげ,千村良重,,武田家,福島城,,0,,0,213,46,42,33,40,52,63,,,,,,,,,64,70,57,44,85,balanced,1566,1578,1630,,木曾→徳川,,,,,,,3,0,52,,90,0,,,,,,
1002054,2519,武田家,土屋|昌恒,つちや|まさつね,土屋昌恒,,武田家,躑躅ヶ崎館,,0,,0,208,47,67,27,28,39,53,D,,,,,,,,26,16,15,89,70,balanced,1556,1568,1582,true,,,,,,,,3,0,9,,95,0,,,,,,
1002055,2520,武田家,長坂|虎房,ながさか|とらふさ,長坂虎房,,武田家,躑躅ヶ崎館,,0,,0,154,21,25,47,33,28,51,,,,,,,,,36,30,43,50,56,balanced,1513,1525,1582,true,別名：長坂光堅,,,,,,,3,0,9,,95,0,,,,,,
1002056,2521,武田家,禰津|元直,ねづ|もとなお,禰津元直,,武田家,躑躅ヶ崎館,,0,,0,232,53,43,38,44,54,55,,,,,,,,,40,35,20,84,49,balanced,1495,1507,1565,,,,,,,,,3,0,9,,95,0,,,,,,
1002057,2522,武田家,初鹿野|忠次,はじかの|ただつぐ,初鹿野忠次,,武田家,岩殿山城,,0,,0,195,48,59,30,28,30,47,,,,,,,,,24,14,28,65,71,aggressive,1533,1545,1561,true,川中島で戦死,,,,,,,3,0,55,,95,0,,,,,,
1002058,2523,武田家,初鹿野|昌次,はじかの|まさつぐ,初鹿野昌次,,武田家,岩殿山城,,0,,0,230,45,54,37,42,52,47,,D,,,,,,,26,16,36,55,71,aggressive,1545,1557,1624,,初鹿野忠次の子,1002057,,,,,,3,0,55,,95,0,,,,,,
1002059,2524,武田家,馬場|信房,ばば|のぶふさ,馬場信房,1562:0|信春:0|のぶはる,武田家,深志城,武田四名臣。信虎・信玄・勝頼三代に仕え、信濃・駿河攻略や三方ヶ原で戦功を重ねた。牧之島・深志両城を任され、長篠では撤退する勝頼の殿軍を務めて討死した。,75,,0,397,87,83,73,73,81,73,,B,,C,,,,鬼,22,11,35,94,57,balanced,1515,1527,1575,true,武田四天王。別名：馬場信春,,,,,,,3,0,96,深志城主,95,500,,,,,,
1002060,2525,武田家,馬場|昌房,ばば|まさふさ,馬場昌房,,武田家,深志城,,0,,0,228,54,63,34,30,47,61,,,,,,,,,22,11,27,66,57,balanced,1542,1554,1582,true,馬場信房の子,1002059,,,,,,3,0,96,,95,0,,,,,,
1002061,2526,武田家,原|虎胤,はら|とらたね,原虎胤,,武田家,岩殿山城,武田家臣。信虎・信玄に仕えた足軽隊将。諸戦で三十八通の感状を受け、五十三か所の傷を負ったという。「鬼美濃」と称され、改宗を拒んで一時北条氏へ退去後、帰参した。,79,,0,265,67,82,25,38,53,51,D,C,,D,,,,鬼,22,11,58,39,55,aggressive,1497,1509,1564,,,,,,,,,3,0,55,,95,0,,,,,,
1002062,2527,武田家,原|昌胤,はら|まさたね,原昌胤,,武田家,躑躅ヶ崎館,武田家臣。原昌俊の子。信玄の近習から山県昌景と両職を務め、陣場奉行として陣立てを担った。信玄堤の工事にも尽力し、長篠の戦いでは自ら敵陣へ突撃して討死した。,77,,0,253,21,37,62,68,65,46,,,,,,,,,22,11,40,29,71,balanced,1531,1543,1575,true,原虎胤とは別系統,,,,,,,3,0,9,,95,0,,,,,,
1002063,2528,武田家,平林|正恒,ひらばやし|まさつね,平林正恒,,武田家,高遠城,,0,,0,243,31,38,65,59,50,49,,,,,,,,,33,26,42,50,30,conservative,1550,1562,1622,,,,,,,,,3,0,88,,90,0,,,,,,
1002064,2529,武田家,二木|重高,ふたつぎ|しげたか,二木重高,,武田家,深志城,,0,,0,254,49,45,57,54,49,55,,,,,,,,,25,15,33,42,30,balanced,1511,1523,1560,,小笠原→武田,,,,,,,3,0,96,,95,0,,,,,,
1002065,2530,武田家,二木|重吉,ふたつぎ|しげよし,二木重吉,,武田家,深志城,信濃の武士。小笠原家重臣。長時・貞慶の二代に仕えた。晩年は豊後入道寿最と称し、秀政の諮問に応じて両代に仕えた当時の追憶をまとめ、『二木家記』として献じた。,77,,0,270,44,48,56,60,62,53,,,,,,,,,25,15,34,83,3,aggressive,1530,1542,1616,,二木重高の子。小笠原→武田,1002064,,,,,,3,0,96,,95,0,,,,,,
1002066,2531,武田家,保科|正俊,ほしな|まさとし,保科正俊,,武田家,高遠城,,0,,0,238,60,76,30,33,39,51,C,D,,,C,,,,29,21,65,42,73,aggressive,1509,1521,1593,,,,,,,,,3,0,88,高遠城主,95,200,,,,,,
1002067,2532,武田家,保科|正直,ほしな|まさなお,保科正直,,武田家,高遠城,武田家臣。高遠城主。正俊の子。高遠落城時に脱出し、本能寺の変後に高遠周辺を回復。のち家康に属し、上田城・小田原攻めに従軍。関東移封に従い下総多古一万石へ移った。,80,,0,265,58,56,51,50,50,47,,,,,,,,,29,21,44,44,73,aggressive,1542,1554,1601,,保科正俊の子,1002066,,,,,,3,0,88,,95,0,,,,,,
1002068,2533,武田家,保科|正光,ほしな|まさみつ,保科正光,,武田家,高遠城,徳川家臣。正直の長男。小牧・長久手や小田原攻めに従軍し下総多古を領す。関ヶ原後に旧領高遠へ復帰し、大坂両陣の功で三万石に加増。将軍秀忠の子・正之を養子に迎えた。,80,,0,273,69,55,40,49,60,48,,,,,,,,,29,21,40,50,74,balanced,1561,1573,1631,,保科正直の子,1002067,,,,,,3,0,88,,95,0,,,,,,
1002069,2534,北条家,北条|氏重,ほうじょう|うじしげ,北条氏重,,北条家,小田原城,保科正直の四男。北条氏勝の養子となり、下総岩富藩主となった。下野富田・遠江久野・下総関宿・駿河田中を経て掛川藩主となる。嗣子がなく、死後に家は除封された。,77,,0,242,56,42,51,47,46,55,,,,,,,,,48,47,54,39,88,aggressive,1595,1607,1658,,保科正直の子、北条氏勝の養子。秀忠家臣,1002067,1003022,,,,,4,0,14,,95,0,,,,,,
1002070,2535,武田家,工藤|昌月,くどう|まさあき,工藤昌月,1569:内藤|0:ないとう|0,武田家,海津城,,0,,0,244,47,42,45,59,51,55,,,,,,,,,43,40,38,60,57,conservative,1550,1562,1588,,保科正俊の子、工藤昌秀の養子,1002066,1002049,,,,,3,0,5,,95,0,,,,,,
1002071,2536,武田家,御宿|政友,みしゅく|まさとも,御宿政友,,武田家,躑躅ヶ崎館,,0,,0,193,63,64,21,20,25,39,D,,D,,,,,,50,50,44,55,3,balanced,1567,1579,1615,,武田→北条→徳川→越前結城→松平忠直→豊臣秀頼,,,,,,,3,0,9,,95,0,,,,,,
1002072,2537,武田家,室賀|正武,むろが|まさたけ,室賀正武,,武田家,小諸城,,0,,0,243,47,40,40,51,65,46,,,,,,,,,18,5,73,26,13,conservative,1552,1564,1584,true,,,,,,,,3,0,229,,90,0,,,,,,
1002073,2538,武田家,屋代|正国,やしろ|まさくに,屋代正国,,武田家,海津城,村上家臣。屋代城主。武田晴信の信濃侵攻が進むと塩崎氏らと武田方へ内応し、村上義清が葛尾城を捨てる一因となった。のち荒砥城主となり、武田氏の北信濃支配を支えた。,79,,0,262,52,52,56,54,48,51,,,,,,,,,25,15,59,51,27,conservative,1525,1537,1587,,別名：屋代政国。村上→武田,,,,,,,3,0,5,,90,0,,,,,,
1002074,2539,武田家,屋代|秀正,やしろ|ひでまさ,屋代秀正,,武田家,海津城,武田家臣。武田氏滅亡後はいちじ上杉景勝に属し、のちに家康に仕えた。小田原征伐や秀忠の上田城攻めに従軍し、大坂の陣では旗奉行を務めた。のちに名を勝永と改めた。,78,,0,241,45,47,46,49,54,47,,,,,,,,,26,16,36,55,27,balanced,1558,1570,1623,,屋代正国の養子。別名：屋代勝永。村上→武田勝頼→森長可→上杉景勝→徳川,,1002073,,,,,3,0,5,,90,0,,,,,,
1002075,2540,武田家,山村|良候,やまむら|よしとき,山村良候,,武田家,福島城,木曾家臣。山村良勝の父。武田信玄、木曾義昌・義利に仕えた。関ヶ原では東軍に属し、戦後は木曾五千七百石を与えられ初代木曾代官となり、福島関所を預かった。,75,,0,259,33,41,60,63,62,47,,,,,,,,,26,16,31,61,88,balanced,1544,1556,1602,,木曾→徳川,,,,,,,3,0,52,,95,0,,,,,,
1002076,2541,武田家,山村|良勝,やまむら|よしかつ,山村良勝,,武田家,福島城,木曾・徳川家臣。良候の子。木曾義昌・義利に仕え、木曾氏没落後に徳川方へ転じた。関ヶ原で秀忠の木曾谷進軍を案内し、跡を継いで木曾代官となり大坂の陣にも参戦した。,79,,0,261,36,42,66,62,55,48,,,,,,,,,26,16,19,78,87,conservative,1563,1575,1634,,山村良候の子。木曾→徳川,1002075,,,,,,3,0,52,,90,0,,,,,,
1002077,2542,武田家,山本|晴幸,やまもと|はるゆき,山本晴幸,,武田家,躑躅ヶ崎館,武田家臣。山本勘助。信玄の軍師として信濃攻略に従い、築城や軍略で活躍した。川中島の戦いでは啄木鳥戦法を献策し、策の失敗を知ると敵陣へ突入して討死した。,75,,0,350,76,71,52,66,85,54,C,B,,,,,,踏破,29,21,71,78,64,hermit,1500,1512,1561,true,川中島で戦死。別名：山本勘助,,,,,,,3,0,9,,95,0,true,,,,,
1002078,2543,武田家,山本|幸房,やまもと|ゆきふさ,山本幸房,,武田家,躑躅ヶ崎館,,0,,0,213,40,57,33,36,47,44,,,,,,,,,29,21,41,77,64,aggressive,1553,1565,1575,true,,,,,,,,3,0,9,,95,0,,,,,,
1002079,2544,武田家,横田|高松,よこた|たかとし,横田高松,,武田家,躑躅ヶ崎館,武田家臣。足軽大将。六角氏の流れをくみ、信虎・信玄に仕えて信濃攻略の前線で活躍した。砥石城攻めの敗退時には殿軍を務め、追撃する村上軍と戦って討死した。,75,,0,298,71,72,41,46,68,52,C,,,,,,,,33,26,18,84,63,aggressive,1488,1500,1550,,六角→武田,,,,,,,3,0,9,,95,0,,,,,,
1038001,2545,若狭武田家,武田|元信,たけだ|もとのぶ,武田元信,,武田家,後瀬山城,,0,,0,0,0,0,0,0,0,0,,,,,,,,,0,0,0,0,83,hermit,1461,9999,1521,,,,,,,,,38,0,79,,95,0,,,,,,
1038002,2546,若狭武田家,武田|元光,たけだ|もとみつ,武田元光,,武田家,後瀬山城,若狭武田氏当主。若狭国守護。元信の子。後瀬山城を築き山麓に館を構え、小浜を支配拠点とした。細川高国を助けて上洛し和歌にも親しむが、度重なる出兵で勢力を損ねた。,79,,0,299,56,44,70,68,61,64,,D,,,,,,,22,11,34,55,83,balanced,1494,1506,1551,,武田元信の子,1038001,,,,,,38,0,79,,95,0,,,,,,
1038003,2547,若狭武田家,武田|信豊,たけだ|のぶとよ,武田信豊,,武田家,後瀬山城,若狭武田氏当主。元光の子。支配を進め、細川晴元を庇護して丹波へ援軍を送った。のち嫡子・義統と家督をめぐって対立して近江へ退去し、将軍の仲介で和睦して帰国した。,79,,0,256,61,58,46,48,43,70,,D,,D,,,,,22,11,54,45,83,balanced,1514,1526,1580,,武田元光の子,1038002,,,,,,38,0,79,,90,200,,true,,,,
1038004,2548,若狭武田家,武田|元栄,たけだ|もとひで,武田元栄,1558:0|義元:0|よしもと/1561:0|義統:0|よしずみ,武田家,後瀬山城,,0,,0,235,60,47,43,42,43,66,D,,C,,,,,,25,15,43,5,53,conservative,1526,1538,1567,,武田信豊の子。別名：武田義統,1038003,,,,,,38,0,79,後瀬山城主,100,1500,,,,123,治部少輔,
1038005,2549,若狭武田家,武田|元明,たけだ|もとあき,武田元明,,武田家,後瀬山城,,0,,0,198,38,26,48,44,42,64,,,,,,,,,22,11,30,61,53,aggressive,1552,1564,1582,true,武田元栄の子,1038004,,,,,,38,0,79,,100,500,,,,,,
1038006,2550,若狭武田家,武田|信方,たけだ|のぶかた,武田信方,,武田家,後瀬山城,若狭武田一門。武田氏の内紛では義統方に立ち、前川・気山で信豊方と戦った。熊谷統直らの蜂起も鎮圧し、のち朝倉義景に従って若狭支配の対外的な代表を務めた。,75,,0,292,65,62,55,53,57,68,,,,D,,,,,36,30,32,65,86,balanced,1529,1541,1586,,武田信豊の子、武田信重(若狭)の養子,1038003,1038007,,,,,38,0,79,,95,0,,,,,,
1038007,2551,若狭武田家,武田|信重,たけだ|のぶしげ,武田信重(若狭),,武田家,後瀬山城,若狭武田家一門。元光の子。信豊の弟。宮内少輔を称し、宮川殿として遠敷郡宮川を本拠とした。騎射に優れ『六韜三略』を修め、和歌や漢詩にも通じた。龍泉寺殿と号した。,79,,0,273,53,51,59,61,49,56,,,,,,,,,22,11,29,63,86,balanced,1521,1533,1556,true,武田元光の子,1038002,,,,,,38,0,79,,90,0,,,,,,
1038008,2552,安芸武田家,武田|信実,たけだ|のぶざね,武田信実,,足利家,二条城,,0,,0,180,30,21,43,47,39,55,,,,,,,,,29,21,25,72,10,conservative,1524,1536,1577,,武田元光の子、武田光和の養子。若狭武田氏→安芸武田氏→足利→義昭追放後毛利,1038002,1221002,,,,,17,0,26,,90,0,,,,,,
1038009,2553,若狭武田家,武田|元度,たけだ|もとのり,武田元度,,武田家,後瀬山城,,0,,0,215,47,53,40,40,35,59,,,,,,,,,29,21,21,56,64,balanced,1495,1507,1554,,武田元信の子,1038001,,,,,,38,0,79,,85,0,,,,,,
1038010,2554,若狭武田家,武田|信孝,たけだ|のぶたか,武田信孝,,武田家,後瀬山城,,0,,0,207,49,62,29,32,35,57,,,,,,,,,28,19,75,35,64,aggressive,1519,1531,1558,,武田元度の子,1038009,,,,,,38,0,79,,85,0,,,,,,
1038011,2555,若狭武田家,粟屋|元隆,あわや|もとたか,粟屋元隆,,武田家,後瀬山城,若狭武田家臣。粟屋氏当主。家中最大級の兵力を率い、細川高国方として桂川合戦に参戦した。大敗後も八百の兵を率いて単独で再上洛し、京都で「武勇の専一者」と評された。,80,,0,302,59,66,62,61,54,55,,,,,,,,,28,19,71,34,61,aggressive,1500,1512,1542,true,信孝を擁して謀反。信豊と戦う。若狭粟屋家,,,,,,,38,0,79,,95,0,,,,,,
1038012,2556,若狭武田家,粟屋|勝久,あわや|かつひさ,粟屋勝久,,武田家,後瀬山城,若狭武田家臣。国吉城主。三方郡で自立し、朝倉氏の度重なる攻撃を退けた。滅亡後は織田信長に従い、武田元明の助命を嘆願。丹羽長秀の与力として神吉城攻めにも加わった。,80,,0,299,66,65,47,56,65,61,D,,C,,,,,,43,40,26,77,61,aggressive,1523,1535,1585,,粟屋元隆の養子。若狭粟屋家,,1038011,,,,,38,0,79,,95,300,true,,,,,
1038013,2557,若狭武田家,粟屋|勝家,あわや|かついえ,粟屋勝家,,武田家,後瀬山城,,0,,0,231,57,61,38,37,38,51,,,,,,,,,43,40,35,65,61,aggressive,1548,1560,1602,,粟屋勝久の子。若狭粟屋家,1038012,,,,,,38,0,79,,95,0,,,,,,
1038014,2558,若狭武田家,粟屋|光若,あわや|みつわか,粟屋光若,,武田家,後瀬山城,,0,,0,248,40,46,63,54,45,53,,,,,,,,,43,40,33,67,58,conservative,1521,1533,1579,,勝久との関係は不明,,,,,,,38,0,79,,95,0,,,,,,
1038015,2559,若狭武田家,逸見|信経,へんみ|のぶつね,逸見信経,,武田家,砕導山城,,0,,0,270,63,61,51,47,48,48,,,,D,,,,,18,5,35,52,93,balanced,1501,1513,1560,,,,,,,,,38,0,241,,90,200,,true,,,,
1038016,2560,若狭武田家,逸見|昌経,へんみ|まさつね,逸見昌経,,武田家,砕導山城,若狭武田家臣。高浜城主。丹後国境を守り水軍を率いた。主家に二度反旗を翻し、砕導山城を失った後は高浜城を築いて再起した。港湾・流通を通じ高浜の発展にも寄与した。,79,,0,302,60,66,57,60,59,54,,C,,,,,,,22,11,60,39,93,aggressive,1532,1544,1581,,逸見信経の子,1038015,,,,,,38,0,241,砕導山城主,90,300,,,,,,
1038017,2561,若狭武田家,逸見|虎清,へんみ|とらきよ,逸見虎清,,武田家,砕導山城,,0,,0,236,51,67,37,37,44,49,,,,,,,,,36,30,56,45,93,aggressive,1555,1567,1597,,逸見昌経の子,1038016,,,,,,38,0,241,,90,0,,,,,,
1038018,2562,若狭武田家,逸見|経久,へんみ|つねひさ,逸見経久,,武田家,砕導山城,,0,,0,236,44,42,51,52,47,46,,,,,,,,,26,16,38,52,95,conservative,1536,1548,1583,,逸見信経の子,1038015,,,,,,38,0,241,,90,0,,,,,,
1038019,2563,若狭武田家,逸見|昌久,へんみ|まさひさ,逸見昌久,,武田家,砕導山城,,0,,0,266,56,57,53,52,48,57,,,,,,,,,50,50,41,60,95,conservative,1569,1581,1623,,逸見経久の子,1038018,,,,,,38,0,241,,90,0,,,,,,
1038020,2564,若狭武田家,武藤|友益,むとう|ともます,武藤友益,,武田家,後瀬山城,,0,,0,225,30,29,55,56,55,43,,,,,,,,,22,11,46,38,77,balanced,1514,1526,1585,,若狭武田→織田→若狭武田,,,,,,,38,0,79,,95,0,,,,,,
1221001,2565,安芸武田家,武田|元繁,たけだ|もとしげ,武田元繁,,浪人,佐東銀山城,,0,,0,0,0,0,0,0,0,0,,,,,,,,,0,0,0,0,20,hermit,1467,9999,1517,true,大内に従属,,,,,,,0,0,122,,50,0,,,,,,
1221002,2566,安芸武田家,武田|光和,たけだ|みつかず,武田光和,,浪人,佐東銀山城,,0,,0,210,58,67,30,26,29,59,,,,,,,,,29,21,37,55,20,aggressive,1502,1514,1540,,武田元繁の子,1221001,,,,,,0,0,122,,50,0,,,,,,
1221003,2567,安芸武田家,武田|宗慶,たけだ|そうけい,武田宗慶,,毛利家,佐東銀山城,,0,,0,243,47,65,37,41,53,64,,,,,,,,,29,21,29,66,22,hermit,1524,1536,1597,,武田光和の子。安芸武田→滅亡後毛利,1221002,,,,,,25,0,122,,90,0,,,,,,
1221004,2568,安芸武田家,武田|繁清,たけだ|しげきよ,武田繁清,,浪人,佐東銀山城,,0,,0,190,37,44,38,36,35,55,,,,,,,,,22,11,17,79,17,balanced,1490,1502,1541,true,武田元繁の婿養子,,1221001,,,,,0,0,122,,50,0,,,,,,
1221005,2569,安芸武田家,武田|信重,たけだ|のぶしげ,武田信重(安芸),,浪人,佐東銀山城,,0,,0,168,27,27,42,36,36,53,,,,,,,,,29,21,37,55,17,conservative,1512,1524,1541,true,武田繁清の子,1221004,,,,,,0,0,122,,50,0,,,,,,
1221006,2570,安芸武田家,瑶甫|恵瓊,ようほ|えけい,瑶甫恵瓊,,毛利家,吉田郡山城,毛利氏の外交僧。足利義昭と信長の調停に奔走し、備中高松城攻めでは秀吉との講和を成立。のち秀吉に重用され伊予に所領を得るが、関ヶ原で西軍に属し敗戦後に処刑された。,80,,0,271,24,15,74,91,67,66,,,,,,,,,50,50,72,15,31,hermit,1537,1549,1600,true,武田信重(安芸)の子。毛利家臣。別名：安国寺恵瓊,1221005,,,,,,25,0,120,,95,0,true,,,,,
1221007,2571,安芸武田家,香川|元景,かがわ|もとかげ,香川元景(安芸),,毛利家,佐東銀山城,,0,,0,0,0,0,0,0,0,0,,,,,,,,,0,0,0,0,47,hermit,1493,9999,1544,,,,,,,,,25,0,122,,95,0,,,,,,
1221008,2572,安芸武田家,香川|光景,かがわ|みつかげ,香川光景,,毛利家,佐東銀山城,毛利家臣。安芸国衆。八木城主。香川元景の子。もとは安芸武田氏に属し、衰退後は毛利元就に従った。吉川元春らと転戦し、美作の高田在番では社役を巡る裁判にも関与した。,80,,0,247,48,47,50,50,52,48,,,,,,,D,,29,21,49,38,47,balanced,1514,1526,1605,,香川元景(安芸)の子。安芸武田→毛利,1221007,,,,,,25,0,122,,95,0,,,,,,
1221009,2573,安芸武田家,香川|広景,かがわ|ひろかげ,香川広景,,毛利家,佐東銀山城,,0,,0,258,59,57,47,48,47,51,,,,,,,C,,29,21,27,67,47,balanced,1543,1555,1616,,香川光景の子。安芸武田→毛利,1221008,,,,,,25,0,122,,95,0,,,,,,
1221010,2574,安芸武田家,香川|春継,かがわ|はるつぐ,香川春継,,毛利家,佐東銀山城,,0,,0,250,60,61,41,39,49,49,,,,,,,C,,26,16,29,65,46,balanced,1545,1557,1619,,香川光景の子。毛利→吉川,1221008,,,,,,25,0,122,,95,0,,,,,,
1221011,2575,安芸武田家,香川|勝雄,かがわ|かつたけ,香川勝雄,,毛利家,佐東銀山城,,0,,0,235,57,63,34,35,46,47,,,,,,,D,,24,14,52,74,49,aggressive,1515,1527,1569,true,香川元景(安芸)の子,1221007,,,,,,25,0,122,,95,0,,,,,,
1221012,2576,安芸武田家,己斐|直之,こい|なおゆき,己斐直之,,毛利家,佐東銀山城,安芸国衆。己斐城主。己斐宗瑞の子。安芸武田氏に仕えたが佐東銀山城落城後に離反して毛利元就へ従った。厳島の戦いでは宮尾城に入り陶軍を迎撃し、毛利方の勝利を支えた。,80,,0,273,49,48,61,60,55,51,,,,,,,,,26,16,39,50,48,aggressive,1508,1520,1560,,安芸武田→大内→毛利,,,,,,,25,0,122,,95,0,,,,,,
1221013,2577,安芸武田家,己斐|隆常,こい|たかつね,己斐隆常,,毛利家,佐東銀山城,,0,,0,244,52,57,48,45,42,48,,,,,,,,,26,16,32,60,48,aggressive,1535,1547,1596,,己斐直之の子,1221012,,,,,,25,0,122,,95,0,,,,,,
1081001,2578,田村家,田村|盛顕,たむら|もりあき,田村盛顕,,田村家,三春城,,0,,0,0,0,0,0,0,0,0,,,,,,,,,0,0,0,0,54,hermit,1448,9999,1487,,,,,,,,,81,0,211,,95,0,,,,,,
1081002,2579,田村家,田村|義顕,たむら|よしあき,田村義顕,,田村家,三春城,田村盛顕の子。田村氏の本拠を守山から三春へ移し、三春城を築いて入城したと伝わる。治世の具体像は不明な点が多いが、三春進出によって田村地方支配の基盤を築いた。,78,,0,285,60,58,46,56,65,56,,,,,,,,,36,30,43,50,54,aggressive,1472,1484,1561,,田村盛顕の子,1081001,,,,,,81,0,211,,95,200,,true,,,,
1081003,2580,田村家,田村|隆顕,たむら|たかあき,田村隆顕,,田村家,三春城,田村氏当主。三春城主。会津蘆名氏の中通り進出に対抗し、安積・岩瀬方面へ進出。菩提寺福聚寺へ十二箇条の掟書を出して寺院権力を規制し、戦国大名としての支配を強めた。,80,,0,339,66,55,70,77,71,62,,D,,,,,,,36,30,55,32,54,balanced,1495,1507,1574,,田村義顕の子,1081002,,,,,,81,0,211,三春城主,100,1000,,,,,,
1081004,2581,田村家,田村|清顕,たむら|きよあき,田村清顕,,田村家,三春城,田村氏当主。隆顕の子。三春城を拠点に蘆名・相馬氏らと争い、娘の愛姫を伊達政宗に嫁がせた。男子を残さず死去し、家中は後継を巡って分裂した。,68,,0,313,60,55,64,70,64,48,D,D,,,,,,,29,21,40,50,54,balanced,1526,1538,1586,,田村隆顕の子,1081003,,,,,,81,0,211,,95,0,,,,,,
1081005,2582,田村家,田村|氏顕,たむら|うじあき,田村氏顕,,田村家,三春城,,0,,0,185,46,56,30,25,28,42,,,,,,,,,36,30,39,55,56,aggressive,1538,1550,1584,true,田村隆顕の子,1081003,,,,,,81,0,211,,95,0,,,,,,
1081006,2583,田村家,田村|宗顕,たむら|むねあき,田村宗顕,,田村家,三春城,田村氏当主。清顕の甥。清顕の没後に家中が伊達派と相馬派へ割れると、伊達政宗の調停で家督を継ぎ三春城主となった。秀吉の小田原参陣命令を受けるが出陣せず改易された。,80,,0,296,69,54,67,58,48,56,,,,,,,,,29,21,40,50,54,aggressive,1574,1586,1648,,田村氏顕の子、田村清顕の養子,1081005,1081004,,,,,81,0,211,,95,0,,,,,,
1081007,2584,田村家,田村|顕盛,たむら|あきもり,田村顕盛,,田村家,三春城,,0,,0,210,52,49,27,33,49,45,,,,,,,,,36,30,47,44,52,balanced,1501,1513,1582,,田村義顕の子,1081002,,,,,,81,0,211,,95,0,,,,,,
1081008,2585,田村家,田村|顕頼,たむら|あきより,田村顕頼,1537:0|月斎:0|げっさい,田村家,三春城,田村家臣。田村氏庶流。田村義顕の子。軍師を務め「攻めの月斎」と恐れられた。親伊達派の有力者であり、田村清顕の没後、伊達方についた。,65,田村家臣。田村氏庶流。田村義顕の子。軍師を務め「攻めの月斎」と恐れられた。親伊達派の有力者であり、田村清顕の没後、伊達方についた。,65,303,68,55,43,63,74,60,,,,,,,,,40,36,54,78,51,balanced,1483,1495,1591,,田村盛顕の子。別名：田村月斎。田村→伊達,1081001,,,,,,81,0,211,,95,0,true,true,,,,
1081009,2586,田村家,田村|顕基,たむら|あきもと,田村顕基,1537:0|梅雪斎:0|ばいせつさい,田村家,三春城,,0,,0,286,57,51,63,61,54,57,,,,,,,,,32,25,29,75,49,balanced,1485,1497,1578,,田村盛顕の子。別名：田村梅雪斎,1081001,,,,,,81,0,211,,95,0,,true,,,,
1081010,2587,田村家,田村|顕長,たむら|あきなが,田村顕長,,田村家,三春城,,0,,0,230,55,49,44,42,40,49,,,,,,,,,36,30,45,61,49,balanced,1519,1531,1589,true,田村顕基の子,1081009,,,,,,81,0,211,,95,0,,,,,,
1081011,2588,田村家,郡司|敏良,ぐんじ|としよし,郡司敏良,,田村家,三春城,田村家臣。,5,田村家臣。,5,209,45,44,42,37,41,47,,,,,,,,,36,30,46,74,54,balanced,1540,1552,1589,true,,,,,,,,81,0,211,,95,0,,,,,,
1081012,2589,田村家,郡司|敏貞,ぐんじ|としさだ,郡司敏貞,,田村家,三春城,田村家臣。,5,田村家臣。,5,200,42,48,37,34,39,45,,,,,,,,,36,30,38,71,54,balanced,1563,1575,1589,true,郡司敏良の子,1081011,,,,,,81,0,211,,95,0,,,,,,
1081013,2590,田村家,常盤|光貞,ときわ|みつさだ,常盤光貞,,田村家,三春城,,0,,0,218,29,17,54,64,54,47,,,,,,,,,36,30,23,63,53,balanced,1520,1532,1572,,,,,,,,,81,0,211,,95,0,,,,,,
1081014,2591,田村家,常盤|清重,ときわ|きよしげ,常盤清重,,田村家,三春城,,0,,0,229,54,58,34,38,45,49,,,,,,,,,36,30,40,68,53,balanced,1542,1554,1606,,常盤光貞の子,1081013,,,,,,81,0,211,,95,0,,,,,,
1081015,2592,田村家,新田|信政,にった|のぶまさ,新田信政,,田村家,三春城,田村家臣。田村家四宿老職,12,田村家臣。田村家四宿老職,12,213,30,19,60,54,50,40,,,,,,,,,18,5,21,57,54,conservative,1549,1561,1589,true,,,,,,,,81,0,211,,95,0,,,,,,
1081016,2593,田村家,橋本|顕徳,はしもと|あきのり,橋本顕徳,,田村家,三春城,田村家臣。筆頭家老。「小手森館の戦い」で伊達政宗に従い戦功を挙げた。田村清顕の病没後は伊達政宗に仕えた。1588年「三春城の戦い」で相馬義胤勢と戦い戦功を挙げた。,79,田村家臣。筆頭家老。「小手森館の戦い」で伊達政宗に従い戦功を挙げた。田村清顕の病没後は伊達政宗に仕えた。1588年「三春城の戦い」で相馬義胤勢と戦い戦功を挙げた。,79,215,53,62,33,32,35,45,,,,,,,,,28,19,49,65,54,balanced,1558,1570,1628,,田村→伊達,,,,,,,81,0,211,,95,0,,,,,,
1092001,2594,千葉家,千葉|昌胤,ちば|まさたね,千葉昌胤,,千葉家,佐倉城,千葉氏24代当主。本佐倉城を本拠とし、小弓公方義明に対抗して北条氏綱と結んだ。国府台では北条方として勝利。以後、後北条氏との連携を深め下総で千葉氏の勢力を保った。,80,千葉氏24代当主。,8,301,61,63,59,60,58,61,,,,D,,,,,50,50,36,67,68,aggressive,1495,1507,1546,,,,,,,,,92,0,58,,95,0,,,,,,
1092002,2595,千葉家,千葉|利胤,ちば|としたね,千葉利胤,,千葉家,佐倉城,千葉氏25代当主。昌胤の子。北条氏康の娘を妻に迎え、後北条氏との連携を深めた。里見義尭の侵攻には北条氏と共闘するが、家督相続からほどなく病没し弟の親胤が継いだ。,79,千葉氏25代当主。千葉昌胤の子,14,275,53,48,48,58,68,58,,,,,,,,,54,55,33,72,68,balanced,1515,1527,1547,,千葉昌胤の子,1092001,,,,,,92,0,58,,95,0,,,,,,
1092003,2596,千葉家,千葉|親胤,ちば|ちかたね,千葉親胤,,千葉家,佐倉城,千葉氏26代当主。利胤の子。家督を継ぐも幼少のため親北条派の原氏に実権を掌握された。反北条派の足利晴氏と結ぶも北条氏の侵攻を受けて捕らえられ、幽閉中暗殺された。,79,千葉氏26代当主。利胤の子。家督を継ぐも幼少のため親北条派の原氏に実権を掌握された。反北条派の足利晴氏と結ぶも北条氏の侵攻を受けて捕らえられ、幽閉中暗殺された。,79,218,52,41,41,40,44,52,,,,,,,,,62,67,36,72,68,aggressive,1541,1547,1557,true,千葉利胤の子,1092002,,,,,,92,0,58,,95,0,,,,,,
1092004,2597,千葉家,千葉|胤富,ちば|たねとみ,千葉胤富,,千葉家,佐倉城,千葉氏27代当主。昌胤の子。北条氏の要請を受けて幾度も援軍を派遣した。外交手腕に秀で、北条氏との関係を深めて長尾・結城・里見らの侵攻を撃退した。,71,千葉氏27代当主。昌胤の子。北条氏の要請を受けて幾度も援軍を派遣した。外交手腕に秀で、北条氏との関係を深めて長尾・結城・里見らの侵攻を撃退した。,71,307,65,51,61,72,58,61,,,,,,,,,50,50,53,52,69,conservative,1527,1539,1579,,千葉昌胤の子,1092001,,,,,,92,0,58,佐倉城主,100,1500,,,,,,
1092005,2598,千葉家,千葉|良胤,ちば|よしたね,千葉良胤,,千葉家,佐倉城,千葉氏28代当主。胤富の子。邦胤の双子の兄。越相同盟締結の折、関東に動揺が拡がる中で親北条の関係の見直しを図って織田氏と誼を通じたが、原氏によって幽閉された。,78,千葉氏28代当主。胤富の子。邦胤の双子の兄。越相同盟締結の折、関東に動揺が拡がる中で親北条の関係の見直しを図って織田氏と誼を通じたが、原氏によって幽閉された。,78,293,62,52,52,66,61,63,,,,,,,,,70,79,56,63,89,balanced,1557,1569,1608,,千葉胤富の子,1092004,,,,,,92,0,58,,95,0,,,,,,
1092006,2599,千葉家,千葉|邦胤,ちば|くにたね,千葉邦胤,,千葉家,佐倉城,千葉氏29代当主。胤富の子。北条氏と婚姻を結んで幾度も出陣し隣国にその武勇を畏れられた。新年の祝賀の席で近習の放屁を叱責し恨みを持たれ、就寝中に刺されて死亡した。,80,千葉氏29代当主。胤富の子。北条氏と婚姻を結んで幾度も出陣し隣国にその武勇を畏れられた。新年の祝賀の席で近習の放屁を叱責し恨みを持たれ、就寝中に刺されて死亡した。,80,325,71,76,54,67,57,63,,,,D,,,,,50,50,48,50,72,balanced,1557,1569,1585,true,千葉胤富の子,1092004,,,,,,92,0,58,,95,0,,,,,,
1092007,2600,千葉家,千葉|直重,ちば|なおしげ,千葉直重,,千葉家,佐倉城,,0,,0,177,22,40,36,44,35,43,,,,,,,,,50,50,24,69,67,conservative,1573,1585,1627,,北条氏政の子、北条氏照の養子、千葉邦胤の娘婿,1003004,1003008|1092006,,,,,92,0,58,,95,0,,,,,,
1092008,2601,千葉家,千葉|重胤,ちば|しげたね,千葉重胤,,千葉家,佐倉城,,0,,0,221,37,36,53,48,47,48,,,,,,,,,50,50,48,50,72,balanced,1576,1588,1633,,千葉邦胤の子,1092006,,,,,,92,0,58,,95,0,,,,,,
1092009,2602,千葉家,井田|友胤,いだ|ともたね,井田友胤,,千葉家,佐倉城,,0,,0,202,46,57,34,30,35,43,,,,,,,,,36,30,52,58,75,balanced,1492,1504,1565,,,,,,,,,92,0,58,,95,0,,,,,,
1092010,2603,千葉家,井田|胤徳,いだ|たねのり,井田胤徳,,千葉家,佐倉城,千葉家臣。坂田城主。父・友胤の跡を継ぎ坂田城を大規模に改修。後北条氏に従い、小田原征伐では小田原へ参陣した。北条氏滅亡後は武田信吉、徳川頼房に仕えた。,75,,0,279,53,56,60,61,49,56,,,,,,,,,47,46,49,54,80,balanced,1535,1547,1613,,井田友胤の子,1092009,,,,,,92,0,58,,95,0,,,,,,
1092011,2604,千葉家,井田|輝胤,いだ|てるたね,井田輝胤,,千葉家,佐倉城,,0,,0,234,42,39,58,47,48,50,,,,,,,,,47,46,39,61,80,conservative,1567,1579,1638,,井田胤徳の子,1092010,,,,,,92,0,58,,95,0,,,,,,
1092012,2605,千葉家,大須賀|政常,おおすか|まさつね,大須賀政常,,千葉家,佐倉城,,0,,0,209,28,33,50,54,44,41,,,,,,,,,24,14,37,66,64,conservative,1486,1498,1570,,,,,,,,,92,0,58,,95,0,,,,,,
1092013,2606,千葉家,大須賀|政朝,おおすか|まさとも,大須賀政朝,,千葉家,佐倉城,,0,,0,190,44,47,30,32,37,40,,,,,,,,,28,19,35,71,64,balanced,1552,1564,1590,,大須賀政常の子,1092012,,,,,,92,0,58,,95,0,,,,,,
1092014,2607,千葉家,白井|胤治,しらい|たねはる,白井胤治,,千葉家,佐倉城,千葉家臣。千葉氏３代に渡り仕えた軍配者。出家して浄三と号した。上杉謙信の関東入りに際して臼井城を守り撃退。上杉勢に総攻撃を仕掛け、追撃戦で多数の戦果を挙げた。,79,千葉家臣。千葉氏３代に渡り仕えた軍配者。出家して浄三と号した。上杉謙信の関東入りに際して臼井城を守り撃退。上杉勢に総攻撃を仕掛け、追撃戦で多数の戦果を挙げた。,79,345,78,65,54,65,83,71,D,,,C,,,,,63,69,53,77,67,hermit,1526,1538,1578,,,,,,,,,92,0,58,,95,0,true,,,,,
1092015,2608,千葉家,白井|宗幹,しらい|むねもと,白井宗幹,,千葉家,佐倉城,千葉家臣。真壁胤吉の子。養父・白井胤治にはそれまで子がなかったため養子として迎えられた。胤治はのちに生まれた実子・胤隆を嫡子とはせず、宗幹に家督を譲った。,77,千葉家臣。真壁胤吉の子。養父・白井胤治にはそれまで子がなかったため養子として迎えられた。胤治はのちに生まれた実子・胤隆を嫡子とはせず、宗幹に家督を譲った。,77,310,65,59,59,65,62,65,,,,,,,,,63,69,40,68,67,balanced,1552,1564,1606,,白井胤治の養子,,1092014,,,,,92,0,58,,95,0,,,,,,
1092016,2609,千葉家,白井|幹時,しらい|もととき,白井幹時,,千葉家,佐倉城,千葉家臣。白井宗幹の子。千葉氏の没落後は豊臣氏に仕え秀次の家老となり、秀次の切腹後は隠居した。長女・春は家康の侍女となり、侍女・良は淀君の侍女となった。,76,千葉家臣。白井宗幹の子。千葉氏の没落後は豊臣氏に仕え秀次の家老となり、秀次の切腹後は隠居した。長女・春は家康の侍女となり、侍女・良は淀君の侍女となった。,76,245,44,33,58,62,48,52,,,,,,,,,50,50,39,51,67,balanced,1571,1583,1625,,白井宗幹の子,1092015,,,,,,92,0,58,,95,0,,,,,,
1092017,2610,千葉家,白井|胤隆,しらい|たねたか,白井胤隆,,千葉家,佐倉城,千葉家臣。胤治の子。秀吉による小田原征伐では、白井家当主で義兄の宗幹の命に従って田部田城に入り、籠城して徳川勢と争った。,60,千葉家臣。胤治の子。秀吉による小田原征伐では、白井家当主で義兄の宗幹の命に従って田部田城に入り、籠城して徳川勢と争った。,60,235,61,58,40,34,42,51,,,,,,,,,50,50,46,60,66,balanced,1566,1578,1615,,白井胤治の子,1092014,,,,,,92,0,58,,95,0,,,,,,
1092018,2611,千葉家,白井|胤邑,しらい|たねむら,白井胤邑,,千葉家,佐倉城,千葉家臣。胤治の子。秀吉による小田原征伐では、白井家当主で義兄の宗幹とともに小田原城に入り籠城した。,50,千葉家臣。胤治の子。秀吉による小田原征伐では、白井家当主で義兄の宗幹とともに小田原城に入り籠城した。,50,224,50,54,35,41,44,50,,,,,,,,,50,50,44,62,66,balanced,1568,1580,1618,,白井胤治の子,1092014,,,,,,92,0,58,,95,0,,,,,,
1092019,2612,千葉家,原|某,はら|なにがし,原某,,千葉家,森山城,,0,,0,0,0,0,0,0,0,0,,,,,,,,,0,0,0,0,70,hermit,1000,9999,1050,,原氏一門の連結用,,,,,,,92,0,233,,95,0,,,,,,
1092020,2613,千葉家,原|胤房,はら|たねふさ,原胤房,,千葉家,森山城,,0,,0,0,0,0,0,0,0,0,,,,,,,,,0,0,0,0,70,hermit,1440,9999,1490,,原某の子孫,1092019,,,,,,92,0,233,,95,0,,,,,,
1092021,2614,千葉家,原|胤隆,はら|たかたね,原胤隆,,千葉家,森山城,千葉家重臣。小弓城主。上総武田氏と争ったが、足利義明・真里谷勢の攻撃で小弓城を失う。連歌師宗長を居館に招き連歌宴を催すなど文芸にも親しみ、宗長と盃も交わした。,79,,0,271,57,61,50,56,47,53,,,,,,,,,36,30,73,49,70,balanced,1465,1477,1536,,原胤房の子,1092020,,,,,,92,0,233,,95,0,,,,,,
1092022,2615,千葉家,原|胤清,はら|たねきよ,原胤清,,千葉家,森山城,千葉家臣。小弓の原氏を率い、国府台合戦後に小弓へ入って城を構えた。妙見宮遷宮では親胤に次いで馬・太刀を奉納し、焼失した金光院の再建にも山林を寄進した。,75,,0,292,52,48,60,65,67,58,,,,,,,,,43,40,37,61,70,hermit,1488,1500,1556,,原胤隆の子,1092021,,,,,,92,0,233,,95,0,,,,,,
1092023,2616,千葉家,原|胤貞,はら|たねさだ,原胤貞,,千葉家,森山城,千葉家臣。胤清の子。臼井景胤の没後、千葉胤富の要請により臼井久胤の後見として臼井城に入った。善政を敷いて家臣や領民の支持を集め、事実上支配下に収めた。,75,千葉家臣。胤清の子。臼井景胤の没後、千葉胤富の要請により臼井久胤の後見として臼井城に入った。善政を敷いて家臣や領民の支持を集め、事実上支配下に収めた。,75,324,65,57,72,68,62,62,D,C,,,,,,,43,40,41,55,67,balanced,1507,1519,1575,,原胤清の子,1092022,,,,,,92,0,233,,95,500,,,,,,
1092024,2617,千葉家,原|胤栄,はら|たねよし,原胤栄,,千葉家,森山城,千葉家臣。原氏宗家当主として一族の統制を図ったが、原親幹ら庶流の有力者を抑えることは困難であった。弟の原胤親とはうh中で、,61,千葉家臣。原氏宗家当主として一族の統制を図ったが、原親幹ら庶流の有力者を抑えることは困難であった。弟の原胤親とはうh中で、,61,273,55,51,55,59,53,54,,,,,,,,,43,40,45,50,68,aggressive,1536,1548,1589,,原胤貞の子,1092023,,,,,,92,0,233,,95,0,,,,,,
1092025,2618,千葉家,原|胤義,はら|たねよし,原胤義,,千葉家,森山城,,0,,0,231,50,59,42,40,40,49,,,,,,,,,46,44,54,53,68,balanced,1569,1581,1600,,原胤栄の子,1092024,,,,,,92,0,233,,95,0,,,,,,
1092026,2619,千葉家,原|胤信,はら|たねのぶ,原胤信,,千葉家,森山城,,0,,0,212,37,34,53,51,37,47,,,,,,,,,73,83,78,18,68,aggressive,1587,1599,1623,,原胤義の子,1092025,,,,,,92,0,233,,95,0,,,,,,
1092027,2620,千葉家,原|胤親,はら|たねちか,原胤親,,千葉家,森山城,,0,,0,219,52,60,34,30,43,49,,,,,,,,,50,50,38,63,69,balanced,1539,1551,1588,,原胤貞の子,1092023,,,,,,92,0,233,,95,0,,,,,,
1092028,2621,千葉家,原|胤家,はら|たねいえ,原胤家,,千葉家,森山城,,0,,0,0,0,0,0,0,0,0,,,,,,,,,0,0,0,0,67,hermit,1515,9999,1565,,原某の子孫,1092019,,,,,,92,0,233,,95,0,,,,,,
1092029,2622,千葉家,原|親幹,はら|ちかみき,原親幹,,千葉家,森山城,千葉家臣。森山城主。胤富・邦胤に仕え、森山領の軍事・徴税を担った。邦胤の没後は後北条氏の家督介入に反発し原胤長らと対立したが、北条氏直の進軍後は従属を認めた。,79,,0,322,64,68,63,66,61,66,D,,,,,,,謀将,57,60,25,78,67,balanced,1535,1547,1589,,原胤家の子,1092028,,,,,,92,0,233,森山城主,95,500,,,,,,
1092030,2623,千葉家,原|邦房,はら|くにふさ,原邦房,,千葉家,森山城,,0,,0,217,49,56,37,36,39,50,,,,,,,,,57,60,28,67,67,balanced,1555,1567,1590,,原親幹の子,1092029,,,,,,92,0,233,,95,0,,,,,,
1092031,2624,千葉家,高城|胤吉,たかぎ|たねよし,高城胤吉,,千葉家,森山城,下総国衆。小金城主。高城氏当主。小金城を築き、同城を拠点に東葛飾一帯へ勢力を広げた。城は戦国末期まで地域最大規模の城郭として機能し、子の胤辰が家督を継いだ。,78,,0,288,67,59,61,55,46,55,D,,,,,,,,36,30,36,57,67,balanced,1484,1496,1565,,,,,,,,,92,0,233,,95,0,,,,,,
1092032,2625,千葉家,高城|胤辰,たかぎ|たねとき,高城胤辰,,千葉家,森山城,下総国衆。小金城主。高城胤吉の子。北条氏と結んで第二次国府台合戦で里見氏と戦い、支配を維持した。寺社に軍勢の濫妨を禁じる制札を発給し、領内統治にも携わった。,78,,0,269,60,55,50,52,52,53,D,,,,,,,,43,40,26,47,60,balanced,1542,1554,1586,,高城胤吉の子,1092031,,,,,,92,0,233,,95,0,,,,,,
1092033,2626,千葉家,高城|胤則,たかぎ|たねのり,高城胤則,,千葉家,森山城,,0,,0,217,41,44,46,42,44,48,,,,,,,,,50,50,44,55,67,conservative,1572,1584,1604,,高城胤辰の子,1092032,,,,,,92,0,233,,95,0,,,,,,
1092034,2627,千葉家,村上|綱清,むらかみ|つなきよ,村上綱清,,千葉家,佐倉城,,0,,0,238,53,57,45,42,41,45,,,,,,,,,24,14,54,56,79,aggressive,1532,1544,1575,,,,,,,,,92,0,58,,95,0,,,,,,
1092035,2628,千葉家,村上|胤遠,むらかみ|たねとう,村上胤遠,,千葉家,佐倉城,,0,,0,193,44,50,33,36,30,40,,,,,,,,,28,19,36,55,79,balanced,1554,1566,1590,,村上綱清の子,1092034,,,,,,92,0,58,,95,0,,,,,,
1042001,2629,長宗我部家,長宗我部|兼序,ちょうそかべ|かねつぐ,長宗我部兼序,,長宗我部家,岡豊城,,0,,0,0,0,0,0,0,0,0,,,,,,,,,0,0,0,0,80,hermit,1470,9999,1530,,,,,,,,,42,0,134,,95,0,,,,,,
1042002,2630,長宗我部家,長宗我部|国親,ちょうそかべ|くにちか,長宗我部国親,,長宗我部家,岡豊城,長宗我部兼序の子。父の没落後、一条房家の助力で岡豊城へ復帰。周辺国衆を攻略して家を再興し、本山氏との長浜の戦いに勝利。子・元親の土佐統一の基礎を築いた。,76,,0,372,80,77,74,68,73,66,C,D,,D,,,C,,43,40,53,38,80,aggressive,1504,1516,1560,,長宗我部兼序の子,1042001,,,,,,42,0,134,岡豊城主,100,1500,,,chousokabe_kunichika.webp,,,
1042003,2631,長宗我部家,長宗我部|元親,ちょうそかべ|もとちか,長宗我部元親,,長宗我部家,岡豊城,長宗我部氏当主。岡豊城を本拠に土佐を統一し、阿波・讃岐・伊予へ進出して四国の大半を制圧。秀吉に降伏後は土佐一国を治め、検地・法令制定や浦戸城下整備を進めた。,78,,0,423,91,89,85,76,82,79,A,,,C,,,B,鬼,47,45,71,15,80,balanced,1539,1551,1599,,長宗我部国親の子,1042002,,,,,,42,0,134,,95,700,,,chousokabe_motochika.webp,,,
1042004,2632,長宗我部家,長宗我部|信親,ちょうそかべ|のぶちか,長宗我部信親,,長宗我部家,岡豊城,長宗我部元親の嫡子。父の四国統一戦で先鋒を担い、阿波・伊予各地を転戦して後継者として期待された。秀吉の九州平定では大友救援軍に加わったが、戸次川で討死した。,78,,0,361,78,81,64,68,70,77,B,C,,D,,,,,47,45,39,61,80,conservative,1565,1577,1587,true,長宗我部元親の子,1042003,,,,,,42,0,134,,95,500,,,,,,
1042005,2633,香川家,香川|親和,かがわ|ちかかず,香川親和,,香川家,天霧城,,0,,0,185,35,35,40,37,38,44,,,,,,,,,43,40,33,67,85,balanced,1567,1579,1587,,長宗我部元親の子、香川之景の養子。別名：長宗我部親和,1042003,1063007,,,,,63,0,128,,95,0,,,,,,
1042006,2634,長宗我部家,津野|親忠,つの|ちかただ,津野親忠,,長宗我部家,岡豊城,長宗我部家臣。元親の三男。幼くして津野氏を継ぐ。四国征伐後は大坂で人質となり、文禄の役に出陣。須崎へ城下を移し領内経営に努めたが、家中抗争で幽閉され自害した。,79,,0,277,48,48,67,61,53,58,,,,,,,,,43,40,25,78,69,conservative,1572,1584,1600,,長宗我部元親の子。別名：長宗我部親忠,1042003,,,,,,42,0,134,,95,0,,,,,,
1042007,2635,長宗我部家,長宗我部|盛親,ちょうそかべ|もりちか,長宗我部盛親,,長宗我部家,岡豊城,長宗我部氏当主。元親の四男。信親の戦死後に後継となる。関ヶ原で西軍につき土佐を没収された。大坂の陣では八尾で藤堂高虎軍と戦い、敗れて捕らえられ処刑された。,77,,0,214,49,61,31,35,38,39,,,D,D,,,,,43,40,81,41,79,aggressive,1575,1587,1615,true,長宗我部元親の子,1042003,,,,,,42,0,134,,95,200,,,,,,
1042008,2636,長宗我部家,長宗我部|盛恒,ちょうそかべ|もりつね,長宗我部盛恒,,長宗我部家,岡豊城,,0,,0,172,36,50,28,27,31,31,,,,,,,,,43,40,35,50,79,balanced,1597,1609,1615,true,長宗我部盛親の子,1042007,,,,,,42,0,134,,95,200,,,,,,
1042009,2637,長宗我部家,長宗我部|康豊,ちょうそかべ|やすとよ,長宗我部康豊,,長宗我部家,岡豊城,,0,,0,268,41,66,47,53,61,57,,,,,,,,,43,40,28,75,87,aggressive,1599,1611,1668,,長宗我部元親の子,1042003,,,,,,42,0,134,,95,0,,,,,,
1042010,2638,長宗我部家,吉良|親貞,きら|ちかさだ,吉良親貞,,長宗我部家,岡豊城,長宗我部国親の子。吉良城主。吉良氏を継いで兄・元親の土佐統一を支え、仁淀川流域へ進出。調略で蓮池城を降すなど一条・本山勢力との戦いで西部攻略を担った。,75,,0,341,74,85,51,57,74,78,C,C,,C,,,C,,43,40,45,50,71,balanced,1541,1553,1576,,長宗我部国親の子、吉良宣直の養子,1042002,,,,,,42,0,134,,95,100,,,,,,
1042011,2639,長宗我部家,吉良|親実,きら|ちかざね,吉良親実,,長宗我部家,岡豊城,長宗我部家臣。吉良親貞の子。父の死後に吉良氏を継ぎ、引田で仙石勢と戦う。信親の戦死後の後継問題で元親の盛親擁立に反対し、怒りを買い小高坂で切腹を命じられた。,78,,0,277,65,61,59,50,42,53,,D,,D,,,,,43,40,42,55,71,aggressive,1563,1575,1588,true,吉良親貞の子,1042010,,,,,,42,0,134,,95,0,,,,,,
1042012,2640,長宗我部家,香宗我部|親泰,こうそかべ|ちかやす,香宗我部親泰,,長宗我部家,香宗城,国親の子。香宗我部家を継ぎ、安芸氏滅亡後に安芸城を任される。阿波海部城を拠点に四国攻略を担い、中富川で三好方を破る。織田・徳川との交渉も担当し兄・元親を支えた。,80,,0,389,77,72,76,84,80,72,C,D,D,D,,,,,47,45,34,67,76,conservative,1543,1555,1593,,長宗我部国親の子、香宗我部親秀の養子,1042002,1042028,,,,,42,0,133,香宗城主,95,300,,,,,,
1042013,2641,長宗我部家,香宗我部|貞親,こうそかべ|さだちか,香宗我部貞親,,長宗我部家,香宗城,,0,,0,232,43,29,54,51,55,49,,,,,,,,,47,46,42,56,76,conservative,1591,1603,1660,,香宗我部親泰の子,1042012,,,,,,42,0,133,,95,0,,,,,,
1042014,2642,長宗我部家,島|親益,しま|ちかます,島親益,,長宗我部家,岡豊城,長宗我部一門。国親の子。元親の弟。弥九郎。病を得て有馬温泉へ療養に向かう途中、荒天で阿波那佐湾に停泊したところを海部氏に襲撃され、家臣らと戦って討死した。,77,,0,290,68,68,53,42,59,60,,D,,,,,,,47,46,33,70,73,balanced,1547,1559,1571,true,長宗我部国親の子。別名：長宗我部親益,1042002,,,,,,42,0,134,,95,0,,,,,,
1042015,2643,長宗我部家,島|某,しま|なにがし,島某,,長宗我部家,岡豊城,,0,,0,0,0,0,0,0,0,0,,,,,,,,,0,0,0,0,73,hermit,1570,9999,1620,,島親益の子,1042014,,,,,,42,0,134,,95,0,,,,,,
1042016,2644,長宗我部家,島|親典,しま|ちかのり,島親典,,長宗我部家,岡豊城,,0,,0,267,53,42,61,52,59,56,,,,,,,,,47,46,42,56,73,balanced,1594,1606,1661,,島某の子,1042015,,,,,,42,0,134,,95,0,,,,,,
1042017,2645,長宗我部家,長宗我部|国康,ちょうそかべ|くにやす,長宗我部国康,,長宗我部家,岡豊城,長宗我部一門。国親の弟。比江山城主。岡豊城の東を守る要地を本拠とし、長宗我部氏の東方防衛を担った。のち居城を子の親興へ譲り、比江山には親興の給地が置かれた。,78,,0,306,62,56,65,63,60,61,,,,,,,,,38,33,29,70,83,conservative,1523,1535,1576,,長宗我部兼序の子。国親の弟,1042001,,,,,,42,0,134,,95,0,,,,,,
1042018,2646,長宗我部家,戸波|親武,へわ|ちかたけ,戸波親武,,長宗我部家,岡豊城,長宗我部家臣。戸波城主。長宗我部国康の子。元親の従弟。長宗我部氏が一条方の戸波城を攻略すると同城に入り、戸波氏を称した。高岡平野の長宗我部支配を担った。,76,,0,279,58,61,53,51,56,57,,,,,,,,,37,32,30,68,83,balanced,1558,1570,1588,true,長宗我部国康の子,1042017,,,,,,42,0,134,,95,0,,,,,,
1042019,2647,長宗我部家,戸波|親清,へわ|ちかきよ,戸波親清,,長宗我部家,岡豊城,,0,,0,233,55,68,30,29,51,51,,,,,,,,,37,32,65,76,83,aggressive,1591,1603,1652,,戸波親武の子,1042018,,,,,,42,0,134,,95,0,,,,,,
1042020,2648,長宗我部家,比江山|親興,ひえやま|ちかおき,比江山親興,,長宗我部家,岡豊城,,0,,0,211,40,42,44,36,49,47,,,,,,,,,37,32,26,74,82,conservative,1559,1571,1588,true,長宗我部国康の子,1042017,,,,,,42,0,134,,95,0,,,,,,
1042021,2649,長宗我部家,中島|親吉,なかじま|ちかよし,中島親吉,,長宗我部家,岡豊城,,0,,0,282,64,71,55,46,46,59,,D,,D,,,,,43,40,30,72,75,balanced,1531,1543,1583,true,長宗我部兼序の子。別名：長宗我部親吉,1042001,,,,,,42,0,134,,95,100,,,,,,
1042022,2650,長宗我部家,中島|重房,なかじま|しげふさ,中島重房,,長宗我部家,岡豊城,長宗我部家臣。忠秀と連署して石谷頼辰・斎藤利三へ書状を送る。信長が元親の四国平定を認めた朱印状への謝意を述べた。勝瑞城攻略後の淡路・讃岐攻略の見通しを伝えた。,79,,0,288,59,55,68,60,46,48,D,D,,,,,C,,62,67,31,79,75,balanced,1557,1569,1618,,中島親吉の子,1042021,,,,,,42,0,134,,95,0,,,,,,
1042023,2651,長宗我部家,伊沢|綱俊,いざわ|つなとし,伊沢綱俊,,長宗我部家,岡豊城,,0,,0,197,41,39,36,38,43,47,,,,,,,,,50,50,40,61,78,balanced,1562,1574,1632,,,,,,,,,42,0,134,,95,0,,,,,,
1042024,2652,長宗我部家,公文|重忠,くもん|しげただ,公文重忠,,長宗我部家,岡豊城,,0,,0,242,59,67,27,32,57,46,D,,,,,,,,26,16,47,38,66,aggressive,1518,1530,1577,,,,,,,,,42,0,134,,85,0,,,,,,
1042025,2653,長宗我部家,桑名|重定,くわな|しげさだ,桑名重定,,長宗我部家,岡豊城,長宗我部家臣。桑名丹後守。久武・中内両氏と並ぶ三家老の一人。岡豊城東麓に土居を構え、戦功で奈半利城主、さらに甲浦城主となり、一門で土佐の領国支配を支えた。,77,,0,296,61,67,44,55,69,60,,,,D,,,,,44,42,30,58,78,balanced,1508,1520,1593,,,,,,,,,42,0,134,,95,0,,,,,,
1042026,2654,長宗我部家,桑名|親光,くわな|ちかみつ,桑名親光,,長宗我部家,岡豊城,,0,,0,200,38,41,43,37,41,45,,,,,,,,,40,36,38,58,78,balanced,1532,1544,1587,true,桑名重定の子,1042025,,,,,,42,0,134,,95,0,,,,,,
1042027,2655,長宗我部家,香宗我部|通長,こうそかべ|みちなが,香宗我部通長,,長宗我部家,香宗城,,0,,0,0,0,0,0,0,0,0,,,,,,,,,0,0,0,0,76,hermit,1450,9999,1520,,,,,,,,,42,0,133,,95,0,,,,,,
1042028,2656,長宗我部家,香宗我部|親秀,こうそかべ|ちかひで,香宗我部親秀,,長宗我部家,香宗城,土佐国衆。香宗城主。安芸氏との戦いで嫡子・秀義を失い弟・秀通に家督を譲る。のち長宗我部国親の三男・親泰を養子に迎えようとして秀通と対立し、親泰に家を継がせた。,79,,0,269,49,49,56,57,58,56,,,,,,,,,43,40,33,67,76,hermit,1471,1483,1559,,香宗我部通長の子,1042027,,,,,,42,0,133,,95,100,,,,,,
1042029,2657,長宗我部家,香宗我部|秀通,こうそかべ|ひでみち,香宗我部秀通,,長宗我部家,香宗城,,0,,0,183,21,40,53,38,31,38,,,,,,,,,26,16,47,38,76,balanced,1510,1522,1556,,香宗我部通長の子、香宗我部親秀の養子,1042027,1042028,,,,,42,0,133,,95,0,,,,,,
1042030,2658,長宗我部家,秦泉寺|泰惟,じんぜんじ|やすこれ,秦泉寺泰惟,,長宗我部家,岡豊城,長宗我部家臣。豊後守。元親の初陣となる長浜戸の戦いに従軍。槍を知らなかった元親に敵の目を狙うよう指南する。元親はその教えを受けて手勢を率い、本山勢を破った。,78,,0,286,52,68,42,55,69,55,D,D,,,,,,,36,30,51,38,25,aggressive,1514,1526,1599,true,,,,,,,,42,0,134,,85,0,,,,,,
1042031,2659,長宗我部家,高島|正重,たかしま|まさしげ,高島正重,,長宗我部家,岡豊城,,0,,0,249,21,24,69,69,66,36,,,,,,,,,29,21,25,72,92,conservative,1567,1579,1636,,,,,,,,,42,0,134,,90,0,,,,,,
1042032,2660,長宗我部家,谷|某,たに|なにがし,谷某,,長宗我部家,岡豊城,,0,,0,0,0,0,0,0,0,0,,,,,,,,,0,0,0,0,78,hermit,1510,9999,1540,,,,,,,,,42,0,134,,95,0,,,,,,
1042033,2661,長宗我部家,谷|忠澄,たに|ただずみ,谷忠澄,,長宗我部家,岡豊城,長宗我部家臣。もとは土佐神社の神職。四国攻めでは阿波一宮城を守り、和議締結に尽力。戸次川後は島津方との交渉役となり、信親の遺骸を引き取る使者を務めた。,75,,0,304,34,32,79,83,76,52,,,,,,,,,36,30,35,61,74,balanced,1534,1546,1600,,谷某の子,1042032,,,,,,42,0,134,,95,0,,,,,,
1042034,2662,長宗我部家,滝本寺|非有,たきもとじ|ひゆう,滝本寺非有,,長宗我部家,岡豊城,,0,,0,191,9,4,78,43,57,65,,,,,,,,,16,2,18,85,79,hermit,1535,1547,1604,,谷某の子,1042032,,,,,,42,0,134,,95,0,,,,,,
1042035,2663,長宗我部家,立石|正賀,たていし|まさよし,立石正賀,,長宗我部家,岡豊城,,0,,0,276,30,37,69,71,69,60,,,,,,,,,54,55,37,67,93,balanced,1565,1577,1624,,,,,,,,,42,0,134,,95,0,,,,,,
1042036,2664,長宗我部家,豊永|勝元,とよなが|かつもと,豊永勝元,,長宗我部家,岡豊城,,0,,0,265,36,46,67,62,54,53,,,,,,,,,36,30,39,55,77,conservative,1551,1563,1637,,,,,,,,,42,0,134,,95,0,,,,,,
1042037,2665,長宗我部家,久武|親定,ひさたけ|ちかさだ,久武親定,,長宗我部家,岡豊城,,0,,0,273,64,74,45,36,54,52,,,,D,,,D,,22,11,40,75,75,aggressive,1489,1501,1583,,,,,,,,,42,0,134,,95,0,,,,,,
1042038,2666,長宗我部家,久武|親信,ひさたけ|ちかのぶ,久武親信,,長宗我部家,岡豊城,長宗我部家臣。元親に幡多・南予の軍代を任され、南伊予攻略を指揮した。三間へ進んで岡本城を攻めたが、土居清良ら西園寺方の反撃を受けて討死し、長宗我部軍も大敗した。,80,,0,283,63,72,46,47,55,62,C,D,,D,,,,,43,40,45,50,75,conservative,1540,1552,1581,,久武親定の子,1042037,,,,,,42,0,134,,95,0,,,,,,
1042039,2667,長宗我部家,久武|親直,ひさたけ|ちかなお,久武親直,,長宗我部家,岡豊城,長宗我部家臣。兄・親信の後を受け伊予軍代となり、三瀧城や三間へ侵攻して南予攻略を進めた。信親の戦死後の家督問題では元親の盛親擁立を支持し、吉良親実と対立した。,79,,0,283,34,36,62,72,79,54,,,,,,,,,43,40,65,21,83,aggressive,1546,1558,1610,,久武親定の子,1042037,,,,,,42,0,134,,95,0,,,,,,
1042040,2668,長宗我部家,福留|親政,ふくどめ|ちかまさ,福留親政,,長宗我部家,香宗城,,0,,0,281,65,82,33,36,65,51,C,,,B,,,,,47,45,31,72,75,balanced,1528,1540,1577,true,,,,,,,,42,0,133,,95,100,,,,,,
1042041,2669,長宗我部家,福留|儀重,ふくどめ|のりしげ,福留儀重,,長宗我部家,香宗城,長宗我部家臣。隼人佐。父・親政に劣らぬ武勇で知られ、禁酒令を破った元親を直諫して撤回させた。九州征伐では先陣の信親に従い、戸次川の戦いでともに戦死した。,76,,0,278,66,73,35,39,65,44,C,,,,,,,,47,45,43,55,75,balanced,1549,1561,1587,,福留親政の子,1042040,,,,,,42,0,133,,95,0,,,,,,
1042042,2670,長宗我部家,細川|定輔,ほそかわ|さだすけ,細川定輔,,長宗我部家,香宗城,,0,,0,240,48,45,46,48,53,48,,,,,,,,,29,21,33,61,75,balanced,1532,1544,1582,,,,,,,,,42,0,133,,95,0,,,,,,
1042043,2671,長宗我部家,横山|道範,よこやま|みちのり,横山道範,,長宗我部家,香宗城,,0,,0,207,42,28,50,47,40,40,,,,,,,,,22,11,43,43,63,hermit,1521,1533,1586,,,,,,,,,42,0,133,,90,0,,,,,,
1042044,2672,長宗我部家,横山|友隆,よこやま|ともたか,横山友隆,,長宗我部家,香宗城,,0,,0,235,50,58,49,36,42,43,,,,,,,,,29,21,37,55,63,aggressive,1549,1561,1615,true,横山道範の子,1042043,,,,,,42,0,133,,90,0,,,,,,
1042045,2673,長宗我部家,吉田|則弘,よしだ|のりひろ,吉田則弘,,長宗我部家,岡豊城,,0,,0,0,0,0,0,0,0,0,,,,,,,,,0,0,0,0,78,hermit,1460,9999,1510,,,,,,,,,42,0,134,,95,0,,,,,,
1042046,2674,長宗我部家,吉田|孝頼,よしだ|たかより,吉田孝頼,,長宗我部家,岡豊城,長宗我部家臣。則弘の子。国親の妹を娶り、岡豊城へ復帰した国親を支えた。国親の没後は元親に仕え、井口城攻めを任されるなど宿老として主家の勢力拡大を補佐した。,77,,0,358,63,54,78,79,84,68,D,,,,,,,,50,50,56,38,78,balanced,1494,1506,1563,,吉田則弘の子,1042045,,,,,,42,0,134,,95,300,true,,,,,
1042047,2675,長宗我部家,吉田|貞重,よしだ|さだしげ,吉田貞重,,長宗我部家,岡豊城,長宗我部家臣。孝頼の子。安芸国虎との戦いで左目を負傷しながら敵を討ち、以後も元親の四国攻略に従った。関ヶ原後の浦戸一揆では開城を主張し、旧臣らの抗戦に反対した。,80,,0,328,63,69,59,66,71,66,,D,,,,,,,50,50,37,65,78,aggressive,1538,1550,1608,,吉田孝頼の子,1042046,,,,,,42,0,134,,95,0,,,,,,
1042048,2676,長宗我部家,吉田|重俊,よしだ|しげとし,吉田重俊,,長宗我部家,岡豊城,長宗我部家臣。夜須の武将。安芸国虎が主力の留守に岡豊城を攻めると、夜須から救援に駆けつけて撃退。長宗我部氏と安芸氏が土佐東部を争う中、東方の前線を支えた。,77,,0,318,68,65,62,55,68,64,D,D,,,,,,,50,50,48,50,80,balanced,1498,1510,1570,true,吉田則弘の子,1042045,,,,,,42,0,134,,95,100,,,,,,
1042049,2677,長宗我部家,吉田|重康,よしだ|しげやす,吉田重康,,長宗我部家,岡豊城,,0,,0,272,62,59,44,46,61,57,,,,,,,,,46,44,40,58,80,balanced,1521,1533,1586,,吉田重俊の子,1042048,,,,,,42,0,134,,95,0,,,,,,
1042050,2678,長宗我部家,吉田|孝俊,よしだ|たかとし,吉田孝俊,,長宗我部家,岡豊城,,0,,0,257,59,61,42,40,55,56,,,,,,,,,46,44,35,80,80,balanced,1544,1556,1582,true,吉田重康の子,1042049,,,,,,42,0,134,,95,0,,,,,,
1042051,2679,長宗我部家,吉田|康俊,よしだ|やすとし,吉田康俊,,長宗我部家,岡豊城,長宗我部家臣。吉田孝俊の子。阿波攻略後に渭山城番を任され元親の支配を支えた。秀吉の四国平定では豊臣軍の進撃を受けて城を退き土佐へ帰還し、その後も主家に仕えた。,79,,0,276,54,58,50,54,60,59,,,D,,,,,,54,55,41,61,80,balanced,1565,1577,1634,,吉田孝俊の子,1042050,,,,,,42,0,134,,95,0,,,,,,
1042052,2680,長宗我部家,吉田|俊政,よしだ|としまさ,吉田俊政,,長宗我部家,岡豊城,,0,,0,253,55,69,40,36,53,56,,,,,,,,,50,50,41,74,75,aggressive,1547,1559,1582,true,吉田重康の子,1042049,,,,,,42,0,134,,95,0,,,,,,
1042053,2681,長宗我部家,吉田|政重,よしだ|まさしげ,吉田政重,,長宗我部家,岡豊城,,0,,0,252,54,74,34,37,53,60,D,,,D,,,,,50,50,32,72,75,balanced,1568,1580,1628,,吉田俊政の子,1042052,,,,,,42,0,134,,95,0,,,,,,
1042054,2682,長宗我部家,江村|親家,えむら|ちかいえ,江村親家,,長宗我部家,岡豊城,長宗我部家臣。吉田重俊の次男で江村氏を継ぐ。小篭の土居を拠点とし、長浜合戦などで戦功を重ね「小備後」と呼ばれた。長宗我部氏の土佐統一を武勇で支え、のち病没した。,80,,0,294,69,80,47,38,60,63,,C,D,,,,C,,36,30,35,61,73,balanced,1525,1537,1591,,吉田重俊の子,1042048,,,,,,42,0,134,,95,100,,,,,,
1042055,2683,長宗我部家,江村|親俊,えむら|ちかとし,江村親俊,,長宗我部家,岡豊城,長宗我部家臣。一宮城主。阿波平定後に同城を任され、秀吉の四国平定では谷忠澄らと守備にあたった。豊臣軍の攻撃に抗戦したのち、ついに開城し、元親の降伏に従った。,78,,0,282,63,68,53,42,56,59,D,,,,,,,,43,40,30,72,73,aggressive,1547,1559,1596,,,,,,,,,42,0,134,,95,0,,,,,,
1009001,2684,筒井家,筒井|順興,つつい|じゅんこう,筒井順興,,筒井家,筒井城,大和筒井氏当主。順尊の子。筒井氏惣領を継ぐと越智氏と和睦し、大和国衆の一揆を再編。興福寺衆徒の中心として大和で勢力を保ち、没後は子の順昭が家督を継いだ。,76,,0,354,72,57,76,76,73,56,C,,,,,,,,50,50,60,32,8,balanced,1484,1496,1535,,,,,,21,,,9,0,53,,95,0,,,,,,
1009002,2685,筒井家,筒井|順昭,つつい|じゅんしょう,筒井順昭,,筒井家,筒井城,大和筒井氏当主。越智氏らと争いながら筒井城を奪回し、大和国衆をまとめて勢力を伸ばした。大和平定後まもなく病没し、幼い順慶を残したため家臣団が家督を支えた。,77,,0,363,75,55,78,78,77,47,C,,D,D,,,,,50,50,56,38,8,balanced,1523,1535,1550,,筒井順興と筒井順興室の子,1009001,,21,,,,9,0,53,,95,0,,,,,,
1009003,2686,筒井家,筒井|順慶,つつい|じゅんけい,筒井順慶,,筒井家,筒井城,筒井氏当主。幼くして家督を継ぎ、松永久秀に筒井城を追われるが反攻を続けた。織田信長に属して大和一国を任され、本能寺の変後は明智光秀に応じず羽柴秀吉に従った。,78,,0,317,57,45,69,80,66,70,,D,,D,,,,,50,50,50,42,8,conservative,1549,1550,1584,,筒井順昭の子,1009002,,,,,,9,0,53,筒井城主,100,1000,,,tsutsui_junkei.webp,,,
1009004,2687,筒井家,筒井|順政,つつい|じゅんせい,筒井順政,,筒井家,筒井城,大和国衆。官符衆徒として筒井氏を率い、松永久秀の大和侵攻に対抗した。筒井城を失っても抗戦を続ける一方、額安寺に置文を出すなど寺社・在地勢力への支配にも携わった。,80,,0,269,53,27,68,64,57,49,D,,,,,,,,29,21,33,61,10,hermit,1524,1536,1564,,筒井順興の子,1009001,,21,,,,9,0,53,,95,0,,,,,,
1009005,2688,筒井家,慈明寺|順国,じみょうじ|じゅんこく,慈明寺順国,1572:筒井|0:つつい|0,筒井家,筒井城,,0,,0,262,39,26,62,66,69,63,,,,,,,,,25,15,70,56,3,balanced,1531,1543,1585,true,筒井順興の子。別名：筒井順国,1009001,,,,,,9,0,53,,95,0,,,,,,
1009006,2689,筒井家,筒井|定次,つつい|さだつぐ,筒井定次,,筒井家,筒井城,筒井順慶の養子。順慶の死後に家督を継ぎ、秀吉から伊賀一国を与えられ上野城を築いた。関ヶ原では東軍に属したが改易。旧臣の大坂方参加を疑われ、子とともに切腹した。,79,,0,312,74,67,74,36,61,54,D,,,D,,,,,50,50,76,45,8,balanced,1562,1574,1615,true,慈明寺順国の子、筒井順慶の養子,1009005,1009003,,,,,9,0,53,,95,0,,,,,,
1009007,2690,筒井家,筒井|順定,つつい|としさだ,筒井順定,,筒井家,筒井城,,0,,0,243,47,58,51,42,45,49,,,,,,,,,50,50,35,54,8,conservative,1601,1613,1615,true,筒井定次の子,1009006,,,,,,9,0,53,,95,0,,,,,,
1009008,2691,諸：興福寺,福住|順弘,ふくずみ|じゅんこう,福住順弘,,興福寺,筒井城,筒井家臣。福住氏当主。筒井順興の子で宗職の養子。井ノ市城を本拠とし、伊賀攻めでは大将として名張へ侵攻。羽柴政権下でも福住・馬場・山田・深川ら諸村に知行を得た。,79,,0,291,49,50,59,65,68,57,,,,,,,,,50,50,44,55,5,hermit,1533,1545,1595,,筒井順興の子、福住宗職の養子,1009001,2047001,,,,,0,47,53,,50,0,,,,,,
1009009,2692,筒井家,筒井|定慶,つつい|さだよし,筒井定慶,,筒井家,筒井城,,0,,0,187,35,35,46,37,34,54,,,,,,,,,43,40,42,55,5,conservative,1566,1578,1615,true,福住順弘の子、筒井順慶の養子,1009008,1009003,,,,,9,0,53,,95,0,,,,,,
1009010,2693,筒井家,山田|某,やまだ|なにがし,山田某,,筒井家,筒井城,,0,,0,0,0,0,0,0,0,0,,,,,,,,,0,0,0,0,0,hermit,1465,9999,1515,,,,,,,,,9,0,53,,95,0,,,,,,
1009011,2694,筒井家,山田|順貞,やまだ|としさだ,山田順貞,,筒井家,筒井城,,0,,0,208,16,12,68,50,62,42,,,,,,,,,22,11,17,80,9,hermit,1501,1513,1573,,山田某の子,1009010,,,,,,9,0,53,,95,0,,,,,,
1009012,2695,筒井家,山田|順清,やまだ|としきよ,山田順清,,筒井家,筒井城,,0,,0,229,48,57,45,34,45,53,,,,,,,,,26,16,19,78,9,hermit,1531,1543,1569,true,山田順貞の子,1009011,,,,,,9,0,53,,95,0,,,,,,
1009013,2696,筒井家,飯田|頼直,いいだ|よりなお,飯田頼直,,筒井家,筒井城,,0,,0,254,54,62,48,45,45,48,,,,,,,,,38,33,33,65,7,balanced,1517,1529,1577,,,,,,,,,9,0,53,,95,0,,,,,,
1009014,2697,筒井家,井戸|良弘,いど|よしひろ,井戸良弘,,筒井家,筒井城,大和国衆。井戸城主。義弟・筒井順慶に属し、のち織田信長のもとで山城槙島城主となった。本能寺の変後、秀吉を助けず改易され奈良へ退隠。関ヶ原では徳川方についた。,78,,0,263,49,51,46,53,64,60,,,,,,,,,50,50,61,35,15,balanced,1533,1545,1612,,,,,,,,,9,0,53,,95,0,,,,,,
1009015,2698,筒井家,岸田|忠氏,きしだ|ただうじ,岸田忠氏,,筒井家,筒井城,,0,,0,232,48,54,31,41,58,61,,,,,,,,,57,60,38,67,10,aggressive,1550,1562,1616,,,,,,,,,9,0,53,,95,0,,,,,,
1009016,2699,筒井家,島|清国,しま|きよくに,島清国,,筒井家,筒井城,,0,,0,220,40,62,24,40,54,30,,,,,,,,,24,14,75,19,65,conservative,1508,1520,1567,,,,,,,,,9,0,53,,80,0,,,,,,
1009017,2700,筒井家,島|清興,しま|きよおき,島清興,,筒井家,筒井城,石田家臣。もとは筒井順慶に仕え、のちに石田三成の参謀となった。朝鮮出兵にも従軍。関ヶ原では西軍の先鋒を率いて東軍を押し返すなど奮戦し、決戦の中で討死した。,77,,0,374,86,89,57,65,77,85,A,A,,C,C,,,猛将,50,50,65,94,15,balanced,1540,1552,1600,true,島清国の子。別名：島勝猛、島左近,1009016,,,,,,9,0,53,,95,0,,,,,,
1009018,2701,筒井家,島|清勝,しま|きよかつ,島清勝,,筒井家,筒井城,,0,,0,250,59,73,36,37,45,60,,,,D,,,,,50,50,21,88,15,balanced,1558,1570,1600,true,島清興の子,1009017,,,,,,9,0,53,,95,0,,,,,,
1009019,2702,筒井家,十市|遠忠,とおち|とおただ,十市遠忠,,筒井家,筒井城,大和十市氏当主。竜王山城を築いて勢力を広げ、筒井氏らと結びながら大和国衆として地位を固めた。一方で和歌にも秀で、三条西実隆らと交流して多くの歌書を書写した。,78,,0,309,54,63,68,65,59,52,,,,,,,,,40,35,44,50,37,aggressive,1497,1509,1545,,,,,,,,,9,0,53,,90,0,,,,,,
1009020,2703,筒井家,十市|遠勝,とおち|とおかつ,十市遠勝,,筒井家,筒井城,,0,,0,248,49,59,38,45,57,47,D,,,,,,,,26,16,36,55,37,aggressive,1530,1542,1569,,十市遠忠の子,1009019,,,,,,9,0,53,,90,0,,,,,,
1009021,2704,筒井家,中坊|秀祐,なかのぼう|ひですけ,中坊秀祐,,筒井家,筒井城,筒井家臣。興福寺衆徒の家。筒井定次に仕えたのち徳川家康に召し出され、大和吉野郡に三千五百石を得た。定次の不行跡を家康へ訴え、筒井氏改易の契機となった。,75,,0,297,45,25,76,75,76,61,,,,,,,,,64,70,86,16,35,conservative,1551,1563,1609,true,,,,,,,,9,0,53,,85,0,,,,,,
1009022,2705,筒井家,中坊|秀政,なかのぼう|ひでまさ,中坊秀政,,筒井家,筒井城,奈良奉行。中坊秀祐の子。家康に仕え、初代奈良奉行として幕府直轄地の奈良町を支配した。自邸を代官屋敷とし、福島高晴改易後は小堀政一と宇陀松山城の城割りを担当した。,80,,0,192,21,12,72,43,44,56,,,,,,,,,50,50,52,43,35,conservative,1577,1589,1636,,中坊秀祐の子,1009021,,,,,,9,0,53,,85,0,,,,,,
1009023,2706,筒井家,箸尾|高春,はしお|たかはる,箸尾高春,,筒井家,筒井城,,0,,0,261,45,50,57,56,53,58,,,D,,,,,,50,50,52,40,5,conservative,1546,1558,1620,,,,,,,,,9,0,53,,85,0,,,,,,
1009024,2707,筒井家,松倉|重信,まつくら|しげのぶ,松倉重信,,筒井家,筒井城,筒井家臣。通称右近。島清興と並び「右近左近」と称された。筒井順慶に仕え、大和越智に三千石を得た。順慶の死後も定次に従い、伊賀転封に伴って名張八千石を領した。,78,,0,311,43,47,71,79,71,60,,,,,,,,,50,50,60,68,6,balanced,1543,1555,1593,,,,,,,,,9,0,53,,95,500,true,,,,,
1009025,2708,筒井家,松倉|重政,まつくら|しげまさ,松倉重政,,筒井家,筒井城,徳川家臣。島原藩初代藩主。重信の子。関ヶ原と大坂の陣の戦功で肥前高来郡へ加増転封された。島原城を築いて城下を整備する一方、キリシタン弾圧と重い年貢を進めた。,78,,0,168,55,42,19,25,27,12,D,D,D,,,,,,20,8,50,32,8,aggressive,1571,1583,1630,,松倉重信の子。筒井→徳川,1009024,,,,,,9,0,53,,85,0,,,,,,
1009026,2709,筒井家,松倉|勝家,まつくら|かついえ,松倉勝家,,筒井家,筒井城,肥前島原藩二代藩主。松倉重政の子。父の跡を継ぎ私検地を行うが、重税とキリシタン弾圧下で島原の乱が発生。乱後に所領を没収され、悪政の責任を問われ斬罪となった。,78,,0,74,11,25,7,13,18,16,,,,,,,,,18,5,47,34,9,conservative,1597,1609,1638,true,松倉重政の子。筒井→徳川,1009025,,,,,,9,0,53,,85,0,,,,,,
1009027,2710,筒井家,森|好之,もり|よしゆき,森好之,,筒井家,筒井城,,0,,0,275,35,35,70,66,69,53,,,,,,,,,50,50,28,54,11,conservative,1518,1530,1590,,,,,,,,,9,0,53,,95,500,,,,,,
1009028,2711,筒井家,森|好高,もり|よしたか,森好高,,筒井家,筒井城,,0,,0,192,26,19,57,45,45,46,,,,,,,,,50,50,16,38,11,conservative,1545,1557,1618,,森好之の子,1009027,,,,,,9,0,53,,95,0,,,,,,
1088001,2712,天童家,天童|義宗,てんどう|よしむね,天童義宗,,天童家,天童城,,0,,0,0,0,0,0,0,0,0,,,,,,,,,0,0,0,0,92,hermit,1330,9999,1380,,斯波家兼の子,,,,,,,88,0,225,,95,0,,,,,,
1088002,2713,天童家,天童|頼尚,てんどう|よりなお,天童頼尚,,天童家,天童城,,0,,0,0,0,0,0,0,0,0,,,,,,,,,0,0,0,0,92,hermit,1445,9999,1495,,天童義宗の子孫,1088001,,,,,,88,0,225,,95,0,,,,,,
1088003,2714,天童家,天童|頼道,てんどう|よりみち,天童頼道,,天童家,天童城,,0,,0,242,37,33,56,56,60,50,,,,,,,,,36,30,39,55,92,balanced,1469,1481,1534,,天童頼尚の子,1088002,,,,,,88,0,225,,95,0,,,,,,
1088004,2715,天童家,天童|頼長,てんどう|よりなが,天童頼長,,天童家,天童城,天童氏当主。天童城主。天童頼道の子。伊達稙宗が上山を陥れ高擶・天童へ進出すると、伊達方に協力した山寺立石寺を攻撃し、一山を焼き払い村山で伊達氏に抗した。,76,,0,278,60,58,61,47,52,59,,D,,,,,,,50,50,40,61,92,aggressive,1499,1511,1564,,天童頼道の子,1088003,,,,,,88,0,225,天童城主,100,1000,,,,,,
1088005,2716,天童家,天童|頼貞,てんどう|よりさだ,天童頼貞,,天童家,天童城,天童氏当主。下筋八楯の盟主として村山北部に勢力を張る。最上義守・義光父子の争いでは義守方につき、義光の攻撃を天童城で退けた。のち娘を義光に嫁がせて和睦した。,78,,0,344,66,65,64,72,77,69,,C,,,,,,,57,60,42,61,91,aggressive,1533,1545,1583,,天童頼道の子,1088003,,,,,,88,0,225,,95,700,,,,,,
1088006,2717,天童家,天童|頼澄,てんどう|よりずみ,天童頼澄,,天童家,天童城,天童氏当主。天童頼貞の子。最上義光の攻撃に敗れて天童城を失い、伊達氏を頼った。多賀城の八幡など千五百石を与えられ、伊達家の準一家に列せられて天童家を存続させた。,80,,0,250,54,49,51,48,48,58,,,,,,,,,57,60,49,85,83,balanced,1558,1570,1626,,天童頼貞の子。天童→伊達,1088005,,,,,,88,0,225,,95,0,,,,,,
1088007,2718,天童家,東根|頼景,ひがしね|よりかげ,東根頼景,,天童家,天童城,,0,,0,229,57,52,40,39,41,52,,,,,,,,,50,50,36,67,8,balanced,1560,1572,1581,true,天童頼貞の子、東根頼息の養子,1088005,1088019,,,,,88,0,225,,95,0,,,,,,
1088008,2719,天童家,倉津|守俊,くらつ|もりとし,倉津守俊,,天童家,天童城,,0,,0,237,59,51,44,38,45,49,,,,,,,,,33,26,38,55,4,balanced,1539,1551,1598,,天童→最上,,,,,,,88,0,225,,95,0,,,,,,
1088009,2720,天童家,小国|光基,おぐに|あきもと,小国光基,,天童家,天童城,,0,,0,253,45,38,67,51,52,58,,,,,,,,,68,76,47,60,4,balanced,1561,1573,1631,,倉津守俊の子。天童→最上,1088008,,,,,,88,0,225,,95,0,,,,,,
1088010,2721,天童家,糟谷|延元,かすや|のぶもと,糟谷延元,,天童家,延沢城,,0,,0,204,33,26,53,50,42,47,,,,,,,,,45,43,28,68,1,balanced,1529,1541,1607,,延沢家臣,,,,,,,88,0,224,,80,0,,,,,,
1088011,2722,天童家,白鳥|義久,しらとり|よしひさ,白鳥義久,,天童家,天童城,,0,,0,261,48,43,51,59,60,50,,,,,,,,,25,15,28,65,1,balanced,1495,1507,1547,,,,,,,,,88,0,225,,95,0,,,,,,
1088012,2723,天童家,白鳥|長久,しらとり|ながひさ,白鳥長久,,天童家,天童城,出羽国衆。谷地城主。谷地城を築いて谷地本町を形成し、谷地八幡宮を城下へ遷した。村山郡で勢力を広げたが、最上義光に山形城へ誘い出され殺害され、白鳥氏は滅亡した。,79,,0,353,72,69,67,77,68,63,D,,,,,,,,29,21,53,32,1,aggressive,1523,1535,1584,true,白鳥義久の子,1088011,,,,,,88,0,225,,95,0,true,,,,,
1088013,2724,天童家,楯岡|満英,たておか|みつひで,楯岡満英,,天童家,天童城,,0,,0,220,48,60,40,32,40,47,,,,,,,,,36,30,64,51,5,balanced,1525,1537,1580,true,天童→最上,,,,,,,88,0,225,,95,0,,,,,,
1088014,2725,天童家,楯岡|満茂,たておか|みつしげ,楯岡満茂,,天童家,天童城,最上家重臣。関ヶ原後、由利郡支配を任され、佐竹氏への備えとして赤尾津に入部。のち子吉郷本城に城と城下を築き、本城姓を称した。最上氏改易で由利を退去した。,76,,0,302,63,61,63,55,60,61,,D,,,,,,,43,40,40,65,5,balanced,1556,1568,1639,,楯岡満英の子。天童→最上,1088013,,,,,,88,0,225,,95,0,,,,,,
1088015,2726,天童家,寺津|秀清,てらづ|ひできよ,寺津秀清,,天童家,天童城,,0,,0,202,37,44,48,40,33,49,,,,,,,,,50,50,31,74,92,balanced,1532,1544,1584,true,,,,,,,,88,0,225,,95,0,,,,,,
1088016,2727,天童家,延沢|満重,のべさわ|みつしげ,延沢満重,,天童家,延沢城,延沢城主。天童氏を盟主とする最上八楯の一員で、領内に延沢銀山を抱えていた。天女と出会い、その羽衣を隠して妻としたことで、子・満延が誕生したという。,73,延沢城主。天童氏を盟主とする最上八楯の一員で、領内に延沢銀山を抱えていた。天女と出会い、その羽衣を隠して妻としたことで、子・満延が誕生したという。,73,269,56,63,51,47,52,56,,,,,,,,,34,28,65,16,1,balanced,1503,1515,1559,,,,,,,,,88,0,224,,95,0,,,,,,
1088017,2728,天童家,延沢|満延,のべさわ|みつのぶ,延沢満延,,天童家,延沢城,最上家臣。満重の子。天童氏らと共に最上義光と長年にわたって争い、幾度も義光を破った。義光への降伏の条件として天童頼澄の助命を願い出、頼澄は約束通りに見逃された。,80,最上家臣。満重の子。天童氏らと共に最上義光と長年にわたって争い、幾度も義光を破った。義光への降伏の条件として天童頼澄の助命を願い出、頼澄は約束通りに見逃された。,80,328,72,84,56,52,64,65,B,,,D,C,,,猛将,50,50,79,36,1,aggressive,1544,1556,1591,,延沢満重の子。天童→最上,1088016,,,,,,88,0,224,延沢城主,95,300,,,,,,
1088018,2729,天童家,延沢|光昌,のべさわ|あきまさ,延沢光昌,,天童家,延沢城,,0,,0,233,57,51,38,46,41,48,,,,,,,,,50,50,65,16,1,balanced,1568,1580,1643,,延沢満延の子。天童→最上,1088017,,,,,,88,0,224,,95,0,,,,,,
1088019,2730,天童家,東根|頼息,ひがしね|よりたか,東根頼息,,天童家,天童城,,0,,0,204,41,47,35,38,43,45,,,,,,,,,34,28,30,67,8,conservative,1486,1498,1563,true,,,,,,,,88,0,225,,95,300,,,,,,
1088020,2731,天童家,東根|景佐,ひがしね|かげより,東根景佐,,天童家,天童城,最上家臣。里見景佐とも称す。東根城主となり城郭・城下町を整備。最上義光から二度の加増を受けた。連歌にも親しみ、里村昌琢に作品の添削を求めた書状が伝わる。,76,,0,291,55,64,50,59,63,56,,,,,,,,,40,36,66,33,4,aggressive,1558,1570,1620,,頼景を暗殺し東根家を乗っ取る？または単なる弟,,,,,,,88,0,225,,95,0,,,,,,
1088021,2732,天童家,東根|親宜,ひがしね|ちかのぶ,東根親宜,,天童家,天童城,,0,,0,241,48,36,55,53,49,53,,,,,,,,,50,50,42,58,4,conservative,1581,1593,1647,,東根景佐の子,1088020,,,,,,88,0,225,,95,0,,,,,,
1012001,2733,岩村遠山家,遠山|景朝,とおやま|かげとも,遠山景朝,,遠山家,岩村城,,0,,0,0,0,0,0,0,0,0,,,,,,,,,0,0,0,0,4,hermit,1180,9999,1230,,,,,,,,,12,0,4,,95,0,,,,,,
1012002,2734,岩村遠山家,遠山|景員,とおやま|かげかず,遠山景員,,遠山家,岩村城,,0,,0,0,0,0,0,0,0,0,,,,,,,,,0,0,0,0,4,hermit,1200,9999,1250,,遠山景朝の子,1012001,,,,,,12,0,4,,95,0,,,,,,
1012003,2735,岩村遠山家,遠山|景明,とおやま|かげあきら,遠山景明,,遠山家,岩村城,,0,,0,0,0,0,0,0,0,0,,,,,,,,,0,0,0,0,4,hermit,1270,9999,1320,,遠山景員の曾孫,,,,,,,12,0,4,,95,0,,,,,,
1012004,2736,岩村遠山家,遠山|景義,とおやま|かげひで,遠山景秀,,遠山家,岩村城,,0,,0,0,0,0,0,0,0,0,,,,,,,,,0,0,0,0,4,hermit,1295,9999,1345,,遠山景明の子,1012003,,,,,,12,0,4,,95,0,,,,,,
1012005,2737,岩村遠山家,遠山|景友,とおやま|かげとも,遠山景友,,遠山家,岩村城,,0,,0,0,0,0,0,0,0,0,,,,,,,,,0,0,0,0,4,hermit,1470,9999,1524,true,遠山景秀の子孫,1012004,,,,,,12,0,4,,95,0,,,,,,
1012006,2738,岩村遠山家,遠山|景前,とおやま|かげさき,遠山景前,,遠山家,岩村城,,0,,0,234,28,26,66,61,53,52,,,,,,,,,50,50,44,55,4,conservative,1493,1505,1556,,遠山景友の子,1012005,,,,,,12,0,4,,95,200,,true,,,,
1012007,2739,岩村遠山家,遠山|景任,とおやま|かげとう,遠山景任,,遠山家,岩村城,美濃国衆。岩村城主。遠山景前の子。織田信長の叔母を妻とし、武田氏にも従属して両勢力の間に立った。織田・武田の同盟破綻後は秋山虎繁の侵攻に備え、城中で病没した。,79,,0,255,56,57,42,47,53,36,,D,,D,,,,,36,30,40,70,4,conservative,1519,1531,1572,,遠山景前の子,1012006,,,,,,12,0,4,岩村城主,100,1000,,,,,,
1012008,2740,岩村遠山家,遠山|直廉,とおやま|なおかど,遠山直廉,,遠山家,岩村城,,0,,0,200,38,32,44,46,40,40,,,,,,,,,22,11,34,56,99,balanced,1526,1538,1569,true,遠山景前の子,1012006,,,,,,12,0,4,,95,0,,,,,,
1012009,2741,飯羽間遠山家,遠山|景義,とおやま|かげよし,遠山景義,,遠山家,岩村城,,0,,0,0,0,0,0,0,0,0,,,,,,,,,0,0,0,0,98,hermit,1300,9999,1350,,遠山景明の子,1012003,,,,,,12,0,4,,95,0,,,,,,
1012010,2742,飯羽間遠山家,遠山|友勝,とおやま|ともかつ,遠山友勝,,遠山家,岩村城,,0,,0,223,38,35,56,50,44,49,,,,,,,,,43,40,37,61,98,aggressive,1515,1527,1571,true,遠山景義の子孫、遠山直廉の嗣子,1012009,1012008,,,,,12,0,4,,95,0,,,,,,
1012011,2743,苗木遠山家,遠山|友忠,とおやま|ともただ,遠山友忠,,遠山家,岩村城,苗木遠山氏当主。木曾義昌の武田離反を仲介して信長に進言し、武田攻めを助けた。本能寺の変後は森長可への従属を拒み、法泉寺坂で伏兵と偽退却を用いて森軍を破った。,78,,0,279,53,56,60,57,53,53,D,,,,,,,,29,21,40,50,98,aggressive,1538,1550,1587,,遠山友勝の子,1012010,,,,,,12,0,4,,90,500,true,,,,,
1012012,2744,苗木遠山家,遠山|友信,とおやま|とものぶ,遠山友信,,遠山家,岩村城,,0,,0,175,41,44,30,29,31,38,,,,,,,,,24,14,29,63,98,balanced,1555,1567,1582,true,遠山友忠の子。遠山→武田,1012011,,,,,,12,0,4,,90,0,,,,,,
1012013,2745,苗木遠山家,遠山|友政,とおやま|ともまさ,遠山友政,,遠山家,岩村城,苗木城主。遠山友忠の子。信長に仕えたが、本能寺の変後に森長可に城を奪われ家康を頼る。関ヶ原では苗木城を奪回して旧領を回復し、一万五百石の苗木藩初代藩主となった。,80,,0,243,39,52,50,50,52,51,,,,,,,,,47,45,59,32,97,aggressive,1556,1568,1620,,遠山友忠の子,1012011,,,,,,12,0,4,,90,0,,,,,,
1012014,2746,苗木遠山家,遠山|秀友,とおやま|ひでとも,遠山秀友,,遠山家,岩村城,,0,,0,210,37,43,48,42,40,49,,,,,,,,,50,50,39,62,97,conservative,1609,1621,1642,,遠山友政の子,1012013,,,,,,12,0,4,,90,0,,,,,,
1012015,2747,明知遠山家,遠山|景重,とおやま|かげしげ,遠山景重,,遠山家,岩村城,,0,,0,0,0,0,0,0,0,0,,,,,,,,,0,0,0,0,6,hermit,1205,9999,1255,,遠山景朝の子,1012001,,,,,,12,0,4,,95,0,,,,,,
1012016,2748,明知遠山家,遠山|直景,とおやま|なおかげ,遠山直景,,遠山家,岩村城,,0,,0,0,0,0,0,0,0,0,,,,,,,,,0,0,0,0,6,hermit,1480,9999,1533,,遠山景重の子孫,1012015,,,,,,12,0,4,,95,0,,,,,,
1012017,2749,明知遠山家,遠山|景行,とおやま|かげゆき,遠山景行,,遠山家,岩村城,,0,,0,216,45,39,43,48,41,41,,,,,,,,,22,11,49,48,6,balanced,1509,1521,1571,true,遠山直景の子,1012016,,,,,,12,0,4,,95,500,,,,,,
1012018,2750,明知遠山家,遠山|友治,とおやま|ともはる,遠山友治,,遠山家,岩村城,,0,,0,225,50,40,43,49,43,45,,,,,,,,,26,16,24,71,7,aggressive,1533,1545,1574,true,遠山景行の子,1012017,,,,,,12,0,4,,95,0,,,,,,
1012019,2751,明知遠山家,遠山|利景,とおやま|としかげ,遠山利景,,遠山家,岩村城,,0,,0,244,44,55,44,48,53,47,,,,,,,,,24,14,25,69,8,balanced,1540,1552,1614,,遠山景行の子。織田(河尻)→徳川秀忠,1012017,,,,,,12,0,4,,95,0,,,,,,
1012020,2752,明知遠山家,遠山|方景,とおやま|みちかげ,遠山方景,,遠山家,岩村城,,0,,0,241,51,50,47,44,49,49,,,,,,,,,36,30,38,56,8,balanced,1575,1587,1638,,遠山利景の子。織田(河尻)→徳川秀忠,1012019,,,,,,12,0,4,,95,0,,,,,,
1012021,2753,遠山家,土岐|信友,とき|のぶとも,土岐信友,,遠山家,岩村城,,0,,0,242,46,47,47,59,43,48,,,,,,,,,27,18,40,60,2,balanced,1532,1544,1589,,,,,,,,,12,0,4,,95,0,,true,,,,
1012022,2754,遠山家,延友|信光,のぶとも|のぶみつ,延友信光,,遠山家,岩村城,,0,,0,197,50,44,34,33,36,42,,,,,,,,,27,18,40,60,2,aggressive,1556,1568,1584,true,土岐信友の子,1012021,,,,,,12,0,4,,95,0,,,,,,
1083001,2755,戸沢家,戸沢|征盛,とざわ|ゆきもり,戸沢征盛,,戸沢家,角館城,,0,,0,0,0,0,0,0,0,0,,,,,,,,,0,0,0,0,39,hermit,1447,9999,1493,,,,,,,,,83,0,220,,95,0,,,,,,
1083002,2756,戸沢家,戸沢|秀盛,とざわ|ひでもり,戸沢秀盛,,戸沢家,角館城,,0,,0,0,0,0,0,0,0,0,,,,,,,,,0,0,0,0,39,hermit,1466,9999,1529,,戸沢征盛の子,1083001,,,,,,83,0,220,,95,0,,,,,,
1083003,2757,戸沢家,戸沢|道盛,とざわ|みちもり,戸沢道盛,,戸沢家,角館城,戸沢氏当主。秀盛の子。幼く家督を継ぐと叔父・忠盛に角館城を奪われたが、外祖父・楢岡清長の支援で復帰。小野寺氏の侵攻をしのぎ、のち六郷氏と楢岡氏の和睦を仲介した。,80,,0,259,58,52,47,49,53,51,,D,,,,,,,29,21,37,55,39,aggressive,1524,1529,1604,,戸沢秀盛の子,1083002,,,,,,83,0,220,角館城主,100,1000,,,,,,
1083004,2758,戸沢家,門屋|盛重,かどや|もりしげ,門屋盛重,,戸沢家,角館城,,0,,0,275,49,64,45,53,64,54,,,,,,,,,36,30,43,50,43,balanced,1551,1563,1592,,戸沢道盛の子、門屋宗盛の養子,1083003,1083011,,,,,83,0,220,,95,500,,,,,,
1083005,2759,戸沢家,戸沢|盛安,とざわ|もりやす,戸沢盛安,,戸沢家,角館城,戸沢氏当主。若くして角館城主となり、小野寺・安東氏らと戦って山本郡を統一し、戸沢氏の最盛期を築いた。中央政権にも接近し、小田原征伐へ参陣したが陣中で病没した。,79,,0,362,82,87,54,61,78,65,,B,,C,,,,鬼,40,35,40,55,39,balanced,1566,1578,1590,,戸沢道盛の子,1083003,,,,,,83,0,220,,95,0,,,,,,
1083006,2760,戸沢家,戸沢|政盛,とざわ|まさもり,戸沢政盛,,戸沢家,角館城,戸沢盛安の子。父と叔父の死後家督を継いだ。関ヶ原の戦功で常陸松岡を領し、出羽新庄へ移封。新庄城を築き、城下町・羽州街道・郷村行政を整備し、産業や鉱山も開発した。,80,,0,195,49,45,37,31,33,45,,,,,,,,,43,40,37,61,39,balanced,1585,1597,1648,,戸沢盛安の子,1083005,,,,,,83,0,220,,95,0,,,,,,
1083007,2761,戸沢家,戸沢|光盛,とざわ|みつもり,戸沢光盛,,戸沢家,角館城,,0,,0,245,46,53,48,48,50,54,,,,,,,,,50,50,27,63,39,aggressive,1576,1588,1592,,戸沢道盛の子、戸沢盛安の養子,1083003,1083005,,,,,83,0,220,,95,0,,,,,,
1083008,2762,戸沢家,戸沢|忠盛,とざわ|ただもり,戸沢忠盛,,戸沢家,角館城,,0,,0,191,48,49,30,28,36,43,,,,,,,,,50,50,73,28,27,balanced,1484,1496,1545,true,戸沢征盛の子,1083001,,,,,,83,0,220,,95,0,,,,,,
1083009,2763,戸沢家,戸沢|盛門,とざわ|もりかど,戸沢盛門,,戸沢家,角館城,,0,,0,210,41,55,38,37,39,47,,,,,,,,,50,50,59,41,27,balanced,1508,1520,1572,,戸沢忠盛の子,1083008,,,,,,83,0,220,,95,0,,,,,,
1083010,2764,戸沢家,戸沢|政重,とざわ|まさしげ,戸沢政重,,戸沢家,角館城,,0,,0,269,44,46,50,60,69,57,,,,,,,,,50,50,48,50,41,conservative,1493,1505,1578,,戸沢征盛の子,1083001,,,,,,83,0,220,,95,500,,,,,,
1083011,2765,戸沢家,門屋|宗盛,かどや|むねもり,門屋宗盛,,戸沢家,角館城,,0,,0,205,40,47,40,34,44,44,,,,,,,,,40,36,75,34,68,balanced,1535,1547,1589,true,,,,,,,,83,0,220,,85,0,,,,,,
1083012,2766,戸沢家,黒川|光武,くろかわ|みつたけ,黒川光武,,戸沢家,角館城,,0,,0,272,51,67,60,43,51,58,,,,,,,,,50,50,30,61,43,balanced,1516,1528,1600,,,,,,,,,83,0,220,,95,300,,,,,,
1083013,2767,戸沢家,黒川|光宗,くろかわ|みつむね,黒川光宗,,戸沢家,角館城,,0,,0,258,50,57,51,53,47,57,,,,,,,,,58,61,37,54,43,balanced,1550,1562,1613,,黒川光武の子,1083012,,,,,,83,0,220,,95,0,,,,,,
1083014,2768,戸沢家,白岩|盛重,しらいわ|もりしげ,白岩盛重,,戸沢家,角館城,,0,,0,259,65,62,47,40,45,50,D,,,,,,,,26,16,38,52,42,aggressive,1543,1555,1601,,,,,,,,,83,0,220,,95,0,,,,,,
1083015,2769,戸沢家,白岩|盛直,しらいわ|もりなお,白岩盛直,,戸沢家,角館城,,0,,0,219,39,67,41,35,37,43,,,,,,,,,26,16,45,42,42,balanced,1565,1577,1625,,白岩盛重の子,1083014,,,,,,83,0,220,,95,0,,,,,,
1083016,2770,戸沢家,富樫|忠之,とがし|ただゆき,富樫忠之,,戸沢家,角館城,,0,,0,233,37,31,63,54,48,45,,,,,,,,,22,11,39,62,40,conservative,1486,1498,1557,,,,,,,,,83,0,220,,95,0,,,,,,
1083017,2771,戸沢家,富樫|勝家,とがし|かついえ,富樫勝家,,戸沢家,角館城,,0,,0,218,38,42,52,45,41,43,,,,,,,,,22,11,23,57,40,conservative,1541,1553,1611,,富樫忠之の子,1083016,,,,,,83,0,220,,95,0,,,,,,
1083018,2772,戸沢家,戸沢|政房,とざわ|まさふさ,戸沢政房,,戸沢家,角館城,,0,,0,225,51,67,33,33,41,46,,,,,,,,,31,23,43,54,39,aggressive,1560,1572,1633,,,,,,,,,83,0,220,,95,0,,,,,,
1083019,2773,戸沢家,戸蒔|信安,とまき|のぶやす,戸蒔信安,,戸沢家,角館城,,0,,0,222,52,50,37,40,43,44,,,,,,,,,22,11,19,77,34,balanced,1527,1539,1576,,,,,,,,,83,0,220,,95,0,,,,,,
1083020,2774,戸沢家,戸蒔|義広,とまき|よしひろ,戸蒔義広,,戸沢家,角館城,,0,,0,214,51,57,39,36,31,44,,,,,,,,,26,16,31,61,34,balanced,1556,1568,1600,,戸蒔信安の子,1083019,,,,,,83,0,220,,95,0,,,,,,
1083021,2775,戸沢家,戸蒔|義昌,とまき|よしまさ,戸蒔義昌,,戸沢家,角館城,,0,,0,235,53,39,51,49,43,47,,,,,,,,,28,19,33,59,34,balanced,1559,1571,1586,true,戸蒔信安の子,1083019,,,,,,83,0,220,,95,0,,,,,,
1083022,2776,戸沢家,楢岡|清長,ならおか|きよなが,楢岡清長,,戸沢家,角館城,楢岡氏6代当主。光芳の子。戸沢道盛が叔父・忠盛に追われると旧臣を説得し復帰させた。小野寺輝道の角館攻めでは南部・六郷・本堂氏を動かし、背後を脅かして撤兵させた。,80,,0,324,70,65,59,63,67,59,,,,D,,,,,22,11,47,72,41,balanced,1493,1505,1564,,,,,,,,,83,0,220,,95,300,true,,,,,
1083023,2777,戸沢家,楢岡|光兼,ならおか|みつかね,楢岡光兼,,戸沢家,角館城,,0,,0,252,51,39,55,56,51,49,,,,,,,,,26,16,26,69,41,balanced,1544,1556,1575,,楢岡清長の子,1083022,,,,,,83,0,220,,95,0,,,,,,
1083024,2778,戸沢家,楢岡|光清,ならおか|みつきよ,楢岡光清,,戸沢家,角館城,戸沢家臣。楢岡城主。楢岡清長の子。兄・光兼の死後に家督を継ぐ。安東領へ出兵し、小野寺氏との戦いで戸沢盛安を援護。唐松野の戦いでは五百余を率いて勝利に貢献した。,79,,0,275,68,63,47,41,56,57,D,,,,,,,,43,40,31,70,41,aggressive,1550,1562,1604,,楢岡清長の子,1083022,,,,,,83,0,220,,95,0,,,,,,
1001001,2779,府中長尾家,長尾|景恒,ながお|かげつね,長尾景恒,,長尾家,坂戸城,,0,,0,0,0,0,0,0,0,0,,,,,,,,,0,0,0,0,15,hermit,1298,9999,1368,,,,,,,,,2,0,68,,95,0,,,,,,
1001002,2780,上田長尾家,長尾|長景,ながお|ながかげ,長尾長景,,長尾家,坂戸城,,0,,0,0,0,0,0,0,0,0,,,,,,,,,0,0,0,0,9,hermit,1320,9999,1370,,長尾景恒の子,1001001,,,,,,2,0,68,,95,0,,,,,,
1001003,2781,上田長尾家,長尾|房長,ながお|ふさなが,長尾房長,,長尾家,坂戸城,上田長尾氏当主。坂戸城主。坂戸城を本格的に築き、上田荘支配の拠点とした。上条定憲が長尾為景に反旗を翻すと定憲方についた。下倉城・蔵王堂を攻めて抗争を続けた。,78,,0,309,35,58,70,73,73,58,D,D,,,,,,,26,16,27,67,9,balanced,1494,1506,1552,,長尾長景の来孫,,,,,,,2,0,68,,95,0,,,,,,
1001004,2782,上田長尾家,長尾|政景,ながお|まさかげ,長尾政景,,長尾家,坂戸城,上田長尾氏当主。長尾景虎に抗したのち屈服し、その姉・仙桃院を妻として坂戸城から魚沼郡を治めた。以後は景虎を支えたが野尻池で溺死し、子の顕景が上杉家を継いだ。,78,,0,359,80,72,71,71,65,62,,B,,,,,,,22,11,59,58,9,balanced,1526,1538,1564,true,長尾房長の子、仙桃院の配偶者,1001003,,,7,,,2,0,68,坂戸城主,95,500,,,,,,
1001005,2783,上田長尾家,長尾|顕景,ながお|あきかげ,長尾顕景,1561:上杉|景勝:うえすぎ|かげかつ,長尾家,坂戸城,長尾政景の子。上杉謙信の養子となり、謙信没後の御館の乱を制して家督を継いだ。豊臣政権では五大老として会津を領したが、家康と対立して関ヶ原後は米沢へ減封された。,79,,0,358,70,68,73,78,69,64,,B,,C,,,,,26,16,27,67,10,aggressive,1555,1567,1623,,長尾政景と仙桃院の子、長尾景虎の養子。別名：上杉景勝,1001004,1001015,7,,,,2,0,68,,95,500,,,uesugi_kagekatsu.webp,,,
1001006,2784,上田長尾家,上杉|定勝,うえすぎ|さだかつ,上杉定勝,,長尾家,坂戸城,米沢藩2代藩主。上杉景勝の子。父の死後に家督を継ぎ、幕府との関係を保ちながら藩政を整備。領内総検地を実施して実態把握を進め、書物や古文書の整理にも力を注いだ。,79,,0,301,59,51,68,65,58,52,,,,,,,,,21,9,51,31,10,conservative,1604,1616,1645,,上杉景勝の子,1001005,,,,,,2,0,68,,90,0,,,,,,
1001007,2785,古志長尾家,長尾|景晴,ながお|かげはる,長尾景晴,,長尾家,春日山城,,0,,0,0,0,0,0,0,0,0,,,,,,,,,0,0,0,0,0,hermit,1322,9999,1372,,長尾景恒の子,1001001,,,,,,2,0,2,,90,0,,,,,,
1001008,2786,古志長尾家,長尾|房景,ながお|ふさかげ,長尾房景,,長尾家,春日山城,,0,,0,237,50,50,45,44,48,48,,,,,,,,,29,21,37,55,2,aggressive,1480,1492,1548,,長尾景晴の来孫。上条上杉→上杉,,,,,,,2,0,2,,90,0,,,,,,
1001009,2787,古志長尾家,長尾|景信,ながお|かげのぶ,長尾景信,1561:上杉|0:うえすぎ|0,長尾家,春日山城,,0,,0,245,47,41,58,52,47,52,,,,,,,,,22,11,38,50,2,balanced,1527,1539,1577,,長尾房景の子。別名：上杉景信,1001008,,,,,,2,0,2,,90,0,,,,,,
1001010,2788,府中長尾家,長尾|高景,ながお|たかかげ,長尾高景,,長尾家,春日山城,,0,,0,0,0,0,0,0,0,0,,,,,,,,,0,0,0,0,15,hermit,1333,9999,1389,,長尾景恒の子,1001001,,,,,,2,0,2,,95,0,,,,,,
1001011,2789,府中長尾家,長尾|景房,ながお|かげふさ,長尾景房,,長尾家,春日山城,,0,,0,0,0,0,0,0,0,0,,,,,,,,,0,0,0,0,15,hermit,1370,9999,1425,,長尾高景の子,1001010,,,,,,2,0,2,,95,0,,,,,,
1001012,2790,府中長尾家,長尾|能景,ながお|やすかげ,長尾能景,,長尾家,春日山城,,0,,0,0,0,0,0,0,0,0,,,,,,,,,0,0,0,0,15,hermit,1464,9999,1506,,長尾景房の曾孫,,,,,,,2,0,2,,95,0,,,,,,
1001013,2791,府中長尾家,長尾|為景,ながお|ためかげ,長尾為景,,長尾家,春日山城,越後守護代。能景の子。上杉房能を倒し定実を擁立、関東管領上杉顕定も破り越後の実権を握る。幕府から守護大名級の格式を得るが国衆と抗争し、晩年は晴景へ家督を譲った。,80,,0,351,82,73,54,64,78,62,,B,,,,,,,33,26,62,21,15,aggressive,1489,1501,1543,,長尾能景の子,1001012,,,,,,2,0,2,,95,0,,,,,,
1001014,2792,府中長尾家,長尾|晴景,ながお|はるかげ,長尾晴景,,長尾家,春日山城,越後守護代。為景の子。家督を継ぎ春日山で政務を担い、守護定実の養子に伊達氏の子を迎える交渉に関与。弟・景虎擁立が強まると、定実の調停で景虎へ家督を譲り隠居した。,80,,0,246,33,24,66,64,59,49,,,,,,,,,26,16,24,72,16,conservative,1509,1521,1553,,長尾為景の子,1001013,,,,,,2,0,2,,95,0,,,,,,
1001015,2793,府中長尾家,長尾|景虎,ながお|かげとら,長尾景虎,1561:上杉|輝虎:うえすぎ|てるとら/1570:0|謙信:0|けんしん,長尾家,春日山城,長尾為景の子。越後を統一し、関東管領・上杉憲政の家督を継承して関東へ出兵。信濃を巡って武田信玄と幾度も争った。晩年は越中・能登を平定し、織田氏とも対峙した。,78,長尾為景の子。越後を統一し、関東管領・上杉憲政の家督を継承して関東へ出兵。信濃を巡って武田信玄と幾度も争った。晩年は越中・能登を平定し、織田氏とも対峙した。,78,440,98,100,76,80,86,94,A,S,,B,C,,,越後の龍|踏破,22,11,60,100,15,aggressive,1530,1542,1578,,長尾為景の子、長尾晴景と上杉憲政の養子。別名：上杉政虎、上杉輝虎、上杉謙信,1001013,1001014|1214002,,,,true,2,0,2,春日山城主,100,1500,,,uesugi_kenshin.webp|1561:uesugi_kenshin2.webp,82,弾正少弼,1002002:999|1003003:60
1001016,2794,長尾家,甘粕|景持,あまかす|かげもち,甘粕景持,,長尾家,春日山城,上杉家臣。謙信に仕え川中島では殿軍を務めた。謙信没後は景勝に従い御館の乱を戦い、三条城主として新発田重家の反乱鎮圧にも従事。会津移封にも随行し軍事を長く支えた。,80,,0,357,78,81,57,63,78,63,C,B,,D,,,,退き巧者,22,11,30,61,14,aggressive,1535,1547,1604,,甘粕景継とは別筋,,,,,,,2,0,2,,90,0,,,,,,
1001017,2795,長尾家,甘粕|景継,あまかす|かげつぐ,甘粕景継,,長尾家,春日山城,,0,,0,246,72,68,38,32,36,47,D,C,,,,,,,22,11,40,61,12,aggressive,1550,1562,1611,,甘粕景持とは別筋,,,,,,,2,0,2,,90,0,,,,,,
1001018,2796,長尾家,斑鳩|信好,いかるが|のぶよし,斑鳩信好,,長尾家,春日山城,,0,,0,264,53,78,32,40,61,56,,,,D,,,,,50,50,49,48,99,aggressive,1550,1562,1630,,上杉→加藤清正家臣,,,,,,,2,0,2,,95,0,,,,,,
1001019,2797,長尾家,色部|勝長,いろべ|かつなが,色部勝長,,長尾家,新発田城,長尾・上杉家臣。平林城主。揚北衆。為景の代から仕え、川中島の戦いで軍功を挙げて謙信から「血染めの感状」を受けた。本庄繁長の乱では反乱鎮圧のため本庄城を包囲した。,80,,0,296,74,69,55,52,46,36,,C,,D,,,,,22,11,40,50,16,aggressive,1493,1505,1568,,,,,,,,,2,0,15,,95,0,,,,,,
1001020,2798,長尾家,色部|顕長,いろべ|あきなが,色部顕長,,長尾家,春日山城,,0,,0,224,39,39,54,48,44,44,,,,,,,,,22,11,26,67,14,aggressive,1549,1561,1587,,色部勝長の子,1001019,,,,,,2,0,2,,95,0,,,,,,
1001021,2799,長尾家,色部|長実,いろべ|ながざね,色部長実,,長尾家,春日山城,上杉家臣。平林城主。色部勝長の子。家督を継ぎ景勝に仕え、奥州検地で出羽大森城に在番し一揆鎮圧に従事。帰国時に波宇志別神社を分祀し、千眼寺裏山に保呂羽堂を建てた。,80,,0,263,62,63,49,44,45,48,,D,,,,,,,22,11,34,55,16,balanced,1555,1567,1592,,色部勝長の子,1001019,,,,,,2,0,2,,95,0,,,,,,
1001022,2800,長尾家,岩井|信能,いわい|のぶよし,岩井信能,,長尾家,春日山城,上杉景勝家臣。飯山城将。景勝の命で飯山城を本格的に築き、城下町の整備を進めた。城普請では領内から人夫を徴発し、町人には諸役免除を認めて城下への集住を促した。,78,,0,264,36,42,72,63,51,49,,,,,,,,,22,11,30,61,12,conservative,1553,1565,1620,,,,,,,,,2,0,2,,90,0,,,,,,
1001023,2801,長尾家,宇佐美|定満,うさみ|さだみつ,宇佐美定満,,長尾家,春日山城,上杉家臣。長尾為景と上条定憲の抗争では計略を巡らせて為景を討死寸前まで追い詰めた。長尾景虎が家督を継ぐとこれに従い、長尾政景に備えて要害に入った。,73,上杉家臣。もとは長尾為景方についていたが離反。後方へ計略を巡らせ為景を討死寸前まで追い詰めた。長尾景虎が家督を継ぐとこれに従い、長尾政景に備えて要害に入った。,79,356,70,59,66,77,84,79,C,D,,D,,,,謀将,18,5,30,36,12,hermit,1489,1501,1564,true,,,,,,,,2,0,2,,95,500,true,,,,,
1001024,2802,長尾家,宇佐美|勝行,うさみ|かつゆき,宇佐美勝行,,長尾家,春日山城,上杉家臣。定満の子。父・定満の死後は上杉氏を去り、浪人したのち小西行長に仕えた。関ヶ原の戦いでは上杉遺民一揆に加わった。,60,上杉家臣。定満の子。父・定満の死後は上杉氏を去り、浪人したのち小西行長に仕えた。関ヶ原の戦いでは上杉遺民一揆に加わった。,60,264,57,45,49,55,58,46,,,,,,,,,18,5,54,25,14,balanced,1524,1536,1596,,宇佐美定満の子。上杉→佐々→小西,1001023,,,,,,2,0,2,,95,0,,,,,,
1001025,2803,長尾家,大石|綱元,おおいし|つなもと,大石綱元,,長尾家,春日山城,,0,,0,225,37,23,65,47,53,46,,,,,,,,,29,21,33,61,34,conservative,1532,1544,1601,,山内上杉→上杉,,,,,,,2,0,2,,90,0,,,,,,
1001026,2804,長尾家,柿崎|景家,かきざき|かげいえ,柿崎景家,,長尾家,飯山城,上杉家臣。越後柿崎を支配した国衆で、謙信の重臣として川中島など各地を転戦。領内では楞厳寺を再興して天室光育を招くなど、軍事と地域支配の両面で活躍した。,75,,0,390,85,92,62,71,80,46,,A,,D,,,,,18,5,45,55,14,aggressive,1513,1525,1575,,,,,,,,,2,0,70,飯山城主,95,700,,,,,,
1001027,2805,長尾家,柿崎|晴家,かきざき|はるいえ,柿崎晴家,,長尾家,飯山城,上杉家臣。柿崎景家の子。頸城郡東部の有力国衆で、軍役帳では家中上位の大兵力を負担した。御館の乱では一族を率いて景虎方につき景勝方に敗死し、柿崎家は一時断絶した。,80,,0,283,62,73,50,45,53,53,,D,,D,,,,,23,12,28,65,14,aggressive,1541,1553,1578,true,柿崎景家の子,1001026,,,,,,2,0,70,,95,0,,,,,,
1001028,2806,長尾家,柿崎|憲家,かきざき|のりいえ,柿崎憲家,,長尾家,飯山城,,0,,0,177,35,59,21,19,43,35,,,,,,,,,18,5,28,62,14,balanced,1576,1588,1633,,柿崎晴家の子,1001027,,,,,,2,0,70,,95,0,,,,,,
1001029,2807,長尾家,加藤|段蔵,かとう|だんぞう,加藤段蔵,,長尾家,坂戸城,,0,,0,170,17,58,11,25,59,16,D,,D,B,,A,,,57,60,83,8,37,balanced,1521,1533,1559,true,,,,,,,,2,0,68,,75,0,,,,,,
1001030,2808,長尾家,河田|長親,かわだ|ながちか,河田長親,,長尾家,魚津城,上杉家臣。魚津城主。謙信の側近として越中へ進出し、一向一揆との戦いや同国支配を担った。謙信の死後は景勝に従って松倉城主となり、越中へ侵攻する織田軍と戦った。,78,,0,351,71,42,83,75,80,58,D,C,D,D,,,,,22,11,48,54,15,conservative,1540,1552,1581,,,,,,,,,2,0,1,,95,0,,,,,,
1001031,2809,長尾家,北条|高広,きたじょう|たかひろ,北条高広,,長尾家,厩橋城,上杉家臣。厩橋城主として十八年にわたり謙信の関東経略を支えた。一度謙信に背き帰参。謙信の死後は厩橋領で自立し、武田勝頼・滝川一益・北条氏直と主を替えた。,76,,0,312,77,79,45,44,67,44,C,C,,D,,,,,43,40,75,6,87,aggressive,1517,1529,1587,,上杉景虎派,,,,,,,2,0,6,厩橋城主,75,500,,,,,,
1001032,2810,長尾家,北条|景広,きたじょう|かげひろ,北条景広,,長尾家,厩橋城,,0,,0,217,44,62,32,34,45,50,,D,,D,,,,,43,40,49,44,2,aggressive,1548,1560,1579,true,北条高広の子。上杉景虎派,1001031,,,,,,2,0,6,,90,0,,,,,,
1001033,2811,長尾家,黒川|清実,くろかわ|きよざね,黒川清実,,長尾家,春日山城,,0,,0,324,69,58,61,67,69,59,D,C,,,,,,,29,21,44,44,87,aggressive,1510,1522,1559,,上杉景虎派,,,,,,,2,0,2,,95,0,,,,,,
1001034,2812,長尾家,傑山|雲勝,けつざん|うんしょう,傑山雲勝,,長尾家,本庄城,,0,,0,271,61,47,34,61,68,49,,,,,,,,,22,11,26,67,3,hermit,1540,1552,1614,,本庄軍師,,,,,,,2,0,20,,75,0,,,,,,
1001035,2813,長尾家,小島|貞興,こじま|さだおき,小島貞興,,長尾家,春日山城,,0,,0,231,46,75,40,34,36,54,C,B,,D,,,,鬼,15,1,61,92,15,conservative,1522,1534,1561,true,別名：鬼小島弥太郎,,,,,,,2,0,2,,95,0,,,,,,
1001036,2814,長尾家,斎藤|定信,さいとう|さだのぶ,斎藤定信,,長尾家,魚津城,,0,,0,237,42,40,48,51,56,47,,,,,,,,,26,16,36,55,15,balanced,1490,1502,1539,,,,,,,,,2,0,1,,95,0,,,,,,
1001037,2815,長尾家,斎藤|朝信,さいとう|とものぶ,斎藤朝信,,長尾家,魚津城,上杉家臣。赤田城主。謙信の奉行として政務を担う一方、関東・越中で軍功を重ねた。御館の乱では景勝方に属し、乱後は甲越同盟の成立に奔走。「越後の鍾馗」と称された。,79,,0,399,83,77,83,73,83,60,,B,,D,,,,,22,11,35,76,15,balanced,1527,1539,1592,,斎藤定信の子,1001036,,,,,,2,0,1,魚津城主,95,500,,,,,,
1001038,2816,長尾家,斎藤|景信,さいとう|かげのぶ,斎藤景信,,長尾家,魚津城,上杉家臣。斎藤朝信の嫡男。父の死後に家督を継ぎ、豊臣政権下の上杉家で大身として知行を得た。のち景勝の勘気を受けて改易され、会津への国替えには従わず越後に残った。,80,,0,327,68,74,61,55,69,61,D,D,,,,,,,26,16,42,74,15,balanced,1569,1581,1623,,斎藤朝信の子,1001037,,,,,,2,0,1,,95,0,,,,,,
1001039,2817,長尾家,山本寺|定長,さんぽんじ|さだなが,山本寺定長,,長尾家,春日山城,,0,,0,169,37,37,32,29,34,42,,,,,,,,,25,15,59,31,79,balanced,1519,1531,1578,true,,,,,,,,2,0,2,,90,0,,,,,,
1001040,2818,椎名家,椎名|順胤,しいな|ありたね,椎名順胤,,長尾家,富山城,,0,,0,0,0,0,0,0,0,0,,,,,,,,,0,0,0,0,0,hermit,1450,9999,1500,,,,,,,,,2,0,24,,90,0,,,,,,
1001041,2819,椎名家,椎名|慶胤,しいな|よしたね,椎名慶胤,,長尾家,富山城,,0,,0,0,0,0,0,0,0,0,,,,,,,,,0,0,0,0,0,hermit,1476,9999,1520,,椎名順胤の子,1001040,,,,,,2,0,24,,90,0,,,,,,
1001042,2820,椎名家,椎名|長常,しいな|ながつね,椎名長常,,長尾家,富山城,,0,,0,255,64,70,40,39,42,50,C,,,,,,,,26,16,27,67,16,aggressive,1480,1492,1543,,椎名順胤の子,1001040,,,,,,2,0,24,,90,0,,,,,,
1001043,2821,椎名家,椎名|康胤,しいな|やすたね,椎名康胤,,長尾家,富山城,,0,,0,220,43,52,47,41,37,22,D,,,,,,,,25,15,70,40,38,balanced,1499,1511,1576,,椎名慶胤の子,1001041,,,,,,2,0,24,富山城主,90,200,,,,,,
1001044,2822,椎名家,椎名|景胤,しいな|かげたね,椎名景胤,,長尾家,富山城,,0,,0,156,26,26,37,32,35,35,,,,,,,,,26,16,31,61,38,conservative,1537,1549,1586,,椎名康胤の養子。別名：長尾景直,,1001043,,,,,2,0,24,,90,0,,,,,,
1001045,2823,椎名家,小間|常光,こま|つねみつ,小間常光,,長尾家,富山城,,0,,0,247,35,47,56,55,54,48,,,,,,,,,26,16,36,55,31,balanced,1514,1526,1573,,,,,,,,,2,0,24,,90,0,,,,,,
1001046,2824,長尾家,志駄|義秀,しだ|よしひで,志駄義秀,,長尾家,新発田城,上杉家臣。修理亮。慶長出羽合戦後、河村兵蔵と東禅寺城を守った。最上方の開城勧告を拒み、義康率いる一万五千余の軍と抗戦したが、のち下吉忠の仲介で開城した。,76,,0,291,62,57,66,59,47,54,,D,D,,,,,,25,15,62,56,12,balanced,1560,1572,1632,,,,,,,,,2,0,15,,95,0,,,,,,
1001047,2825,長尾家,新発田|綱貞,しばた|つなさだ,新発田綱貞,,長尾家,新発田城,越後国衆。新発田氏当主。上条定憲が長尾為景に反旗を翻すと、五十公野・加地・竹俣氏らと連判して定憲方に加わった。のちに長尾景虎へ臣従し、新発田氏も家臣化した。,78,,0,299,40,45,70,72,72,53,,,,,,,,,22,11,55,38,89,balanced,1512,1524,1561,,,,,,,,,2,0,15,,90,0,,,,,,
1001048,2826,長尾家,新発田|長敦,しばた|ながあつ,新発田長敦,,長尾家,新発田城,上杉家臣。新発田城主。謙信の側近として軍事だけでなく内政・外交も担う。御館の乱では景勝方につき、武田勝頼との講和をまとめて勝利に貢献した。,69,,0,313,54,59,65,68,67,29,D,,,,,,,,22,11,31,46,89,balanced,1538,1550,1580,,新発田綱貞の子,1001047,,,,,,2,0,15,新発田城主,80,200,,,,,,
1001049,2827,長尾家,新発田|重家,しばた|しげいえ,新発田重家,,長尾家,新発田城,越後国衆。揚北衆の一人。兄・長敦の跡を継ぎ、御館の乱で上杉景勝方として戦功を挙げた。恩賞への不満から反旗を翻し、織田方とも結んで長く抗戦したが敗れ自害した。,78,,0,333,76,80,46,55,76,42,,B,,,,,,,22,11,46,38,12,balanced,1546,1558,1587,true,新発田綱貞の子,1001047,,,,,,2,0,15,,95,0,,,,,,
1001050,2828,長尾家,島津|忠直,しまづ|ただなお,島津忠直,,長尾家,飯山城,,0,,0,222,43,46,44,43,46,44,,,,,,,,,29,21,27,37,30,conservative,1534,1546,1604,,信濃諸勢力→上杉,,,,,,,2,0,70,,95,0,,,,,,
1001051,2829,長尾家,水原|親憲,すいばら|ちかのり,水原親憲,,長尾家,春日山城,上杉景勝家臣。もとは大関氏。水原城城代となり水原氏の名跡を継いだ。大坂冬の陣では佐竹氏の援軍として戦功を挙げ徳川秀忠から感状を受け、のち杉原氏に改姓した。,77,,0,250,74,75,30,30,41,54,,D,C,,,,,,47,45,34,67,12,aggressive,1546,1558,1616,,,,,,,,,2,0,2,,95,0,,,,,,
1001052,2830,長尾家,須田|満親,すだ|みつちか,須田満親,,長尾家,飯山城,上杉家臣。信濃高井郡の国衆。武田氏に所領を追われ謙信を頼り、川中島で上杉方で戦う。御館の乱では景勝を支持し、信長の死後は海津城将として北信四郡の支配を担った。,79,,0,320,49,51,71,75,74,61,D,D,,,,,,,25,15,36,55,23,conservative,1526,1538,1598,,,,,,,,,2,0,70,,95,0,,,,,,
1001053,2831,長尾家,須田|長義,すだ|ながよし,須田長義,,長尾家,飯山城,上杉家臣。須田満親の子。小田原攻めでは落城後の八王子城普請・守備に動員された。会津移封後は二万石で梁川城将となり、同心三千三百石を率いて伊達方面に備えた。,77,,0,312,64,60,52,63,73,62,C,D,D,,,,,,43,40,42,55,23,balanced,1579,1591,1615,true,須田満親の子,1001052,,,,,,2,0,70,,95,0,,,,,,
1001054,2832,長尾家,高梨|政頼,たかなし|まさより,高梨政頼,,長尾家,飯山城,北信濃の国衆。中野高梨氏当主。禁裏御所修理料を献じ従四位上に叙される。武田信玄の侵攻で村上義清と和睦して長尾景虎を頼り、第四次川中島では上杉軍の先陣を務めた。,79,,0,259,63,55,44,45,52,48,D,,,,,,,,26,16,39,50,24,balanced,1508,1520,1576,,信濃諸勢力→上杉,,,,,,,2,0,70,,95,0,,,,,,
1001055,2833,長尾家,高梨|頼親,たかなし|よりちか,高梨頼親,,長尾家,飯山城,,0,,0,221,39,45,44,44,49,45,,,,,,,,,29,21,37,55,24,balanced,1547,1559,1603,,高梨政頼の子。信濃諸勢力→上杉,1001054,,,,,,2,0,70,,95,0,,,,,,
1001056,2834,長尾家,竹俣|慶綱,たけのまた|よしつな,竹俣慶綱,,長尾家,春日山城,,0,,0,249,57,57,40,43,52,48,,,,,,,,,22,11,22,72,10,conservative,1524,1536,1582,true,,,,,,,,2,0,2,,95,0,,,,,,
1001057,2835,長尾家,千坂|景親,ちさか|かげちか,千坂景親,,長尾家,厩橋城,上杉家臣。景勝の直臣。伏見城普請の総奉行。会津移封後は五千五百石を領し、のちに江戸家老となった。豊臣・徳川政権との接点を担い、米沢移封後も上杉家を支えた。,77,,0,354,61,63,72,81,77,72,,D,,,,,,,25,15,55,63,10,conservative,1536,1548,1606,,,,,,,,,2,0,6,,95,0,,,,,,
1001058,2836,長尾家,直江|景綱,なおえ|かげつな,直江景綱,,長尾家,与板城,上杉家臣。本与板城主。長尾景虎の命で飯沼氏を討って入城し、関東出兵に従軍。謙信の側近・奉行として領国統治や外交を担い、軍事・政務の両面で上杉家を支えた。,76,,0,382,68,67,81,84,82,69,D,,,,,,,,28,19,30,85,12,balanced,1509,1521,1577,,,,,,,,,2,0,95,与板城主,93,700,,,,,,
1001059,2837,鎌倉長尾家,長尾|景忠,ながお|かげただ,長尾景忠,,長尾家,坂戸城,,0,,0,0,0,0,0,0,0,0,,,,,,,,,0,0,0,0,15,hermit,1315,9999,1365,,,,,,,,,2,0,68,,95,0,,,,,,
1001060,2838,鎌倉長尾家,長尾|景直,ながお|かげなお,鎌倉景直,,長尾家,坂戸城,,0,,0,0,0,0,0,0,0,0,,,,,,,,,0,0,0,0,15,hermit,1335,9999,1385,,長尾景忠の子,1001059,,,,,,2,0,68,,95,0,,,,,,
1001061,2839,鎌倉長尾家,長尾|景英,ながお|かげひで,鎌倉景英,,長尾家,坂戸城,,0,,0,0,0,0,0,0,0,0,,,,,,,,,0,0,0,0,15,hermit,1360,9999,1410,,鎌倉景直の子,1001060,,,,,,2,0,68,,95,0,,,,,,
1001062,2840,鎌倉長尾家,長尾|房景,ながお|ふさかげ,鎌倉房景,,長尾家,坂戸城,,0,,0,0,0,0,0,0,0,0,,,,,,,,,0,0,0,0,15,hermit,1385,9999,1435,,鎌倉景英の子,1001061,,,,,,2,0,68,,95,0,,,,,,
1001063,2841,鎌倉長尾家,長尾|実景,ながお|さねかげ,長尾実景,,長尾家,坂戸城,,0,,0,0,0,0,0,0,0,0,,,,,,,,,0,0,0,0,15,hermit,1412,9999,1455,,鎌倉房景の子,1001062,,,,,,2,0,68,,95,0,,,,,,
1001064,2842,鎌倉長尾家,長尾|景人,ながお|かげひと,長尾景人,,長尾家,坂戸城,,0,,0,0,0,0,0,0,0,0,,,,,,,,,0,0,0,0,15,hermit,1445,9999,1472,,長尾実景の子,1001063,,,,,,2,0,68,,95,0,,,,,,
1001065,2843,鎌倉長尾家,長尾|景長,ながお|かげなが,長尾景長,,長尾家,坂戸城,,0,,0,0,0,0,0,0,0,0,,,,,,,,,0,0,0,0,15,hermit,1469,9999,1528,,長尾景人の子,1001064,,,,,,2,0,68,,95,0,,,,,,
1001066,2844,鎌倉長尾家,長尾|憲長,ながお|のりなが,長尾憲長,,長尾家,坂戸城,足利長尾氏4代当主。景長の子。下野足利城主。上杉憲房・憲広の家老を務め、古河公方足利晴氏にも仕えた。菩提寺長林寺には景長・憲長・政長三代の肖像が伝わる。,76,,0,269,53,30,67,63,56,54,D,,,,,,,,36,30,35,61,38,hermit,1503,1515,1550,,長尾景長の子。山内上杉家臣,1001065,,,,,,2,0,68,,95,0,,,,,,
1001067,2845,鎌倉長尾家,長尾|当長,ながお|まさなが,長尾当長,,長尾家,坂戸城,,0,,0,257,42,37,65,60,53,50,,,,,,,,,25,15,59,63,39,conservative,1527,1539,1569,,長尾憲長の子,1001066,,,,,,2,0,68,,95,0,,,,,,
1001068,2846,白井長尾家,長尾|景行,ながお|かげゆき,長尾景行,,長尾家,坂戸城,,0,,0,0,0,0,0,0,0,0,,,,,,,,,0,0,0,0,15,hermit,1340,9999,1390,,長尾景忠の子,1001059,,,,,,2,0,68,,95,0,,,,,,
1001069,2847,白井長尾家,長尾|清景,ながお|きよかげ,長尾清景,,長尾家,坂戸城,,0,,0,0,0,0,0,0,0,0,,,,,,,,,0,0,0,0,15,hermit,1365,9999,1415,,長尾景行の子,1001068,,,,,,2,0,68,,95,0,,,,,,
1001070,2848,白井長尾家,長尾|景仲,ながお|かげなか,長尾景仲,,長尾家,坂戸城,,0,,0,0,0,0,0,0,0,0,,,,,,,,,0,0,0,0,15,hermit,1388,9999,1463,,長尾清景の孫,1001069,,,,,,2,0,68,,95,0,,,,,,
1001071,2849,白井長尾家,長尾|昌賢,ながお|まさかた,長尾昌賢,,長尾家,坂戸城,,0,,0,0,0,0,0,0,0,0,,,,,,,,,0,0,0,0,15,hermit,1413,9999,1473,,長尾清景の孫,1001069,,,,,,2,0,68,,95,0,,,,,,
1001072,2850,白井長尾家,長尾|景春,ながお|かげはる,長尾景春,,長尾家,坂戸城,,0,,0,0,0,0,0,0,0,0,,,,,,,,,0,0,0,0,15,hermit,1443,9999,1514,,長尾昌賢の子,1001071,,,,,,2,0,68,,95,0,,,,,,
1001073,2851,白井長尾家,長尾|景盛,ながお|かげもり,長尾景盛,,長尾家,坂戸城,,0,,0,0,0,0,0,0,0,0,,,,,,,,,0,0,0,0,15,hermit,1479,9999,1527,,長尾景春の子,1001072,,,,,,2,0,68,,95,0,,,,,,
1001074,2852,白井長尾家,長尾|憲景,ながお|のりかげ,長尾憲景,,長尾家,坂戸城,白井長尾氏当主。長野業正の調停で総社長尾氏から迎えられ、憲政から一字を受け憲景と称した。憲政の越後退去後は謙信と連携し、武田晴信の侵攻では白井城を守り撃退した。,80,,0,261,40,46,60,60,55,49,,,,,,,,,25,15,39,41,37,aggressive,1511,1523,1584,,長尾景盛の孫,1001073,,,,,,2,0,68,,95,0,,,,,,
1001075,2853,白井長尾家,長尾|景広,ながお|かげひろ,長尾景広,,長尾家,坂戸城,,0,,0,237,57,34,56,48,42,48,,D,,,,,,,29,21,37,55,45,balanced,1573,1585,1630,,長尾憲景の子,1001074,,,,,,2,0,68,,95,0,,,,,,
1001076,2854,長尾家,沼田|顕泰,ぬまた|あきやす,沼田顕泰,,長尾家,沼田城,上野国衆。沼田氏当主。万鬼斎。沼田城を築いて幕岩城から本拠を移した。上杉謙信の関東進出後は沼田城が上杉方に属し、のちに家督を三男・朝憲へ譲って天神城へ移った。,79,,0,245,43,44,57,54,47,44,,,,,,,,,25,15,70,12,21,balanced,1510,1522,1574,,,,,,,,,2,0,89,沼田城主,90,200,,,,,,
1001077,2855,長尾家,沼田|祐光,ぬまた|すけみつ,沼田祐光,,長尾家,沼田城,津軽家臣。陰陽道・易学・天文学に通じ、主君・為信の軍師として活躍した。為信は祐光に500石を与えるとしたがこれを辞退。子に譲って自身は隠居料100石を受けた。,76,津軽家臣。陰陽道・易学・天文学に通じ、主君・為信の軍師として活躍した。為信は祐光に500石を与えるとしたがこれを辞退。子に譲って自身は隠居料100石を受けた。,76,354,64,51,79,80,80,64,D,,,D,,,,,46,44,68,81,12,balanced,1539,1551,1612,,沼田顕泰の子。上杉→津軽,1001076,,,,,,2,0,89,,75,0,,,,,,
1001078,2856,長尾家,沼田|景義,ぬまた|かげよし,沼田景義,,長尾家,沼田城,沼田顕泰の子。沼田氏旧主家の一族。真田昌幸が沼田城を攻略したのち、由良国繁らの援助を得て旧領奪回を企てたが、昌幸の策略で伯父・金子美濃守らに謀殺された。,76,,0,262,58,67,36,45,56,55,D,D,,,,,,,36,30,55,32,24,aggressive,1552,1564,1581,true,沼田顕泰の子,1001076,,,,,,2,0,89,,90,0,,,,,,
1001079,2857,長尾家,樋口|兼豊,ひぐち|かねとよ,樋口兼豊,,長尾家,与板城,上田長尾氏の長尾政景に仕えた。直江兼続・大国実頼の父。直峰城主となり、越後府中から関東へ通じる三国街道の要地を守った。兼続は直江家を、実頼は小国氏を継いだ。,78,,0,285,58,56,56,57,58,53,,,,,,,,,22,11,26,67,7,conservative,1539,1551,1602,,,,,,,,,2,0,95,,95,0,,,,,,
1001080,2858,長尾家,樋口|兼続,ひぐち|かねつぐ,樋口兼続,1581:直江|0:なおえ|0/1608:0|重光:0|しげみつ,長尾家,与板城,上杉家臣。直江家を継ぎ、景勝の執政として内政・外交・軍事を統括。豊臣政権下では会津120万石の領国経営を担い、関ヶ原後の米沢30万石への減封にも従って藩政を支えた。,80,,0,402,77,65,91,84,85,60,D,,,D,,,,,26,16,86,61,10,balanced,1560,1572,1619,,樋口兼豊の子、直江景綱の養子。別名：直江兼続,1001079,1001058,,,,,2,0,95,,95,0,,,,,,
1001081,2859,長尾家,樋口|実頼,ひぐち|さねより,樋口実頼,1561:大国|0:おぐに|0,長尾家,与板城,上杉家臣。樋口兼豊の子。直江兼続の弟。小国重頼の養子となって家督を継ぎ、のち大国に改姓。聚楽第完成時には上杉家の賀使として秀吉に謁見し、会津移封にも従った。,78,,0,225,45,57,60,24,39,43,,,,,,,,,22,11,68,36,8,aggressive,1562,1574,1622,,樋口兼豊の子、小国重頼の養子,1001079,,,,,,2,0,95,,95,0,,,,,,
1001082,2860,長尾家,樋口|秀兼,ひぐち|ひでかね,樋口秀兼,,長尾家,与板城,,0,,0,211,37,29,54,48,43,45,,,,,,,,,29,21,30,65,7,conservative,1568,1580,1629,,樋口兼豊の子,1001079,,,,,,2,0,95,,95,0,,,,,,
1001083,2861,長尾家,本庄|房長,ほんじょう|ふさなが,本庄房長,,長尾家,本庄城,,0,,0,192,40,39,35,35,43,39,,,,,,,,,22,11,38,50,91,aggressive,1494,1506,1544,,,,,,,,,2,0,20,,75,0,,,,,,
1001084,2862,長尾家,本庄|繁長,ほんじょう|しげなが,本庄繁長,,長尾家,本庄城,揚北衆の有力国衆。上杉謙信に反旗を翻して長く抵抗したが降伏し、以後は上杉氏重臣として庄内攻略や最上氏との戦いに活躍した。景勝の会津移封にも従い福島城を任された。,80,,0,339,81,93,36,50,79,58,,A,,C,,,,猛将,18,5,80,48,99,aggressive,1539,1551,1613,,本庄房長の子,1001083,,,,,,2,0,20,本庄城主,75,200,,,,,,
1001085,2863,長尾家,本庄|顕長,ほんじょう|あきなが,本庄顕長,,長尾家,本庄城,,0,,0,253,63,71,33,36,50,46,,C,,,,,,,18,5,62,56,99,aggressive,1564,1576,1610,,本庄繁長の子,1001084,,,,,,2,0,20,,75,0,,,,,,
1001086,2864,大宝寺家,大宝寺|義勝,だいほうじ|よしかつ,大宝寺義勝,,大宝寺家,尾浦城,本庄繁長の子。大宝寺義興の養子。義興の死後、父と庄内へ進攻し十五里ヶ原で最上勢を破る。大宝寺氏を再興して尾浦城に入ったが、藤島一揆扇動を疑われ改易され断絶した。,80,,0,229,56,50,39,41,43,46,,,,,,,,,29,21,40,50,78,aggressive,1573,1585,1623,,本庄繁長の子、大宝寺義興の養子。別名：本庄充長、大宝寺義勝、武藤義勝。本庄→1583大宝寺→1587本庄,1001084,1087008,,,,,87,0,223,,80,0,,,,,,
1001087,2865,長尾家,本間|泰高,ほんま|やすたか,本間泰高,,長尾家,雑太城,,0,,0,197,36,50,32,37,42,41,,,,,,,,,26,16,32,60,10,aggressive,1528,1540,1587,,,,,,,,,2,0,94,雑太城主,95,200,,,,,,
1001088,2866,長尾家,本間|憲泰,ほんま|のりやす,本間憲泰,,長尾家,雑太城,,0,,0,206,40,25,46,47,48,42,,,,,,,,,26,16,32,60,10,conservative,1559,1571,1623,,本間泰高の子,1001087,,,,,,2,0,94,,95,0,,,,,,
1001089,2867,長尾家,桃井|義孝,もものい|よしたか,桃井義孝,,長尾家,春日山城,,0,,0,202,44,37,52,38,31,41,,,,,,,,,26,16,39,50,87,aggressive,1516,1528,1578,true,上杉景虎派,,,,,,,2,0,2,,95,0,,,,,,
1001090,2868,長尾家,安田|景元,やすだ|かげもと,安田景元,,長尾家,与板城,,0,,0,256,60,63,42,43,48,50,D,C,,,,,,,25,15,51,63,89,balanced,1514,1526,1563,,毛利安田家,,,,,,,2,0,95,,95,0,,,,,,
1001091,2869,長尾家,安田|顕元,やすだ|あきもと,安田顕元,,長尾家,与板城,上杉家臣。安田城主。景元の子。御館の乱では弟の能元と景勝方につき戦功を挙げた。景虎を匿った鮫ヶ尾城将・堀江宗親に寝返りを促し、景虎方を崩す一因となった。,76,,0,287,51,58,60,61,57,47,,D,,,,,,,25,15,59,73,89,balanced,1538,1550,1580,true,安田景元の子。毛利安田家,1001090,,,,,,2,0,95,,95,0,,,,,,
1001092,2870,長尾家,安田|長秀,やすだ|ながひで,安田長秀,,長尾家,新発田城,上杉家臣。越後安田城主。揚北衆の一人。景虎の政権掌握を支え従軍を重ねた。第四次川中島合戦で奮戦して謙信から「血染めの感状」を受け、御館の乱では景勝方についた。,79,,0,274,56,66,47,50,55,54,,C,,D,,,,,22,11,55,78,20,balanced,1516,1528,1583,,大見安田家,,,,,,,2,0,15,,95,0,,,,,,
1001093,2871,長尾家,山吉|政久,やまよし|まさひさ,山吉政久,,長尾家,春日山城,長尾家臣。蒲原郡の有力国衆。長尾為景への服属を誓い、守護上杉氏御料所の大崎保を代官として管轄。年貢の進納を請け負うなど、蒲原郡における領国支配の実務を担った。,79,,0,271,57,49,48,55,62,50,,,,,,,,,22,11,34,55,12,balanced,1496,1508,1556,,,,,,,,,2,0,2,,95,0,,,,,,
1001094,2872,長尾家,山吉|豊守,やまよし|とよもり,山吉豊守,,長尾家,春日山城,上杉家臣。三条城主。謙信の奏者として信濃・関東諸将との折衝や領内紛争の調停を担った。越相同盟成立にも尽力した。上杉家軍役帳では家中最大の三百七十七人を負担した。,80,,0,309,61,51,61,67,69,56,,,,,,,,,22,11,34,55,12,aggressive,1525,1537,1577,,山吉政久の子,1001093,,,,,,2,0,2,,95,0,,,,,,
1001095,2873,長尾家,山吉|景長,やまよし|かげなが,山吉景長,,長尾家,春日山城,上杉家臣。豊守の死後に家督を継いだが領地を半減され、三条城から木場へ移った。御館の乱で景勝方として三条城攻撃に功を立て、新発田重家の乱では木場城二の丸を守った。,80,,0,260,58,60,42,46,54,49,,,,,,,,,22,11,34,55,12,aggressive,1565,1577,1611,,山吉豊守の子,1001094,,,,,,2,0,2,,95,0,,,,,,
1001096,2874,長尾家,吉江|宗信,よしえ|むねのぶ,吉江宗信,,長尾家,春日山城,上杉家臣。吉江城主。謙信・景勝に仕え、越中方面を守備した。河田長親の死後に魚津城へ入り、織田軍の攻撃を八十日余り防ぐ。兵糧が尽きても降伏せず、諸将と自刃した。,79,,0,267,57,57,50,50,53,51,,,,,,,,,22,11,18,78,10,balanced,1505,1517,1582,,,,,,,,,2,0,2,,95,0,,,,,,
1031001,2875,長野家,長野|尚業,ながの|なおなり,長野尚業,,長野家,箕輪城,,0,,0,0,0,0,0,0,0,0,,,,,,,,,0,0,0,0,37,hermit,1455,9999,1503,,,,,,,,,31,0,31,,95,0,,,,,,
1031002,2876,長野家,長野|信業,ながの|のぶなり,長野信業,,長野家,箕輪城,山内上杉家臣。尚業の子。,12,山内上杉家臣。尚業の子。,12,0,0,0,0,0,0,0,,,,,,,,,0,0,0,0,37,hermit,1475,9999,1530,,長野尚業の子。別名：長野憲業,1031001,,,,,,31,0,31,,95,0,,,,,,
1031003,2877,長野家,長野|業正,ながの|なりまさ,長野業正,,長野家,箕輪城,上野国箕輪城主。山内上杉氏に従い、その没落後も独立を保った。巧みな軍略で武田信玄の侵攻を幾度も退け、後世に「上州の黄斑」と謳われた。,66,上野国箕輪城主。山内上杉氏に従い、その没落後も独立を保った。巧みな軍略で武田信玄の侵攻を幾度も退け、後世に「上州の黄斑」と謳われた。,66,408,93,86,62,78,89,71,S,C,,C,D,,,上州の黄斑,25,15,50,96,37,balanced,1499,1511,1561,,長野信業の子。別名：長野業政、長野方業,1031002,,,,,,31,0,31,箕輪城主,100,1000,,,nagano_narimasa.webp,,,
1031004,2878,長野家,長野|吉業,ながの|よしなり,長野吉業,,長野家,箕輪城,長野業正の子。父・業正とともに山内上杉氏に従って北条氏と戦った。河越夜戦の傷が元で亡くなり、弟の業盛が跡を継いだ。,57,長野業正の子。父・業正とともに山内上杉氏に従って北条氏と戦った。河越夜戦の傷が元で亡くなり、弟の業盛が跡を継いだ。,57,297,68,64,50,53,62,57,D,,,,,,,,25,15,36,83,37,balanced,1531,1543,1546,true,長野業正の子,1031003,,,,,,31,0,31,,95,0,,,,,,
1031005,2879,長野家,長野|業盛,ながの|なりもり,長野業盛,,長野家,箕輪城,上野国箕輪城主。業正の子。信玄の上野国への侵攻が本格化すると徐々に追い詰められ箕輪城は落城。持仏堂に入り念仏を三遍唱えて自害した。,65,上野国箕輪城主。業正の子。信玄の上野国への侵攻が本格化すると徐々に追い詰められ箕輪城は落城。持仏堂に入り念仏を三遍唱えて自害した。,65,282,66,62,48,49,57,55,D,,,D,,,,,25,15,44,92,38,balanced,1547,1559,1566,true,長野業正の子。別名：長野氏業,1031003,,,,,,31,0,31,,100,500,,,,,,
1031006,2880,長野家,極楽院|鎮良,ごくらくいん|ちんりょう,極楽院鎮良,,長野家,箕輪城,長野業盛の子。幼名亀寿丸。箕輪落城の折、家臣に連れられて和田山の極楽院に避難した。のちに鎮良と名乗り、極楽院２代目の院主となった。,65,長野業盛の子。幼名亀寿丸。箕輪落城の折、家臣に連れられて和田山の極楽院に避難した。のちに鎮良と名乗り、極楽院２代目の院主となった。,65,199,25,22,44,59,49,48,,,,,,,,,18,5,13,55,56,hermit,1566,1578,1617,,長野業盛の子,1031005,,,,,,31,0,31,,95,0,,,,,,
1031007,2881,長野家,長野|直業,ながの|なおなり,長野直業,,長野家,箕輪城,上野長野家臣。信業の子。富岡城主。箕輪城の戦いで長野氏の滅亡とともに自害した。,39,上野長野家臣。信業の子。富岡城主。箕輪城の戦いで長野氏の滅亡とともに自害した。,39,288,60,72,47,53,56,56,D,,,D,,,,,26,16,28,87,40,balanced,1518,1530,1566,true,長野信業の子,1031002,,,,,,31,0,31,,95,0,,,,,,
1031008,2882,長野家,長野|業親,ながの|なりちか,長野業親,,長野家,箕輪城,上野長野家臣。直業の子。長野業正の養子となった。箕輪落城後、子の業実は落ち延びて母方の縁を頼り、井伊氏に仕えた。,56,上野長野家臣。直業の子。長野業正の養子となった。箕輪落城後、子の業実は落ち延びて母方の縁を頼り、井伊氏に仕えた。,56,261,53,60,46,47,55,55,,,,,,,,,36,30,29,83,39,balanced,1536,1548,1566,true,長野直業の子、長野業正の養子。別名：長野勝業,1031007,1031003,,,,,31,0,31,,95,200,,,,,,
1031009,2883,長野家,長野|業実,ながの|なりざね,長野業実,,長野家,箕輪城,井伊家老。業親の子。直政の推挙により家康の近習となり、その後井伊直政に仕官し小姓を務めた。小田原征伐や関ヶ原の戦い、大坂の陣で戦功を挙げ、3000石を領した。,77,井伊家老。業親の子。直政の推挙により家康の近習となり、その後井伊直政に仕官し小姓を務めた。小田原征伐や関ヶ原の戦い、大坂の陣で戦功を挙げ、3000石を領した。,77,305,60,68,57,62,58,64,,D,,,,,,,50,50,37,79,39,balanced,1564,1576,1649,,長野業親の子。長野→井伊,1031008,,,,,,31,0,31,,95,0,,,,,,
1031010,2884,長野家,長野|業氏,ながの|なりうじ,長野業氏,,長野家,箕輪城,室田長野氏当主。尚業の子。鷹留城主。高浜城を落とされたことで箕輪城と分断され、兵数百で防戦する落も城し討死した。,56,室田長野氏当主。尚業の子。鷹留城主。高浜城を落とされたことで箕輪城と分断され、兵数百で防戦する落も城し討死した。,56,294,63,77,50,45,59,54,D,D,,D,,,,,22,11,47,65,34,aggressive,1494,1506,1566,true,長野尚業の子,1031001,,,,,,31,0,31,,95,500,,,,,,
1031011,2885,長野家,長野|業通,ながの|なりみち,長野業通,,長野家,箕輪城,室田長野氏当主。業氏の子。鷹留城主。,18,室田長野氏当主。業氏の子。鷹留城主。,18,258,55,61,48,42,52,54,,,,,,,,,36,30,42,73,34,balanced,1522,1534,1566,true,長野業氏の子,1031010,,,,,,31,0,31,,95,0,,,,,,
1031012,2886,長野家,青柳|昌信,あおやなぎ|まさのぶ,青柳昌信,,長野家,箕輪城,上野長野家臣。昌弘の子。長野信業の娘を娶った。瓶尻の戦いで武田勢と争い、討死した。,41,上野長野家臣。昌弘の子。長野信業の娘を娶った。瓶尻の戦いで武田勢と争い、討死した。,41,258,59,47,57,38,57,51,,,,,,,,,22,11,53,71,37,balanced,1500,1512,1557,true,青柳昌弘の子,,,,,,,31,0,31,,95,0,,,,,,
1031013,2887,長野家,青柳|忠家,あおやなぎ|ただいえ,青柳忠家,,長野家,箕輪城,上野長野家臣。長野十六槍の一人。軍配者。高浜砦の救援に駆け付け武田方の那波宗安勢を打ち破るなど活躍した。箕輪落城の折、主君・業盛らと最期をともにした。,75,上野長野家臣。長野十六槍の一人。軍配者。高浜砦の救援に駆け付け武田方の那波宗安勢を打ち破るなど活躍した。箕輪落城の折、主君・業盛らと最期をともにした。,75,283,65,57,40,52,69,52,,,,,,,,,22,11,40,75,37,balanced,1523,1535,1566,true,青柳昌信の子,1031012,,,,,,31,0,31,,95,300,true,,,,,
1031014,2888,長野家,青柳|満忠,あおやなぎ|みつただ,青柳満忠,,長野家,箕輪城,上野長野家家臣。忠家の子。代官を務め、箕輪落城後は武田氏に仕えた。,33,上野長野家家臣。忠家の子。代官を務め、箕輪落城後は武田氏に仕えた。,33,228,44,37,56,43,48,46,,,,,,,,,26,16,39,64,46,balanced,1545,1557,1575,true,青柳忠家の子。長野→武田,1031013,,,,,,31,0,31,,95,0,,,,,,
1031015,2889,長野家,安中|重繁,あんなか|のぶしげ,安中重繁,,長野家,箕輪城,,0,,0,214,50,55,38,29,42,45,,,,,,,,,26,16,29,65,38,conservative,1512,1524,1564,,山内上杉→北条→長尾上杉→武田,,,,,,,31,0,31,,95,300,,,,,,
1031016,2890,長野家,安中|景繁,あんなか|かげしげ,安中景繁,,長野家,箕輪城,上野国衆。安中城主。父・忠政から城を譲られ、長野氏と結んで上杉方として武田信玄の西上野侵攻に抗戦した。のち武田氏に従い、長篠の戦いに参陣して討死した。,75,,0,253,38,65,53,53,44,52,,,,,,,,,26,16,36,75,43,balanced,1537,1549,1575,true,安中重繁の子。山内上杉→北条→長尾上杉→武田,1031015,,,,,,31,0,31,,95,0,,,,,,
1031017,2891,長野家,大胡|秀継,おおご|ひでつぐ,大胡秀継,,長野家,箕輪城,,0,,0,0,0,0,0,0,0,0,,,,,,,,,0,0,0,0,37,hermit,1475,9999,1525,,,,,,,,,31,0,31,,95,0,,,,,,
1031018,2892,長野家,上泉|秀綱,かみいずみ|ひでつな,上泉秀綱,1567:0|信綱:0|のぶつな,長野家,箕輪城,上野長野家臣。新陰流の祖。長野十六槍筆頭として活躍し、箕輪落城後は信玄に仕官の要請を受けるも拒否。他家に仕官しないことを条件に許され、廻国修行の旅に出た。,77,上野長野家臣。新陰流の祖。長野十六槍筆頭として活躍し、箕輪落城後は信玄に仕官の要請を受けるも拒否。他家に仕官しないことを条件に許され、廻国修行の旅に出た。,77,297,67,85,39,42,64,78,C,,,,S,,,,36,30,10,88,37,hermit,1508,1520,1577,,大胡秀継の子。別名：上泉信綱,1031017,,,,,,31,0,31,,95,300,,,,,,
1031019,2893,長野家,上泉|秀胤,かみいずみ|ひでたね,上泉秀胤,,長野家,箕輪城,上野長野家臣。信綱の子。父・信綱より上泉流軍法を授けられ、武田氏との戦では武田義信勢を破った。主君・業正の没後人質として北条氏の小田原に入り、そのまま仕官した。,80,上野長野家臣。信綱の子。父・信綱より上泉流軍法を授けられ、武田氏との戦では武田義信勢を破った。主君・業正の没後人質として北条氏の小田原に入り、そのまま仕官した。,80,250,59,62,35,37,57,52,,,,,B,,,,41,37,24,72,27,balanced,1530,1542,1564,true,上泉秀綱の子。長野→1561北条,1031018,,,,,,31,0,31,,95,0,,,,,,
1031020,2894,長野家,上泉|泰綱,かみいずみ|やすつな,上泉泰綱,,長野家,箕輪城,北条家臣。秀胤の子。会津一刀流の祖。小田原征伐により北条氏が没落すると浪人となった。のちに直江景継に仕え、長谷堂城の戦いで討死した。,66,北条家臣。秀胤の子。会津一刀流の祖。小田原征伐により北条氏が没落すると浪人となった。のちに直江景継に仕え、長谷堂城の戦いで討死した。,66,216,45,70,29,26,46,51,,,,,B,,,,57,60,38,67,27,aggressive,1552,1564,1600,true,上泉秀胤の子。長野→1561北条,1031019,,,,,,31,0,31,,95,0,,,,,,
1031021,2895,長野家,倉賀野|尚行,くらがの|なおゆき,倉賀野尚行,,長野家,箕輪城,山内上杉家臣。倉賀野城主。憲政の没落後は上野長野氏に仕えて武田氏と争った。信玄の攻撃を受けて倉賀野は落城し、以降は長尾上杉氏に従った。,67,山内上杉家臣。倉賀野城主。憲政の没落後は上野長野氏に仕えて武田氏と争った。信玄の攻撃を受けて倉賀野は落城し、以降は長尾上杉氏に従った。,67,244,62,63,31,39,49,52,D,,,,,,,,40,36,44,50,37,balanced,1539,1551,1621,,山内上杉→長尾上杉→直江兼続→酒井忠勝→上杉定勝,,,,,,,31,0,31,,95,300,,,,,,
1031022,2896,長野家,下田|正勝,しもだ|まさかつ,下田正勝,,長野家,箕輪城,上野長野家臣。長野四家老の一人。若田原の戦いで白川満勝とともに二百余を率いて奮戦した。箕輪落城の折、主君・業盛らと最期をともにした。,66,上野長野家臣。長野四家老の一人。若田原の戦いで白川満勝とともに二百余を率いて奮戦した。箕輪落城の折、主君・業盛らと最期をともにした。,66,225,47,44,44,48,42,46,,,,,,,,,26,16,60,77,37,aggressive,1528,1540,1566,true,,,,,,,,31,0,31,,95,0,,,,,,
1031023,2897,長野家,白川|満勝,しらかわ|みちかつ,白川満勝,,長野家,箕輪城,上野長野家臣。長野十六槍の一人。箕輪城の西南、白川砦の守将。箕輪落城の折、主君・業盛らと最期をともにした。,53,上野長野家臣。長野十六槍の一人。箕輪城の西南、白川砦の守将。箕輪落城の折、主君・業盛らと最期をともにした。,53,202,41,60,28,37,36,45,,,,,,,,,32,25,34,74,37,aggressive,1540,1552,1566,true,,,,,,,,31,0,31,,95,0,,,,,,
1031024,2898,長野家,神後|宗治,じんご|むねはる,神後宗治,,長野家,箕輪城,上野長野家臣。上泉信綱の直弟子。新陰流の分派・神後流の祖。信綱の諸国流浪の旅に同行。将軍・足利義輝や関白・豊臣秀次の剣術指南を務めた。,67,上野長野家臣。上泉信綱の直弟子。新陰流の分派・神後流の祖。信綱の諸国流浪の旅に同行。将軍・足利義輝や関白・豊臣秀次の剣術指南を務めた。,67,182,28,70,19,31,34,50,,,,,B,,,,56,59,67,68,26,balanced,1534,1546,1606,,,,,,,,,31,0,31,,95,0,,,,,,
1031025,2899,長野家,疋田|景範,ひきた|かげのり,疋田景範,,長野家,箕輪城,上野長野家臣。軍法、槍術、陰陽学の達人。,20,上野長野家臣。軍法、槍術、陰陽学の達人。,20,238,61,69,23,26,59,57,D,,,,B,,,,50,50,49,62,25,balanced,1506,1518,1559,,,,,,29,,,31,0,31,,95,0,,,,,,
1031026,2900,長野家,疋田|景兼,ひきた|かげかね,疋田景兼,,長野家,箕輪城,上野長野家臣。景範の子。上泉信綱の甥で直弟子。疋田陰流の祖。武者修行に出た信綱に同行。その後単身でも諸国を巡り、織田信忠や豊臣秀次などに兵法を指南。,74,上野長野家臣。景範の子。上泉信綱の甥で直弟子。疋田陰流の祖。武者修行に出た信綱に同行。その後単身でも諸国を巡り、織田信忠や豊臣秀次などに兵法を指南。,74,212,38,78,17,38,41,63,D,,,,A,,,,71,80,77,76,25,balanced,1537,1549,1605,,疋田景範と上泉信綱の姉の子,1031025,,29,,,,31,0,31,,95,0,,,,,,
1031027,2901,長野家,藤井|友忠,ふじい|ともただ,藤井友忠,,長野家,箕輪城,上野長野家臣。浜川城主。長野十六槍の一人。武勇に優れ、箕輪落城の戦では武田勝頼軍に突撃し、本陣まで迫って壊滅寸前にまで追い込んだが討死した。,70,上野長野家臣。浜川城主。長野十六槍の一人。武勇に優れ、箕輪落城の戦では武田勝頼軍に突撃し、本陣まで迫って壊滅寸前にまで追い込んだが討死した。,70,242,64,67,35,33,43,47,,,,D,,,,,22,11,49,77,47,aggressive,1520,1532,1566,true,,,,,,,,31,0,31,,95,0,,,,,,
1034001,2902,那須家,那須|資房,なす|すけふさ,那須資房,,那須家,烏山城,下野国衆。下那須氏当主。上那須氏断絶後に旧領を掌握し、分裂していた那須氏を統一。旧上那須領へ侵攻した岩城常隆らと戦い、山田城・縄釣台で勝利して勢力を広げた。,78,,0,276,57,43,60,53,63,59,,,,,,,,,29,21,21,78,56,balanced,1476,1488,1552,,,,,,,,,34,0,63,,95,0,,,,,,
1034002,2903,那須家,那須|政資,なす|まさすけ,那須政資,,那須家,烏山城,那須氏当主。資房の子。上那須の山田城主となった。嫡子・高資との対立が激化すると、佐竹・小田・宇都宮氏と結んで烏山城を攻めるが、高資を支持する那須家中に阻まれた。,80,,0,253,52,47,54,49,51,55,,,,,,,,,29,21,37,55,56,aggressive,1497,1509,1546,,那須資房の子,1034001,,,,,,34,0,63,,95,0,,,,,,
1034003,2904,那須家,那須|高資,なす|たかすけ,那須高資,,那須家,烏山城,那須氏当主。烏山城主。宇都宮氏と抗争。宇都宮尚綱と喜連川で戦い、その戦死を招いた。のち尚綱の子・広綱と結んだ那須一族の千本道長に誘い出され、謀殺された。,76,,0,230,70,76,25,23,36,52,C,D,,,,,,,29,21,37,55,55,aggressive,1520,1532,1551,,那須政資の子,1034002,,,,,,34,0,63,,95,0,,,,,,
1034004,2905,那須家,那須|資胤,なす|すけたね,那須資胤,,那須家,烏山城,那須政資の子。兄・高資の死後に家督を継ぎ烏山城主となった。蘆名盛氏・白河結城氏らと攻防を重ね、大関高増ら上那須衆と和睦。牛頭天王を勧請し山あげ祭の起源を築いた。,80,,0,231,49,42,42,53,45,49,,,,,,,,,25,15,74,31,55,aggressive,1527,1539,1583,,那須政資の子,1034002,,,,,,34,0,63,烏山城主,100,1000,,,,,,
1034005,2906,那須家,那須|資晴,なす|すけはる,那須資晴,,那須家,烏山城,,0,,0,217,56,51,34,38,38,40,,D,,,,,,,26,16,43,44,56,aggressive,1557,1569,1610,,那須資胤の子,1034004,,,,,,34,0,63,,95,500,,,,,,
1034006,2907,那須家,那須|資景,なす|すけかげ,那須資景,,那須家,烏山城,下野福原藩初代藩主。那須資晴の長男。父が小田原攻めに遅参して改易され、秀吉に謝罪し福原五千石を得る。関ヶ原と大坂の陣で徳川方に属し、加増され一万四千石を領した。,80,,0,224,44,50,36,54,40,52,,D,,B,,,,,33,26,34,61,55,balanced,1586,1598,1656,,那須資晴の子,1034005,,,,,,34,0,63,,95,300,,,,,,
1034007,2908,那須家,福原|資郡,ふくはら|すけくに,福原資郡,,那須家,烏山城,,0,,0,220,47,33,48,48,44,48,,,,,,,,,36,30,21,73,53,balanced,1531,1543,1567,,那須政資の子,1034002,,,,,,34,0,63,,95,0,,,,,,
1034008,2909,那須家,蘆野|道珊,あしの|どうさん,蘆野道珊,,那須家,烏山城,,0,,0,243,54,58,39,38,54,48,,,,,,,,,23,12,40,76,55,aggressive,1529,1541,1595,,,,,,,,,34,0,63,,95,0,,,,,,
1034009,2910,那須家,蘆野|盛泰,あしの|もりやす,蘆野盛泰,,那須家,烏山城,,0,,0,217,48,46,41,39,43,42,,,,,,,,,19,7,34,61,55,conservative,1556,1568,1599,,蘆野道珊の子,1034008,,,,,,34,0,63,,95,0,,,,,,
1034010,2911,那須家,蘆野|資泰,あしの|すけやす,蘆野資泰,,那須家,烏山城,,0,,0,261,52,62,48,53,46,54,,,,,,,,,36,30,37,72,55,balanced,1578,1590,1646,,蘆野盛泰の子,1034009,,,,,,34,0,63,,95,0,,,,,,
1034011,2912,那須家,伊王野|資宗,いおの|すけむね,伊王野資宗,,那須家,烏山城,那須家臣。伊王野氏当主。佐竹氏の侵攻では大関・芦野らと宇都宮勢に備え、のちに本隊へ加わって佐竹勢を退けた。薄葉原の戦いにも出陣し、那須氏の軍事を支えた。,76,,0,303,66,68,51,55,63,54,,D,,,,,,,18,5,43,69,52,balanced,1517,1529,1594,,,,,,,,,34,0,63,,95,0,,,,,,
1034012,2913,那須家,伊王野|資信,いおの|すけのぶ,伊王野資信,,那須家,烏山城,,0,,0,242,50,53,49,48,42,47,,,,,,,,,24,14,39,63,52,balanced,1542,1554,1601,,伊王野資宗の子,1034011,,,,,,34,0,63,,95,0,,,,,,
1034013,2914,那須家,伊王野|資友,いおの|すけとも,伊王野資友,,那須家,烏山城,,0,,0,206,48,54,33,34,37,44,,,,,,,,,30,22,17,70,52,aggressive,1570,1582,1633,,伊王野資信の子,1034012,,,,,,34,0,63,,95,0,,,,,,
1034014,2915,那須家,大関|宗増,おおぜき|むねます,大関宗増,,那須家,烏山城,那須家臣。大関氏当主。居城を黒羽から堅田郷山田へ移した。上那須氏の後継問題では大田原資清と那須政資を推し、白河結城氏の侵攻時には山田城を守って抗戦した。,76,,0,270,47,35,54,64,70,52,,,,,,,,,29,21,88,39,56,balanced,1462,1474,1544,,,,,,,,,34,0,63,,95,0,,,,,,
1034015,2916,那須家,大関|増次,おおぜき|ますつぐ,大関増次,,那須家,烏山城,,0,,0,173,33,24,46,38,32,38,,,,,,,,,29,21,52,48,56,balanced,1518,1530,1543,true,大関宗増の子,1034014,,,,,,34,0,63,,95,0,,,,,,
1034016,2917,那須家,大田原|資清,おおたわら|すけきよ,大田原資清,,那須家,大田原城,那須家臣。大関・福原氏との争いに敗れて越前へ逃れたが、朝倉氏の支援で帰国し大関増次を討つ。子の高増に大関氏を継がせ、大田原城を築いた。那須家中で勢力を広げた。,79,,0,352,70,62,69,75,76,61,D,,,,,,,,25,15,66,30,66,balanced,1486,1498,1560,,,,,,,,,34,0,231,,95,100,,true,,,,
1034017,2918,那須家,大関|高増,おおぜき|たかます,大関高増,,那須家,烏山城,那須家臣。黒羽城主。大田原資清の子で大関氏を継ぎ、那須衆を率いて各地を転戦した。黒羽城を築いて本拠を移し、小田原征伐で秀吉に本領を安堵され大名家の礎を築いた。,79,,0,346,60,49,77,82,78,61,D,,,,,,,謀将,26,16,52,32,56,balanced,1527,1539,1598,,大田原資清の子、大関宗増の養子,1034016,1034014,,,,,34,0,63,,95,0,true,,,,,
1034018,2919,那須家,大関|資増,おおぜき|すけます,大関資増,,那須家,烏山城,那須家臣。黒羽城主。高増の子。関ヶ原では徳川方につき、会津上杉氏に備えて城の防備を昼夜なく固めた。働きは家康へ報告され、戦後に加増され黒羽藩初代藩主となった。,79,,0,282,58,33,65,65,61,54,,,,,,,,,29,21,40,50,56,balanced,1576,1588,1607,,大関高増の子,1034017,,,,,,34,0,63,,95,0,,,,,,
1034019,2920,那須家,福原|資孝,ふくはら|すけたか,福原資孝,,那須家,烏山城,那須家臣。大田原資清の次男。福原氏へ養子入りし片府田を本拠とした。佐久山義隆を攻めて滅ぼし、佐久山城は廃城となった。子・資保の代に本拠は佐久山へ移った。,76,,0,261,41,48,51,58,63,49,,,,,,,,謀将,25,15,68,36,53,balanced,1535,1547,1614,,大田原資清の子,1034016,,,,,,34,0,63,,95,300,,,,,,
1034020,2921,那須家,福原|資保,ふくはら|すけやす,福原資保,,那須家,烏山城,,0,,0,245,42,45,50,52,56,50,,,,,,,,,33,26,38,55,53,balanced,1571,1583,1633,,福原資孝の子,1034019,,,,,,34,0,63,,95,0,,,,,,
1034021,2922,那須家,大田原|綱清,おおたわら|つなきよ,大田原綱清,,那須家,大田原城,那須家臣。大田原資清の三男。父を継いで大田原氏当主・大田原城主となり、那須氏を支えた。薄葉ヶ原の戦いで戦功を挙げた。墓は父・資清とともに中田原墓所に残る。,77,,0,276,43,52,53,61,67,52,,,,,,,,謀将,25,15,31,60,66,conservative,1540,1552,1589,,大田原資清の子,1034016,,,,,,34,0,231,大田原城主,95,300,,,,,,
1034022,2923,那須家,大田原|晴清,おおたわら|はるきよ,大田原晴清,,那須家,大田原城,那須家臣。大田原城主。綱清の子。小田原征伐で本領を安堵された。関ヶ原では徳川方につき、上杉軍に備えて城を修築・守備し、戦後加増を受けて大坂の陣にも出陣した。,78,,0,279,52,64,62,54,47,55,,C,,,,,,,33,26,30,67,66,aggressive,1567,1579,1631,,大田原綱清の子,1034021,,,,,,34,0,231,,95,0,,,,,,
1034023,2924,那須家,佐久山|義隆,さくやま|よしたか,佐久山義隆,,那須家,大田原城,,0,,0,227,55,69,29,31,43,46,,,,,,,,,25,15,15,77,66,aggressive,1504,1516,1563,true,,,,,,,,34,0,231,,95,0,,,,,,
1034024,2925,那須家,千本|資俊,せんぼん|すけとし,千本資俊,,那須家,大田原城,,0,,0,203,43,53,36,32,39,38,,,,,,,,,18,5,75,45,46,balanced,1519,1531,1586,true,,,,,,,,34,0,231,,95,0,,,,,,
1034025,2926,那須家,千本|資政,せんぼん|すけまさ,千本資政,,那須家,大田原城,,0,,0,197,46,44,37,33,37,41,,,,,,,,,26,16,44,50,46,balanced,1561,1573,1586,true,千本資俊の子,1034024,,,,,,34,0,231,,95,0,,,,,,
1069001,2927,北畠家,北畠|親房,きたばたけ|ちかふさ,北畠親房,,北畠家,霧山城,,0,,0,0,0,0,0,0,0,0,,,,,,,,,0,0,0,0,43,hermit,1293,9999,1354,,,,,,,,,24,0,47,,95,0,,,,,,
1069002,2928,北畠家,北畠|顕家,きたばたけ|あきいえ,北畠顕家,,北畠家,霧山城,,0,,0,0,0,0,0,0,0,0,,,,,,,,,0,0,0,0,43,hermit,1318,9999,1338,,北畠親房の子,1069001,,,,,,24,0,47,,95,0,,,,,,
1069003,2929,浪岡家,北畠|顕能,きたばたけ|あきよし,北畠顕能,,浪岡家,浪岡城,,0,,0,0,0,0,0,0,0,0,,,,,,,,,0,0,0,0,42,hermit,1326,9999,1383,,北畠親房の子,1069001,,,,,,69,0,189,,95,0,,,,,,
1069004,2930,浪岡家,浪岡|顕具,なみおか|あきとも,浪岡顕具,,浪岡家,浪岡城,,0,,0,0,0,0,0,0,0,0,,,,,,,,,0,0,0,0,42,hermit,1460,9999,1510,,北畠顕能の子孫,1069003,,,,,,69,0,189,,95,0,,,,,,
1069005,2931,浪岡家,浪岡|具永,なみおか|ともなが,浪岡具永,,浪岡家,浪岡城,浪岡北畠氏当主。浪岡御所と称され、浪岡城を拠点に津軽一帯を支配した。五本松に京徳寺を建立して菩提寺とした。朝廷との結びつきを保ち、式部大輔などの官職を得た。,78,,0,273,45,45,62,62,59,68,,,,,,,,,29,21,40,50,42,balanced,1487,1499,1563,,浪岡顕具の子,1069004,,,,,,69,0,189,,95,0,true,true,,,,
1069006,2932,浪岡家,北畠|具信,きたばたけ|とものぶ,北畠具信,,浪岡家,浪岡城,,0,,0,252,50,53,59,54,36,53,,,,,,,,謀将,36,30,59,27,32,balanced,1503,1515,1562,true,浪岡具永の子。別名：北畠具信,1069005,,,,,,69,0,189,,75,700,,,,,,
1069007,2933,浪岡家,北畠|顕重,きたばたけ|あきしげ,北畠顕重,,浪岡家,浪岡城,,0,,0,210,46,54,39,38,33,44,,,,,,,,,36,30,56,31,32,balanced,1523,1535,1562,true,北畠具信の子,1069006,,,,,,69,0,189,,85,0,,,,,,
1069008,2934,浪岡家,水木|利顕,みずき|としあき,水木利顕,,浪岡家,浪岡城,,0,,0,212,48,46,39,41,38,46,,,,,,,,,36,30,30,53,32,balanced,1549,1561,1579,true,北畠顕重の子,1069007,,,,,,69,0,189,,85,0,,,,,,
1069009,2935,浪岡家,浪岡|具統,なみおか|ともむね,浪岡具統,,浪岡家,浪岡城,,0,,0,256,47,43,60,54,52,65,,,,,,,,,29,21,37,55,42,balanced,1509,1521,1562,true,浪岡具永の子,1069005,,,,,,69,0,189,浪岡城主,100,1500,,,,115,侍従,
1069010,2936,浪岡家,浪岡|具運,なみおか|ともかず,浪岡具運,,浪岡家,浪岡城,,0,,0,263,60,43,62,44,54,65,,,,,,,,,26,16,39,50,42,balanced,1532,1544,1576,,浪岡具統の長男,,,,,,,69,0,189,,95,500,,,,122,式部少輔,
1069011,2937,浪岡家,浪岡|顕村,なみおか|あきむら,浪岡顕村,,浪岡家,浪岡城,,0,,0,221,32,38,59,51,41,55,,,,,,,,,26,16,31,61,42,conservative,1558,1570,1578,true,浪岡具運の子,1069010,,,,,,69,0,189,,95,0,,,,,,
1069012,2938,浪岡家,浪岡|顕佐,なみおか|あきすけ,浪岡顕佐,,浪岡家,浪岡城,,0,,0,207,38,22,54,55,38,48,,,,,,,,,34,28,25,46,42,conservative,1575,1587,1632,,浪岡顕村の婿養子,,1069011,,,,,69,0,189,,95,0,,,,,,
1069013,2939,浪岡家,浪岡|顕範,なみおか|あきのり,浪岡顕範,,浪岡家,浪岡城,浪岡北畠氏一門。浪岡城西方の古館を築いた。川原御所の乱で大御所・具運が川原具信に殺されると一族と反撃し、具信を討って政変を鎮圧した。子の顕忠はのち南部へ逃れた。,80,,0,275,46,60,59,57,53,64,,,,,,,,,26,16,39,50,41,balanced,1532,1544,1573,,浪岡具統の次男,1069009,,,,,,69,0,189,,95,0,,,,,,
1069014,2940,浪岡家,浪岡|顕忠,なみおか|あきただ,浪岡顕忠,,浪岡家,浪岡城,浪岡北畠氏一族。左近と称す。古館を築いた顕範の子。大浦為信の攻撃で浪岡城が落ちると南部領へ逃れた。浪岡氏の来歴を記した「顕忠の覚書」が史料として伝わる。,76,,0,276,66,63,49,46,52,57,,D,,,,,,,38,33,24,78,41,aggressive,1550,1562,1578,,浪岡顕範の子,1069013,,,,,,69,0,189,,95,0,,,,,,
1069015,2941,浪岡家,浪岡|顕則,なみおか|あきのり,浪岡顕則,,浪岡家,浪岡城,,0,,0,267,60,67,42,50,48,56,,,,D,,,,,38,33,22,80,41,aggressive,1568,1580,1622,,源常顕忠の子。浪岡→1578南部,,,,,,,69,0,189,,95,0,,,,,,
1069016,2942,浪岡家,浪岡|慶好,なみおか|みちよし,浪岡慶好,,浪岡家,浪岡城,,0,,0,245,43,31,55,64,52,50,,,,,,,,,26,16,31,61,35,conservative,1575,1587,1628,,源常顕忠の子。浪岡→1578安東,,,,,,,69,0,189,,95,0,,,,,,
1069017,2943,浪岡家,強清水|恵林,こわしみず|えいりん,強清水恵林,,浪岡家,浪岡城,,0,,0,199,40,26,59,36,38,48,,,,,,,,,18,5,21,58,42,balanced,1526,1538,1578,true,,,,,,,,69,0,189,,95,0,,,,,,
1069018,2944,浪岡家,土岐|則基,とき|のりもと,土岐則基,,浪岡家,浪岡城,,0,,0,278,63,56,49,51,59,60,,,,,,,,,18,5,39,75,58,balanced,1503,1515,1578,true,,,,,,,,69,0,189,,95,0,,true,,,,
1069019,2945,浪岡家,土岐|則重,とき|のりしげ,土岐則重,,浪岡家,浪岡城,,0,,0,240,57,63,39,34,47,55,,,,,,,,,23,12,41,77,58,aggressive,1526,1538,1578,true,土岐則基の子,1069018,,,,,,69,0,189,,95,200,,,,,,
1069020,2946,浪岡家,土岐|則基,とき|のりさと,土岐則里,,浪岡家,浪岡城,,0,,0,243,59,63,40,33,48,57,,,,,,,,,22,11,66,81,58,aggressive,1548,1560,1578,true,土岐則重の子,1069019,,,,,,69,0,189,,95,0,,,,,,
1069021,2947,浪岡家,土岐|則忠,とき|のりただ,土岐則忠,,浪岡家,浪岡城,,0,,0,248,47,44,56,55,46,55,,,,,,,,,36,30,36,60,63,balanced,1542,1554,1606,,土岐則基の子,1069018,,,,,,69,0,189,,95,0,,,,,,
1069022,2948,浪岡家,土岐|則吉,とき|のりよし,土岐則吉,,浪岡家,浪岡城,,0,,0,233,60,56,33,39,45,53,,,,,,,,,36,30,33,64,65,conservative,1554,1566,1620,,土岐則基の子,1069018,,,,,,69,0,189,,95,0,,,,,,
1030001,2949,成田家,成田|親泰,なりた|ちかやす,成田親泰,,成田家,忍城,山内上杉家臣。成田氏10代当主。顕泰の子。上田政盛が伊勢宗瑞に内応して上杉氏に叛した際、上杉憲房に従ってその鎮圧に参陣し戦功を挙げた。,66,山内上杉家臣。成田氏10代当主。顕泰の子。上田政盛が伊勢宗瑞に内応して上杉氏に叛した際、上杉憲房に従ってその鎮圧に参陣し戦功を挙げた。,66,319,62,66,64,62,65,60,D,D,,,,,,,31,23,40,72,45,balanced,1475,1487,1545,,,,,,,,,30,0,41,,95,0,,,,,,
1030002,2950,成田家,成田|長泰,なりた|ながやす,成田長泰,,成田家,忍城,成田氏11代当主。親泰の子。上杉輝虎に打擲されたため暗殺を企てて夜襲をしかけ、輝虎と争い兵糧を奪って帰城した。居城・忍城を攻められ降伏し、氏長に家督を譲った。,78,成田氏11代当主。親泰の子。上杉輝虎に打擲されたため暗殺を企てて夜襲をしかけ、輝虎と争い兵糧を奪って帰城した。居城・忍城を攻められ降伏し、氏長に家督を譲った。,78,292,63,78,48,56,47,47,D,,,,C,,,,36,30,70,13,45,aggressive,1495,1507,1586,,成田親泰の子,1030001,,,,,,30,0,41,忍城主,100,1000,,,,,,
1030003,2951,成田家,成田|氏長,なりた|うじなが,成田氏長,,成田家,忍城,成田氏12代当主。長泰の嫡男。長泰が氏長を廃し泰親に家督を譲ろうとしたため、長泰を引退に追いやった。上杉・北条の同盟成立後、成田氏は正式に氏康の家臣と認められた。,80,成田氏12代当主。長泰の嫡男。長泰が氏長を廃し泰親に家督を譲ろうとしたため、長泰を引退に追いやった。上杉・北条の同盟成立後、成田氏は正式に氏康の家臣と認められた。,80,337,69,61,67,72,68,62,D,,,,,,,,36,30,85,47,72,balanced,1542,1554,1596,,成田長泰の子,1030002,,,,,,30,0,41,,90,1500,true,,,,,
1030004,2952,成田家,成田|泰親,なりや|やすちか,成田泰親,,成田家,忍城,成田氏13代当主。長泰の次男。兄・氏長とともに小田原城に籠城し、北条氏の降伏後は領地を没収され蒲生氏郷に預けられた。のちに復帰し、氏長の没後その跡を継いだ。,77,成田氏13代当主。長泰の次男。兄・氏長とともに小田原城に籠城し、北条氏の降伏後は領地を没収され蒲生氏郷に預けられた。のちに復帰し、氏長の没後その跡を継いだ。,77,243,47,43,55,46,52,49,,,,,,,,,36,30,40,60,72,balanced,1545,1557,1617,,成田長泰の子、成田氏長の養子。別名：成田長忠,1030002,1030003,,,,,30,0,41,,90,300,,,,,,
1030005,2953,成田家,成田|重長,なりた|しげなが,成田重長,,成田家,忍城,成田泰親の長男。関ヶ原の戦いでは東軍に属した。父に先立って死去し、嫡男・房長は幼少であったため、重長の実弟・泰之が父の跡を継いだ。,65,成田泰親の長男。関ヶ原の戦いでは東軍に属した。父に先立って死去し、嫡男・房長は幼少であったため、重長の実弟・泰之が父の跡を継いだ。,65,225,46,49,45,40,45,47,,,,,,,,,36,30,53,64,74,balanced,1566,1578,1603,,成田泰親の子,1030004,,,,,,30,0,41,,90,0,,,,,,
1030006,2954,成田家,成田|泰之,なりた|やすゆき,成田泰之,,成田家,忍城,成田氏14代当主。泰親の次男。父・泰親の没後、泰親の嫡男・重長は既に死去しており、その嫡男も幼少だったため、房長が成人するまでという条件で家督を継いだ。,75,成田氏14代当主。泰親の次男。父・泰親の没後、泰親の嫡男・重長は既に死去しており、その嫡男も幼少だったため、房長が成人するまでという条件で家督を継いだ。,75,225,47,45,43,47,43,48,,,,,,,,,42,39,33,59,72,conservative,1568,1580,1622,,成田泰親の子。別名：成田氏宗。成田→那須→徳川,1030004,,,,,,30,0,41,,90,0,,,,,,
1030007,2955,成田家,成田|泰直,なりた|やすなお,成田泰直,,成田家,忍城,成田泰親の子。次兄・泰之のもと大坂夏の陣で軍功を挙げた。泰之の没後、長兄・重長の嫡男・房長と家督を巡って対立。幕府は両者の相続を認めず成田氏は改易された。,77,成田泰親の子。次兄・泰之のもと大坂夏の陣で軍功を挙げた。泰之の没後、長兄・重長の嫡男・房長と家督を巡って対立。幕府は両者の相続を認めず成田氏は改易された。,77,209,42,48,43,36,40,45,,,,,,,,,42,39,76,48,76,balanced,1578,1590,1645,,成田泰親の子,1030004,,,,,,30,0,41,,90,0,,,,,,
1030008,2956,成田家,成田|泰蔵,なりた|やすただ,成田泰蔵,,成田家,忍城,成田長泰の三男。母・旭局が泰蔵を家督継承者に据えようと画策したが発覚したため蟄居。旭局の没後、泰蔵は出家して西方寺を再興し、寺は泰蔵院と名付けられた。,75,成田長泰の三男。母・旭局が泰蔵を家督継承者に据えようと画策したが発覚したため蟄居。旭局の没後、泰蔵は出家して西方寺を再興し、寺は泰蔵院と名付けられた。,75,194,23,15,53,54,49,57,,,,,,,,,20,8,12,72,97,hermit,1548,1560,1579,,成田長泰の子,1030002,,,,,,30,0,41,,90,0,,,,,,
1030009,2957,成田家,小田|朝興,おだ|ともおき,小田朝興,,成田家,忍城,成田親泰の子。小田顕家に養子入りし私市城主となる。上杉輝虎の関東侵攻に際し私市城を攻められ落城。当主・長泰の居城忍城も攻められ成田氏は輝虎に降伏した。,75,成田親泰の子。小田顕家に養子入りし私市城主となる。上杉輝虎の関東侵攻に際し私市城を攻められ落城。当主・長泰の居城忍城も攻められ成田氏は輝虎に降伏した。,75,194,42,40,44,35,33,44,,,,,,,,,36,30,27,72,82,balanced,1512,1524,1571,,成田親泰の子、小田顕家の養子,1030001,1030014,,,,,30,0,41,,90,0,,,,,,
1030010,2958,成田家,成田|泰季,なりた|やすすえ,成田泰季,,成田家,忍城,成田親泰の子。戦の最中、近習が旗を奪われたのを知って夕闇に紛れ単身敵陣に潜入。敵兵を斬り捨て旗を取り戻し帰陣した。晩年は成田一門の長老として重きを成した。,77,成田親泰の子。戦の最中、近習が旗を奪われたのを知って夕闇に紛れ単身敵陣に潜入。敵兵を斬り捨て旗を取り戻し帰陣した。晩年は成田一門の長老として重きを成した。,77,307,65,76,61,57,48,63,D,,,,,,,,36,30,31,67,78,aggressive,1516,1528,1590,,成田親泰の子,1030001,,,,,,30,0,41,,90,0,,,,,,
1030011,2959,成田家,成田|長親,なりた|ながちか,成田長親,,成田家,忍城,成田泰季の嫡男。忍城の戦いでは城代であった泰季が急死したため総大将となる。石田三成率いる豊臣勢の水攻めに耐え、小田原開城後まで忍城を守り抜いた。,72,成田泰季の嫡男。忍城の戦いでは城代であった泰季が急死したため総大将となる。石田三成率いる豊臣勢の水攻めに耐え、小田原開城後まで忍城を守り抜いた。,72,316,69,65,52,62,68,63,D,,,,,,,,50,50,40,61,78,conservative,1546,1558,1613,,成田泰季の子,1030010,,,,,,30,0,41,,90,0,,,,,,
1030012,2960,成田家,成田|泰徳,なりた|やすのり,成田泰徳,,成田家,忍城,成田親泰の子。御館の乱では成田軍を率いて厩橋城まで進軍した。一門の長老として重きを成すも、忍城の戦いで離反を企てて失敗。関東仕置き以降行方不明となる。,75,成田親泰の子。御館の乱では成田軍を率いて厩橋城まで進軍した。一門の長老として重きを成すも、忍城の戦いで離反を企てて失敗。関東仕置き以降行方不明となる。,75,279,59,53,59,53,55,46,,,,,,,,,50,50,86,38,80,balanced,1523,1535,1590,true,成田親泰の子,1030001,,,,,,30,0,41,,90,0,,,,,,
1030013,2961,成田家,善照寺|向用斎,ぜんしょうじ|こうようさい,善照寺向用斎,,成田家,忍城,成田親泰の子。成田氏長の命により羽生城を守備した。1590年の秀吉の小田原征伐では、羽生城を捨てて忍城に篭った。,54,成田親泰の子。成田氏長の命により羽生城を守備した。1590年の秀吉の小田原征伐では、羽生城を捨てて忍城に篭った。,54,206,38,21,45,53,49,39,,,,,,,,,19,7,11,73,84,hermit,1527,1539,1605,,成田親泰の子,1030001,,,,,,30,0,41,,90,0,,,,,,
1030014,2962,成田家,小田|顕家,おだ|あきいえ,小田顕家,,成田家,忍城,成田家臣。種垂城、私市城城主。文亀年間に私市城に移った。のちに成田氏当主・親泰の子・小田朝興を娘婿とし隠居した。,56,成田家臣。種垂城、私市城城主。文亀年間に私市城に移った。のちに成田氏当主・親泰の子・小田朝興を娘婿とし隠居した。,56,205,32,41,47,40,45,43,,,,,,,,,36,30,28,57,65,balanced,1483,1495,1539,,,,,,,,,30,0,41,,90,0,,,,,,
1030015,2963,成田家,酒巻|詮稠,さかまき|あきちか,酒巻詮稠,,成田家,忍城,成田家臣。忍城の戦いでは下忍口を守り、戦後は深谷城へ赴いて忍城戦の報告を行った。会津へと向かった主君・氏長には同行せず、上手子林に土着した。,70,成田家臣。忍城の戦いでは下忍口を守り、戦後は深谷城へ赴いて忍城戦の報告を行った。会津へと向かった主君・氏長には同行せず、上手子林に土着した。,70,196,50,33,29,35,49,47,,,,,,,,,50,50,60,75,76,aggressive,1565,1577,1620,,別名：酒巻靱負,,,,,,,30,0,41,,90,0,,,,,,
1030016,2964,成田家,柴崎|敦英,しばさき|あつとし,柴崎敦英,,成田家,忍城,成田家臣。忍城の戦いでは長野口を守備。戦後帰農した。,26,成田家臣。忍城の戦いでは長野口を守備。戦後帰農した。,26,211,55,52,30,33,41,46,,,,,,,,,38,33,39,71,76,conservative,1556,1568,1634,,,,,,,,,30,0,41,,90,0,,,,,,
1030017,2965,成田家,手島|高吉,てしま|たかよし,手島高吉,,成田家,忍城,成田家臣。上杉輝虎の関東進出の折に人質として成田長泰の三男・泰蔵に付き添うも、長泰が輝虎を襲撃したため危うい立場に置かれ、のちに成田氏長と結んで長泰と対立した。,80,成田家臣。上杉輝虎の関東進出の折に人質として成田長泰の三男・泰蔵に付き添うも、長泰が輝虎を襲撃したため危うい立場に置かれ、のちに成田氏長と結んで長泰と対立した。,80,279,51,50,61,58,59,52,,,,,,,,,26,16,50,63,74,balanced,1523,1535,1574,,,,,,,,,30,0,41,,90,300,,,,,,
1030018,2966,成田家,豊島|長朝,てしま|ながとも,豊島長朝,,成田家,忍城,成田家臣。手島高吉の子。成田氏の譜代侍筆頭として三千貫文の知行を得た。,35,成田家臣。手島高吉の子。成田氏の譜代侍筆頭として三千貫文の知行を得た。,35,259,42,41,58,57,61,49,,,,,,,,,26,16,35,70,74,conservative,1551,1563,1612,,手島高吉の子,1030017,,,,,,30,0,41,,90,0,,,,,,
1030019,2967,成田家,別府|長清,べっぷ|ながきよ,別府長清,,成田家,忍城,成田家臣。別府城主。秀吉の小田原征伐では成田氏長に従い次男・清勝とともに小田原城に籠もった。戦後、領地没収により別府城を失い自刃した。,67,成田家臣。別府城主。秀吉の小田原征伐では成田氏長に従い次男・清勝とともに小田原城に籠もった。戦後、領地没収により別府城を失い自刃した。,67,199,47,45,31,32,44,40,,,,,,,,,22,11,65,83,77,aggressive,1543,1555,1590,true,,,,,,,,30,0,41,,90,0,,,,,,
1030020,2968,成田家,別府|顕清,べっぷ|あききよ,別府顕清,,成田家,忍城,成田家臣。長清の子。秀吉の小田原征伐では成田長親に従って忍城に籠もった。下忍口の守備を任され、三成の攻撃に対し打って出るも討死した。,66,成田家臣。長清の子。秀吉の小田原征伐では成田長親に従って忍城に籠もった。下忍口の守備を任され、三成の攻撃に対し打って出るも討死した。,66,199,43,42,37,38,39,42,,,,,,,,,28,19,42,76,77,balanced,1571,1583,1590,true,別府長清の子,1030019,,,,,,30,0,41,,90,0,,,,,,
1030021,2969,成田家,別府|清勝,べっぷ|きよかつ,別府清勝,,成田家,忍城,成田家臣。長清の子。秀吉の小田原征伐では父・長清とともに小田原城に籠城した。,38,成田家臣。長清の子。秀吉の小田原征伐では父・長清とともに小田原城に籠城した。,38,199,31,32,46,46,44,41,,,,,,,,,28,19,22,68,77,balanced,1572,1584,1590,true,別府長清の子,1030019,,,,,,30,0,41,,90,0,,,,,,
1030022,2970,成田家,本庄|泰展,ほんじょう|やすのぶ,本庄泰展,,成田家,忍城,成田家臣。成田氏の居城忍城が三成による水攻めを受けた際、水に慣れた者を指揮して夜襲をしかけ堤防を破壊。溢れ出した水は豊臣軍の陣地に及び包囲網に大打撃を与えた。,79,成田家臣。成田氏の居城忍城が三成による水攻めを受けた際、水に慣れた者を指揮して夜襲をしかけ堤防を破壊。溢れ出した水は豊臣軍の陣地に及び包囲網に大打撃を与えた。,79,239,63,59,30,31,56,47,,,,,,,B,,26,16,71,76,75,aggressive,1561,1573,1619,,,,,,,,,30,0,41,,90,0,,,,,,
1030023,2971,成田家,正木|利英,まさき|としひで,正木利英,,成田家,忍城,成田家臣。忍城の戦いで豊臣勢と戦闘し活躍した。戦後は成田氏には付き従わず身分を捨てて現地に留まり、双方の戦死者を弔うため高源寺を建立。守天和尚を招いて開山した。,80,成田家臣。忍城の戦いで豊臣勢と戦闘し活躍した。戦後は成田氏には付き従わず身分を捨てて現地に留まり、双方の戦死者を弔うため高源寺を建立。守天和尚を招いて開山した。,80,294,67,60,56,49,62,64,D,D,,,,,,,26,16,56,68,78,balanced,1546,1558,1591,,,,,,,,,30,0,41,,90,0,,,,,,
1068001,2972,南部家,南部|光行,なんぶ|みつゆき,南部光行,,南部家,三戸城,,0,,0,0,0,0,0,0,0,0,,,,,,,,,0,0,0,0,66,hermit,1165,9999,1236,,,,,,,,,68,0,194,,95,0,,,,,,
1068002,2973,南部家,南部|実光,なんぶ|さねみつ,南部実光,,南部家,三戸城,,0,,0,0,0,0,0,0,0,0,,,,,,,,,0,0,0,0,66,hermit,1181,9999,1255,,南部光行の子,1068001,,,,,,68,0,194,,95,0,,,,,,
1068003,2974,南部家,南部|守行,なんぶ|もりゆき,南部守行,,南部家,三戸城,,0,,0,0,0,0,0,0,0,0,,,,,,,,,0,0,0,0,66,hermit,1359,9999,1437,,南部実光の子孫,1068002,,,,,,68,0,194,,95,0,,,,,,
1068004,2975,南部家,南部|義政,なんぶ|よしまさ,南部義政,,南部家,三戸城,,0,,0,0,0,0,0,0,0,0,,,,,,,,,0,0,0,0,66,hermit,1374,9999,1440,,南部守行の子,1068003,,,,,,68,0,194,,95,0,,,,,,
1068005,2976,南部家,東|政重,ひがし|まさしげ,東政重,,南部家,大開城,,0,,0,246,54,55,41,45,51,47,,,,,,,,,22,11,40,61,75,balanced,1515,1527,1566,,南部義政の子孫,1068004,,,,,,68,0,188,大開城主,95,300,,,,,,
1068006,2977,南部家,東|政勝,ひがし|まさかつ,東政勝,,南部家,大開城,,0,,0,217,43,52,33,36,53,45,,,,,,,,,29,21,37,55,75,balanced,1534,1546,1590,,東政重の子,1068005,,,,,,68,0,188,,95,0,,,,,,
1068007,2978,南部家,東|重康,ひがし|しげやす,東重康,,南部家,大開城,,0,,0,228,50,58,35,33,52,46,,,,,,,,,29,21,31,49,75,balanced,1556,1568,1615,,東政勝の子,1068006,,,,,,68,0,188,,95,0,,,,,,
1068008,2979,南部家,南部|助政,なんぶ|すけまさ,南部助政,,南部家,三戸城,,0,,0,0,0,0,0,0,0,0,,,,,,,,,0,0,0,0,66,hermit,1380,9999,1448,,南部守行の子,1068003,,,,,,68,0,194,,95,0,,,,,,
1068009,2980,南部家,南部|信時,なんぶ|のぶとき,南部信時,,南部家,三戸城,,0,,0,0,0,0,0,0,0,0,,,,,,,,,0,0,0,0,66,hermit,1442,9999,1502,,南部助政の子,1068008,,,,,,68,0,194,,95,0,,,,,,
1068010,2981,南部家,南部|政康,なんぶ|まさやす,南部政康,,南部家,三戸城,,0,,0,0,0,0,0,0,0,0,,,,,,,,,0,0,0,0,66,hermit,1461,9999,1507,,南部信時の子,1068009,,,,,,68,0,194,,95,0,,,,,,
1068011,2982,南部家,南部|安信,なんぶ|やすのぶ,南部安信,,南部家,三戸城,三戸南部氏23代当主。政康の子。津軽の反乱で安藤教季・葛西頼清らを討ち、弟・高信を石川城に置いた。一族を浅水・石亀・毛馬内など要地へ配し、北奥の支配を固めた。,78,,0,364,81,73,73,71,66,65,,B,,,,,,,29,21,44,44,66,balanced,1493,1505,1546,,南部政康の子,1068010,,,,,,68,0,194,,95,0,,,,,,
1068012,2983,南部家,南部|晴政,なんぶ|はるまさ,南部晴政,,南部家,三戸城,南部氏当主。三戸城を拠点に北奥で勢力を広げ、津軽・鹿角方面への支配を強めた。嗣子に恵まれず石川信直を養子とするが、実子誕生後に対立し、家中の分裂を招いた。,77,,0,320,77,83,47,61,52,76,,B,,C,,,,,29,21,56,27,66,conservative,1517,1529,1582,,南部安信の子,1068011,,,,,,68,0,194,三戸城主,100,1500,,,nanbu_harumasa.webp,131,大膳亮,
1068013,2984,南部家,南|長義,みなみ|ながよし,南長義,,南部家,八戸城,南部家臣。南部政康の三男。遠江守を称し、五戸・浅水三千石を知行して浅水城を拠点とした。南氏の祖となり、菩提寺の宝福寺を開基。以後、子孫五代が同城を居城とした。,79,,0,316,62,56,64,68,66,55,,,,,,,,,17,4,26,65,65,aggressive,1497,1509,1573,,南部政康の子,1068010,,,,,,68,0,193,,95,300,,,,,,
1068014,2985,南部家,南|康義,みなみ|やすよし,南康義,,南部家,八戸城,,0,,0,240,60,56,42,51,31,44,,,,,,,,,17,4,31,71,65,balanced,1529,1541,1587,,南長義の子。家督を継いで７年で早世,1068013,,,,,,68,0,193,,95,0,,,,,,
1068015,2986,南部家,南|盛義,みなみ|もりよし,南盛義,,南部家,八戸城,南部家臣。浅水城主。南慶儀。家督争いでは北信愛らと信直を支持し、晴政派に対抗した。津軽為信の離反後は情勢を八戸政栄へ報告し、信直・政栄らとの連携を図った。,77,,0,232,49,61,44,48,30,48,,,,,,,,,28,19,39,74,65,aggressive,1551,1563,1591,,南康義の子,1068014,,,,,,68,0,193,,95,0,,,,,,
1068016,2987,南部家,南|直義,みなみ|なおよし,南直義,,南部家,八戸城,,0,,0,286,56,48,64,60,58,60,,,,,,,,,48,47,34,68,65,conservative,1574,1586,1613,,南康義の子,1068014,,,,,,68,0,193,,95,0,,,,,,
1068017,2988,南部家,石川|高信,いしかわ|たかのぶ,石川高信,,南部家,石川城,南部家臣。南部政康の子で、津軽郡代として石川城から津軽を支配した。大浦為信の独立に際して急襲を受け、石川城を落とされ自害。子の信直はのちに南部氏当主となった。,79,,0,308,72,66,53,55,62,56,,C,,C,,,,,24,14,45,70,67,balanced,1496,1508,1571,,南部政康の子,1068010,,,,,,68,0,190,石川城主,95,700,,,,,,
1068018,2989,南部家,南部|信直,なんぶ|のぶなお,南部信直,,南部家,三戸城,南部氏当主。石川高信の子。晴政の養子。家督を継ぎ斯波氏を滅ぼす。小田原へ参陣し秀吉に南部七郡を安堵された。九戸政実の乱後は不来方移転を決め、盛岡城築城を始めた。,80,,0,335,62,49,74,76,74,62,,D,,B,,,,,29,21,37,55,66,aggressive,1546,1558,1599,,石川高信の子、南部晴政の養子,1068017,1068012,,,,,68,0,194,,95,500,,,,,,
1068019,2990,南部家,南部|利直,なんぶ|としなお,南部利直,,南部家,三戸城,南部信直の子。父の跡を継いで盛岡藩主となり、築城総奉行を務めた盛岡城と城下町の整備を進めた。関ヶ原では東軍として最上方面へ出陣し、近世南部領の基礎を固めた。,78,,0,338,64,55,72,76,71,65,,D,D,,,,,,50,50,56,38,66,conservative,1576,1588,1632,,南部信直の子,1068018,,,,,,68,0,194,,95,300,,,,,,
1068020,2991,南部家,南部|政直,なんぶ|まさなお,南部政直,,南部家,三戸城,盛岡藩主・南部利直の次男。北信愛の死後に二万石で花巻城主となる。家老らと城内外の開発を進め、二子城大手門を移築するなど城普請にも取り組んだが、若くして死去した。,80,,0,213,37,31,45,47,53,50,,,,,,,,,50,50,30,75,55,aggressive,1599,1611,1624,,南部利直の子,1068019,,,,,,68,0,194,,95,0,,,,,,
1068021,2992,南部家,南部|重直,なんぶ|しげなお,南部重直,,南部家,三戸城,南部利直の子。父の死後に盛岡藩主となり、完成した盛岡城へ入城して藩の本拠とした。世継ぎを定めず没したため、所領は弟・重信八万石と直房二万石に分割された。,76,,0,283,54,61,60,56,52,57,,,,,,,,,38,33,33,65,66,conservative,1606,1618,1664,,南部利直の子,1068019,,,,,,68,0,194,,95,0,,,,,,
1068022,2993,南部家,石川|政信,いしかわ|まさのぶ,石川政信,,南部家,石川城,,0,,0,259,60,53,47,50,49,52,,,,,,,,,30,22,40,65,67,balanced,1556,1568,1572,true,石川高信の子,1068017,,,,,,68,0,190,,95,0,,,,,,
1068023,2994,南部家,石亀|信房,いしがめ|のぶふさ,石亀信房,,南部家,三戸城,,0,,0,224,50,46,41,41,46,48,,,,,,,,,36,30,43,63,64,conservative,1499,1511,1583,,南部政康の子,1068010,,,,,,68,0,194,,95,0,,,,,,
1068024,2995,南部家,石亀|政頼,いしがめ|まさより,石亀政頼,,南部家,三戸城,,0,,0,225,44,38,47,46,50,50,,,,,,,,,44,42,22,69,64,conservative,1521,1533,1593,,石亀信房の子,1068023,,,,,,68,0,194,,95,0,,,,,,
1068025,2996,南部家,毛馬内|秀範,けまない|ひでのり,毛馬内秀範,,南部家,三戸城,,0,,0,246,60,61,40,42,43,51,,,,,,,,,34,28,62,64,61,conservative,1521,1533,1585,,南部政康の子,1068010,,,,,,68,0,194,,95,0,,,,,,
1068026,2997,南部家,毛馬内|政次,けまない|まさつぐ,毛馬内政次,,南部家,三戸城,,0,,0,240,53,52,47,46,42,50,,,,,,,,,36,30,34,62,61,conservative,1548,1560,1642,,毛馬内秀範の子,1068025,,,,,,68,0,194,,95,0,,,,,,
1068027,2998,南部家,南部|信義,なんぶ|のぶよし,南部信義,,南部家,三戸城,,0,,0,0,0,0,0,0,0,0,,,,,,,,,0,0,0,0,72,hermit,1462,9999,1503,,南部信時の子,1068009,,,,,,68,0,194,,95,0,,,,,,
1068028,2999,南部家,北|致愛,きた|むねちか,北致愛,,南部家,三戸城,,0,,0,249,58,35,55,52,49,52,,,,,,,,,50,50,60,32,72,conservative,1503,1515,1540,,,,,,,,,68,0,194,,95,0,,,,,,
1068029,3000,南部家,北|信愛,きた|のぶちか,北信愛,,南部家,三戸城,南部家臣。晴政の没後の家督争いで信直を支持し、その相続を支えた。豊臣政権との交渉にも奔走。九戸政実の乱では利直に付き従って上洛し、豊臣方へ援軍を求めた。,76,,0,347,74,55,80,73,65,66,C,D,,D,,,,,50,50,40,61,72,balanced,1523,1535,1613,,北致愛の子,1068028,,,,,,68,0,194,,95,0,true,,,,,
1068030,3001,南部家,北|愛一,きた|ちかかず,北愛一,,南部家,三戸城,南部家臣。北信愛の長男。父とは別に寺田村を与えられ、寺田城主となった。北氏の支族として寺田に家を構え、のちに直義が家督を継いだ。,64,,0,320,56,52,71,72,69,65,,,,,,,,,50,50,41,60,72,conservative,1553,1565,1634,,北信愛の子,1068029,,,,,,68,0,194,,95,0,,,,,,
1068031,3002,南部家,北|秀愛,きた|ひでちか,北秀愛,,南部家,三戸城,,0,,0,248,53,59,43,41,52,55,,,,,,,,,50,50,38,63,73,balanced,1555,1567,1598,true,北信愛の子,1068029,,,,,,68,0,194,,95,0,,,,,,
1068032,3003,八戸家,南部|実長,なんぶ|さねなが,南部実長,,南部家,三戸城,,0,,0,0,0,0,0,0,0,0,,,,,,,,,0,0,0,0,68,hermit,1222,9999,1297,,南部光行の子,1068001,,,,,,68,0,194,,95,0,,,,,,
1068033,3004,八戸家,新田|清継,にいだ|きよつぐ,新田清継,,南部家,八戸城,,0,,0,0,0,0,0,0,0,0,,,,,,,,,0,0,0,0,68,hermit,1470,9999,1520,,南部実長の子孫,1068032,,,,,,68,0,193,,95,0,,,,,,
1068034,3005,八戸家,新田|盛政,にいだ|もりまさ,新田盛政,,南部家,蠣崎城,,0,,0,284,63,61,47,51,62,56,,D,,,,,,,29,21,59,80,68,balanced,1495,1507,1563,,新田清継の子,1068033,,,,,,68,0,191,,95,200,,true,,,,
1068035,3006,八戸家,新田|行政,にいだ|ゆきまさ,新田行政,,南部家,蠣崎城,,0,,0,243,58,64,38,37,46,50,,,,,,,,,29,21,28,75,68,aggressive,1521,1533,1585,,新田盛政の子,1068034,,,,,,68,0,191,蠣崎城主,95,500,,,,,,
1068036,3007,八戸家,新田|政盛,にいだ|まさもり,新田政盛,,南部家,蠣崎城,,0,,0,268,63,62,44,49,50,54,D,D,,,,,,,29,21,51,78,68,aggressive,1547,1559,1603,,新田行政の子,1068035,,,,,,68,0,191,,95,0,,,,,,
1068037,3008,八戸家,新田|政広,にいだ|まさひろ,新田政広,,南部家,蠣崎城,,0,,0,243,60,64,37,34,48,52,,,,,,,,,36,30,48,71,68,aggressive,1562,1574,1620,,新田政盛の子,1068036,,,,,,68,0,191,,95,0,,,,,,
1068038,3009,八戸家,八戸|政栄,はちのへ|まさよし,八戸政栄,,南部家,八戸城,根城南部氏当主。南部信直に小田原参陣を勧め、嫡子を同行させて自身は領内を守備。この選択により三戸南部氏に従属し、家中の安定を優先した。,67,,0,314,66,65,57,65,61,60,D,,,,,,,,29,21,43,67,70,balanced,1544,1556,1610,,新田行政の子,1068035,,,,,,68,0,193,八戸城主,95,500,,,,,,
1068039,3010,八戸家,八戸|直栄,はちのへ|なおひで,八戸直栄,,南部家,八戸城,八戸氏当主。根城主。南部信直の娘・千代子を妻とする。朝鮮出兵で信直が肥前名護屋に在陣中、国元にあり、大名交際や情勢を伝える書状を受けた。晩年は病を得た。,76,,0,267,64,57,42,49,55,55,,,,,,,,,29,21,36,70,70,balanced,1561,1573,1595,,八戸政栄の子,1068038,,,,,,68,0,193,,95,0,,,,,,
1068040,3011,八戸家,八戸|直政,はちのへ|なおまさ,八戸直政,,南部家,八戸城,,0,,0,236,55,24,58,43,56,50,,,,,,,,,29,21,23,60,70,conservative,1587,1599,1614,,八戸政栄の子,1068038,,,,,,68,0,193,,95,0,,,,,,
1068041,3012,七戸家,七戸|朝清,しちのへ|ともきよ,七戸朝清,,南部家,野辺地城,,0,,0,0,0,0,0,0,0,0,,,,,,,,,0,0,0,0,48,hermit,1225,9999,1275,,南部光行の子,1068001,,,,,,68,0,192,,95,0,,,,,,
1068042,3013,七戸家,七戸|直国,しちのへ|なおくに,七戸直国,,南部家,野辺地城,,0,,0,219,54,51,37,34,43,45,,,,,,,,,26,16,38,66,48,balanced,1519,1531,1570,,七戸朝清の子孫,1068041,,,,,,68,0,192,野辺地城主,95,200,,,,,,
1068043,3014,七戸家,七戸|家国,しちのへ|いえくに,七戸家国,,南部家,野辺地城,,0,,0,223,45,55,34,39,50,44,,,,,,,,,29,21,56,28,48,conservative,1539,1551,1591,true,七戸直国の子,1068042,,,,,,68,0,192,,95,0,,,,,,
1068044,3015,九戸家,南部|行連,なんぶ|ゆきつら,南部行連,,南部家,九戸城,,0,,0,0,0,0,0,0,0,0,,,,,,,,,0,0,0,0,50,hermit,1230,9999,1280,,南部光行の子,1068001,,,,,,68,0,195,,95,0,,,,,,
1068045,3016,九戸家,九戸|信実,くのへ|のぶざね,九戸信実,,南部家,九戸城,,0,,0,0,0,0,0,0,0,0,,,,,,,,,0,0,0,0,50,hermit,1480,9999,1530,,南部行連の子孫,1068044,,,,,,68,0,195,,95,0,,,,,,
1068046,3017,九戸家,九戸|信仲,くのへ|のぶなか,九戸信仲,,南部家,九戸城,九戸氏当主。南部一族。九戸村を本拠とした。加賀から来た僧・恵善を招き長興寺を開いて一族の菩提寺とした。子の政実はのち九戸城へ本拠を移し、北奥で勢力を広げた。,78,,0,272,54,54,46,55,63,54,,,,,,,,,43,40,58,32,50,balanced,1514,1526,1568,,九戸信実の子,1068045,,,,,,68,0,195,九戸城主,95,500,,,,,,
1068047,3018,九戸家,九戸|政実,くのへ|まさざね,九戸政実,,南部家,九戸城,南部氏一門。九戸城主。宗家を継いだ信直と対立し、奥羽仕置後に挙兵。豊臣秀次・徳川家康らの大軍に九戸城を包囲され、助命を条件に降伏したが処刑され、乱は鎮圧された。,80,,0,297,72,80,41,41,63,39,,B,,D,,,,,43,40,70,15,50,balanced,1536,1548,1591,true,九戸信仲の子,1068046,,,,,,68,0,195,,85,0,,,,,,
1068048,3019,九戸家,九戸|実親,くのへ|さねちか,九戸実親,,南部家,九戸城,九戸氏一門。九戸政実の弟。南部晴政の次女を妻とし、晴継の死後の家督争いでは後継候補に推された。信直の継承後、兄の政実は反発して兵を挙げ、家中の抗争が深まった。,79,,0,252,70,66,40,37,39,51,,C,,,,,,,43,40,61,27,49,balanced,1542,1554,1591,true,九戸信仲の子,1068046,,,,,,68,0,195,,85,0,,,,,,
1068049,3020,高水寺斯波家,中野|康実,なかの|やすざね,中野康実,,斯波家,雫石城,,0,,0,256,62,53,42,39,60,54,,,,,,,,,54,55,47,52,58,balanced,1553,1565,1594,,九戸信仲の子。南部→高水寺斯波→南部,1068046,,,,,,71,0,197,,95,0,,,,,,
1068050,3021,高水寺斯波家,中野|康仲,なかの|やすなか,中野康仲,,斯波家,雫石城,,0,,0,259,49,46,58,52,54,57,,,,,,,,,54,56,25,63,58,balanced,1578,1590,1640,,中野康実の子,1068049,,,,,,71,0,197,,95,0,,,,,,
1068051,3022,南部家,石亀|政明,いしがめ|まさあき,石亀政明,,南部家,三戸城,,0,,0,222,42,49,49,41,41,49,,,,,,,,,40,36,34,65,63,balanced,1517,1529,1584,,,,,,,,,68,0,194,,95,0,,,,,,
1068052,3023,南部家,泉山|古康,いずみやま|ふるやす,泉山古康,,南部家,三戸城,,0,,0,257,40,40,67,60,50,51,,,,,,,,,29,21,37,55,62,conservative,1536,1548,1600,,石亀政明の子,1068051,,,,,,68,0,194,,95,0,,,,,,
1068053,3024,南部家,泉山|政義,いずみやま|まさよし,泉山政義,,南部家,三戸城,,0,,0,239,35,35,62,57,50,49,,,,,,,,,33,26,34,61,62,conservative,1560,1572,1629,,泉山古康の子,1068052,,,,,,68,0,194,,95,0,,,,,,
1068054,3025,南部家,今渕|政明,いまぶち|まさあき,今渕政明,,南部家,大開城,,0,,0,211,39,38,45,48,41,50,,,,,,,,,50,50,34,69,63,balanced,1523,1535,1587,,,,,,,,,68,0,188,,95,0,,,,,,
1068055,3026,南部家,今渕|政慶,いまぶち|まさよし,今渕政慶,,南部家,大開城,,0,,0,219,43,32,48,50,46,51,,,,,,,,,52,53,38,64,63,conservative,1552,1564,1601,,今渕政明の子,1068054,,,,,,68,0,188,,95,0,,,,,,
1068056,3027,南部家,櫛引|弥六郎,くしびき|やろくろう,櫛引弥六郎,,南部家,八戸城,,0,,0,0,0,0,0,0,0,0,,,,,,,,,0,0,0,0,50,hermit,1515,9999,1565,,,,,,,,,68,0,193,,95,0,,,,,,
1068057,3028,八戸家,櫛引|清長,くしびき|きよなが,櫛引清長,,南部家,八戸城,南部氏国衆。櫛引城主。九戸政実と結び、津軽為信討伐への出兵を拒んだ。九戸政実の乱では七戸家国らと挙兵し、苫米地館を夜襲。九戸城に籠城後、降伏し政実と斬首された。,80,,0,263,64,62,40,43,54,55,,D,,,,,,,22,11,53,35,50,aggressive,1540,1552,1591,true,櫛引弥六郎の子,1068056,,,,,,68,0,193,,95,0,,,,,,
1068058,3029,八戸家,櫛引|興繁,くしびき|おきしげ,櫛引興繁,,南部家,八戸城,,0,,0,247,61,58,38,38,52,52,,,,,,,,,26,16,51,40,50,aggressive,1563,1575,1591,true,櫛引清長の子,1068057,,,,,,68,0,193,,95,0,,,,,,
1068059,3030,八戸家,櫛引|清政,くしびき|きよまさ,櫛引清政,,南部家,八戸城,,0,,0,221,56,65,27,29,44,49,,,,,,,,,22,11,45,33,51,balanced,1546,1558,1591,true,櫛引弥六郎の子,1068056,,,,,,68,0,193,,95,0,,,,,,
1068060,3031,八戸家,櫛引|清次,くしびき|きよつぐ,櫛引清次,,南部家,八戸城,,0,,0,204,52,61,25,26,40,47,,,,,,,,,30,22,35,43,51,balanced,1572,1584,1591,true,櫛引清政の子,1068059,,,,,,68,0,193,,95,0,,,,,,
1068061,3032,八戸家,櫛引|政次,くしびき|まさつぐ,櫛引政次,,南部家,八戸城,,0,,0,221,41,33,48,45,54,49,,,,,,,,,46,44,21,57,59,conservative,1595,1607,1663,,櫛引清次の子,1068060,,,,,,68,0,193,,95,0,,,,,,
1068062,3033,南部家,桜庭|光康,さくらば|みつやす,桜庭光康,,南部家,三戸城,南部家臣。信直の側近。閉伊方面へ派遣され、野田氏を介した工作を担い南部氏の勢力伸張を支えた。閉伊郡仙徳を知行し、長根寺・善徳寺を建立。嫡子の直綱が家督を継いだ。,80,,0,289,62,66,58,50,53,61,,,,D,,,,,50,50,36,73,67,aggressive,1537,1549,1593,,,,,,,,,68,0,194,,95,0,,,,,,
1068063,3034,南部家,桜庭|直綱,さくらば|なおつな,桜庭直綱,,南部家,三戸城,南部家臣。桜庭光康の子。元服時に信直から「直」の一字を与えられた。九戸・最上・岩崎・大坂の陣で先鋒を務め、秀吉の名護屋出陣では国元の留守居を任された。,75,,0,288,59,59,54,57,59,59,,,,,,,,,50,50,52,44,67,aggressive,1558,1570,1620,,桜庭光康の子,1068062,,,,,,68,0,194,,95,0,,,,,,
1068064,3035,南部家,北|信景,きた|のぶかげ,北信景,,南部家,三戸城,南部家臣。北信愛の養子。鹿角の白根・西道金山奉行を務め、開発と上方交易を取り仕切った。和賀一揆で軍功を挙げ、のち主家を離れて大坂城へ入り、豊臣方として戦死した。,80,,0,295,57,63,70,59,46,59,,,,,,,,,50,50,60,32,67,aggressive,1575,1587,1615,,桜庭光康の子、北信愛の養子。南部→津軽,1068062,1068029,,,,,68,0,194,,95,0,,,,,,
1068065,3036,千徳家,千徳|某,せんとく|なにがし,千徳某,,南部家,石川城,,0,,0,0,0,0,0,0,0,0,,,,,,,,,0,0,0,0,65,hermit,1000,9999,1050,,千徳氏連結用,,,,,,,68,0,190,,90,0,,,,,,
1068066,3037,南部千徳家,千徳|政朝,せんとく|まさとも,千徳政朝,,南部家,石川城,,0,,0,233,48,41,49,46,49,52,,,,,,,,,28,19,30,64,65,balanced,1526,1538,1591,,千徳某の子孫,1068065,,,,,,68,0,190,,95,0,,,,,,
1068067,3038,南部千徳家,千徳|政武,せんとく|まさたけ,千徳政武,,南部家,石川城,,0,,0,243,51,32,63,44,53,64,,,,,,,,,34,28,26,73,65,balanced,1549,1561,1585,true,千徳政朝の子,1068066,,,,,,68,0,190,,95,0,,,,,,
1068068,3039,八戸家,中館|義成,なかやかた|よしなり,中館義成,,南部家,蠣崎城,,0,,0,213,43,57,42,34,37,44,,,,,,,,,26,16,39,64,68,balanced,1516,1528,1575,,,,,,,,,68,0,191,,95,0,,,,,,
1068069,3040,八戸家,中館|政常,なかやかた|まさつね,中館政常,,南部家,蠣崎城,,0,,0,235,62,60,38,31,44,47,,,,,,,,,26,16,24,71,68,balanced,1554,1566,1627,,中館義成の子,1068068,,,,,,68,0,191,,95,0,,,,,,
1223001,3041,津軽家,大浦|光信,おおうら|みつのぶ,大浦光信,,南部家,石川城,,0,,0,0,0,0,0,0,0,0,,,,,,,,,0,0,0,0,50,hermit,1460,9999,1526,,,,,,,,,68,0,190,,95,0,,,,,,
1223002,3042,津軽家,大浦|政信,おおうら|まさのぶ,大浦政信,,南部家,石川城,,0,,0,218,41,61,37,36,43,48,D,C,,,,,,,43,40,45,50,50,aggressive,1497,1509,1541,,大浦光信の子、大浦盛信の娘婿,1223001,1223009,,,,,68,0,190,,95,0,,,,,,
1223003,3043,津軽家,大浦|為則,おおうら|ためのり,大浦為則,,南部家,石川城,大浦氏当主。大浦城主。政信の後を継ぎ、津軽進出の拠点である大浦城を治めた。のち津軽為信を婿養子に迎えて後継者とし、為信は為則の死後に家督と大浦城を継いだ。,77,,0,260,38,39,64,62,57,55,,,,,,,,,43,40,30,72,50,balanced,1520,1532,1567,,大浦政信の子,1223002,,,,,,68,0,190,,95,300,,,,,,
1223004,3044,津軽家,大浦|守信,おおうら|もりのぶ,大浦守信,,南部家,石川城,,0,,0,260,62,39,55,53,51,56,,,,,,,,,43,40,25,78,50,balanced,1524,1536,1568,,大浦政信の子,1223002,,,,,,68,0,190,,95,100,,,,,,
1223005,3045,津軽家,大浦|為信,おおうら|ためのぶ,大浦為信,1590:津軽|0:つがる|0,南部家,石川城,大浦氏当主。大浦城主。南部氏から自立を図り石川城・浪岡城などを攻略、津軽を掌握。秀吉から所領を安堵され津軽氏を称し、堀越城へ本拠を移して津軽氏の基礎を築いた。,79,,0,414,86,75,79,85,89,75,B,D,,,,,C,,71,80,83,10,13,balanced,1550,1562,1607,,大浦守信の子。別名：津軽為信,1223004,,,,,,68,0,190,,90,100,,,,,,
1223006,3046,津軽家,大浦|信建,おおうら|のぶたけ,大浦信建,1590:津軽|0:つがる|0,南部家,石川城,津軽為信の長男。父の不在時には代理を務め、公家との交際も担った。巌鬼山神社に奉納した鰐口には「大旦那惣領主信建」と刻まれ、後継者と目されたが父に先立ち病没した。,80,,0,268,56,44,54,51,63,58,,,,,,,,,50,50,34,70,13,balanced,1574,1586,1607,,大浦為信の子,1223005,,,,,,68,0,190,,90,0,,,,,,
1223007,3047,津軽家,大浦|信枚,おおうら|のぶひら,大浦信枚,1590:津軽|0:つがる|0,南部家,石川城,津軽氏当主。為信の三男。父の死後に家督を継ぎ、高岡城を築いて本拠を移した。長勝寺構や惣構を整え、寺社の移転と城下町建設を進めて近世弘前の基礎を築いた。,75,,0,342,63,58,76,75,70,71,,,,,,,,,71,80,55,50,13,conservative,1586,1598,1631,,大浦為信の子,1223005,,,,,,68,0,190,,90,0,,,,,,
1223008,3048,津軽家,大浦|建広,おおうら|たけひろ,大浦建広,1590:津軽|0:つがる|0,南部家,石川城,,0,,0,214,59,32,40,39,44,48,,,,,,,,,50,50,56,38,3,balanced,1569,1581,1640,,大浦為信の養子。津軽→徳川,,1223005,,,,,68,0,190,,90,0,,,,,,
1223009,3049,津軽家,大浦|盛信,おおうら|もりのぶ,大浦盛信,,南部家,石川城,大浦城主。光信が築いた大浦城に置かれて大浦氏を称し、のちに家督を継いだ。種里に光信の菩提寺・長勝寺を創建し、大浦を本拠とする一族の基盤を築いた。,72,,0,303,58,50,63,66,66,63,,,,,,,,,50,50,32,72,50,balanced,1483,1495,1538,,大浦光信の養子,,1223001,,,,,68,0,190,,95,0,,,,,,
1223010,3050,津軽家,板垣|将兼,いたがき|まさかね,板垣将兼,,南部家,石川城,,0,,0,220,51,68,20,34,47,43,,,,,,,,,18,5,77,34,23,aggressive,1552,1564,1600,true,津軽→関ヶ原で突如謀反し石田三成につく,,,,,,,68,0,190,,90,0,,,,,,
1223011,3051,津軽家,小笠原|信浄,おがさわら|のぶきよ,小笠原信浄,1592:木庭袋|0:きばくら|0,南部家,石川城,,0,,0,261,52,57,42,49,61,55,,,D,,,,,,40,35,35,63,8,balanced,1534,1546,1599,,,,,,,,,68,0,190,,90,0,,,,,,
1223012,3052,津軽家,兼平|綱則,かねひら|つなのり,兼平綱則,,南部家,石川城,津軽家臣。中書。津軽四天王の一人。為信の津軽統一と独立を支え、南部高信との戦いや大光寺城攻めに従軍。文禄の役では肥前名護屋の豊臣秀吉の陣へ使者を務めた。,76,,0,299,58,56,57,63,65,57,D,,,,,,,,29,21,37,55,12,aggressive,1544,1556,1625,,,,,,,,,68,0,190,,90,0,,,,,,
1223013,3053,津軽家,北畠|昌教,きたばたけ|まさのり,北畠昌教,,南部家,石川城,,0,,0,210,38,38,47,43,44,48,,,,,,,,,47,45,39,61,48,balanced,1577,1589,1616,,,,,,,,,68,0,190,,90,0,,,,,,
1223014,3054,津軽千徳家,千徳|政吉,せんとく|まさよし,千徳政吉,,南部家,石川城,,0,,0,220,44,40,49,40,47,50,,,,,,,,,50,50,39,62,98,balanced,1516,1528,1581,,千徳某の子孫,1068065,,,,,,68,0,190,,90,0,,,,,,
1223015,3055,津軽千徳家,千徳|政氏,せんとく|まさうじ,千徳政氏,,南部家,石川城,浅瀬石城主。千徳氏10代当主。大浦為信と盟約を結び、南部方の大光寺城などを攻めた。南部信直が三千余で浅瀬石城へ攻め寄せると、城兵・商農兵を率いて撃退した。,76,,0,262,58,66,48,39,51,57,,,,,,,,,61,66,47,57,98,aggressive,1540,1552,1588,true,千徳政吉の子,1223014,,,,,,68,0,190,,90,0,,,,,,
1223016,3056,津軽千徳家,千徳|政康,せんとく|まさやす,千徳政康,,南部家,石川城,,0,,0,217,53,50,39,33,42,53,,,,,,,,,64,70,42,65,98,aggressive,1571,1583,1597,true,千徳政氏の子,1223015,,,,,,68,0,190,,90,0,,,,,,
1223017,3057,津軽家,乳井|建清,にゅうい|たけきよ,乳井建清,,南部家,石川城,津軽国衆。乳井福王寺玄蕃の子。父が大光寺城主・瀧本重行に謀殺されると大浦為信に属し、武将として高畑城・大光寺城攻略で活躍した。大光寺城攻略後は同城代を務めた。,79,,0,294,67,73,51,44,59,64,D,,,,,,,,61,66,32,78,13,balanced,1551,1563,1584,,,,,,,,,68,0,190,,90,0,,,,,,
1223018,3058,津軽家,服部|康成,はっとり|やすなり,服部康成,,南部家,石川城,,0,,0,267,31,41,64,66,65,57,,,,,,,,,50,50,40,61,13,balanced,1566,1578,1635,,,,,,,,,68,0,190,,90,0,,,,,,
1223019,3059,津軽家,森岡|信元,もりおか|のぶもと,森岡信元,,南部家,石川城,,0,,0,214,59,62,31,28,34,44,,C,,,,,,,29,21,44,44,16,balanced,1556,1568,1606,,,,,,,,,68,0,190,,90,0,,,,,,
1079001,3060,二階堂家,二階堂|晴行,にかいどう|はるゆき,二階堂晴行,,二階堂家,須賀川城,,0,,0,228,51,56,37,38,46,53,,,,,,,,,29,21,40,50,46,balanced,1482,1494,1542,,,,,,,,,79,0,212,,95,0,,,,,,
1079002,3061,二階堂家,二階堂|輝行,にかいどう|てるゆき,二階堂輝行,,二階堂家,須賀川城,,0,,0,208,47,30,52,42,37,53,,,,,,,,,26,16,27,67,46,balanced,1508,1520,1564,,二階堂晴行の子,1079001,,,,,,79,0,212,須賀川城主,100,1000,,,,,,
1079003,3062,二階堂家,二階堂|盛義,にかいどう|もりよし,二階堂盛義,,二階堂家,須賀川城,陸奥国衆。須賀川城主。輝行の子。蘆名盛氏と抗争後に和睦し、嫡男・盛隆を人質として会津へ送る。盛隆が蘆名家を継ぐと結びつきが強まり、田村・安積へ勢力を伸ばした。,79,,0,265,42,45,67,60,51,41,,,,,,,,,26,16,27,67,45,aggressive,1532,1544,1581,,二階堂輝行の子,1079002,,,,,,79,0,212,,95,500,,,,,,
1079004,3063,二階堂家,二階堂|行親,にかいどう|ゆきちか,二階堂行親,,二階堂家,須賀川城,,0,,0,226,43,29,55,52,47,52,,,,,,,,,26,16,30,63,45,balanced,1570,1582,1585,,二階堂盛義の次男,1079003,,,,,,79,0,212,,95,500,,,,,,
1079005,3064,二階堂家,二階堂|行栄,にかいどう|ゆきひで,二階堂行栄,1580:徳善院|法印:とくぜんいん|ほういん/daimyo:二階堂|行栄:にかいどう|ゆきひで,二階堂家,須賀川城,,0,,0,247,29,16,66,74,62,59,,,,,,,,,20,8,18,48,44,hermit,1581,1593,1643,,二階堂盛義の三男。,1079003,,,,,,79,0,212,,95,0,,,,,,
1079006,3065,二階堂家,二階堂|義信,にかいどう|よしのぶ,二階堂義信,,二階堂家,須賀川城,二階堂一門。横田城主。伊達政宗の須賀川攻略に際して敗れ、城を落ち延びた。退去の際、祈祷所だった満願寺に不動尊図を残したと伝わり、のち護真寺に納められた。,76,,0,266,52,50,57,56,51,51,,,,,,,,,33,26,23,76,42,balanced,1517,1529,1589,,二階堂輝行の次男,1079002,,,,,,79,0,212,,95,0,,,,,,
1079007,3066,二階堂家,遠藤|盛胤,えんどう|もりたね,遠藤盛胤,,二階堂家,須賀川城,,0,,0,231,68,68,28,28,39,48,D,C,D,,,,,,29,21,40,50,55,aggressive,1555,1567,1605,,,,,,,,,79,0,212,,95,0,,,,,,
1079008,3067,二階堂家,須田|盛秀,すだ|もりひで,須田盛秀,,二階堂家,須賀川城,二階堂家臣。和田城主。須賀川城攻防で伊達軍に抗戦し、落城後は佐竹義宣を頼った。のちに秋田移封へ従って横手城代となり、茂木百騎を率いて佐竹氏の支城を守った。,77,,0,301,63,65,58,58,57,48,C,,,,,,,,26,16,27,67,23,balanced,1530,1542,1625,,二階堂→阿南姫→佐竹義宣,,,,,,,79,0,212,,85,0,true,,,,,
1079009,3068,二階堂家,浜尾|行泰,はまお|ゆきやす,浜尾行泰,,二階堂家,須賀川城,,0,,0,259,61,52,49,48,49,55,,,,,,,,,44,42,74,23,67,balanced,1542,1554,1622,,二階堂→1589～伊達,,,,,,,79,0,212,,85,0,,,,,,
1079010,3069,二階堂家,浜尾|盛泰,はまお|もりやす,浜尾盛泰,,二階堂家,須賀川城,,0,,0,253,44,50,56,54,49,54,,,,,,,,,48,47,68,20,67,balanced,1565,1577,1612,,浜尾行泰の子。二階堂→1589～伊達,1079009,,,,,,79,0,212,,85,0,,,,,,
1079011,3070,二階堂家,川島|宗泰,かわしま|むねやす,川島宗泰,,二階堂家,須賀川城,,0,,0,235,32,62,61,45,35,56,D,C,D,,,,,,50,50,59,34,67,aggressive,1567,1579,1616,,浜尾行泰の子。二階堂→1589～伊達,1079009,,,,,,79,0,212,,85,0,,,,,,
1079012,3071,二階堂家,保土原|行藤,ほどはら|ぎょうとう,保土原行藤,,二階堂家,須賀川城,,0,,0,246,55,36,42,51,62,45,,D,,,,,,,26,16,52,32,65,balanced,1538,1550,1620,,二階堂→1589～伊達,,,,,,,79,0,212,,95,0,,,,,,
1079013,3072,二階堂家,矢田野|義正,やだの|よしまさ,矢田野義正,,二階堂家,須賀川城,二階堂家臣。伊達政宗に従い小田原へ随従したが、政宗が豊臣秀吉から問責される最中に離脱して佐竹陣へ逃れた。弟・善六郎らは大里城に籠もり伊達勢の総攻撃を退けた。,78,,0,301,63,72,51,54,61,63,,D,,,,,,,38,33,26,75,45,conservative,1565,1577,1623,,,,,,,,,79,0,212,,95,0,,,,,,
1082001,3073,二本松家,二本松|政国,にほんまつ|まさくに,二本松政国,,二本松家,二本松城,,0,,0,0,0,0,0,0,0,0,,,,,,,,,0,0,0,0,17,hermit,1455,9999,1494,,,,,,,,,82,0,215,,95,0,,,,,,
1082002,3074,二本松家,二本松|村国,にほんまつ|むらくに,二本松村国,,二本松家,二本松城,,0,,0,291,54,52,61,63,61,56,D,D,,,,,,,33,26,42,50,17,balanced,1479,1491,1542,,二本松政国の子,1082001,,,,,,82,0,215,,95,0,,,,,,
1082003,3075,二本松家,二本松|家泰,にほんまつ|いえやす,二本松家泰,,二本松家,二本松城,,0,,0,249,50,38,56,54,51,51,D,,,,,,,,36,30,39,55,17,balanced,1512,1524,1546,,二本松村国の子,1082002,,,,,,82,0,215,,95,0,,,,,,
1082004,3076,二本松家,二本松|義氏,にほんまつ|よしうじ,二本松義氏,,二本松家,二本松城,,0,,0,221,34,45,39,51,52,43,,,,,,,,,22,11,48,60,17,balanced,1530,1542,1547,,二本松村国の子、二本松家泰の養子,1082002,1082003,,,,,82,0,215,,95,0,,,,,,
1082005,3077,二本松家,高玉|常頼,たかだま|つねより,高玉常頼,,二本松家,二本松城,,0,,0,256,60,55,50,47,44,55,,,,,,,,,40,36,34,78,28,aggressive,1555,1567,1589,true,二本松義国の子、高玉頼継の養子。別名：二本松常頼。二本松→伊達→蘆名,1082007,1082018,,,,,82,0,215,,95,0,,,,,,
1082006,3078,二本松家,新城|村尚,あらき|むらひさ,新城村尚,,二本松家,二本松城,,0,,0,265,58,52,57,52,46,52,,,,,,,,,26,16,35,70,14,aggressive,1485,1497,1554,,二本松政国の子,1082001,,,,,,82,0,215,,95,0,,,,,,
1082007,3079,二本松家,二本松|義国,にほんまつ|よしくに,二本松義国,,二本松家,二本松城,,0,,0,258,52,53,56,51,46,50,D,,,,,,,,26,16,36,55,17,balanced,1521,1533,1580,,新城村尚の子、二本松義氏の養子,1082006,1082004,,,,,82,0,215,二本松城主,100,1000,,,,71,修理大夫,
1082008,3080,二本松家,二本松|義継,にほんまつ|よしつぐ,二本松義継,,二本松家,二本松城,,0,,0,186,39,50,30,29,38,48,,,D,,,,,,26,16,69,21,17,aggressive,1552,1564,1585,true,二本松義国の子,1082007,,,,,,82,0,215,,95,500,,,,,,
1082009,3081,二本松家,二本松|義綱,にほんまつ|よしつな,二本松義綱,,二本松家,二本松城,,0,,0,191,35,39,39,42,36,39,,,,,,,,,22,11,26,55,17,balanced,1574,1586,1589,true,二本松義継の子。二本松→蘆名,1082008,,,,,,82,0,215,,95,300,,,,,,
1082010,3082,二本松家,二本松|義孝,にほんまつ|よしたか,二本松義孝,,二本松家,二本松城,,0,,0,250,43,39,56,58,54,52,,,,,,,,,36,30,42,65,16,conservative,1576,1588,1655,,二本松義継の子,1082008,,,,,,82,0,215,,95,0,,,,,,
1082011,3083,二本松家,新城|直継,あらき|なおつぐ,新城直継,,二本松家,二本松城,,0,,0,245,44,36,55,57,53,47,,,,,,,,,22,11,25,68,14,balanced,1523,1535,1596,,新城村尚の子,1082006,,,,,,82,0,215,,95,300,true,,,,,
1082012,3084,二本松家,新城|盛継,あらき|もりつぐ,新城盛継,,二本松家,二本松城,,0,,0,265,57,58,46,52,52,50,,,,,,,,,22,11,29,63,14,balanced,1554,1566,1614,,新城直継の子,1082011,,,,,,82,0,215,,95,0,,,,,,
1082013,3085,二本松家,安子島|祐高,あこがしま|すけたか,安子島祐高,,二本松家,二本松城,蘆名家臣。安子島城主。伊達政宗の会津侵攻で安子島城を攻められ、町構や曲輪を破られた。祐高は城を明け渡す代わりに家臣の助命を願い出て許され、猪苗代へ退いた。,77,,0,263,51,57,43,57,55,56,,,,,,,,,50,50,31,59,28,balanced,1545,1557,1589,true,二本松→伊達→蘆名,,,,,,,82,0,215,,95,0,,,,,,
1082014,3086,二本松家,荒井|政頼,あらき|まさより,荒井政頼,,二本松家,二本松城,,0,,0,200,54,55,31,28,32,45,,,,,,,,,38,33,43,64,28,balanced,1555,1567,1589,true,二本松→伊達→蘆名,,,,,,,82,0,215,,95,0,,,,,,
1082015,3087,二本松家,小国|義操,おぐに|よしもち,小国義操,,二本松家,二本松城,,0,,0,214,60,66,24,25,39,53,,,,D,,,,,36,30,19,84,17,aggressive,1547,1559,1606,,二本松→浪人,,,,,,,82,0,215,,95,0,,,,,,
1082016,3088,二本松家,小田辺|勝成,こたべ|かつなり,小田辺勝成,,二本松家,二本松城,,0,,0,186,43,64,25,24,30,40,,D,,,,,,,29,21,44,44,62,aggressive,1560,1572,1619,,二本松→1598伊達,,,,,,,82,0,215,,95,0,,,,,,
1082017,3089,二本松家,高玉|村継,たかだま|むらつぐ,高玉村継,,二本松家,二本松城,,0,,0,190,36,30,43,44,37,43,,,,,,,,,32,25,41,65,28,balanced,1497,1509,1561,,,,,,,,,82,0,215,,95,300,,,,,,
1082018,3090,二本松家,高玉|頼継,たかだま|よりつぐ,高玉頼継,,二本松家,二本松城,,0,,0,200,33,35,44,48,40,44,,,,,,,,,35,29,38,62,28,balanced,1523,1535,1575,,高玉村継の子,1082017,,,,,,82,0,215,,95,0,,,,,,
1082019,3091,二本松家,本宮|宗頼,もとみや|むねより,本宮宗頼,,二本松家,二本松城,,0,,0,171,33,41,34,33,30,35,,,,,,,,,19,7,35,67,27,balanced,1516,1528,1563,,,,,,,,,82,0,215,,95,300,,,,,,
1082020,3092,二本松家,本宮|直頼,もとみや|なおより,本宮直頼,,二本松家,二本松城,,0,,0,204,47,51,28,32,46,41,,,,,,,,,22,11,33,64,27,balanced,1539,1551,1582,,本宮宗頼の子。二本松→岩城,1082019,,,,,,82,0,215,,95,0,,,,,,
1082021,3093,二本松家,遊佐|重定,ゆざ|しげさだ,遊佐重定,,二本松家,二本松城,,0,,0,204,43,46,38,38,39,45,,,,,,,,,35,29,40,68,37,balanced,1525,1537,1578,,,,,,,,,82,0,215,,95,0,,,,,,
1082022,3094,二本松家,遊佐|重勝,ゆざ|しげかつ,遊佐重勝,,二本松家,二本松城,,0,,0,208,48,51,36,35,38,47,,,,,,,,,38,33,49,70,57,balanced,1560,1572,1644,,遊佐重定の子。二本松→伊達,1082021,,,,,,82,0,215,,95,0,,,,,,
1082023,3095,二本松家,遊佐|常高,ゆざ|つねたか,遊佐常高,,二本松家,二本松城,,0,,0,204,46,44,39,40,35,46,,,,,,,,,41,37,31,62,57,balanced,1581,1593,1655,,遊佐重勝の子。二本松→伊達→伊達成実に従い浪人,1082022,,,,,,82,0,215,,95,0,,,,,,
1041001,3096,畠山金吾家,畠山|基国,はたけやま|もとくに,畠山基国,,畠山家,高屋城,,0,,0,0,0,0,0,0,0,0,,,,,,,,,0,0,0,0,64,hermit,1352,9999,1406,,,,,,,,,41,0,56,,95,0,,,,,,
1041002,3097,畠山金吾家,畠山|満家,はたけやま|みついえ,畠山満家,,畠山家,高屋城,,0,,0,0,0,0,0,0,0,0,,,,,,,,,0,0,0,0,64,hermit,1372,9999,1433,,畠山基国の子,1041001,,,,,,41,0,56,,95,0,,,,,,
1041003,3098,総州畠山家,畠山|持国,はたけやま|もちくに,畠山持国,,畠山家,高屋城,,0,,0,0,0,0,0,0,0,0,,,,,,,,,0,0,0,0,64,hermit,1398,9999,1455,,畠山満家の子,1041002,,,,,,41,0,56,,95,0,,,,,,
1041004,3099,総州畠山家,畠山|義尭,はたけやま|よしたか,畠山義尭,,畠山家,高屋城,,0,,0,0,0,0,0,0,0,0,,,,,,,,,0,0,0,0,64,hermit,1475,9999,1532,,畠山持国の子孫。別名：畠山義堯,1041003,,,,,,41,0,56,,95,0,,,,,,
1041005,3100,総州畠山家,畠山|在氏,はたけやま|ありうじ,畠山在氏,,畠山家,高屋城,,0,,0,225,42,39,47,52,45,62,,,,,,,,,18,5,59,60,64,balanced,1509,1521,1557,,畠山義尭の子,1041004,,,,,,41,0,56,,90,0,,,,,,
1041006,3101,総州畠山家,畠山|尚誠,はたけやま|ひさまさ,畠山尚誠,,畠山家,高屋城,,0,,0,182,34,30,34,47,37,46,,,,,,,,,18,5,63,55,69,balanced,1531,1543,1570,,畠山在氏の子,1041005,,,,,,41,0,56,,90,0,,,,,,
1041007,3102,尾州畠山家,畠山|持富,はたけやま|もちとみ,畠山持富,,畠山家,高屋城,,0,,0,0,0,0,0,0,0,0,,,,,,,,,0,0,0,0,86,hermit,1400,9999,1452,,畠山満家の子,1041002,,,,,,41,0,56,,95,0,,,,,,
1041008,3103,尾州畠山家,畠山|政長,はたけやま|まさなが,畠山政長,,畠山家,高屋城,,0,,0,0,0,0,0,0,0,0,,,,,,,,,0,0,0,0,86,hermit,1442,9999,1493,,畠山持富の子,1041007,,,,,,41,0,56,,95,0,,,,,,
1041009,3104,尾州畠山家,畠山|尚順,はたけやま|ひさのぶ,畠山尚順,,畠山家,高屋城,,0,,0,0,0,0,0,0,0,0,,,,,,,,,0,0,0,0,86,hermit,1476,9999,1522,,畠山政長の子,1041008,,,,,,41,0,56,,95,0,,,,,,
1041010,3105,尾州畠山家,畠山|稙長,はたけやま|たねなが,畠山稙長,,畠山家,高屋城,河内・紀伊・越中守護である尾州畠山氏の３代当主。畠山尚順の子。高屋城を巡る抗争を制し遊佐長教と結んで勢力を拡大。河内に地歩を固めて復権を果たした。,73,河内・紀伊・越中守護である尾州畠山氏の３代当主。畠山尚順の子。高屋城を巡る抗争を制し遊佐長教と結んで勢力を拡大。河内に地歩を固めて復権を果たした。,73,306,60,53,62,70,61,68,D,D,,,,,,,22,11,42,44,86,balanced,1504,1515,1545,,畠山尚順の子,1041009,,,,,,41,0,56,,95,0,,,,,,
1041011,3106,尾州畠山家,畠山|政国,はたけやま|まさくに,畠山政国,,畠山家,高屋城,尾州畠山氏４代当主。畠山尚順の子。遊佐長教と共に細川氏綱を支援し「江口の戦い」で細川晴元勢を破る。実権を握った長教との関係が悪化し、出家して紀伊に遁世した。,78,尾州畠山氏４代当主。畠山尚順の子。遊佐長教と共に細川氏綱を支援し「江口の戦い」で細川晴元勢を破る。実権を握った長教との関係が悪化し、出家して紀伊に遁世した。,78,258,57,40,52,59,50,62,D,,,,,,,,22,11,46,38,86,balanced,1507,1519,1553,,畠山尚順の子,1041009,,,,,,41,0,56,,95,0,,,,,,
1041012,3107,尾州畠山家,畠山|高政,はたけやま|たかまさ,畠山高政,,畠山家,高屋城,尾州畠山氏５代当主。政国の子。三好氏と幾度となく争い、三好長慶の弟・実休を討ち取った。足利義昭の上洛後は室町幕府に出仕し、河内に下向して三好三人衆と戦った。,78,尾州畠山氏５代当主。政国の子。三好氏と幾度となく争い、三好長慶の弟・実休を討ち取った。足利義昭の上洛後は室町幕府に出仕し、河内に下向して三好三人衆と戦った。,78,342,78,73,57,70,64,75,D,D,D,D,,,,,22,11,83,58,86,aggressive,1527,1539,1576,,畠山政国の子,1041011,,,,,,41,0,56,高屋城主,100,1500,,,hatakeyama_takamasa.webp,141,尾張守,
1041013,3108,尾州畠山家,畠山|政尚,はたけやま|まさひさ,畠山政尚,,畠山家,高屋城,尾州畠山家臣。紀伊岩室城主。畠山政国の子。弟・秋高の没後、政尚の子・貞政がその跡を継いだ。,45,尾州畠山家臣。紀伊岩室城主。畠山政国の子。弟・秋高の没後、政尚の子・貞政がその跡を継いだ。,45,225,43,37,50,52,43,53,,,,,,,,,26,16,53,30,80,balanced,1534,1546,1588,,畠山政国の子,1041011,,,,,,41,0,56,,95,0,,,,,,
1041014,3109,尾州畠山家,畠山|貞政,はたけやま|さだまさ,畠山貞政,,畠山家,高屋城,尾州畠山氏７代当主。畠山政尚の子。「小牧・長久手戦い」では徳川家康の誘いに乗って紀伊での挙兵を計画するが、家康が羽柴秀吉と和睦したため未遂に終わった。,75,尾州畠山氏７代当主。畠山政尚の子。「小牧・長久手戦い」では徳川家康の誘いに乗って紀伊での挙兵を計画するが、家康が羽柴秀吉と和睦したため未遂に終わった。,75,225,46,47,42,48,42,53,,,,,,,,,26,16,53,30,91,aggressive,1557,1569,1641,,畠山政尚の子、畠山秋高の嗣子,1041013,1041016,,,,,41,0,56,,95,200,,,,,,
1041015,3110,尾州畠山家,畠山|政信,はたけやま|まさのぶ,畠山政信,,畠山家,高屋城,尾州畠山氏８代当主。畠山貞政の子。片桐且元のもと徳川方で大坂の陣に参加し、家康に功を賞された。３代将軍・家光に仕え、上洛の際には家光に先立って京へ入った。,77,尾州畠山氏８代当主。畠山貞政の子。片桐且元のもと徳川方で大坂の陣に参加し、家康に功を賞された。３代将軍・家光に仕え、上洛の際には家光に先立って京へ入った。,77,286,59,53,59,61,54,69,,,,,,,,,26,16,29,65,91,conservative,1591,1603,1675,,畠山貞政の子。豊臣秀頼→徳川家光,1041014,,,,,,41,0,56,,95,100,,,,,,
1041016,3111,尾州畠山家,畠山|秋高,はたけやま|あきたか,畠山秋高,,畠山家,手取城,尾州畠山氏６代当主。足利義昭の上洛後室町幕府に出仕し、河内を安堵され復帰を果たした。足利義昭と織田信長の対立が激化すると信長方に鞍替えし、遊佐信教に殺害された。,80,尾州畠山氏６代当主。足利義昭の上洛後室町幕府に出仕し、河内を安堵され復帰を果たした。足利義昭と織田信長の対立が激化すると信長方に鞍替えし、遊佐信教に殺害された。,80,266,51,48,47,63,57,65,,,,,,,,,22,11,30,61,86,conservative,1545,1557,1573,true,畠山政国の子、畠山高政の養子,1041011,1041012,,,,,41,0,102,手取城主,95,500,,,,232,左衛門大尉,
1041017,3112,尾州畠山家,稲沢|順貞,いなさわ|よりさだ,稲沢順貞,,畠山家,高屋城,,0,,0,203,40,43,41,40,39,43,,,,,,,,,30,22,26,57,84,balanced,1476,1488,1544,,,,,,,,,41,0,56,,95,0,,,,,,
1041018,3113,尾州畠山家,稲沢|貞胤,いなさわ|さだたね,稲沢貞胤,,畠山家,高屋城,,0,,0,217,46,36,44,44,47,48,,,,,,,,,36,30,29,55,84,balanced,1504,1516,1562,true,稲沢順貞の子,1041017,,,,,,41,0,56,,95,0,,,,,,
1041019,3114,尾州畠山家,稲沢|貞康,いなさわ|さだやす,稲沢貞康,,畠山家,高屋城,,0,,0,234,48,54,42,44,46,53,,,,,,,,,50,50,44,69,84,balanced,1528,1540,1597,,稲沢貞胤の子。畠山→羽柴,1041018,,,,,,41,0,56,,95,0,,,,,,
1041020,3115,尾州畠山家,稲沢|貞昌,いなさわ|さだまさ,稲沢貞昌,,畠山家,高屋城,,0,,0,218,42,53,34,48,41,51,,,,,,,,,50,50,27,72,84,balanced,1549,1561,1573,true,稲沢貞康の子,1041019,,,,,,41,0,56,,95,0,,,,,,
1041021,3116,尾州畠山家,木沢|長政,きざわ|ながまさ,木沢長政,,畠山家,高屋城,畠山家臣。飯盛城・信貴山城主。細川晴元に属して在氏を擁立し、河内・山城・大和へ勢力を広げた。将軍義晴とも結んだが、晴元・遊佐長教と対立し太平寺の戦いで討死した。,80,,0,342,64,50,64,80,84,66,,,,,,,,,50,50,72,15,50,conservative,1493,1505,1542,true,,,,,,,,41,0,56,,90,0,,,,,,
1041022,3117,尾州畠山家,木沢|相政,きざわ|すけまさ,木沢相政,,畠山家,高屋城,,0,,0,242,48,35,48,54,57,52,,,,,,,,,50,50,41,45,50,balanced,1515,1527,1560,,木沢長政の子,1041021,,,,,,41,0,56,,90,0,,,,,,
1041023,3118,尾州畠山家,三宝院|快敏,さんぼういん|かいびん,三宝院快敏,,畠山家,高屋城,,0,,0,210,10,4,56,77,63,57,,,,,,,,,26,16,50,35,83,conservative,1494,1506,1561,,,,,,,,,41,0,56,,95,0,,,,,,
1041024,3119,尾州畠山家,神保|春茂,じんぼう|はるしげ,神保春茂,,畠山家,手取城,,0,,0,218,46,38,47,45,42,48,,,,,,,,,46,44,40,45,88,balanced,1554,1566,1596,,河内畠山→羽柴→徳川,,,,,,,41,0,102,,95,0,,,,,,
1041025,3120,尾州畠山家,神保|相茂,じんぼう|すけしげ,神保相茂,,畠山家,手取城,徳川家臣。神保春茂の子。大和高市郡六千石を継ぎ、関ヶ原では家康に従う。大坂夏の陣にも出陣したが、敗走時に全軍崩壊を恐れた味方の伊達政宗軍から攻撃を受け戦死した。,80,,0,217,42,51,43,40,41,49,,,,,,,,,50,50,50,46,88,aggressive,1582,1594,1615,true,神保春茂の子。河内畠山→羽柴→徳川,1041024,,,,,,41,0,102,,95,0,,,,,,
1041026,3121,尾州畠山家,平|盛知,たいら|もりとも,平盛知,1547:丹下|0:たんげ|0,畠山家,飯盛山城,,0,,0,196,33,20,58,43,42,39,,,,,,,,,26,16,53,30,83,conservative,1514,1526,1570,,丹下盛賢の嗣子,,1041028,,,,,41,0,34,,95,300,,,,,,
1041027,3122,尾州畠山家,平|盛長,たいら|もりなが,平盛長,,畠山家,飯盛山城,,0,,0,173,26,25,39,39,44,35,,,,,,,,,19,6,33,55,83,balanced,1531,1543,1598,,,,,,,,,41,0,34,,95,0,,,,,,
1041028,3123,尾州畠山家,丹下|盛賢,たんげ|もりかた,丹下盛賢,,畠山家,飯盛山城,,0,,0,227,38,37,55,58,39,44,,,,,,,,,26,16,46,40,83,balanced,1488,1500,1545,,,,,,,,,41,0,34,,95,0,,,,,,
1041029,3124,尾州畠山家,鷹山|弘頼,たかやま|ひろより,鷹山弘頼,,畠山家,高屋城,,0,,0,226,60,52,38,34,42,47,,,,,,,,,18,5,34,67,3,balanced,1517,1529,1553,true,,,,,,,,41,0,56,,95,0,,,,,,
1041030,3125,尾州畠山家,鷹山|藤政,たかやま|ふじまさ,鷹山藤政,,筒井家,筒井城,,0,,0,215,48,57,34,35,41,47,,,,,,,,,22,11,21,60,3,balanced,1538,1550,1592,,鷹山弘頼の子。畠山→1553筒井,1041029,,,,,,9,0,53,,95,0,,,,,,
1041031,3126,尾州畠山家,走井|盛秀,はしりい|もりひで,走井盛秀,,畠山家,高屋城,,0,,0,262,54,34,60,60,54,55,,,,,,,,,24,14,43,58,85,balanced,1514,1526,1567,,,,,,,,,41,0,56,,95,300,,,,,,
1041032,3127,尾州畠山家,走井|慶秀,はしりい|よしひで,走井慶秀,,畠山家,高屋城,,0,,0,222,37,21,52,59,53,46,,,,,,,,,18,5,14,53,85,conservative,1549,1561,1602,,畠山→本願寺,,,,,,,41,0,56,,95,0,,,,,,
1041033,3128,尾州畠山家,保田|知宗,やすだ|ともむね,保田知宗,,畠山家,高屋城,,0,,0,217,42,55,37,47,36,43,,,,,,,,,22,11,21,60,84,balanced,1534,1546,1583,,畠山→織田,,,,,,,41,0,56,,95,0,,,,,,
1041034,3129,尾州畠山家,安見|信国,やすみ|のぶくに,安見信国,,畠山家,高屋城,,0,,0,170,42,40,36,25,27,36,,,,,,,,,22,11,26,67,89,balanced,1544,1556,1571,,,,,,,,,41,0,56,,95,0,,,,,,
1041035,3130,尾州畠山家,安見|勝之,やすみ|かつゆき,安見勝之,,畠山家,高屋城,,0,,0,188,53,48,26,26,35,39,,,,,,,,,22,11,22,72,89,aggressive,1566,1578,1605,,安見信国の子,1041034,,,,,,41,0,56,,95,0,,,,,,
1041036,3131,尾州畠山家,安見|元勝,やすみ|もとかつ,安見元勝,,畠山家,高屋城,前田家臣。安見勝之の子。右近と称し、大坂の陣で前田利常に従い功を立てた。鉄砲に優れ、田付景澄・稲富一夢と並ぶ三名人に数えられた。のちに罪を得て能登へ流された。,79,,0,256,54,69,36,44,53,53,,,B,,,,,,36,30,52,65,89,balanced,1589,1601,1640,,安見勝之の子。前田利常家臣,1041035,,,,,,41,0,56,,95,0,,,,,,
1041037,3132,尾州畠山家,安見|宗房,やすみ|むねふさ,安見宗房,,畠山家,飯盛山城,畠山家臣。飯盛山城主。下郡代。上郡代の萱振賢継を謀殺し、筒井順慶を保護して大和へ進出した。三好長慶に追われたのちも畠山高政らを支え、足利義昭の奉公衆となった。,79,,0,286,46,50,59,65,66,58,,,,,,,,,50,50,43,42,83,conservative,1519,1531,1573,,,,,,,,,41,0,34,飯盛山城主,95,300,,,,,,
1041038,3133,尾州畠山家,野尻|宗泰,のじり|むねやす,野尻宗泰,,畠山家,飯盛山城,,0,,0,214,30,21,49,59,55,49,,,,,,,,,50,50,34,55,83,conservative,1541,1553,1581,,安見宗房の子,1041037,,,,,,41,0,34,,95,0,,,,,,
1041039,3134,尾州畠山家,湯川|直光,ゆかわ|なおみつ,湯川直光,,畠山家,手取城,,0,,0,223,34,52,49,44,44,45,D,,,,,,,,26,16,27,67,57,aggressive,1516,1528,1562,true,,,,,,,,41,0,102,,90,0,,,,,,
1041040,3135,尾州畠山家,湯川|直春,ゆかわ|なおはる,湯川直春,,畠山家,手取城,,0,,0,171,38,30,40,32,31,38,,,,,,,,,29,21,44,44,57,aggressive,1536,1548,1586,,湯川直光の子,1041039,,,,,,41,0,102,,90,0,,,,,,
1041041,3136,尾州畠山家,湯川|勝春,ゆかわ|かつはる,湯川勝春,,畠山家,手取城,,0,,0,169,20,29,48,30,42,33,,,,,,,,,19,7,49,33,57,conservative,1572,1584,1636,,湯川直春の子,1041040,,,,,,41,0,102,,90,0,,,,,,
1041042,3137,尾州畠山家,遊佐|長教,ゆざ|ながのり,遊佐長教,,畠山家,高屋城,畠山家臣。河内高屋城主。守護代として畠山氏家中を動かし、畠山稙長を追放して長経を擁立。のち三好長慶と結び、娘を嫁がせたが、足利義輝の刺客に暗殺された。,75,,0,336,74,67,57,64,74,59,D,D,,,,,,,26,16,55,27,83,aggressive,1491,1503,1551,true,,,,,,,,41,0,56,,95,0,,,,,,
1041043,3138,尾州畠山家,遊佐|信教,ゆざ|のぶのり,遊佐信教,,畠山家,高屋城,畠山家臣。長教の子。河内守護代家の実力者として秋高に仕えたが、対立して主君を殺害した。義昭追放後は三好義継・康長らと結び、本願寺の反信長蜂起にも呼応した。,77,,0,306,53,57,59,66,71,56,,,,,,,,,25,15,83,44,83,aggressive,1524,1536,1586,,遊佐長教の子。畠山→足利→本願寺→羽柴,1041042,,,,,,41,0,56,,95,300,true,,,,,
1041044,3139,尾州畠山家,遊佐|高教,ゆざ|たかのり,遊佐高教,,畠山家,高屋城,,0,,0,245,43,42,51,55,54,48,,,,,,,,,27,18,25,50,83,balanced,1571,1583,1638,,遊佐信教の子。秀頼→浪人→徳川忠長,1041043,,,,,,41,0,56,,95,0,,,,,,
1008001,3140,能登畠山家,畠山|満慶,はたけやま|みつのり,畠山満慶,,畠山家,七尾城,,0,,0,0,0,0,0,0,0,0,,,,,,,,,0,0,0,0,73,hermit,1372,9999,1432,,畠山基国の子,1041001,,,,,,8,0,17,,95,0,,,,,,
1008002,3141,能登畠山家,畠山|義元,はたけやま|よしもと,畠山義元,,畠山家,七尾城,,0,,0,0,0,0,0,0,0,0,,,,,,,,,0,0,0,0,73,hermit,1465,9999,1515,,畠山満慶の子孫,1008001,,,,,,8,0,17,,95,0,,,,,,
1008003,3142,能登畠山家,畠山|義総,はたけやま|よしふさ,畠山義総,,畠山家,七尾城,能登畠山氏7代当主。七尾城を本拠に領国支配を安定させ、家臣団を統制して最盛期を築いた。京都から公家・禅僧・歌人を招き、七尾城下に豊かな文化を花開かせた。,76,,0,383,79,59,88,81,76,82,D,,,,,,,医術,36,30,55,32,73,aggressive,1491,1503,1545,,畠山義元の子,1008002,,,,,,8,0,17,,95,0,,,,,,
1008004,3143,能登畠山家,畠山|義続,はたけやま|よしつぐ,畠山義続,,畠山家,七尾城,,0,,0,214,33,28,41,57,55,68,,,,,,,,医術,36,30,55,48,73,balanced,1518,1530,1590,,畠山義総の子,1008003,,,,,,8,0,17,,95,200,,true,,,,
1008005,3144,能登畠山家,畠山|義綱,はたけやま|よしつな,畠山義綱,,畠山家,七尾城,能登畠山氏当主。義続の子。重臣七人衆に握られた実権を取り戻し、領国再建を進めた。だが遊佐続光・長続連らに追放され、その後も能登復帰を図ったが果たせなかった。,78,1551年家督を相続する。,11,312,62,54,68,72,56,75,,D,,,,,,医術,50,50,65,79,73,balanced,1536,1548,1593,,畠山義続の子,1008004,,,,,,8,0,17,七尾城主,95,1500,,,,72,修理大夫,
1008006,3145,能登畠山家,畠山|義慶,はたけやま|よしのり,畠山義慶,,畠山家,七尾城,,0,,0,187,34,39,38,41,35,73,,,,,,,,,50,50,40,61,93,balanced,1556,1566,1574,true,畠山義綱の子,1008005,,,,,,8,0,17,,95,500,,,,,,
1008007,3146,能登畠山家,畠山|義隆,はたけやま|よしたか,畠山義隆,,畠山家,七尾城,,0,,0,191,36,40,41,35,39,66,,,,,,,,,36,30,35,61,94,balanced,1557,1569,1576,true,畠山義綱の子,1008005,,,,,,8,0,17,,95,0,,,,,,
1008008,3147,能登畠山家,畠山|義春,はたけやま|よしはる,畠山義春,,長尾家,富山城,,0,,0,245,50,39,45,58,53,67,,,,,,,,,36,30,30,68,94,conservative,1572,1584,1577,true,畠山義隆の子。別名：畠山春王丸,1008007,,,,,,2,0,24,,95,0,,,,,,
1008009,3148,能登畠山家,畠山|義明,はたけやま|よしあき,畠山義明,,畠山家,七尾城,,0,,0,181,37,30,45,31,38,66,,,,,,,,,24,14,54,56,96,conservative,1549,1561,1643,,畠山義続の子、長尾景虎と上条政繁の養子。別名：畠山義春。畠山→上杉→羽柴→上杉,1008004,1001015|1214011,,,,,8,0,17,,95,0,,,,,,
1008010,3149,能登畠山家,畠山|義真,はたけやま|よしざね,畠山義真,,畠山家,七尾城,,0,,0,241,33,19,59,64,66,65,,,,,,,,,22,11,31,60,96,balanced,1579,1591,1674,,畠山義明の子。畠山→上杉→羽柴→上杉,1008009,,,,,,8,0,17,,95,0,,,,,,
1008011,3150,能登畠山家,松波|義龍,まつなみ|よしたつ,松波義龍,,畠山家,七尾城,,0,,0,235,46,38,54,49,48,50,,,,,,,,,20,8,27,64,85,conservative,1500,1512,1572,,,,,,,,,8,0,17,,95,0,,,,,,
1008012,3151,能登畠山家,松波|義親,まつなみ|よしちか,松波義親,,畠山家,七尾城,,0,,0,242,57,50,47,43,45,53,D,D,,,,,,,24,14,59,78,85,balanced,1527,1539,1577,true,松波義龍の子,1008011,,,,,,8,0,17,,95,0,,,,,,
1008013,3152,能登畠山家,松波|連親,まつなみ|つらちか,松波連親,,畠山家,七尾城,,0,,0,224,49,56,38,38,43,50,,,,,,,,,22,11,52,73,85,balanced,1548,1560,1613,,松波義親の子。畠山→長連龍,1008012,,,,,,8,0,17,,95,0,,,,,,
1008014,3153,能登畠山家,松波|義直,まつなみ|よしなお,松波義直,,畠山家,七尾城,,0,,0,224,41,30,55,51,47,50,,,,,,,,,28,19,17,61,87,conservative,1553,1565,1619,,松波義親の子。畠山→長連龍,1008012,,,,,,8,0,17,,95,0,,,,,,
1008015,3154,能登畠山家,松波|義行,まつなみ|よしゆき,松波義行,,畠山家,七尾城,,0,,0,210,49,56,30,33,42,48,,,,,,,,,24,14,35,69,92,aggressive,1540,1552,1603,,松波義龍の子。畠山→徳川,1008011,,,,,,8,0,17,,95,0,,,,,,
1008016,3155,能登畠山家,飯川|光誠,いがわ|みつのぶ,飯川光誠,,畠山家,七尾城,,0,,0,274,51,34,62,69,58,53,,,,,,,,,36,30,69,84,83,aggressive,1529,1541,1578,,,,,,,,,8,0,17,,95,0,true,,,,,
1008017,3156,能登畠山家,伊丹|続堅,いたみ|つぐかた,伊丹続堅,,畠山家,七尾城,,0,,0,203,31,26,49,46,51,45,,,,,,,,,22,11,50,40,62,conservative,1511,1523,1553,,,,,,,,,8,0,17,,85,0,,,,,,
1008018,3157,能登畠山家,笠松|新介,かさまつ|しんすけ,笠松新介,,畠山家,七尾城,,0,,0,239,54,70,38,32,45,47,,,,D,,,,,36,30,34,62,82,aggressive,1524,1536,1581,,,,,,,,,8,0,17,,95,0,,,,,,
1008019,3158,能登畠山家,佐脇|秀隆,さわき|ひでたか,佐脇秀隆,,畠山家,七尾城,,0,,0,211,35,28,51,53,44,44,,,,,,,,,20,8,43,56,47,conservative,1515,1527,1566,,,,,,,,,8,0,17,,95,0,,,,,,
1008020,3159,能登畠山家,佐脇|綱盛,さわき|もりつな,佐脇綱盛,,畠山家,七尾城,,0,,0,213,34,34,55,43,47,45,,,,,,,,,26,16,33,45,47,conservative,1538,1550,1578,,,,,,,,,8,0,17,,85,0,,,,,,
1008021,3160,能登畠山家,神保|氏張,じんぼう|うじはる,神保氏張,,畠山家,七尾城,,0,,0,238,43,48,54,48,45,37,,,,,,,,,50,50,48,50,81,balanced,1528,1540,1592,,,,,,,,,8,0,17,,95,0,,,,,,
1008022,3161,能登畠山家,長|続連,ちょう|つぐつら,長続連,,畠山家,松波城,能登畠山家臣。七尾城で幼主を支え実権を握った。上杉謙信の能登侵攻では籠城して抗戦した。遊佐続光らが上杉方に内応すると一族とともに殺害され、七尾城も落城した。,78,,0,299,61,48,60,65,65,26,D,,,D,,,,,36,30,76,42,87,balanced,1518,1530,1577,true,,,,,,,,8,0,72,松波城主,85,500,,,,,,
1008023,3162,能登畠山家,飯川|義実,いがわ|よしざね,飯川義実,,畠山家,七尾城,,0,,0,214,53,52,36,34,39,45,,,,,,,,,28,19,56,70,83,balanced,1539,1551,1572,true,長続連の子、飯川光誠の養子,1008022,1008016,,,,,8,0,17,,95,0,,,,,,
1008024,3163,能登畠山家,飯川|義清,いがわ|よしきよ,飯川義清,,畠山家,七尾城,,0,,0,212,51,54,33,33,41,47,,,,,,,,,36,30,47,65,83,balanced,1560,1572,1577,true,,,,,,,,8,0,17,,95,0,,,,,,
1008025,3164,能登畠山家,長|連龍,ちょう|つらたつ,長連龍,,畠山家,松波城,能登畠山家臣。七尾落城時は信長への援軍要請で安土にあり、一族滅亡を免れた。穴水城を奪取し、信長から七尾を中心とする能登統治を認められ、長氏再興の礎を築いた。,78,,0,330,65,71,70,62,62,63,D,,,,,,,,36,30,35,61,87,conservative,1546,1558,1619,,長続連の子。別名：長連龍。畠山→織田→前田,1008022,,,,,,8,0,72,,85,0,,,,,,
1008026,3165,能登畠山家,長|好連,ちょう|よしつら,長好連,,畠山家,松波城,,0,,0,184,34,30,41,40,39,44,,,,,,,,,36,30,18,50,87,conservative,1581,1593,1611,,長連龍の子,1008025,,,,,,8,0,72,,85,0,,,,,,
1008027,3166,能登畠山家,長|連頼,ちょう|つらより,長連頼,,畠山家,松波城,,0,,0,209,40,23,48,53,45,47,,,,,,,,,30,22,16,56,88,conservative,1604,1616,1671,,長連龍の子,1008025,,,,,,8,0,72,,85,0,,,,,,
1008028,3167,能登畠山家,三宅|総堅,みやけ|ふさかた,三宅総堅,,畠山家,七尾城,,0,,0,266,65,63,50,38,50,55,,D,,,,,,,64,70,32,79,76,balanced,1529,1541,1593,true,,,,,,,,8,0,17,,95,0,,,,,,
1008029,3168,能登畠山家,三善|一守,みよし|かずもり,三善一守,,畠山家,七尾城,,0,,0,226,49,51,40,40,46,47,D,,,,,,,,50,50,48,50,68,balanced,1547,1559,1615,,畠山→上杉→佐々,,,,,,,8,0,17,,85,0,,,,,,
1008030,3169,能登畠山家,遊佐|秀頼,ゆざ|ひでより,遊佐秀頼,,畠山家,松波城,能登畠山家臣。守護代。遊佐秀盛の子。畠山義総の政権中枢を担い、畠山稙長の進退を巡る足利義晴との交渉で奏者を務めた。若君誕生の礼など、幕府への外交にも携わった。,79,,0,257,43,42,56,58,58,42,,,,,,,,,26,16,36,55,83,balanced,1503,1515,1559,,遊佐庶流。惣頭,,,,,,,8,0,72,,85,0,,,,,,
1008031,3170,能登畠山家,遊佐|続光,ゆざ|つぐみつ,遊佐続光,,畠山家,松波城,能登畠山家臣。家中で長続連らと実権を争った。上杉謙信の再侵攻では内応して長一族を討ち、城門を開いた。落城後は能登支配を任されたが、のち織田方に降って処刑された。,80,,0,297,46,49,63,69,70,47,,,,,,,,謀将,25,15,77,11,84,balanced,1527,1539,1571,,,,,,,,,8,0,72,,85,0,,,,,,
1008032,3171,能登畠山家,遊佐|盛光,ゆざ|もりみつ,遊佐盛光,,畠山家,松波城,,0,,0,219,31,31,47,52,58,40,,,,,,,,,26,16,47,38,84,balanced,1547,1559,1581,true,遊佐続光の子。畠山→上杉→織田,1008031,,,,,,8,0,72,,85,0,,,,,,
2057001,3172,加賀畠山家,畠山|晴俊,はたけやま|はるとし,畠山晴俊,,温井家,大聖寺城,,0,,0,154,28,20,25,55,26,67,,,,,,,,,18,5,20,44,38,conservative,1489,1501,1558,true,,,,,,,,0,57,19,,50,0,,,,,,
2057002,3173,加賀畠山家,平|尭知,ひらか|たかとも,平尭知,,温井家,大聖寺城,,0,,0,217,36,32,57,40,52,50,,,,,,,,,36,30,47,43,39,conservative,1536,1548,1582,true,,,,,,,,0,57,19,,50,0,,,,,,
2057003,3174,加賀畠山家,温井|総貞,ぬくい|ふささだ,温井総貞,,温井家,大聖寺城,能登畠山家臣。七尾城内に屋敷と独楽亭を構えた文人。七頭の乱では遊佐続光らと義続を屈服させ、七人衆として政務を掌握。のち遊佐派を退けて家中で権勢を握った。,76,,0,280,42,38,60,68,72,44,,,,,,,,,26,16,64,15,38,balanced,1491,1503,1555,true,,,,,,,,0,57,19,,50,0,,,,,,
2057004,3175,加賀畠山家,温井|続宗,ぬくい|つぐむね,温井続宗,,温井家,大聖寺城,,0,,0,256,46,38,56,58,58,51,,,,,,,,,36,30,43,50,38,balanced,1513,1525,1560,true,温井総貞の子,2057003,,,,,,0,57,19,温井家当主,50,500,,,,,,
2057005,3176,加賀畠山家,温井|景隆,ぬくい|かげたか,温井景隆,,温井家,大聖寺城,畠山家臣。総貞が殺害されると弟と加賀へ逃れ、一向一揆と結び能登へ侵攻。のち上杉謙信に内応して帰国し、謙信没後は信長と結んだ。信長の死後、佐久間盛政に討たれた。,79,,0,265,45,41,53,60,66,59,,,,,,,,,25,15,72,25,38,aggressive,1533,1545,1582,true,温井続宗の子,2057004,,,,,,0,57,19,,50,200,,,,,,
2057006,3177,加賀畠山家,三宅|長盛,みやけ|ながもり,三宅長盛,,温井家,大聖寺城,,0,,0,206,48,42,46,37,33,48,,,,,,,,,25,15,85,12,24,balanced,1536,1548,1582,true,温井続宗の子、三宅総広の養子。畠山→1577上杉謙信→1579織田→1581上杉景勝,2057004,2057007,,,,,0,57,19,,50,0,,,,,,
2057007,3178,加賀畠山家,三宅|総広,みやけ|ふさひろ,三宅総広,,温井家,大聖寺城,,0,,0,259,34,56,56,56,57,45,,,,,,,,,26,16,47,38,34,balanced,1491,1503,1555,true,,,,,,,,0,57,19,,50,0,,,,,,
1014001,3179,波多野家,波多野|元清,はたの|もときよ,波多野元清,,波多野家,籾井城,,0,,0,0,0,0,0,0,0,0,,,,,,,,,0,0,0,0,27,hermit,1466,9999,1530,,別名：波多野稙通,,,,,,,14,0,82,,95,0,,,,,,
1014002,3180,波多野家,波多野|秀忠,はたの|ひでただ,波多野秀忠,,波多野家,籾井城,丹波八上城主。元清の子。父とともに細川晴元を支持して京都へ出兵し、禁制を発給するなど畿内政局に関与。三好氏らと争いながら丹波で勢力を保ち、戦国大名化を進めた。,79,,0,332,68,61,62,72,69,60,,,,D,,,,,20,8,69,23,24,balanced,1494,1506,1548,,波多野元清の子,1014001,,,,,,14,0,82,,95,0,,,,,,
1014003,3181,波多野家,波多野|元秀,はたの|もとひで,波多野元秀,,波多野家,籾井城,丹波国衆。波多野氏惣領。秀忠の子。細川晴元方として丹波・摂津に勢力を持った。秀親へ所領を返付し、塩川国満らと起請文を交わして一族や周辺国衆との結びつきを保った。,80,,0,291,71,82,46,46,46,31,D,,,D,,,,,29,21,38,48,24,balanced,1521,1533,1565,,波多野秀忠の子,1014002,,,,,,14,0,82,籾井城主,100,1500,,,hatano_motohide.webp,,,1020005:120
1014004,3182,波多野家,波多野|秀治,はたの|ひではる,波多野秀治,,波多野家,籾井城,丹波八上城主。織田信長に従ったのちに離反し、明智光秀の丹波攻略に抵抗。長期籠城の末に降伏し、安土で処刑された。,55,,0,325,72,76,49,62,66,65,C,,,,,,,,29,21,40,58,24,balanced,1549,1561,1579,true,波多野元秀の子,1014003,,,,,,14,0,82,,95,700,,,,,,
1014005,3183,波多野家,波多野|定吉,はたの|さだよし,波多野定吉,,波多野家,籾井城,,0,,0,203,43,49,34,37,40,54,,,,,,,,,29,21,38,46,24,hermit,1574,1586,1614,,波多野秀治の子,1014004,,,,,,14,0,82,,95,200,,,,,,
1014006,3184,波多野家,波多野|秀尚,はたの|ひでなお,波多野秀尚,,波多野家,籾井城,,0,,0,223,52,59,41,38,33,31,D,D,,,,,,,29,21,60,54,22,balanced,1555,1567,1579,true,波多野元秀の子,1014003,,,,,,14,0,82,,95,200,,,,,,
1014007,3185,波多野家,波多野|秀親,はたの|ひでちか,波多野秀親,,波多野家,籾井城,波多野家臣。与兵衛尉。主君・秀忠から桑田・船井両郡の支配を任され、離反した国衆の跡職を味方へ宛行うなど郡代として活動。寺社領の代官を務め、年貢進納も担った。,78,,0,284,55,63,53,52,61,62,,,,,,,,,29,21,71,74,27,balanced,1509,1521,1573,,波多野元清の子,1014001,,,,,,14,0,82,,95,500,true,,,,,
1014008,3186,波多野家,荒木|氏修,あらき|うじみち,荒木氏修,,波多野家,荒木城,,0,,0,223,33,38,55,54,43,47,,,,,,,,,25,15,27,67,25,balanced,1505,1517,1563,,,,,,,,,14,0,179,,95,200,,true,,,,
1014009,3187,波多野家,荒木|氏綱,あらき|うじつな,荒木氏綱,,波多野家,荒木城,波多野家臣。荒木城主。丹波へ侵攻した明智光秀に抗し、滝川一益・丹羽長秀らを加えた織田軍の包囲を受けた。細工所城で激しく抵抗したが、水の手を断たれて落城した。,78,,0,310,74,70,55,50,61,48,C,D,,B,,,,,25,15,23,43,25,aggressive,1535,1547,1582,true,荒木氏修の子。波多野→明智,1014008,,,,,,14,0,179,荒木城主,90,500,,,,,,
1014010,3188,波多野家,荒木|氏清,あらき|うじきよ,荒木氏清,,波多野家,荒木城,,0,,0,237,59,57,24,44,53,45,,,,,,,,,25,15,46,40,25,balanced,1558,1570,1582,true,荒木氏綱の子。波多野→明智,1014009,,,,,,14,0,179,,90,0,,,,,,
1014011,3189,波多野家,荒木|高兼,あらき|たかかね,荒木高兼,,波多野家,荒木城,,0,,0,235,54,60,40,41,40,44,,,,,,,,,25,15,46,39,26,balanced,1560,1572,1582,true,荒木氏綱の子。波多野→明智,1014009,,,,,,14,0,179,,95,0,,,,,,
1014012,3190,波多野家,小野木|重勝,おのぎ|しげかつ,小野木重勝,,波多野家,籾井城,,0,,0,211,58,62,34,25,32,24,,,,,,,,,22,11,58,35,14,aggressive,1544,1556,1600,,,,,,,,,14,0,82,,85,0,,,,,,
1014013,3191,波多野家,小野木|吉澄,おのぎ|よしずみ,小野木吉澄,,波多野家,籾井城,,0,,0,208,34,33,36,52,53,46,,,,,,,,,22,11,65,26,14,conservative,1521,1533,1584,,,,,,,,,14,0,82,,85,0,,,,,,
1014014,3192,波多野家,江田|行範,ごうだ|ゆきのり,江田行範,,波多野家,籾井城,,0,,0,182,37,41,37,40,27,48,,,,,,,,,25,15,21,75,26,balanced,1524,1536,1579,true,,,,,,,,14,0,82,,95,0,,,,,,
1014015,3193,酒井家,酒井|政親,さかい|まさちか,酒井政親,,波多野家,籾井城,,0,,0,0,0,0,0,0,0,0,,,,,,,,,0,0,0,0,0,hermit,1200,9999,1250,,,,,,,,,14,0,82,,95,0,,,,,,
1014016,3194,酒井家,酒井|孝信,さかい|たかのぶ,酒井孝信,,波多野家,籾井城,,0,,0,0,0,0,0,0,0,0,,,,,,,,,0,0,0,0,0,hermit,1225,9999,1275,,酒井政親の子,1014015,,,,,,14,0,82,,95,0,,,,,,
1014017,3195,矢代酒井家,酒井|貞信,さかい|さだのぶ,酒井貞信,,波多野家,籾井城,,0,,0,0,0,0,0,0,0,0,,,,,,,,,0,0,0,0,0,hermit,1250,9999,1300,,酒井孝信の子,1014016,,,,,,14,0,82,,95,0,,,,,,
1014018,3196,矢代酒井家,酒井|益氏,さかい|ますうじ,酒井益氏,,波多野家,籾井城,,0,,0,0,0,0,0,0,0,0,,,,,,,,,0,0,0,0,0,hermit,1414,9999,1464,,酒井貞信の子孫,1014017,,,,,,14,0,82,,95,0,,,,,,
1014019,3197,矢代酒井家,酒井|氏盛,さかい|うじもり,酒井氏盛,,波多野家,籾井城,,0,,0,0,0,0,0,0,0,0,,,,,,,,,0,0,0,0,0,hermit,1439,9999,1489,,酒井益氏の子,1014018,,,,,,14,0,82,,95,0,,,,,,
1014020,3198,矢代酒井家,酒井|貞氏,さかい|さだうじ,酒井貞氏,,波多野家,籾井城,,0,,0,0,0,0,0,0,0,0,,,,,,,,,0,0,0,0,0,hermit,1464,9999,1514,,酒井氏盛の子,1014019,,,,,,14,0,82,,95,0,,,,,,
1014021,3199,矢代酒井家,酒井|秀氏,さかい|ひでうじ,酒井秀氏,,波多野家,籾井城,,0,,0,253,61,60,40,42,50,55,,,,,,,,,18,5,18,76,19,balanced,1489,1501,1555,,酒井貞氏の子,1014020,,,,,,14,0,82,,95,0,,,,,,
1014022,3200,矢代酒井家,酒井|氏吉,さかい|うじよし,酒井氏吉,,波多野家,籾井城,,0,,0,257,59,63,41,40,54,56,,,,,,,,,22,11,22,73,19,balanced,1528,1540,1578,true,酒井秀氏の子,1014021,,,,,,14,0,82,,95,0,,,,,,
1014023,3201,矢代酒井家,酒井|氏治,さかい|うじはる,酒井氏治,,波多野家,籾井城,,0,,0,239,50,53,43,45,48,53,,,,,,,,,26,16,20,77,19,balanced,1532,1544,1578,true,酒井秀氏の子,1014021,,,,,,14,0,82,,95,0,,,,,,
1014024,3202,初田酒井家,酒井|弥九郎,さかい|やくろう,酒井弥九郎,,波多野家,籾井城,,0,,0,0,0,0,0,0,0,0,,,,,,,,,0,0,0,0,0,hermit,1476,9999,1526,,酒井益氏の子,1014018,,,,,,14,0,82,,95,0,,,,,,
1014025,3203,初田酒井家,酒井|与太夫,さかい|よだゆう,酒井与太夫,,波多野家,籾井城,,0,,0,0,0,0,0,0,0,0,,,,,,,,,0,0,0,0,0,hermit,1501,9999,1551,,酒井弥九郎の子,1014024,,,,,,14,0,82,,95,0,,,,,,
1014026,3204,初田酒井家,酒井|豊数,さかい|とよかず,酒井豊数,,波多野家,籾井城,,0,,0,246,34,21,60,67,64,55,,,,,,,,,33,26,38,55,94,balanced,1526,1538,1562,,酒井与太夫の子,1014025,,,,,,14,0,82,,95,0,,,,,,
1014027,3205,初田酒井家,酒井|氏武,さかい|うじたけ,酒井氏武,,波多野家,籾井城,,0,,0,250,40,27,59,62,62,50,,,,,,,,,33,26,32,63,94,balanced,1564,1576,1582,true,酒井豊数の子。波多野→明智,1014026,,,,,,14,0,82,,95,0,,,,,,
1014028,3206,栗栖野酒井家,酒井|信綱,さかい|のぶつな,酒井信綱,,波多野家,籾井城,,0,,0,0,0,0,0,0,0,0,,,,,,,,,0,0,0,0,0,hermit,1251,9999,1301,,酒井孝信の子,1014016,,,,,,14,0,82,,95,0,,,,,,
1014029,3207,栗栖野酒井家,酒井|信教,さかい|のぶのり,酒井信教,,波多野家,籾井城,,0,,0,0,0,0,0,0,0,0,,,,,,,,,0,0,0,0,0,hermit,1475,9999,1525,,酒井信綱の子孫,1014028,,,,,,14,0,82,,95,0,,,,,,
1014030,3208,栗栖野酒井家,酒井|頼重,さかい|よりしげ,酒井頼重,,波多野家,籾井城,,0,,0,218,26,10,60,63,59,43,,,,,,,,,18,5,31,57,28,conservative,1502,1514,1566,,酒井信教の子,1014029,,,,,,14,0,82,,95,0,,,,,,
1014031,3209,栗栖野酒井家,酒井|信政,さかい|のぶまさ,酒井信政,,波多野家,籾井城,,0,,0,209,29,16,63,49,52,57,,,,,,,,,22,11,20,65,28,conservative,1537,1549,1575,,酒井頼重の子,1014030,,,,,,14,0,82,,95,500,,,,,,
1014032,3210,栗栖野酒井家,酒井|依信,さかい|よりのぶ,酒井依信,,波多野家,籾井城,,0,,0,218,41,29,50,48,50,46,,,,,,,,,24,14,31,61,28,conservative,1539,1551,1579,,酒井頼重の子,1014030,,,,,,14,0,82,,95,0,,,,,,
1014033,3211,由井酒井家,酒井|政重,さかい|まさしげ,酒井政重,,波多野家,籾井城,,0,,0,0,0,0,0,0,0,0,,,,,,,,,0,0,0,0,0,hermit,1226,9999,1276,,酒井政親の子,1014015,,,,,,14,0,82,,95,0,,,,,,
1014034,3212,由井酒井家,酒井|幸貞,さかい|ゆきさだ,酒井幸貞,,波多野家,籾井城,,0,,0,210,44,34,43,44,45,52,,,,,,,,,26,16,33,59,21,balanced,1520,1532,1568,,酒井政重の子孫,1014033,,,,,,14,0,82,,95,0,,,,,,
1014035,3213,由井酒井家,酒井|秀正,はたの|ひでまさ,酒井秀正,,波多野家,籾井城,,0,,0,226,40,48,39,56,43,55,,,,,,,,,29,21,23,75,21,balanced,1557,1569,1579,true,酒井重貞の子。油井酒井家。別名：酒井氏盛,,,,,,,14,0,82,,95,0,,,,,,
1014036,3214,由井酒井家,二階堂|秀香,にかいどう|ひでか,二階堂秀香,,波多野家,籾井城,,0,,0,230,56,50,42,44,38,54,,,,,,,,,29,21,28,68,21,balanced,1559,1571,1579,true,酒井重貞の子、波多野元秀の養子,,1014003,,,,,14,0,82,,95,200,,,,,,
1014037,3215,波多野家,能勢|義純,のせ|よしずみ,能勢義純,,波多野家,籾井城,,0,,0,229,31,43,57,55,43,49,,,,,,,,,29,21,26,70,25,balanced,1538,1550,1579,true,,,,,,,,14,0,82,,95,500,,,,,,
1014038,3216,波多野家,籾井|綱利,もみい|つなとし,籾井綱利,,波多野家,籾井城,,0,,0,286,65,67,49,50,55,64,,D,,,,,,鬼,25,15,51,79,21,aggressive,1532,1544,1577,true,別名：籾井教業,,,,,,,14,0,82,,95,200,,,,,,
1072001,3217,稗貫家,稗貫|晴家,ひえぬき|はるいえ,稗貫晴家,,稗貫家,鳥谷ヶ崎城,,0,,0,235,28,35,60,58,54,48,,,,,,,,,29,21,28,67,56,conservative,1489,1501,1564,,,1070003,,,,,,72,0,198,鳥谷ヶ崎城主,100,1000,,,,,,
1072002,3218,稗貫家,稗貫|輝時,ひえぬき|てるとき,稗貫輝時,,稗貫家,鳥谷ヶ崎城,,0,,0,227,47,33,53,48,46,45,,,,,,,,,26,16,39,50,56,conservative,1521,1533,1575,,稗貫晴家の養子,,1072001,,,,,72,0,198,,95,0,,,,,,
1072003,3219,稗貫家,和賀|義勝,わが|よしかつ,和賀義勝,,稗貫家,鳥谷ヶ崎城,,0,,0,253,54,54,56,49,40,49,D,D,,,,,,,26,16,36,55,54,balanced,1507,1519,1565,,,,,,,,,72,0,198,,95,500,,,,,,
1072004,3220,稗貫家,和賀|義次,わが|よしつぐ,和賀義次,,稗貫家,鳥谷ヶ崎城,,0,,0,239,57,64,40,38,40,47,,,,,,,,,22,11,50,75,54,balanced,1529,1541,1573,true,和賀義勝の子の子,1072003,,,,,,72,0,198,,95,0,,,,,,
1072005,3221,稗貫家,稗貫|広忠,ひえぬき|ひろただ,稗貫広忠,,稗貫家,鳥谷ヶ崎城,陸奥国衆。和賀義勝の子。稗貫輝時の養子。小田原参陣を欠いたため奥州仕置で領地を没収されると蜂起し、鳥谷ヶ崎城を一時奪回した。翌年、豊臣方の再攻撃を受けて敗れた。,80,,0,281,52,49,63,61,56,53,,,,,,,,,26,16,39,50,56,balanced,1554,1566,1594,,和賀義勝の子、稗貫輝時の養子,1072003,1072002,,,,,72,0,198,,95,0,,,,,,
1072006,3222,稗貫家,和賀|義忠,わが|よしただ,和賀義忠,,稗貫家,鳥谷ヶ崎城,,0,,0,240,51,43,51,48,47,46,,,,,,,,,29,21,56,27,53,aggressive,1541,1553,1591,true,和賀義勝の子,1072003,,,,,,72,0,198,,95,300,true,,,,,
1072007,3223,稗貫家,和賀|忠親,わが|ただちか,和賀忠親,,稗貫家,鳥谷ヶ崎城,,0,,0,184,62,46,26,23,27,41,,,,,,,,,29,21,21,78,53,aggressive,1576,1588,1601,,和賀義忠の子,1072006,,,,,,72,0,198,,95,0,,,,,,
1072008,3224,稗貫家,江釣子|吉資,えづりこ|よしすけ,江釣子吉資,,稗貫家,鳥谷ヶ崎城,和賀家臣。,5,和賀家臣。,5,217,56,60,32,34,35,41,,,,,,,,,18,5,52,70,52,aggressive,1543,1555,1606,,,,,,,,,72,0,198,,95,0,,,,,,
1072009,3225,稗貫家,江釣子|吉久,えづりこ|よしひさ,江釣子吉久,,稗貫家,鳥谷ヶ崎城,和賀家臣。,5,和賀家臣。,5,206,50,49,35,35,37,42,,,,,,,,,24,14,33,58,52,balanced,1580,1592,1632,,江釣子吉資の子,1072008,,,,,,72,0,198,,95,0,,,,,,
1072010,3226,稗貫家,小田嶋|親知,おだじま|ちかとも,小田嶋親知,,稗貫家,鳥谷ヶ崎城,和賀家臣。,5,和賀家臣。,5,199,44,42,40,39,34,42,,,,,,,,,26,16,56,68,53,aggressive,1531,1543,1600,true,,,,,,,,72,0,198,,95,0,,,,,,
1072011,3227,稗貫家,小田嶋|親好,おだじま|ちかよし,小田嶋親好,,稗貫家,鳥谷ヶ崎城,和賀家臣。,5,和賀家臣。,5,202,52,51,36,30,33,43,,,,,,,,,30,22,48,54,63,balanced,1552,1564,1612,,小田嶋親知の子。稗貫→南部,1072010,,,,,,72,0,198,,95,0,,,,,,
1072012,3228,稗貫家,小田嶋|親光,おだじま|ちかみつ,小田嶋親光,,稗貫家,鳥谷ヶ崎城,和賀家臣。,5,和賀家臣。,5,207,45,42,42,37,41,44,,,,,,,,,32,25,31,50,63,balanced,1574,1586,1600,true,小田嶋親好の子,1072011,,,,,,72,0,198,,95,0,,,,,,
1072013,3229,稗貫家,小田嶋|親邦,おだじま|ちかくに,小田嶋親邦,,稗貫家,鳥谷ヶ崎城,和賀家臣。,5,和賀家臣。,5,204,43,45,37,39,40,41,,,,,,,,,24,14,19,49,63,balanced,1578,1590,1636,,小田嶋親好の子。稗貫→南部,1072011,,,,,,72,0,198,,95,0,,,,,,
1072014,3230,稗貫家,鬼柳|義幹,おにやなぎ|よしもと,鬼柳義幹,,稗貫家,鳥谷ヶ崎城,和賀家臣。,5,和賀家臣。,5,195,39,52,27,37,40,37,,,,,,,,,17,4,58,62,56,balanced,1470,1482,1538,,,,,,,,,72,0,198,,95,0,,,,,,
1072015,3231,稗貫家,鬼柳|某,おにやなぎ|なにがし,鬼柳某,,稗貫家,鳥谷ヶ崎城,和賀家臣。,5,和賀家臣。,5,0,0,0,0,0,0,0,,,,,,,,,0,0,0,0,56,hermit,1505,9999,1555,,鬼柳義幹の子,1072014,,,,,,72,0,198,,95,0,,,,,,
1072016,3232,稗貫家,鬼柳|義邑,おにやなぎ|よしむら,鬼柳義邑,,稗貫家,鳥谷ヶ崎城,和賀家臣。,5,和賀家臣。,5,226,47,47,47,44,41,43,,,,,,,,,18,5,51,72,56,balanced,1538,1550,1590,,鬼柳某の子,1072015,,,,,,72,0,198,,95,0,,,,,,
1072017,3233,稗貫家,鬼柳|義敦,おにやなぎ|よしあつ,鬼柳義敦,,稗貫家,鳥谷ヶ崎城,和賀家臣。,5,和賀家臣。,5,202,44,50,35,30,43,45,,,,,,,,,36,30,29,70,56,balanced,1564,1576,1601,,鬼柳義邑の子,1072016,,,,,,72,0,198,,95,0,,,,,,
1072018,3234,稗貫家,小原|忠秀,おばら|ただひで,小原忠秀,,稗貫家,鳥谷ヶ崎城,和賀家臣。,5,和賀家臣。,5,185,46,44,31,31,33,37,,,,,,,,,20,8,22,57,54,balanced,1540,1552,1601,true,稗貫→伊達,,,,,,,72,0,198,,95,0,,,,,,
1072019,3235,稗貫家,亀ヶ森|光広,かめがもり|みつひろ,亀ヶ森光広,,稗貫家,鳥谷ヶ崎城,稗貫家臣。,5,稗貫家臣。,5,255,51,47,57,53,47,53,,,,,,,,,50,50,60,32,55,balanced,1503,1515,1562,,,,,,,,,72,0,198,,95,0,,,,,,
1072020,3236,稗貫家,亀ヶ森|家衡,かめがもり|いえひら,亀ヶ森家衡,,稗貫家,鳥谷ヶ崎城,稗貫家臣。,5,稗貫家臣。,5,205,49,45,30,44,37,47,,,,,,,,,38,33,45,76,65,balanced,1531,1543,1602,,亀ヶ森光広の子。稗貫→南部,1072019,,,,,,72,0,198,,95,300,,,,,,
1072021,3237,稗貫家,亀ヶ森|喜明,かめがもり|よしあき,亀ヶ森喜明,,稗貫家,鳥谷ヶ崎城,稗貫家臣。,5,稗貫家臣。,5,202,44,24,48,46,40,48,,,,,,,,,44,42,48,75,65,balanced,1545,1557,1611,,亀ヶ森光広の子。稗貫→南部,1072019,,,,,,72,0,198,,95,0,,,,,,
1072022,3238,稗貫家,八重畑|房重,やえはた|ふさしげ,八重畑房重,,稗貫家,鳥谷ヶ崎城,和賀家臣。,5,和賀家臣。,5,227,54,56,33,41,43,51,,,,,,,,,44,50,1,69,53,balanced,1549,1561,1591,true,,,,,,,,72,0,198,,95,0,,,,,,
1091001,3239,古河家,足利|成氏,あしかが|なりうじ,足利成氏,,長尾家,関宿城,,0,,0,0,0,0,0,0,0,0,,,,,,,,,0,0,0,0,0,hermit,1438,9999,1497,,,,,,,,,2,0,234,,100,0,,,,,,
1091002,3240,古河家,足利|政氏,あしかが|まさうじ,足利政氏,,長尾家,関宿城,,0,,0,0,0,0,0,0,0,0,,,,,,,,,0,0,0,0,0,hermit,1462,9999,1531,,足利成氏の子,1091001,,,,,,2,0,234,,100,0,,,,,,
1091003,3241,古河家,足利|高基,あしかが|たかもと,足利高基,,長尾家,関宿城,,0,,0,0,0,0,0,0,0,0,,,,,,,,,0,0,0,0,34,hermit,1483,9999,1535,,足利政氏の子,1091002,,,,,,2,0,234,,100,0,,,,,,
1091004,3242,古河家,足利|晴氏,あしかが|はるうじ,足利晴氏,,長尾家,関宿城,第4代古河公方。氏綱と結び国府台で小弓公方・義明を破る。氏綱の死後は氏康と対立し、憲政らと河越城を攻め大敗。子・義氏へ家督を譲り、のち古河城を失い幽閉された。,79,,0,229,39,39,62,50,39,86,,,,,,,,,26,16,63,44,36,aggressive,1508,1520,1560,,足利高基の子,1091003,,,,,,2,0,234,,100,0,,,,,,
1091005,3243,古河家,足利|藤氏,あしかが|ふじうじ,足利藤氏,,長尾家,関宿城,古河公方・足利晴氏の子。北条氏が擁立した弟・義氏と争い、謙信の関東出兵で古河公方に擁立された。その帰国後、北条方の反撃で追われ、里見氏を頼って再起を図った。,78,,0,244,58,36,49,57,44,87,,,,,,,,,26,16,62,60,36,conservative,1538,1550,1566,,足利晴氏の子,1091004,,,,,,2,0,234,関宿城主,100,700,,,,,,
1091006,3244,古河家,足利|義氏,あしかが|よしうじ,足利義氏,,足利家,古河城,第五代古河公方。足利晴氏の子。北条氏の後押しで父から家督を譲られ、葛西城で元服。のち関宿城へ移り、北条氏の支援を受けて関東の公方領支配を担った。古河城で没した。,80,,0,259,50,56,45,58,50,87,D,,,D,,,,,29,21,59,31,66,conservative,1541,1553,1582,,足利晴氏の子、浄光院の配偶者,1091004,,,12,,,91,0,235,古河城主,100,1500,,,,64,右兵衛佐,
1091007,3245,古河家,足利|徳,あしかが|とく,足利徳,,足利家,古河城,,0,,0,214,33,11,59,62,49,81,,,,,,,,,29,21,23,80,66,hermit,1574,1586,1640,,足利義氏と浄光院の子。別名：足利氏姫、古川姫君,1091006,,12,,true,true,91,0,235,,100,1000,,,ashikaga_toku.webp,,,
1091008,3246,古河家,足利|藤政,あしかが|ふじまさ,足利藤政,,長尾家,関宿城,古河公方一族。足利晴氏の次男。北条氏が擁立した異母弟・義氏に対抗。関宿移座への協力を諸将に求め、関宿城をめぐる戦いでは佐竹義重・上杉謙信の救援を期待した。,77,,0,289,63,41,59,65,61,77,,,,,,,,,26,16,43,58,36,conservative,1543,1555,1574,,足利晴氏の子,1091004,,,,,,2,0,234,,100,200,,,,,,
1091009,3247,古河家,足利|家国,あしかが|いえくに,足利家国,,長尾家,関宿城,,0,,0,203,42,15,40,62,44,71,,,,,,,,,29,21,18,68,34,hermit,1544,1556,1578,,足利晴氏の子,1091004,,,,,,2,0,234,,95,200,,,,,,
1091010,3248,古河家,足利|輝氏,あしかが|てるうじ,足利輝氏,,足利家,古河城,,0,,0,206,51,54,35,30,36,73,,,,,,,,,22,11,26,67,67,balanced,1545,1557,1584,,足利晴氏の子,1091004,,,,,,91,0,235,,95,500,,,,,,
1091011,3249,山内上杉家,上杉|憲寛,うえすぎ|のりひろ,上杉憲寛,1531:足利|晴直:あしかが|はるなお,浪人,厩橋城,,0,,0,240,35,25,70,61,49,49,,,,,,,,,36,30,59,27,77,balanced,1511,1523,1551,,足利高基の子、上杉憲房の養子。別名：足利晴直,1091003,1214001,,,,,0,0,6,,50,0,,,,,,
1091012,3250,小弓足利家,小弓|義明,おゆみ|よしあき,小弓義明,,里見家,小西城,小弓公方。足利政氏の子。僧籍から還俗し、上総武田氏に迎えられて小弓城へ入る。房総へ勢力を伸ばし古河公方と対立。里見義尭と結び国府台で北条氏綱と戦い敗死した。,78,,0,222,60,51,28,44,39,65,,,,,,,,,29,21,68,10,40,aggressive,1487,1499,1538,,足利政氏の子。小弓公方の始祖,1091002,,,,,,27,0,252,,95,0,,,,,,
1091013,3251,小弓足利家,小弓|頼純,おゆみ|よりずみ,小弓頼純,,里見家,小西城,,0,,0,211,47,26,53,45,40,76,,,,,,,,,29,21,25,72,40,conservative,1532,1544,1601,,小弓義明の子。里見→羽柴,1091012,,,,,,27,0,252,小西城主,90,1000,,,,59,左兵衛督,
1091014,3252,小弓足利家,喜連川|頼氏,きつれがわ|よりうじ,喜連川頼氏,,足利家,古河城,小弓御所足利頼純の次男。兄・国朝の死後、秀吉の命で古河公方家の氏姫を妻として喜連川家を継いだ。家康から加増を受け、足利氏直系の家として特別な家格を認められた。,79,,0,222,49,34,45,51,43,69,,,,,,,,,29,21,27,69,40,hermit,1580,1592,1630,,小弓頼純の子。里見→羽柴→徳川,1091013,,,,,,91,0,235,,95,500,,,,,,
1091015,3253,小弓足利家,喜連川|義親,きつれがわ|よしちか,喜連川義親,,足利家,古河城,,0,,0,180,37,30,37,40,36,68,,,,,,,,,29,21,36,56,40,hermit,1599,1611,1627,,喜連川頼氏と足利徳の子,1091014,1091007,,,,,91,0,235,,95,500,,,,,,
1091016,3254,小弓足利家,喜連川|尊信,きつれがわ|たかのぶ,喜連川尊信,,足利家,古河城,,0,,0,209,47,27,42,49,44,64,,,,,,,,,50,50,31,74,40,hermit,1619,1631,1653,,喜連川義親の子,1091015,,,,,,91,0,235,,95,500,,,,,,
1091017,3255,小弓足利家,小弓|国朝,おゆみ|くにとも,小弓国朝,,里見家,小西城,,0,,0,186,43,22,39,44,38,71,,,,,,,,,29,21,30,65,40,hermit,1572,1584,1593,,小弓頼純の子。里見→羽柴,1091013,,,,,,27,0,252,,90,500,,,,,,
1091018,3256,上条上杉家,上杉|顕実,うえすぎ|あきざね,上杉顕実,,浪人,春日山城,,0,,0,0,0,0,0,0,0,0,,,,,,,,,0,0,0,0,0,hermit,1464,9999,1515,,足利成氏の子、上杉顕定の養子,1091001,1214008,,,,,0,0,2,,95,0,,,,,,
1091019,3257,古河家,一色|氏久,いっしき|うじひさ,一色氏久,,足利家,古河城,,0,,0,245,42,26,60,57,60,58,,,,,,,,,50,50,39,62,71,balanced,1533,1545,1608,,,,,,,,,91,0,235,,95,200,,,,,,
1091020,3258,古河家,幸手|直朝,さって|なおとも,幸手直朝,,足利家,古河城,,0,,0,246,23,42,49,71,61,49,,,,,,,,,29,21,25,72,65,conservative,1519,1531,1597,,,,,,,,,91,0,235,,95,500,true,,,,,
1091021,3259,古河家,幸手|義直,さって|よしなお,幸手義直,,足利家,古河城,,0,,0,231,43,55,37,50,46,55,,,,,,,,,50,50,50,39,65,conservative,1546,1558,1643,,幸手直朝の子,1091020,,,,,,91,0,235,,95,0,,,,,,
1091022,3260,古河家,野田|政朝,のだ|まさとも,野田政朝,,足利家,古河城,,0,,0,246,35,27,63,63,58,53,,,,,,,,,29,21,38,68,68,conservative,1486,1498,1554,,,,,,,,,91,0,235,,95,500,,,,,,
1091023,3261,古河家,野田|政保,のだ|まさやす,野田政保,,足利家,古河城,,0,,0,293,62,59,58,59,55,53,,,,,,,,,29,21,36,56,68,balanced,1514,1526,1568,,野田政朝の子,1091022,,,,,,91,0,235,,95,0,,,,,,
1091024,3262,古河家,野田|弘朝,のだ|ひろとも,野田弘朝,,足利家,古河城,,0,,0,217,44,57,34,41,41,50,,,,,,,,,50,50,55,27,68,aggressive,1548,1560,1566,,野田政保の子,1091023,,,,,,91,0,235,,85,0,,,,,,
1091025,3263,古河家,野田|景範,のだ|かげのり,野田景範,,足利家,古河城,,0,,0,236,41,37,50,57,51,56,,,,,,,,,50,50,67,15,68,balanced,1552,1564,1624,,野田政保の子、簗田晴助の養子,1091023,1091027,,,,,91,0,235,,85,0,,,,,,
1091026,3264,古河家,簗田|高助,やなだ|たかすけ,簗田高助,,足利家,古河城,古河公方家臣。関宿城主。政氏と高基が争うと高基を支持し、関宿城へ迎えて活動した。のちに宿老筆頭となり、娘を高基の子・晴氏に嫁がせ、公方家との結びつきを強めた。,79,,0,305,60,42,66,69,68,50,,,,,,,,,33,26,38,55,34,hermit,1493,1505,1550,,,,,,,,,91,0,235,,95,0,,,,,,
1091027,3265,古河家,簗田|晴助,やなだ|はるすけ,簗田晴助,,長尾家,関宿城,古河公方家臣。関宿城主。足利晴氏・義氏に仕え、後北条氏と抗争。上杉謙信に与して関宿へ復帰し反北条方の拠点となる。三度の関宿攻防の末、関宿城を明け渡した。,76,,0,322,57,54,70,71,70,50,D,,,,,,,,33,26,38,65,44,balanced,1524,1536,1594,,,,,,,,,2,0,234,,95,200,,,,,,
1091028,3266,古河家,簗田|持助,やなだ|もちすけ,簗田持助,,長尾家,関宿城,,0,,0,213,30,25,62,54,42,51,,,,,,,,,33,26,23,75,44,balanced,1549,1561,1588,,簗田晴助の子,1091027,,,,,,2,0,234,,95,0,,,,,,
1091029,3267,古河家,簗田|貞助,やなだ|さだすけ,簗田貞助,,長尾家,関宿城,,0,,0,244,52,65,57,25,45,63,,,,,,,,,50,50,39,69,44,aggressive,1580,1592,1615,,簗田持助の子,1091028,,,,,,2,0,234,,95,0,,,,,,
1091030,3268,小弓足利家,佐野|弘綱,さの|ひろつな,佐野弘綱,,里見家,小西城,,0,,0,193,35,43,34,45,36,41,,,,,,,,,29,21,45,72,42,conservative,1517,1529,1566,,,,,,,,,27,0,252,,95,0,,,,,,
1214001,3269,山内上杉家,上杉|憲房,うえすぎ|のりふさ,上杉憲房,,浪人,厩橋城,,0,,0,0,0,0,0,0,0,0,,,,,,,,,0,0,0,0,37,hermit,1467,9999,1525,,,,,,,,,0,0,6,,50,0,,,,,,
1214002,3270,山内上杉家,上杉|憲政,うえすぎ|のりまさ,上杉憲政,,長尾家,春日山城,山内上杉氏最後の関東管領。河越城で北条氏康に大敗し、平井城を失って長尾景虎を頼る。景虎に上杉の名跡と関東管領職を譲り、謙信没後の御館の乱で景勝方に討たれた。,78,,0,157,32,33,36,29,27,79,,,,,,,,,22,11,86,29,37,conservative,1523,1531,1579,,上杉憲房の子,1214001,,,,,,2,0,2,,95,0,,,,125,兵部少輔,
1214003,3271,山内上杉家,海野|棟綱,うんの|むねつな,海野棟綱,,浪人,厩橋城,,0,,0,217,47,51,39,38,42,46,,,,,,,,,26,16,43,44,0,aggressive,1463,1475,1544,,信濃諸勢力→山内上杉,,,,,,,0,0,6,,50,0,,,,,,
1214004,3272,山内上杉家,海野|幸義,うんの|ゆきよし,海野幸義,,浪人,厩橋城,,0,,0,160,38,41,24,24,33,44,,,,,,,,,26,16,64,15,0,aggressive,1501,1513,1541,true,海野棟綱の子。信濃諸勢力→山内上杉,1214003,,,,,,0,0,6,,50,0,,,,,,
1214005,3273,山内上杉家,沼田|泰輝,ぬまた|やすてる,沼田泰輝,,浪人,厩橋城,,0,,0,216,33,32,48,50,53,57,,,,,,,,,47,45,27,78,25,balanced,1480,1492,1539,,上条上杉→山内上杉,,,,,,,0,0,6,,50,0,,,,,,
1214006,3274,上条上杉家,上杉|清方,うえすぎ|きよかた,上杉清方,,浪人,春日山城,,0,,0,0,0,0,0,0,0,0,,,,,,,,,0,0,0,0,90,hermit,1412,9999,1444,,,,,,,,,0,0,2,,95,0,,,,,,
1214007,3275,上条上杉家,上杉|房定,うえすぎ|ふささだ,上杉房定,,浪人,春日山城,,0,,0,0,0,0,0,0,0,0,,,,,,,,,0,0,0,0,91,hermit,1431,9999,1494,,上杉清方の子,1214006,,,,,,0,0,2,,95,0,,,,,,
1214008,3276,上条上杉家,上杉|顕定,うえすぎ|あきさだ,上杉顕定,,浪人,春日山城,,0,,0,0,0,0,0,0,0,0,,,,,,,,,0,0,0,0,0,hermit,1454,9999,1510,,上杉房定の子,1214007,,,,,,0,0,2,,95,0,,,,,,
1214009,3277,上条上杉家,上杉|房実,うえすぎ|ふさざね,上杉房実,,浪人,春日山城,,0,,0,0,0,0,0,0,0,0,,,,,,,,,0,0,0,0,90,hermit,1443,9999,1508,,上杉清方の子,1214006,,,,,,0,0,2,,95,0,,,,,,
1214010,3278,上条上杉家,上杉|定実,うえすぎ|さだざね,上杉定実,,浪人,春日山城,越後守護。上杉房能の養子。長尾為景に擁立され房能を倒して守護となるが、のち為景と対立し幽閉された。晩年は長尾晴景と景虎の争いを調停し、景虎を春日山城主とした。,79,,0,285,54,43,65,64,59,63,D,D,,,,,,,22,11,50,32,90,balanced,1478,1490,1550,,上杉房実の子,1214009,,,,,,0,0,2,,95,0,,,,,,
1214011,3279,上条上杉家,上条|政繁,じょうじょう|まさしげ,上条政繁,,長尾家,春日山城,上杉家臣。上条家当主。謙信に従い上野・越中に転戦。能登攻めにも従い、七尾城落城後は城将となった。御館の乱では景勝方に属し、のち信濃海津城将として北信濃を守った。,80,,0,289,63,65,58,54,49,67,D,D,,D,,,,,36,30,58,51,84,balanced,1545,1557,1643,,上杉定実の子,1214010,,,,,,2,0,2,,95,0,,,,,,
1214012,3280,上条上杉家,上条|定憲,じょうじょう|さだのり,上条定憲,,浪人,春日山城,,0,,0,216,33,33,41,49,60,63,,,,,,,,,22,11,58,21,87,balanced,1507,1519,1536,,上杉房実の子,1214009,,,,,,0,0,2,,95,0,,,,,,
1214013,3281,上条上杉家,黒田|秀忠,くろだ|ひでただ,黒田秀忠,,浪人,春日山城,越後上杉家臣。黒滝城主。長尾晴景の治世に反旗を翻し、晴景の弟・景康を殺害して籠城した。長尾景虎に攻められ一度降伏したが、翌年挙兵し、討伐され黒田氏も滅亡した。,79,,0,275,50,43,64,62,56,44,,D,,,,,,,26,16,64,15,87,balanced,1497,1509,1546,,,,,,,,,0,0,2,,95,0,,,,,,
1214014,3282,上条上杉家,中条|藤資,なかじょう|ふじすけ,中条藤資,,長尾家,新発田城,越後国衆。鳥坂城主。長尾為景に属し、上田荘六日市で戦った。のちに為景へ服属を誓う。上杉謙信の代には家臣筆頭の重臣に列し、揚北衆の有力者として活動した。,75,,0,309,65,70,51,59,64,56,C,,,,,,,,22,11,77,55,88,balanced,1480,1492,1574,,,,,,,,,2,0,15,,95,0,,,,,,
1214015,3283,扇谷上杉家,上杉|朝興,うえすぎ|ともおき,上杉朝興,,浪人,岩槻城,扇谷上杉氏当主。江戸城主。北条氏綱の侵攻で江戸城を失い河越城へ退いた。その後も氏綱と武蔵支配を争い、江戸城奪回を果たせぬまま河越で没した。家督は朝定が継いだ。,79,,0,293,63,30,72,68,60,62,,,,,,,,,29,21,49,38,39,conservative,1488,1500,1537,,,,,,,,,0,0,69,,50,0,,,,,,
1214016,3284,扇谷上杉家,上杉|朝定,うえすぎ|ともさだ,上杉朝定,,浪人,岩槻城,扇谷上杉氏当主。朝興の子。父の死後に家督を継ぐが北条氏綱に河越城を奪われ松山城へ退いた。山内上杉憲政・足利晴氏と河越城を包囲するが、北条氏康の反撃で敗死した。,79,,0,296,70,43,73,62,48,62,D,,,,,,,,29,21,44,44,39,aggressive,1525,1537,1546,true,上杉朝興の子,1214015,,,,,,0,0,69,,50,0,,,,,,
1214017,3285,扇谷上杉家,上杉|憲勝,うえすぎ|のりかつ,上杉憲勝,,太田家,岩槻城,,0,,0,215,53,57,26,39,40,64,,,,,,,,,38,33,55,47,38,balanced,1531,1543,1563,true,上杉朝定の養子,,1214016,,,,,37,0,69,,100,700,,,,,,
1214018,3286,扇谷上杉家,難波田|憲重,なんばだ|のりしげ,難波田憲重,,浪人,岩槻城,扇谷上杉家臣。弾正善銀。武蔵難波田を本拠とし、重臣として北条氏との抗争で勇名を馳せた。河越夜戦では主君・上杉朝定とともに戦い、上杉方の大敗のなか戦死した。,77,,0,260,53,52,45,51,59,55,,,,,,,,,40,35,20,84,39,balanced,1497,1509,1546,,,,,,,,,0,0,69,,50,0,,,,,,
1016001,3287,別所家,別所|祐則,べっしょ|すけのり,別所祐則,,別所家,三木城,,0,,0,0,0,0,0,0,0,0,,,,,,,,,0,0,0,0,58,hermit,1395,9999,1465,,赤松持則の孫,,,,,,,16,0,25,,95,0,,,,,,
1016002,3288,利神別所家,別所|光則,べっしょ|みつのり,別所光則,,別所家,三木城,,0,,0,0,0,0,0,0,0,0,,,,,,,,,0,0,0,0,58,hermit,1412,9999,1472,,別所祐則の庶子,,,,,,,16,0,25,,95,0,,,,,,
1016003,3289,利神別所家,別所|治光,べっしょ|はるみつ,別所治光,,別所家,三木城,,0,,0,0,0,0,0,0,0,0,,,,,,,,,0,0,0,0,58,hermit,1430,9999,1490,,別所光則の子,1016002,,,,,,16,0,25,,95,0,,,,,,
1016004,3290,利神別所家,別所|治定,べっしょ|はるさだ,別所治定(利神),,別所家,三木城,,0,,0,0,0,0,0,0,0,0,,,,,,,,,0,0,0,0,58,hermit,1445,9999,1505,,別所治光の子。1466年に城を奪還する功績あり,1016003,,,,,,16,0,25,,95,0,,,,,,
1016005,3291,利神別所家,別所|静治,べっしょ|きよはる,別所静治,,別所家,三木城,,0,,0,220,47,45,43,41,44,55,,,,,,,,,18,5,47,63,58,balanced,1478,1490,1541,,別所治定(利神)の子,1016004,,,,,,16,0,25,,95,0,,,,,,
1016006,3292,利神別所家,別所|林治,べっしょ|しげはる,別所林治,,別所家,三木城,,0,,0,220,47,51,40,41,41,58,,,,,,,,,22,11,53,71,58,balanced,1515,1527,1578,true,別所静治の子。1578年攻められて落ち延び行方不明,1016005,,,,,,16,0,25,,95,0,,,,,,
1016007,3293,別所家,別所|則治,べっしょ|のりはる,別所則治,,別所家,三木城,,0,,0,0,0,0,0,0,0,0,,,,,,,,,0,0,0,0,63,hermit,1440,9999,1513,,別所祐則の子,1016001,,,,,,16,0,25,,95,0,,,,,,
1016008,3294,別所家,別所|則定,べっしょ|のりさだ,別所則定,,別所家,三木城,,0,,0,0,0,0,0,0,0,0,,,,,,,,,0,0,0,0,63,hermit,1471,9999,1515,,別所則治の子,1016007,,,,,,16,0,25,,95,0,,,,,,
1016009,3295,別所家,別所|就治,べっしょ|なりはる,別所就治,,別所家,三木城,別所氏当主。三木城主。赤松氏の衰退に乗じて自立し、近隣の国衆を従えて東播磨八郡を支配した。浦上村宗に三木城を奪われるも奪還し、尼子晴久の二度の侵攻も退けた。,78,,0,293,68,62,51,55,57,55,D,,,D,,,,,36,30,74,40,63,balanced,1502,1514,1563,,別所則定の子,1016008,,,,,,16,0,25,三木城主,100,1000,,,,,,
1016010,3296,別所家,別所|安治,べっしょ|やすはる,別所安治,,別所家,三木城,別所氏当主。三木城主。就治の子。東播磨の勢力を継ぎ、摂津山田荘でも国衆・土豪の被官化を進めた。織田信長の上洛後はこれに従い、織田軍の播磨侵攻にも加わった。,77,,0,290,51,52,59,65,63,57,D,,,,,,,,36,30,65,62,63,conservative,1533,1545,1570,,別所就治の子,1016009,,,,,,16,0,25,,95,500,,,,,,
1016011,3297,別所家,別所|長治,べっしょ|ながはる,別所長治,,別所家,三木城,別所氏当主。三木城主。当初は信長方だったが秀吉と対立して毛利方へ転じた。三木城で一年十か月籠城し、兵糧攻めで窮すると城兵の助命を条件に一族と自害した。,75,,0,315,76,67,56,60,56,52,C,D,D,,,,,,36,30,30,76,63,balanced,1555,1567,1580,true,別所安治の子,1016010,,,,,,16,0,25,,95,200,,,,,,
1016012,3298,別所家,別所|友之,べっしょ|ともゆき,別所友之,,別所家,三木城,別所家臣。別所長治の弟。三木合戦では鷹尾山城を守り、羽柴秀吉軍の包囲に抗戦した。鷹尾山城落城後、長治は城兵助命を条件に降伏し、友之も長治ら一族と自害した。,77,,0,265,68,71,38,40,48,53,C,,,,,,,,36,30,42,65,64,aggressive,1560,1572,1580,true,別所安治の子,1016010,,,,,,16,0,25,,95,0,,,,,,
1016013,3299,別所家,別所|治定,べっしょ|はるさだ,別所治定,,別所家,三木城,,0,,0,202,56,58,33,30,25,44,,,,,,,,,36,30,35,61,65,balanced,1561,1573,1579,true,別所安治の子,1016010,,,,,,16,0,25,,95,0,,,,,,
1016014,3300,別所家,別所|吉親,べっしょ|よしちか,別所吉親,,別所家,三木城,別所家臣。長治の叔父。三木合戦では新城を守って羽柴秀吉軍に抗した。新城落城後も三木城で籠城を続け、城兵助命の条件となった長治・友之ら一族の自害に加わった。,77,,0,268,51,42,57,58,60,47,,,,,,,,,22,11,88,21,67,balanced,1533,1545,1580,true,別所就治の子,1016009,,,,,,16,0,25,,95,0,,,,,,
1016015,3301,別所家,別所|重宗,べっしょ|しげむね,別所重宗,,別所家,三木城,別所一門。長治の叔父。長治が毛利方へ転じても織田方に残り、秀吉の三木城攻めに参加。包囲末期には長治らの切腹と城兵助命の開城を促した。戦後は但馬八木城主となった。,80,,0,269,56,60,56,51,46,53,,,,,,,,,36,30,39,55,68,hermit,1534,1546,1591,,別所就治の子。別名：別所重棟。別所→羽柴,1016009,,,,,,16,0,25,,95,0,,,,,,
1016016,3302,別所家,別所|吉治,べっしょ|よしはる,別所吉治,,別所家,三木城,但馬八木城主。別所重宗の長男。父の跡を継いで八木城主となる。関ヶ原の戦いでは西軍に属して改易されたが、のち丹波北由良を領し、大坂の陣の戦功で二万石を与えられた。,80,,0,167,33,48,44,23,19,39,,,,,,,,,36,30,35,61,68,balanced,1579,1591,1654,,別所重宗の子。別所→羽柴→徳川秀忠,1016015,,,,,,16,0,25,,95,0,,,,,,
1016017,3303,別所家,石野|氏満,いしの|うじみつ,石野氏満,,別所家,三木城,,0,,0,238,43,63,38,43,51,54,,,C,,,,,,64,70,49,55,32,aggressive,1553,1565,1606,,別所→羽柴→前田,,,,,,,16,0,25,,95,0,,,,,,
1016018,3304,別所家,淡河|定範,おうご|さだのり,淡河定範,,別所家,神吉城,別所家臣。淡河城主。三木合戦で長治に従い、交通の要衝・淡河城を守って秀吉軍に抗戦。付城による包囲を受け落城し、秀吉方による三木城の補給路遮断を許した。,75,,0,270,55,65,43,47,60,53,,C,,,,,,,29,21,15,89,57,balanced,1539,1551,1579,true,,,,,,,,16,0,103,,95,500,,,,,,
1016019,3305,別所家,神吉|頼氏,かんき|よりうじ,神吉頼氏,,別所家,神吉城,,0,,0,208,48,45,34,36,45,46,,,,,,,,,22,11,49,62,63,balanced,1524,1536,1577,,,,,,,,,16,0,103,神吉城主,95,300,,,,,,
1016020,3306,別所家,神吉|頼定,かんき|よりさだ,神吉頼定,,別所家,神吉城,神吉城主。秀吉の播磨攻めでは三万余の大軍に対し千余の城兵で籠城し、二十日余にわたり攻撃を度々撃退。滝川一益・丹羽長秀らに城内へ攻め込まれ、激戦の末に討死した。,79,,0,284,63,67,49,48,57,59,D,,,,,,,,29,21,25,72,63,balanced,1550,1562,1578,true,,,,,,,,16,0,103,,95,0,,,,,,
1016021,3307,別所家,衣笠|範景,きぬがさ|のりかげ,衣笠範景,,別所家,神吉城,,0,,0,262,53,60,53,49,47,49,D,,,,,,,,26,16,36,55,70,aggressive,1517,1529,1585,,,,,,,,,16,0,103,,95,0,,,,,,
1016022,3308,別所家,久米|忠勝,くめ|ただかつ,久米忠勝,,別所家,三木城,,0,,0,247,51,68,38,39,51,56,,,,,,,,,33,26,30,67,63,aggressive,1529,1541,1579,true,,,,,,,,16,0,25,,95,0,,,,,,
1016023,3309,別所家,後藤|基国,ごとう|もとくに,後藤基国,,別所家,三木城,別所家老。信長に叛いた主君・長治を諌めるも聞き入れられず、羽柴勢と争い討死した。子の基次は旧友・黒田孝高に預けられて養育され、長じて文武に長けた人物となった。,79,別所家老。信長に叛いた主君・長治を諌めるも聞き入れられず、羽柴勢と争い討死した。子の基次は旧友・黒田孝高に預けられて養育され、長じて文武に長けた人物となった。,79,283,65,60,44,50,64,58,D,,,,,,,,48,47,28,62,12,balanced,1532,1544,1579,true,,,,,,,,16,0,25,,95,300,true,,,,,
1016024,3310,別所家,後藤|基次,ごとう|もとつぐ,後藤基次,,別所家,三木城,黒田孝高・長政父子に仕え、九州平定や朝鮮出兵、関ヶ原で武功を重ねた。長政と不和となり黒田家を出奔。大坂の陣では豊臣方の主将格として戦い、道明寺で討死した。,77,,0,348,79,86,52,58,73,69,A,,,C,D,,,猛将,50,50,79,77,12,aggressive,1560,1572,1615,true,別名：後藤又兵衛、後藤正親。別所→黒田→羽柴,,,,,,,16,0,25,,95,0,,,,,,
1016025,3311,別所家,志水|直近,しみず|なおちか,志水直近,,別所家,三木城,,0,,0,205,47,57,34,34,33,45,,,,,,,,,33,26,26,72,63,aggressive,1536,1548,1579,true,,,,,,,,16,0,25,,95,0,,,,,,
1016026,3312,別所家,中村|忠滋,なかむら|ただしげ,中村忠滋,,別所家,神吉城,,0,,0,279,58,44,51,59,67,54,,,,,,,,,33,26,26,72,63,balanced,1548,1560,1598,,,,,,,,,16,0,103,,95,0,,,,,,
1003001,3313,北条家,伊勢|盛時,いせ|もりとき,伊勢盛時,1493:0|宗瑞:0|そうずい,北条家,小田原城,,0,,0,0,0,0,0,0,0,0,,,,,,,,,0,0,0,0,90,hermit,1432,9999,1519,,通称：北条早雲,,,,,,,4,0,14,,95,0,,,,,,
1003002,3314,北条家,北条|氏綱,ほうじょう|うじつな,北条氏綱,,北条家,小田原城,後北条氏2代当主。伊勢氏から北条氏へ改姓し、江戸城・河越城を攻略して武蔵へ進出。国府台で里見・足利連合軍を破り、鶴岡八幡宮再建や検地・伝馬整備も進めた。,76,,0,442,90,86,92,85,89,88,C,D,,C,,,,,50,50,68,21,81,balanced,1487,1499,1541,,伊勢盛時の子,1003001,,,,,,4,0,14,,95,0,,,,,,
1003003,3315,北条家,北条|氏康,ほうじょう|うじやす,北条氏康,,北条家,小田原城,後北条氏3代当主。河越夜戦で両上杉・古河公方を破って関東へ勢力を拡大。武田・今川と三国同盟を結び、上杉謙信の小田原攻めを退け、検地・税制改革や家臣統制を進めた。,80,,0,443,92,78,99,84,90,93,A,,,C,,,C,,50,50,70,98,81,conservative,1515,1527,1571,,北条氏綱の子,1003002,,,,,,4,0,14,小田原城主,100,1500,,,houjyou_ujiyasu.webp|1559:houjyou_ujiyasu2.webp,146,相模守,
1003004,3316,北条家,北条|氏政,ほうじょう|うじまさ,北条氏政,,北条家,小田原城,後北条氏4代当主。上杉謙信・武田信玄の小田原攻めを退け、国府台で里見氏を破り領国を拡大。氏直に家督を譲った後も実権を握り、豊臣秀吉の小田原征伐に敗れて自害した。,80,,0,399,80,62,90,86,81,83,C,D,,D,,,,,50,50,40,82,81,aggressive,1538,1550,1590,true,北条氏康の子,1003003,,,5,,,4,0,14,,93,500,,,houjyou_ujimasa.webp,,,
1003005,3317,北条家,北条|氏直,ほうじょう|うじなお,北条氏直,,北条家,小田原城,後北条氏五代当主。氏政の子。本能寺後、神流川で滝川一益を破る。家康と和睦して督姫を娶った。小田原征伐で降伏し高野山へ追放されたが、のち赦免され一万石を得た。,78,,0,301,65,52,67,55,62,61,,,D,,,,,,36,30,31,67,81,conservative,1562,1574,1591,true,北条氏政の子,1003004,,,,,,4,0,14,,95,0,,,,,,
1003006,3318,北条家,北条|氏房,ほうじょう|うじふさ,北条氏房,,北条家,小田原城,,0,,0,201,30,39,51,43,38,46,,,,,,,,,36,30,31,67,82,balanced,1565,1577,1592,,北条氏政の子,1003004,,,,,,4,0,14,,95,0,,,,,,
1003007,3319,北条家,北条|氏邦,ほうじょう|うじくに,北条氏邦,1558:藤田|0:ふじた|0/1583:北条|0:ほうじょう|0,北条家,鉢形城,北条氏康の四男。藤田氏を継ぎ鉢形城主となり、武蔵北部から上野方面の軍事と領国経営を担う。小田原征伐では大軍を相手に籠城。兵の助命を条件に開城し利家に預けられた。,80,,0,345,75,82,60,63,65,67,C,D,D,,,,,,57,60,45,41,87,conservative,1541,1553,1597,,北条氏康の子、藤田康邦の養子,1003003,1003065,,,,,4,0,93,鉢形城主,95,300,,,,,,
1003008,3320,北条家,北条|氏照,ほうじょう|うじてる,北条氏照,1559:大石|0:おおいし|0/1569:北条|0:ほうじょう|0,北条家,八王子城,北条氏康の子。大石氏を継いで滝山城を本拠とし、武蔵・上野方面の軍事と国衆支配を担った。武田侵攻後は八王子城を築き、小田原征伐に敗れて兄・氏政とともに切腹した。,79,,0,358,80,74,62,74,68,72,D,C,D,D,,,,,57,60,50,77,77,conservative,1540,1552,1590,true,北条氏康の子,1003003,,,,,,4,0,97,八王子城主,95,300,,,,,,
1003009,3321,北条家,北条|氏規,ほうじょう|うじのり,北条氏規,,北条家,韮山城,北条家臣。韮山城主。氏康の四男。武田氏と戦い、徳川・豊臣両氏との外交を担った。小田原征伐では韮山城を守ったのち開城し、北条氏滅亡後は河内に所領を得た。,75,,0,358,71,62,76,74,75,70,D,D,C,,,,C,,50,50,40,55,86,conservative,1545,1557,1600,,北条氏康の子,1003003,,,,,,4,0,98,韮山城主,95,300,,,,,,
1003010,3322,北条家,北条|氏盛,ほうじょう|うじもり,北条氏盛,,北条家,小田原城,北条氏規の子。氏直の養子。小田原征伐後に父とともに豊臣秀吉に仕え、下野足利の所領を得た。氏直・氏規の死後に両者の所領を継ぎ、河内狭山藩初代藩主となった。,76,,0,278,62,44,57,50,65,59,,,,,,,,,48,47,40,59,81,aggressive,1577,1589,1608,,北条氏規の子、北条氏直の養子,1003009,1003005,,,,,4,0,14,,95,0,,,,,,
1003011,3323,北条家,北条|氏信,ほうじょう|うじのぶ,北条氏信,,北条家,小田原城,河内狭山藩二代藩主。北条氏盛の長男。幼くして父の跡を継ぎ、後北条氏の系統を引く狭山藩主家を継承した。領内の池尻村で陣屋建設に着手し、藩政拠点の基礎を築いた。,78,,0,247,39,35,64,56,53,53,,,,,,,,,43,40,31,56,81,conservative,1601,1613,1625,,北条氏盛の子,1003010,,,,,,4,0,14,,95,0,,,,,,
1003012,3324,北条家,北条|氏宗,ほうじょう|うじむね,北条氏宗,,北条家,小田原城,,0,,0,125,19,11,39,26,30,24,,,,,,,,,22,10,13,42,81,conservative,1619,1631,1685,,北条氏信の子,1003011,,,,,,4,0,14,,95,0,,,,,,
1003013,3325,北条家,北条|三郎,うえすぎ|さぶろう,北条三郎,1553:上杉|景虎:うえすぎ|かげとら,長尾家,春日山城,上杉謙信の養子。北条氏康の子。越相同盟に伴って越後へ入り、謙信の姪を妻とした。謙信没後は景勝と家督を争い御館に籠るが、敗れて鮫ヶ尾城へ逃れた末に自害した。,77,,0,298,61,53,60,63,61,72,,,,,,,,,22,11,50,32,89,balanced,1554,1566,1579,true,北条氏康の子、北条長綱の養子。別名：上杉景虎,1003003,1003017,,,,,2,0,2,,100,500,,,,,,
1003014,3326,北条家,北条|為昌,ほうじょう|ためまさ,北条為昌,,北条家,小田原城,北条氏綱の子。玉縄城主として相模東部を守り、兄・氏康を支えた。三浦郡の一向衆を統制するなど領内支配にも関与。若くして病没し、玉縄城は北条綱成が継いだ。,75,,0,319,53,50,72,73,71,66,D,,,,,,,,50,50,36,67,82,balanced,1520,1532,1542,,北条氏綱の子,1003002,,,,,,4,0,14,,95,0,,,,,,
1003015,3327,北条家,北条|氏尭,ほうじょう|うじたか,北条氏尭,,北条家,江戸城,後北条一門。小机城二代城主。氏綱の四男。武蔵南部の要衝・小机を治め、江戸・鎌倉街道を押さえる防衛網の一角を担った。領内へ朱印状を発給して支配にあたった。,76,,0,305,62,36,71,70,66,64,,,,,,,,,50,50,32,72,83,balanced,1522,1534,1563,,北条氏綱の子,1003002,,,,,,4,0,67,江戸城主,95,300,,,,,,
1003016,3328,北条家,北条|綱高,ほうじょう|つなたか,北条綱高,,北条家,小田原城,北条家臣。『小田原旧記』では高橋将監を本名とし、氏綱の養子となって赤備を率い、甘縄城代を務めたと記される。同時代史料から確認できる事績は乏しい。,72,,0,323,72,74,55,58,64,67,D,D,,,,,,,54,55,33,72,84,aggressive,1506,1518,1585,,北条氏綱の養子,,1003002,,,,,4,0,14,,95,0,,,,,,
1003017,3329,北条家,北条|長綱,ほうじょう|ちょうこう,北条長綱,1536:0|宗哲:0|そうてつ/1570:0|幻庵:0|げんあん,北条家,小田原城,北条早雲の子。箱根権現別当を務めつつ、一門長老として氏綱・氏康・氏政を補佐し外交にも携わった。京都で学んだ和歌・茶・弓馬など諸芸にも通じ、後北条氏を長く支えた。,80,,0,361,59,51,80,83,88,70,,,,,,,,,43,40,22,69,83,hermit,1493,1505,1589,,伊勢盛時の子。別名：北条幻庵,1003001,,,,,,4,0,14,,95,200,true,true,,,,
1003018,3330,北条家,北条|綱重,ほうじょう|つなしげ,北条綱重,,北条家,江戸城,北条氏一門。幻庵宗哲の子。兄の死後に父の家督を継ぎ、小机城主を務める。武田信玄の駿河侵攻では蒲原城を守り、弟の長順らと武田勢に抗戦して落城の際に討死した。,77,,0,282,56,45,55,58,68,61,,,,,,,,,48,47,27,78,83,balanced,1516,1528,1569,true,北条長綱の子,1003017,,,,,,4,0,67,,95,100,,,,,,
1003019,3331,北条家,福島|正成,くしま|まさしげ,福島正成,,北条家,玉縄城,今川家臣。大永元年、一万五千の大軍を率いて甲斐へ侵攻し、南部から北上して大島で武田勢を破り甲府へ進んだ。飯田河原・上条河原で武田信虎に大敗し、侵攻は失敗した。,79,,0,292,70,72,40,49,61,57,,B,,,,,,,36,30,47,44,79,aggressive,1492,1504,1536,,,,,,,,,4,0,236,,95,0,,,,,,
1003020,3332,北条家,北条|綱成,ほうじょう|つなしげ,北条綱成,1571:0|道感:0|どうかん,北条家,玉縄城,北条家臣。玉縄城主。河越城を半年守り抜き、河越夜戦では城内から出撃して勝利に貢献。上杉謙信の関東侵攻にも抗し、各地で軍を率いて北条氏の東海道方面を支えた。,77,,0,384,89,93,59,70,73,74,B,A,,C,D,,,猛将,43,40,30,89,79,aggressive,1515,1527,1587,,福島正成の子,1003019,,,,,,4,0,236,玉縄城主,96,500,,,,,,
1003021,3333,北条家,北条|康成,ほうじょう|やすしげ,北条康成,1572:0|氏繁:0|うじしげ,北条家,玉縄城,北条家臣。綱成の子。氏康に従い、父の跡を継いで玉縄城主となる。鎌倉周辺で制札・所領安堵状を発給し外交取次も担い、のち下総飯沼城を本拠に下総方面の支配を担った。,79,,0,317,67,75,51,63,61,62,D,D,,,,,,,36,30,26,63,79,balanced,1536,1548,1578,,北条綱成の子。別名：北条氏繁,1003020,,,,,,4,0,236,,95,0,,,,,,
1003022,3334,北条家,北条|氏勝,ほうじょう|うじかつ,北条氏勝,,北条家,玉縄城,北条家臣。玉縄城主。北条氏繁の子。小田原征伐で山中城を守るが落城し、玉縄城へ退いて家康の勧告で降伏。家康の関東入国後は下総岩富一万石を与えられ大名となった。,78,,0,221,59,54,38,34,36,50,,D,,,,,,,50,50,48,50,87,balanced,1559,1571,1611,,北条康成の子,1003021,,,,,,4,0,236,,95,0,,,,,,
1003023,3335,北条家,北条|氏秀,ほうじょう|うじひで,北条氏秀,,北条家,玉縄城,北条家臣。江戸城代。綱成の子。氏政・氏直に仕え江戸を守った。本能寺の変直後には氏政から上野・甲斐情勢を知らされる。江戸防備も命じられ、北条氏の東国支配を支えた。,80,,0,298,66,60,60,55,57,60,,,,D,,,,,41,37,39,58,79,balanced,1538,1550,1583,,北条綱成の子,1003020,,,,,,4,0,236,,95,0,,,,,,
1003024,3336,北条家,北条|綱房,ほうじょう|つなふさ,北条綱房,,北条家,玉縄城,後北条家臣。福島正成の子。父の死後に北条氏を頼り、氏綱から偏諱を受け綱房と称した。河越夜戦では兄・綱成とともに戦って活躍し、重臣として高谷城主を務めた。,76,,0,270,54,55,37,63,61,57,,,,,,,,,41,37,30,71,78,conservative,1521,1533,1570,true,福島正成の子,1003019,,,,,,4,0,236,,95,0,,,,,,
1003025,3337,北条家,福島|成賢,ふくしま|しげかた,福島成賢,,北条家,玉縄城,,0,,0,242,66,69,29,18,60,52,D,,,,,,,,36,30,30,68,77,balanced,1538,1550,1610,,福島正成の子,1003019,,,,,,4,0,236,,95,0,,,,,,
1003026,3338,北条家,秋元|長朝,あきもと|ながとも,秋元長朝,,北条家,鉢形城,徳川家臣。もとは上杉憲盛に仕え、のち家康に従う。関ヶ原後に上野総社一万石を与えられ藩祖となる。利根川に天狗岩堰を築いて用水を開き、新田開発を進め藩政に尽力した。,80,,0,319,61,50,67,71,70,61,,,,,,,,,50,50,55,39,82,conservative,1546,1558,1628,,,,,,,,,4,0,93,,95,0,,,,,,
1003027,3339,北条家,安藤|良整,あんどう|よしなり,安藤良整,,北条家,八王子城,,0,,0,235,22,24,86,61,42,59,,,,,,,,,64,70,31,60,87,conservative,1531,1543,1594,,,,,,,,,4,0,97,,95,0,,,,,,
1003028,3340,北条家,石巻|康敬,いしまき|やすまさ,石巻康敬,,北条家,河越城,,0,,0,237,32,45,65,55,40,54,,,,,,,,,36,30,53,53,91,conservative,1534,1546,1613,,,,,,,,,4,0,10,,95,0,,,,,,
1003029,3341,北条家,板部岡|江雪斎,いたべおか|こうせつさい,板部岡江雪斎,,北条家,八王子城,北条家臣。氏政・氏直に仕え、評定頭・代官として外交を担った。小田原征伐で主家が滅ぶと豊臣秀吉の御伽衆となり、のち徳川家康に仕えた。,65,,0,255,11,12,68,88,76,56,,,,,,,,,50,50,32,33,87,conservative,1537,1549,1609,,,,,,,,,4,0,97,,95,0,,,,,,
1003030,3342,北条家,猪俣|邦憲,いのまた|くにのり,猪俣邦憲,,北条家,鉢形城,,0,,0,235,47,62,25,37,64,44,D,,,D,,,,,36,30,51,38,78,balanced,1549,1561,1590,,,,,,,,,4,0,93,,95,0,,,,,,
1003031,3343,北条家,上田|朝直,うえだ|ともなお,上田朝直,,北条家,河越城,武蔵国衆。松山城主。扇谷上杉方から北条氏へ転じて松山城を支配し、北条・武田軍による奪回後も城主を務めた。越相同盟では松山城が上田氏の本領と認められた。,75,,0,266,39,46,65,62,54,45,,,,,,,,,29,21,46,31,12,conservative,1494,1506,1582,,,,,,,,,4,0,10,,85,0,,,,,,
1003032,3344,北条家,上田|憲定,うえだ|のりさだ,上田憲定,,北条家,鉢形城,,0,,0,225,34,37,63,51,40,48,,,,,,,,,29,21,37,55,12,conservative,1536,1548,1595,,上田朝直の子,1003031,,,,,,4,0,93,,85,0,,,,,,
1003033,3345,北条家,牛込|勝行,うしごめ|かつゆき,牛込勝行,,北条家,江戸城,,0,,0,226,46,54,41,40,45,51,,,,,,,,,34,28,31,66,69,balanced,1499,1511,1587,,,,,,,,,4,0,67,,90,0,,,,,,
1003034,3346,北条家,大石|定久,おおいし|さだひさ,大石定久,,北条家,玉縄城,山内上杉家臣。武蔵国の国衆。滝山城主。相模・武蔵十郡を領し、長念寺へ判物を発給。河越合戦後は後北条氏に従い、北条氏康の子・氏照を養子に迎えて滝山城を譲った。,78,,0,252,41,49,55,54,53,48,,,,,,,,,29,21,37,55,67,conservative,1500,1512,1561,,,,,,,,,4,0,236,,90,0,,,,,,
1003035,3347,北条家,太田|泰昌,おおた|やすまさ,太田泰昌,,北条家,玉縄城,北条家臣。鶴岡八幡宮造営で奈良番匠衆奉行を務め、『小田原衆所領役帳』作成にも携わった。合戦で感状を受け、生野山で上杉軍を追撃するなど、氏康・氏政の両代を支えた。,80,,0,278,59,67,51,40,61,53,,,,,,,,,37,32,31,67,82,conservative,1518,1530,1563,,秀郷流太田氏,,,,,,,4,0,236,,95,0,,,,,,
1003036,3348,北条家,笠原|信為,かさはら|のぶため,笠原信為,,北条家,江戸城,北条家臣。小机城代。氏綱の江戸城攻略後、前線拠点となった小机城を預かり周辺の支配を担った。伊勢宗瑞と父・信隆を弔うため雲松院を建立し、寺領を寄進した。,75,,0,310,55,57,72,67,59,59,,,,,,,,,54,55,41,61,81,balanced,1509,1521,1557,,越前守家,,,,,,,4,0,67,,95,0,,,,,,
1003037,3349,北条家,笠原|康勝,かさはら|やすかつ,笠原康勝,,北条家,江戸城,,0,,0,268,57,64,44,46,57,60,,,,,,,,,54,55,37,67,81,balanced,1530,1542,1589,,笠原信為の子。越前守家,1003036,,,,,,4,0,67,,95,0,,,,,,
1003038,3350,北条家,笠原|綱信,かさはら|つなのぶ,笠原綱信,,北条家,韮山城,北条家臣。伊豆国郡代。徴税・夫役徴発を担い、城普請や軍需運搬に使う「やとい夫」の動員にも関与した。免役争いでは子の助三郎とともに事情通とされ、伊豆支配を支えた。,80,,0,291,52,50,67,60,62,55,,,,,,,,,18,5,16,79,82,balanced,1517,1529,1568,,美作守家,,,,,,,4,0,98,,95,0,,,,,,
1003039,3351,北条家,梶原|景宗,かじわら|かげむね,梶原景宗,,北条家,小田原城,,0,,0,232,65,59,27,33,48,62,D,,C,B,,,B,,68,76,55,65,95,balanced,1533,1545,1590,,,,,,,,,4,0,14,,90,0,,,,,,
1003040,3352,北条家,狩野|泰光,かのう|やすみつ,狩野泰光,,北条家,八王子城,北条家臣。大膳亮。馬廻衆・評定衆として裁許や行政に携わった。『小田原衆所領役帳』では江戸阿佐布をはじめ伊豆・相模・武蔵各地に知行役高を持つ家臣として記録される。,80,,0,265,55,34,59,60,57,57,,,,,,,,,50,50,44,55,82,balanced,1528,1540,1590,,,,,,,,,4,0,97,,95,0,,,,,,
1003041,3353,北条家,近藤|綱秀,こんどう|つなひで,近藤綱秀,,北条家,八王子城,北条氏照家臣。榎本城主。所領宛行や寺領寄進、伊達家との外交取次に関与。小田原攻めでは氏照不在の八王子城を横地監物・中山家範らと守り、前田・上杉勢と戦い討死した。,80,,0,286,45,53,63,66,59,60,,,,,,,,,65,71,37,73,77,conservative,1548,1560,1590,true,,,,,,,,4,0,97,,95,0,,,,,,
1003042,3354,北条家,清水|康英,しみず|やすひで,清水康英,,北条家,韮山城,北条家臣。下田城主。伊豆水軍を率いる重臣として領国支配に携わった。秀吉の小田原征伐では豊臣水軍を相手に下田城へ籠城し、約五十日にわたり抗戦したのち開城した。,78,,0,254,63,65,37,42,47,60,D,,D,D,,,A,,36,30,76,72,83,aggressive,1532,1544,1591,,,,,,,,,4,0,98,,95,0,,,,,,
1003043,3355,北条家,清水|政勝,しみず|まさかつ,清水政勝,,北条家,韮山城,,0,,0,229,55,73,31,22,48,52,,,,D,,,B,,36,30,31,66,82,aggressive,1552,1564,1616,,清水康英の子,1003042,,,,,,4,0,98,,95,0,,,,,,
1003044,3356,北条家,諏訪部|定勝,すわべ|さだかつ,諏訪部定勝,,北条家,八王子城,,0,,0,215,49,66,33,26,41,54,,,,,,,,,41,37,35,63,82,balanced,1536,1548,1589,,,,,,,,,4,0,97,,95,0,,,,,,
1003045,3357,北条家,大藤|信基,だいとう|のぶもと,大藤信基,,北条家,小田原城,北条家臣。紀伊根来出身。氏綱に登用され相模中郡の郡代・田原城主を務め、足軽衆を率いて軍事・領国支配の両面で活動した。,58,,0,328,60,72,63,57,76,59,,D,,,,,,,55,57,41,62,82,conservative,1488,1500,1552,,,,,,,,,4,0,14,,95,0,,,,,,
1003046,3358,北条家,大藤|秀信,だいとう|ひでのぶ,大藤秀信,,北条家,小田原城,,0,,0,225,40,68,35,31,51,53,,,,,,,,,40,36,36,61,82,balanced,1529,1541,1572,true,大藤信基の子,1003045,,,,,,4,0,14,,95,0,,,,,,
1003047,3359,北条家,大藤|信興,だいとう|のぶおき,大藤信興,,北条家,小田原城,北条家臣。足軽衆を率いた式部丞。上杉謙信の小田原侵攻後、退却する上杉軍の追撃を命じられ、坂間・大神・落合から陣夫を動員。中郡の寄子衆を統率し、朱印状も残る。,78,,0,283,66,63,50,39,65,54,D,,,D,,,,,42,39,38,59,82,balanced,1540,1552,1583,,大藤秀信の子,1003046,,,,,,4,0,14,,95,0,,,,,,
1003048,3360,北条家,大道寺|盛昌,だいどうじ|もりまさ,大道寺盛昌,,北条家,河越城,北条家臣。初代鎌倉代官。早雲・氏綱・氏康の三代に仕えた重臣で、鎌倉の寺社を統括した。のち河越城代を兼ねて支配領域の徴税を担い、北条氏の領国支配を支えた。,76,,0,259,37,39,73,62,48,58,,,,,,,,,50,50,36,67,94,conservative,1495,1507,1556,,別名：大道寺重旨？,,,,,,,4,0,10,,95,0,,,,,,
1003049,3361,北条家,大道寺|周勝,だいどうじ|かねかつ,大道寺周勝,,北条家,河越城,,0,,0,0,0,0,0,0,0,0,,,,,,,,,0,0,0,0,0,hermit,1470,9999,1520,,大道寺盛昌の子。別名：大道寺重興？,1003048,,,,,,4,0,10,,95,0,,,,,,
1003050,3362,北条家,大道寺|資親,だいどうじ|すけちか,大道寺資親,,北条家,河越城,,0,,0,0,0,0,0,0,0,0,,,,,,,,,0,0,0,0,0,hermit,1500,9999,1570,,大道寺周勝の子,1003049,,,,,,4,0,10,,95,0,,,,,,
1003051,3363,北条家,大道寺|政繁,だいどうじ|まさしげ,大道寺政繁,,北条家,河越城,北条家臣。河越城代として城下統治に携わり、松井田城を改修して上野の守りを固めた。小田原征伐では北国勢に抗戦後降伏し、豊臣軍に協力したが戦後に切腹を命じられた。,79,,0,360,74,73,82,65,66,44,C,,,,,,,,57,60,51,38,90,balanced,1533,1545,1590,true,大道寺資親の子,1003050,,,,,,4,0,10,河越城主,95,700,,,,,,
1003052,3364,北条家,大道寺|直次,だいどうじ|なおつぐ,大道寺直次,,北条家,河越城,北条家臣。大道寺政繁の四男。父と北条氏に仕え、小田原征伐後は遠山姓を称して黒田孝高・豊臣秀次・福島正則に仕えた。のち幕府御家人となり旧姓の大道寺氏へ復した。,78,,0,236,31,52,54,51,48,50,,,,,,,,,36,30,51,38,95,balanced,1571,1583,1651,,大道寺政繁の子。北条→福島正則家臣,1003051,,,,,,4,0,10,,95,0,,,,,,
1003053,3365,北条家,大道寺|直英,だいどうじ|なおひで,大道寺直英,,北条家,河越城,大道寺政繁の養子。北条氏滅亡後は徳川義直に仕え、のち津軽信枚に召し抱えられて家老となった。津軽家では信義の代まで仕え、家臣団を二分した船橋騒動の収拾に尽力した。,80,,0,290,54,37,76,68,55,58,,,,,,,,,54,55,49,50,96,conservative,1552,1564,1642,,大道寺政繁の養子,,1003051,,,,,4,0,10,,95,0,,,,,,
1003054,3366,北条家,多目|元忠,ため|もとただ,多目元忠,,北条家,小田原城,北条家臣。氏康に仕えた。,12,,0,355,76,68,60,71,80,55,C,D,D,,,,,,43,40,33,67,82,hermit,1519,1531,1590,,,,,,,,,4,0,14,,95,0,,,,,,
1003055,3367,北条家,遠山|綱景,とおやま|つなかげ,遠山綱景,,北条家,小田原城,北条家臣。江戸城代。葛西にも所領を持ち、総泉寺へ制札を出して寺領を保護するなど地域支配を担った。第二次国府台の戦いでは里見方と激突し、重臣らとともに討死した。,79,,0,305,58,60,61,67,59,48,D,,,,,,,,50,50,48,50,84,conservative,1494,1506,1564,,,,,,,,,4,0,14,,95,500,,,,,,
1003056,3368,北条家,遠山|政景,とおやま|まさかげ,遠山政景,,北条家,小田原城,北条家臣。遠山綱景の子。松田郷で遠山氏の所領経営に携わり、延命寺を保護した。松田道場へ阿弥陀免を寄進し、没後は子・光景が父の菩提を弔う遠山寺を整えたとされる。,79,,0,263,51,52,57,56,47,52,,,,,,,,,50,50,44,55,84,conservative,1532,1544,1580,,遠山綱景の子,1003055,,,,,,4,0,14,,95,0,,,,,,
1003057,3369,北条家,富永|康景,とみなが|やすかげ,富永康景,,北条家,韮山城,後北条家臣。江戸衆。伊豆西土肥などに所領を持つ富永氏の一族。第二次国府台合戦では遠山綱景らとともに先行して国府台へ進み、里見方の反撃を受けて討死した。,75,,0,262,57,75,37,41,52,61,,D,,,,,,,71,80,43,67,77,aggressive,1509,1521,1564,,別名：富永直勝,,,,,,,4,0,98,,95,0,,,,,,
1003058,3370,北条家,中条|景信,なかじょう|かげのぶ,中条景信,,北条家,江戸城,,0,,0,239,55,66,40,32,46,54,,,,,,,,,40,36,32,67,82,conservative,1516,1528,1564,,,,,,,,,4,0,67,,95,0,,,,,,
1003059,3371,北条家,中山|家範,なかやま|いえのり,中山家範,,北条家,八王子城,北条家臣。八王子城主・北条氏照に仕えた。小田原征伐では氏照が小田原城に詰める間、八王子城を守備。前田利家・上杉景勝らの軍勢に攻められ落城すると、自刃した。,77,,0,237,60,59,35,37,46,59,,,,,,,,,50,50,28,78,88,aggressive,1548,1560,1590,,,,,,,,,4,0,97,,95,0,,,,,,
1003060,3372,北条家,中山|照守,なかやま|てるもり,中山照守,,北条家,八王子城,徳川家臣。中山家範の長男。初め北条氏照に従い、その死後は家康・秀忠・家光の三代に仕えた。槍奉行から旗奉行へ進む。馬術にも優れ、高麗流八条家の奥義を極めた。,77,,0,198,53,60,28,26,31,54,,C,,,,,,,43,40,45,50,88,aggressive,1570,1582,1634,,中山家範の子。北条→徳川,1003059,,,,,,4,0,97,,95,0,,,,,,
1003061,3373,北条家,南条|昌治,なんじょう|まさはる,南条昌治,,北条家,韮山城,,0,,0,238,39,33,57,61,48,59,,,,,,,,,64,70,44,62,82,balanced,1527,1539,1575,,北条氏規家臣。南条重長とは別筋,,,,,,,4,0,98,,95,0,,,,,,
1003062,3374,北条家,南条|重長,なんじょう|しげなが,南条重長,,北条家,江戸城,後北条家臣。国府台の戦いで軍功を挙げ、武蔵深沢を与えられた。深沢西境に空堀と土塁の兎々城を築き領主となる。小田原合戦で北条氏が滅ぶと城を壊し、同地に帰農した。,79,,0,287,59,71,41,49,67,53,,,,D,,,,,38,33,28,72,82,balanced,1551,1563,1623,,南条昌治とは別筋,,,,,,,4,0,67,,95,0,,,,,,
1003063,3375,北条家,垪和|氏続,はが|うじつぐ,垪和氏続,,北条家,小田原城,北条家臣。興国寺城主。武田信玄の駿河侵攻に対抗して北条氏が東駿河へ進出すると城主に任じられた。武田軍が城へ侵入した際には諸将と奮戦して撃退し、東駿河を守った。,79,,0,273,61,52,53,53,54,41,,,,D,,,C,,43,40,37,61,82,balanced,1540,1552,1580,,垪和康忠とは別筋,,,,,,,4,0,14,,95,0,,,,,,
1003064,3376,北条家,垪和|康忠,はが|やすただ,垪和康忠,,北条家,小田原城,後北条家臣。評定衆。虎朱印状の奉者として多くの文書発給を担い、武田氏との同盟交渉にもあたった。氏直の甲信遠征でも奉者を務め、寺社や在地勢力との取次に携わった。,79,,0,268,33,39,68,67,61,58,,,,,,,,,50,50,36,67,90,conservative,1542,1554,1595,,垪和氏続とは別筋,,,,,,,4,0,14,,95,0,,,,,,
1003065,3377,北条家,藤田|康邦,ふじた|やすくに,藤田康邦,,北条家,鉢形城,,0,,0,252,50,40,52,54,56,47,,,,,,,,,29,21,44,44,65,balanced,1515,1527,1555,,山内上杉→北条,,,,,,,4,0,93,,93,0,,,,,,
1003066,3378,北条家,藤田|信吉,ふじた|のぶよし,藤田信吉,,北条家,鉢形城,藤田康邦の子。沼田城を武田勝頼へ明け渡し知行を受け、上杉景勝に仕えて津川城代となる。出奔後は家康に属し、下野西方一万五千石を領したが大坂夏の陣後に除封された。,79,,0,275,55,55,49,55,61,51,D,D,,,,,,,26,16,52,32,76,balanced,1559,1571,1616,,藤田康邦の子,1003065,,,,,,4,0,93,,95,0,,,,,,
1003067,3379,北条家,松田|憲秀,まつだ|のりひで,松田憲秀,,北条家,河越城,北条家臣。小田原衆。家中で最大級の知行を領する重臣だった。豊臣秀吉の小田原攻めでは籠城したが、北条氏滅亡後、氏政・氏照・大道寺政繁とともに切腹を命じられた。,78,,0,295,29,29,80,81,76,45,,,,,,,,,36,30,50,5,17,conservative,1540,1552,1590,true,,,,,,,,4,0,10,,90,500,,,,,,
1003068,3380,北条家,笠原|政晴,かさはら|まさはる,笠原政晴,,北条家,河越城,,0,,0,225,43,55,38,40,49,35,,,,,,,,,50,50,72,15,67,balanced,1556,1568,1590,true,松田憲秀の子、笠原綱信の養子。別名：笠原政尭,1003067,1003038,,,,,4,0,10,,95,0,,,,,,
1003069,3381,北条家,松田|直秀,まつだ|なおひで,松田直秀,,北条家,河越城,,0,,0,234,39,25,58,61,51,54,,,,,,,,,76,87,13,78,80,aggressive,1560,1572,1611,,松田憲秀の子,1003067,,,,,,4,0,10,,90,0,,,,,,
1003070,3382,北条家,松田|康定,まつだ|やすさだ,松田康定,,北条家,河越城,,0,,0,257,38,40,59,62,58,60,,,,,,,,,66,73,47,59,82,conservative,1512,1524,1566,,益戸氏,,,,,,,4,0,10,,95,0,,,,,,
1003071,3383,北条家,松田|康長,まつだ|やすなが,松田康長,,北条家,河越城,北条家臣。松田康定の子。氏康・氏政・氏直の三代に仕え奉行として政務を担った。豊臣氏との戦いに備えて山中城の築城にあたり、小田原征伐では同城を守備して討死した。,79,,0,297,57,61,65,58,56,53,,,,,,,,,39,35,34,64,82,balanced,1537,1549,1590,true,松田康定の子。益戸氏,1003070,,,,,,4,0,10,,95,0,,,,,,
1003072,3384,北条家,松田|康郷,まつだ|やすさと,松田康郷,,北条家,河越城,北条家臣。松田康定の子。臼井城将として上杉謙信の攻撃を退け、北条氏政から戦功を賞する感状を受けた。小田原攻めでは松田康長らと山中城を守り、豊臣軍を迎え撃った。,79,,0,299,69,82,44,42,62,55,D,C,,D,,,,鬼,42,39,34,66,82,balanced,1540,1552,1609,,松田康定の子。益戸氏,1003070,,,,,,4,0,10,,95,0,,,,,,
1003073,3385,北条家,間宮|康俊,まみや|やすとし,間宮康俊,,北条家,江戸城,北条家臣。山中城副将。小田原攻めでは城将松田康長を支え、岱崎出丸を百余の手勢で守備した。豊臣軍の来襲を前に死守を決し、一族とともに籠城。激戦の末に討死した。,78,,0,289,70,58,52,54,55,50,,,,,,,,,20,8,22,71,82,conservative,1518,1530,1590,true,,,,,,,,4,0,67,,95,0,,,,,,
1003074,3386,北条家,山角|定勝,やまかど|さだかつ,山角定勝,,北条家,小田原城,北条家臣。松田憲秀の配下。下総国衆の指南を務め、北条氏直と家康の娘・督姫の婚儀では媒酌人となった。小田原城開城後は徳川家に仕え、千二百石を与えられた。,75,,0,250,25,18,73,69,65,59,,,,,,,,,52,53,38,64,87,conservative,1529,1541,1603,,北条→徳川,,,,,,,4,0,14,,95,0,,,,,,
1065001,3387,堀内家,堀内|氏虎,ほりうち|うじとら,堀内氏虎,,堀内家,新宮城,熊野国衆。新宮を本拠に堀内氏を率いた。天文年間に熊野で勢力を伸ばし、衰えた有馬氏へ子の楠若を養子に送った。北畠氏とも新鹿で争い、熊野沿岸へ支配を広げた。,76,,0,296,68,65,44,56,63,60,,,,D,,,B,,54,56,65,35,15,balanced,1514,1526,1574,,,,,,,,,65,0,178,新宮城主,100,1000,,,,,,
1065002,3388,堀内家,堀内|氏高,ほりうち|うじたか,堀内氏高,,堀内家,新宮城,,0,,0,250,49,41,57,54,49,49,,,,,,,B,,36,30,27,58,15,conservative,1545,1557,1574,,堀内氏虎の子,1065001,,,,,,65,0,178,,95,700,,,,,,
1065003,3389,堀内家,堀内|忠勝,ほりうち|ただかつ,堀内忠勝,1548:有馬|忠勝:ありま|ただかつ/daimyo:堀内|氏善:ほりうち|うじよし,堀内家,新宮城,熊野新宮城主。熊野一帯に勢力を広げ、豊臣秀吉に仕えた。朝鮮出兵では水軍を率いて従軍。関ヶ原では西軍に属して所領を失ったが、のち肥後で二千石を与えられた。,76,,0,304,66,69,50,59,60,65,,,,D,,,B,,57,60,57,69,15,balanced,1549,1561,1615,,堀内氏虎の子。別名：堀内氏善。織田→秀吉→秀頼→加藤清正,1065001,,,,,,65,0,178,,95,500,,,,,,
1065004,3390,堀内家,堀内|氏久,ほりうち|うじひさ,堀内氏久,,堀内家,新宮城,豊臣家臣。堀内氏善の子。関ヶ原では西軍に属し、のち大坂城へ入って秀頼に仕えた。大坂夏の陣で千姫を護衛して徳川家康の陣へ送り届け、この功で赦免され家康に仕えた。,79,,0,297,64,63,52,61,57,59,D,,,,,,B,,36,30,49,60,15,aggressive,1575,1587,1657,,堀内忠勝の子。秀吉→秀頼→加藤清正→1615徳川,1065003,,,,,,65,0,178,,95,500,,,,,,
1065005,3391,堀内家,堀内|氏弘,ほりうち|うじひろ,堀内氏弘,1575:新宮|行朝:しんぐう|ゆきとも,堀内家,新宮城,,0,,0,223,62,69,28,22,42,44,D,,,D,,,C,,26,16,78,45,16,aggressive,1576,1588,1645,,堀内忠勝の子。別名：新宮行朝。秀吉→秀頼→加藤清正→1615徳川,1065003,,,,,,65,0,178,,95,0,,,,,,
1065006,3392,堀内家,有馬|氏時,ありま|うじとき,有馬氏時,,堀内家,新宮城,,0,,0,241,58,58,42,40,43,50,,,,,,,C,,36,30,47,48,16,balanced,1582,1594,1665,,堀内忠勝の子,1065003,,,,,,65,0,178,,95,0,,,,,,
1065007,3393,堀内家,榎本|具行,えのもと|ともゆき,榎本具行,,堀内家,新宮城,,0,,0,227,39,37,56,54,41,50,,,,,,,,,50,50,49,48,17,balanced,1514,1526,1571,,,,,,,,,65,0,178,,95,0,,,,,,
1065008,3394,堀内家,榎本|光義,えのもと|みつよし,榎本光義,,堀内家,新宮城,,0,,0,188,40,45,33,32,38,46,,,,,,,,,50,50,41,60,17,balanced,1536,1548,1597,,榎本具行の子,1065007,,,,,,65,0,178,,95,0,,,,,,
1065009,3395,堀内家,榎本|秀範,えのもと|ひでのり,榎本秀範,,堀内家,新宮城,,0,,0,179,18,23,48,46,44,43,,,,,,,,,50,50,55,40,17,balanced,1555,1567,1619,,榎本光義の子,1065008,,,,,,65,0,178,,95,0,,,,,,
1065010,3396,堀内家,泰地|頼虎,たいじ|よりとら,泰地頼虎,,堀内家,新宮城,,0,,0,215,38,39,51,48,39,50,,,,,,,,,54,56,51,51,18,aggressive,1524,1536,1590,,堀内→羽柴,,,,,,,65,0,178,,95,0,,,,,,
1065011,3397,堀内家,泰地|頼興,たいじ|よりおき,泰地頼興,,堀内家,新宮城,,0,,0,211,44,52,24,43,48,49,,,,,,,,,57,60,53,46,18,balanced,1546,1558,1600,true,泰地頼虎の子。堀内→羽柴,1065010,,,,,,65,0,178,,95,0,,,,,,
1065012,3398,堀内家,泰地|頼成,たいじ|よりしげ,泰地頼成,,堀内家,新宮城,,0,,0,187,28,30,51,46,32,46,,,,,,,,,57,60,54,45,18,balanced,1551,1563,1600,true,泰地頼虎の子。堀内→羽柴,1065010,,,,,,65,0,178,,95,0,,,,,,
1065013,3399,堀内家,長田|正政,ながた|ただまさ,長田正政,,堀内家,新宮城,,0,,0,221,23,33,42,61,62,52,,,,,,,,,57,60,53,58,13,conservative,1542,1554,1615,true,,,,,,,,65,0,178,,95,500,true,,,,,
1065014,3400,堀内家,濱田|国広,はまだ|くにひろ,濱田国広,,堀内家,新宮城,,0,,0,217,33,30,55,51,48,49,,,,,,,,,48,47,48,48,12,conservative,1532,1544,1580,,堀内→浪人,,,,,,,65,0,178,,95,500,,,,,,
1065015,3401,堀内家,濱田|国次,はまだ|くにつぐ,濱田国次,,堀内家,新宮城,,0,,0,238,37,42,57,55,47,53,,,,,,,,,48,47,38,62,12,conservative,1558,1570,1634,,濱田国広の子。堀内→浪人,1065014,,,,,,65,0,178,,95,200,,,,,,
1019001,3402,本願寺家,本願寺|蓮如,ほんがんじ|れんにょ,本願寺蓮如,,本願寺家,石山御坊,,0,,0,0,0,0,0,0,0,0,,,,,,,,,0,0,0,0,53,hermit,1415,9999,1499,,,,,,,,,19,0,33,,95,0,,,,,,
1019002,3403,本願寺家,本願寺|実如,ほんがんじ|じつにょ,本願寺実如,,本願寺家,石山御坊,,0,,0,0,0,0,0,0,0,0,,,,,,,,,0,0,0,0,53,hermit,1458,9999,1525,,本願寺蓮如の子,1019001,,,,,,19,0,33,,95,0,,,,,,
1019003,3404,本願寺家,本願寺|円如,ほんがんじ|えんにょ,本願寺円如,,本願寺家,石山御坊,,0,,0,0,0,0,0,0,0,0,,,,,,,,,0,0,0,0,53,hermit,1491,9999,1521,,本願寺実如の子,1019002,,,,,,19,0,33,,95,0,,,,,,
1019004,3405,本願寺家,本願寺|証如,ほんがんじ|しょうにょ,本願寺証如,,本願寺家,石山御坊,本願寺第10世。円如の子で10歳で法主を継ぐ。山科本願寺を焼かれると大坂石山御坊へ移り、これを本願寺の本拠とした。各地の門徒を束ね、戦国期の教団基盤を整えた。,77,,0,318,64,22,82,84,66,75,,,,,,,,謀将,22,11,22,72,53,conservative,1516,1525,1554,,本願寺円如の子,1019003,,,,,,19,0,33,,95,0,,,,,,
1019005,3406,本願寺家,本願寺|顕如,ほんがんじ|けんにょ,本願寺顕如,,本願寺家,石山御坊,本願寺11世宗主。石山本願寺を拠点に各地の門徒や諸大名と連携し、織田信長と十年抗戦。朝廷の仲介で和睦して大坂を退去し、のち豊臣秀吉から京都の寺地を与えられた。,78,,0,411,83,58,91,94,85,88,C,,B,,,,,,19,5,80,68,53,conservative,1543,1555,1592,,本願寺証如の子。西本願寺,1019004,,,,,,19,0,33,石山御坊主,100,1500,,,honganji_kennyo.webp,,,
1019006,3407,本願寺家,本願寺|教如,ほんがんじ|きょうにょ,本願寺教如,,本願寺家,石山御坊,本願寺顕如の長男。石山退去に反対して籠城を続け、父から義絶された。顕如の没後に本願寺を継ぐが秀吉に退隠を命じられた。のちに家康から寺地を得て東本願寺を創立した。,80,,0,324,67,59,58,68,72,79,C,,C,D,,,,,19,6,74,35,45,aggressive,1558,1570,1614,,本願寺顕如の子。東本願寺。家督,1019005,,,,,,19,0,33,,95,500,,,,,,
1019007,3408,本願寺家,本願寺|宣如,ほんがんじ|せんにょ,本願寺宣如,,本願寺家,石山御坊,東本願寺十三代。教如の子。父の死後に継職して教団を率いる。将軍家光から寺地を寄進され、御影堂改築に着手。退隠後は寄進地に渉成園を整え、十四代琢如へ法統を譲った。,80,,0,272,60,36,55,60,61,65,,,,,,,,,36,30,62,36,45,balanced,1604,1616,1658,,本願寺教如の子。東本願寺。家督,1019006,,,,,,19,0,33,,95,500,,,,,,
1019008,3409,本願寺家,興正寺|顕尊,こうしょうじ|けんそん,興正寺顕尊,,本願寺家,石山御坊,本願寺顕如の次男。四歳で興正寺証秀の養子となり、幼くして同寺を継ぐ。父と石山を退去後、鷺森・貝塚・天満へ移転。三河平地御坊の住持も兼ね、教団内の有力者となった。,80,,0,283,50,19,62,83,69,61,,,,,,,,,20,8,25,82,62,conservative,1564,1576,1599,,本願寺顕如の子、興正寺証秀の養子,1019005,1019020,,,,,19,0,33,,95,1000,,,,,,
1019009,3410,本願寺家,興正寺|准尊,こうしょうじ|じゅんそん,興正寺准尊,,本願寺家,石山御坊,浄土真宗の僧。興正寺第十八世。得度後は建仁寺両足院で学び、父の死後に住持を継ぎ家康とも面会。興正寺で初めて法義を述べる「ご消息」を著し、門下へ教えを示した。,78,,0,237,46,8,57,70,56,59,,,,,,,,,36,30,77,30,62,conservative,1585,1597,1622,,興正寺顕尊の子。西本願寺,1019008,,,,,,19,0,33,,95,500,,,,,,
1019010,3411,本願寺家,本願寺|准如,ほんがんじ|じゅんにょ,本願寺准如,,本願寺家,石山御坊,本願寺第12代宗主。顕如の子。兄に代わって法統を継ぎ、本願寺を率いた。地震や火災で被災した堂舎の復興、大谷本廟や別院の整備を進め、近世本願寺の基盤を築いた。,77,,0,305,68,14,74,77,72,61,,,,,,,,,20,8,24,68,60,conservative,1577,1589,1631,,本願寺顕如の子。西本願寺。家督,1019005,,,,,,19,0,33,,95,500,,,,,,
1019011,3412,本願寺家,本願寺|良如,ほんがんじ|りょうにょ,本願寺良如,,本願寺家,石山御坊,西本願寺13代宗主。准如の子。御影堂を再建し、大谷本廟・築地御坊を整備。江戸幕府との交渉や親鸞400回大遠忌法要を担い、僧侶養成の学寮を創設して教学を振興した。,78,,0,293,60,10,68,80,75,63,,,,,,,,,50,50,32,72,60,hermit,1613,1625,1662,,本願寺准如の子。西本願寺。家督,1019010,,,,,,19,0,33,,95,500,,,,,,
1019012,3413,本願寺家,願証寺|蓮淳,がんしょうじ|れんじゅん,願証寺蓮淳,,願証寺,長島城,蓮如の六男。近江顕証寺・伊勢願証寺を拠点に布教し、兄・実如と外孫・証如を補佐。願証寺から美濃・尾張・伊勢の門徒を統括し、本願寺の教団運営に強い影響力を持った。,79,,0,355,73,71,77,71,63,43,,,B,,,,,,22,11,54,27,64,conservative,1464,1476,1550,,本願寺蓮如の子,1019001,,,,,,0,4,44,,50,0,,,,,,
1019013,3414,本願寺家,願証寺|実恵,がんしょうじ|じつえ,願証寺実恵,,願証寺,長島城,,0,,0,223,35,31,45,54,58,43,,,,,,,,,20,8,40,46,64,conservative,1496,1508,1536,,願証寺蓮淳の子,1019012,,,,,,0,4,44,,50,0,,,,,,
1019014,3415,本願寺家,願証寺|証恵,がんしょうじ|しょうけい,願証寺証恵,,願証寺,長島城,本願寺一門。長島願証寺住持。実恵の子。本願寺の報恩講にたびたび出仕し、顕証寺証淳らとともに院家に補された。門跡本願寺の地方的権威を担い、死後は子の証意が継いだ。,80,,0,296,56,52,68,63,57,69,D,,D,,,,C,,18,5,11,65,64,balanced,1516,1528,1564,,願証寺実恵の子,1019013,,,,,,0,4,44,願証寺当主,50,300,,,,,,
1019015,3416,本願寺家,願証寺|証意,がんしょうじ|しょうい,願証寺証意,,願証寺,長島城,願証寺住持。証恵の子。長島を中心とする伊勢・尾張の本願寺門徒を率い、織田信長と対立した。長島一向一揆では尾張小木江城を攻め、守将の織田信興を自害に追い込んだ。,79,,0,279,69,56,55,51,48,44,,,,,,,,,19,6,29,61,64,conservative,1537,1549,1571,true,願証寺証恵の子,1019014,,,,,,0,4,44,,50,0,,,,,,
1019016,3417,本願寺家,本泉寺|蓮悟,ほんせんじ|れんご,本泉寺蓮悟,,本願寺家,石山御坊,本願寺一門。本泉寺住持。蓮如の七男。加賀門徒を率い、本泉寺を拠点に教団を主導した。大小一揆で超勝寺・本覚寺方に敗れ、本泉寺を焼かれて加賀での勢力を失った。,77,,0,345,73,64,66,71,71,42,C,,,,,,,,19,6,45,38,67,balanced,1468,1480,1543,,本願寺蓮如の子,1019001,,,,,,19,0,33,,95,0,,,,,,
1019017,3418,本願寺家,粟津|元隅,あわづ|もとすみ,粟津元隅,,本願寺家,石山御坊,,0,,0,247,62,66,37,34,48,52,D,,,,,,,,20,8,6,95,50,balanced,1529,1541,1599,,,,,,,,,19,0,33,,100,500,,,,,,
1019018,3419,本願寺家,川那部|秀政,かわなべ|ひでまさ,川那部秀政,,本願寺家,石山御坊,,0,,0,230,59,56,40,40,35,50,,,,,,,,,22,11,38,50,61,balanced,1536,1548,1571,,,,,,,,,19,0,33,,95,0,,,,,,
1019019,3420,本願寺家,興正寺|蓮秀,こうしょうじ|れんしゅう,興正寺蓮秀,,本願寺家,石山御坊,,0,,0,195,20,9,45,69,52,58,,,,,,,,,18,5,31,58,63,conservative,1481,1493,1552,,,,,,,,,19,0,33,,95,0,,,,,,
1019020,3421,本願寺家,興正寺|証秀,こうしょうじ|しょうしゅう,興正寺証秀,,本願寺家,石山御坊,,0,,0,167,16,8,36,58,49,57,,,,,,,,,18,5,42,42,63,conservative,1535,1547,1568,,興正寺蓮秀の子,1019019,,,,,,19,0,33,,95,0,,,,,,
1019021,3422,本願寺家,七里|頼周,しちり|よりちか,七里頼周,,本願寺家,尾山御坊,本願寺家臣。坊官。加賀へ上使として派遣され、金沢御堂を拠点に門徒を統率。越前一向一揆では大将として招かれ、のちに本願寺派の坊官らと越前嶺北を支配下に置いた。,78,,0,296,62,53,54,66,61,50,D,,D,,,,,,22,11,70,32,51,aggressive,1517,1529,1581,,,,,,,,,19,0,74,尾山御坊主,95,500,,,,,,
1019022,3423,本願寺家,芝山|宗綱,しばやま|むねつな,芝山宗綱,,本願寺家,石山御坊,,0,,0,185,24,11,41,57,52,45,,,,,,,,,18,5,5,95,50,hermit,1532,1544,1603,,,,,,,,,19,0,33,,95,0,,,,,,
1019023,3424,本願寺家,下間|玄英,しもつま|げんえい,下間玄英,,本願寺家,石山御坊,,0,,0,0,0,0,0,0,0,0,,,,,,,,,0,0,0,0,0,hermit,1500,9999,1530,,,,,,,,,19,0,33,,95,0,,,,,,
1019024,3425,本願寺家,下間|頼善,しもつま|らいぜん,下間頼善,,本願寺家,石山御坊,,0,,0,0,0,0,0,0,0,0,,,,,,,,,0,0,0,0,0,hermit,1500,9999,1530,,下間玄英の子。長男,1019023,,,,,,19,0,33,,95,0,,,,,,
1019025,3426,本願寺家,下間|頼慶,しもつま|らいけい,下間頼慶,,本願寺家,石山御坊,本願寺坊官。実如・証如に仕えた。山科本願寺をめぐる争乱では諸国門徒へ出陣を促し、細川晴元らとの外交も担った。大和吉野の住民還住では木沢長政に仲介を求めた。,77,,0,327,59,47,74,75,72,51,,,,,,,,,22,11,28,64,53,hermit,1476,1488,1541,,下間頼善の子,1019024,,,,,,19,0,33,,95,0,,,,,,
1019026,3427,本願寺家,下間|光頼,しもつま|こうらい,下間光頼,,本願寺家,石山御坊,本願寺坊官。下間頼慶の長男。証如に仕え、奏者として政務を担った。幕府から加賀藤六村などの代官に補任され、毎年公用を納めることを請け負い、料所支配にも携わった。,79,,0,272,47,45,57,61,62,50,,,,,,,,,22,11,31,60,47,conservative,1510,1522,1549,,下間頼慶の長男,,,,,,,19,0,33,,95,0,,,,,,
1019027,3428,本願寺家,下間|頼総,しもつま|らいそう,下間頼総,,本願寺家,尾山御坊,本願寺坊官。下間光頼の長男。筆頭坊官。朝倉氏との戦いで劣勢となった加賀へ上使として派遣され、金沢御堂を拠点に一向一揆を再編して戦線を加越国境まで押し戻した。,78,,0,275,61,62,58,53,41,50,,,,D,,,,,22,11,31,60,45,balanced,1539,1551,1571,,下間光頼の長男,,,,,,,19,0,74,,95,500,,,,,,
1019028,3429,本願寺家,下間|頼芸,しもつま|らいげい,下間頼芸,,本願寺家,石山御坊,,0,,0,219,45,36,50,53,35,49,,,,,,,,,22,11,48,35,47,conservative,1547,1559,1616,,下間光頼の次男,1019026,,,,,,19,0,33,,95,0,,,,,,
1019029,3430,本願寺家,下間|頼旦,しもつま|らいたん,下間頼旦,,本願寺家,石山御坊,本願寺坊官。顕如の命で伊勢長島の願証寺へ派遣され、下間頼盛と一向一揆の総大将を務めた。小木江城を落として織田信興を自害に追い込み、信長の再侵攻も退けた。,76,,0,317,68,74,60,57,58,59,,,D,D,,,,,22,11,24,70,50,aggressive,1549,1561,1574,,下間光頼の三男,1019026,,,,,,19,0,33,,95,0,,,,,,
1019030,3431,本願寺家,下間|真頼,しもつま|しんらい,下間真頼,,本願寺家,石山御坊,本願寺坊官。下間頼慶の次男。証如に仕える。美濃の多芸一揆では土岐頼芸・六角定頼へ関与を問い、諸勢力との外交・取次を担った。大坂寺内では興正寺近くに屋敷を構えた。,80,,0,281,48,56,61,60,56,52,,,,,,,,,22,11,18,78,0,hermit,1513,1525,1552,,下間頼慶の次男,1019025,,,,,,19,0,33,,95,0,,,,,,
1019031,3432,本願寺家,下間|頼竜,しもつま|らいりゅう,下間頼竜,,本願寺家,石山御坊,本願寺坊官。顕如に仕え、石山本願寺で織田信長と戦った。信長との和議では下間仲孝・頼廉とともに講和の誓紙に署名。顕如の没後は教如に従い、頼広も本願寺坊官となった。,80,,0,272,47,46,64,61,54,53,,,,,,,,,29,21,37,55,52,conservative,1552,1564,1609,,下間真頼の子,1019030,,,,,,19,0,33,,95,0,,,,,,
1019032,3433,本願寺家,下間|頼広,しもつま|らいこう,下間頼広,,本願寺家,石山御坊,本願寺坊官。下間頼竜の子。教如を補佐したが対立して本願寺を離れ、叔父・池田輝政に仕えて池田重利と称した。大坂の陣で尼崎城を守り、戦功により一万石を与えられた。,79,,0,279,56,53,60,54,56,62,,,,,,,,,67,74,67,45,87,conservative,1586,1598,1631,,下間頼竜の子、池田恒興の養子。池田重利,1019031,1006034,,,,,19,0,33,,80,0,,,,,,
1019033,3434,本願寺家,下間|融慶,しもつま|ゆうけい,下間融慶,,本願寺家,石山御坊,,0,,0,0,0,0,0,0,0,0,,,,,,,,,0,0,0,0,0,hermit,1500,9999,1530,,下間頼慶の三男,1019025,,,,,,19,0,33,,95,0,,,,,,
1019034,3435,本願寺家,下間|頼資,しもつま|らいし,下間頼資,,本願寺家,石山御坊,本願寺坊官。正秀とも称す。近江湖北の門徒へ忠節を求め、長島願証寺との連携を指示した。越前一向一揆の支配確立を諸寺へ伝えるなど、各地との軍事連絡を担った。,76,,0,323,69,55,65,71,63,51,,,,,,,,,32,25,27,70,48,conservative,1523,1535,1579,,下間融慶の子,1019033,,,,,,19,0,33,,95,500,true,,,,,
1019035,3436,本願寺家,下間|頼純,しもつま|らいじゅん,下間頼純,,本願寺家,石山御坊,本願寺坊官。加賀へ派遣され七里頼周を解任し、金沢御堂の総大将となった。松任城主の鏑木頼信を赦免し、上杉謙信との同盟下で加賀衆をまとめ、織田軍への防戦を指揮した。,80,,0,306,66,52,59,64,65,55,,,,,,,,,64,70,39,70,47,balanced,1554,1566,1597,,下間頼資の子,1019034,,,,,,19,0,33,,95,0,,,,,,
1019036,3437,本願寺家,下間|頼永,しもつま|らいえい,下間頼永,,本願寺家,石山御坊,,0,,0,0,0,0,0,0,0,0,,,,,,,,,0,0,0,0,0,hermit,1500,9999,1530,,下間玄英の子。次男,1019023,,,,,,19,0,33,,95,0,,,,,,
1019037,3438,本願寺家,下間|頼包,しもつま|らいほう,下間頼包,,本願寺家,石山御坊,,0,,0,0,0,0,0,0,0,0,,,,,,,,,0,0,0,0,0,hermit,1500,9999,1530,,下間頼永の子,1019036,,,,,,19,0,33,,95,0,,,,,,
1019038,3439,本願寺家,下間|頼康,しもつま|らいこう,下間頼康,,本願寺家,石山御坊,,0,,0,281,56,32,68,65,60,57,,,,,,,,,32,25,13,90,10,conservative,1516,1528,1580,true,下間頼包の子,1019037,,,,,,19,0,33,,95,500,,,,,,
1019039,3440,本願寺家,下間|頼廉,しもつま|らいれん,下間頼廉,,本願寺家,石山御坊,本願寺坊官。顕如を補佐し、石山合戦では軍事指揮を担って織田信長と抗戦。講和時は本願寺を代表して誓紙に署名。のち豊臣秀吉から本願寺町奉行を命じられ、教団を支えた。,80,,0,381,80,73,78,80,70,71,B,,A,C,,,C,,32,25,49,90,10,aggressive,1537,1549,1626,,下間頼康の子、下間頼総の養子,1019038,1019027,,,,,19,0,33,,95,0,,,,,,
1019040,3441,本願寺家,下間|頼亮,しもつま|らいりょう,下間頼亮,,本願寺家,石山御坊,本願寺坊官。顕如の意向で興正寺顕尊に仕え、家政を預かり奏者として門末との取次を担った。顕尊の没後は准尊に仕え、家康との面会にも随行して興正寺の実務を支えた。,78,,0,288,58,40,63,68,59,62,,,,,,,,,50,50,31,88,10,conservative,1556,1568,1628,,下間頼廉の子,1019039,,,,,,19,0,33,,95,0,,,,,,
1019041,3442,本願寺家,下間|仲玄,しもつま|ちゅうげん,下間仲玄,,本願寺家,石山御坊,,0,,0,243,42,58,42,59,42,58,,,,,,,,,50,50,70,27,11,aggressive,1585,1597,1646,,下間頼廉の子,1019039,,,,,,19,0,33,,95,0,,,,,,
1019042,3443,本願寺家,下間|光宗,しもつま|こうそう,下間光宗,,本願寺家,尾山御坊,,0,,0,0,0,0,0,0,0,0,,,,,,,,,0,0,0,0,0,hermit,1500,9999,1530,,下間玄英の子。四男,1019023,,,,,,19,0,74,,95,0,,,,,,
1019043,3444,本願寺家,下間|頼清,しもつま|らいせい,下間頼清,,本願寺家,尾山御坊,,0,,0,0,0,0,0,0,0,0,,,,,,,,,0,0,0,0,0,hermit,1500,9999,1530,,下間光宗の子,1019042,,,,,,19,0,74,,95,0,,,,,,
1019044,3445,本願寺家,下間|頼照,しもつま|らいしょう,下間頼照,,本願寺家,尾山御坊,本願寺家臣。越前一揆の指導者。朝倉氏滅亡後、一揆勢が越前を掌握すると守護として支配と防備を担う。織田信長の侵攻で敗れ、加賀へ逃れる途中で捕らえられ斬首された。,79,,0,286,66,55,50,56,59,68,,,B,,,,,,29,21,56,54,50,balanced,1516,1528,1575,,下間頼清の子,1019043,,,,,,19,0,74,,95,500,,,,,,
1019045,3446,本願寺家,下間|仲孝,しもつま|ちゅうこう,下間仲孝,,本願寺家,石山御坊,本願寺坊官。顕如に仕え、石山合戦では織田氏との戦闘を指揮。講和では顕如に代わり頼廉・頼龍と誓紙へ署名した。能にも秀で金春流の相伝を受け、秀吉らの前で演じた。,78,,0,326,63,48,68,77,70,72,D,,C,D,,,,,29,21,28,67,51,balanced,1551,1563,1616,,下間頼照の子、下間頼総の養子,1019044,1019027,,,,,19,0,33,,95,0,,,,,,
1019046,3447,本願寺家,杉浦|玄任,すぎうら|げんとう,杉浦玄任,,本願寺家,尾山御坊,本願寺坊官。加賀一向一揆の指導者。越前へ進んで溝江氏を討ち、平泉寺・朝倉景鏡らを攻めて一揆支配を広げた。越前制圧後は大野郡司に任じられ、郡内の軍事動員を担った。,80,,0,331,71,74,65,63,58,51,D,,C,,,,,,26,16,39,50,50,balanced,1517,1529,1575,,,,,,,,,19,0,74,,95,0,,,,,,
1019047,3448,本願寺家,鈴木|重泰,すずき|しげやす,鈴木重泰,,本願寺家,尾山御坊,,0,,0,233,52,57,32,40,52,53,,,C,,,,,,36,30,50,50,51,balanced,1541,1553,1580,,,,,,,,,19,0,74,,95,0,,,,,,
1019048,3449,本願寺家,富樫|晴貞,とがし|はるさだ,富樫晴貞,,本願寺家,尾山御坊,,0,,0,247,48,54,54,48,43,49,D,,D,,,,,,29,21,33,61,87,aggressive,1516,1528,1570,true,,,,,,,,19,0,74,,80,0,,,,,,
1056001,3450,松浦家,松浦|興信,まつら|おきのぶ,松浦興信,,松浦家,平戸城,平戸松浦氏当主。志佐純元の子。松浦弘定の養子となって平戸城主を継いだ。大内義興の上洛に従い、義興を頼った足利義稙を奉じて入京。北九州の国人として家勢を保った。,79,,0,280,40,37,70,69,64,65,,,,,,,,,71,80,63,38,24,conservative,1495,1507,1541,,24代,,,,,,,56,0,155,,95,0,,,,,,
1056002,3451,松浦家,松浦|隆信,まつら|たかのぶ,松浦隆信,1568:0|道可:0|どうか,松浦家,平戸城,平戸松浦氏25代当主。興信の子。南蛮貿易を推進して巨万の富を築き、弱小勢力であった同家を戦国大名へと飛躍させた。秀吉の九州平定の折には臣従し所領を保った。,76,平戸松浦氏25代当主。興信の子。南蛮貿易を推進して巨万の富を築き、弱小勢力であった同家を戦国大名へと飛躍させた。秀吉の九州平定の折には臣従し所領を保った。,76,338,62,56,78,80,62,61,D,,C,D,,,C,,71,80,63,38,22,conservative,1529,1541,1599,,松浦興信の子。25代,1056001,,,,,,56,0,155,平戸城主,100,1500,,,,,,
1056003,3452,松浦家,松浦|鎮信,まつら|しげのぶ,松浦鎮信,,松浦家,平戸城,平戸松浦氏26代当主。肥前平戸藩初代藩主。隆信の子。慶長の役では陸海戦で数多の戦功を挙げた。関ヶ原の戦いでは東軍に与して所領を保ち、藩政の礎を築いた。,74,平戸松浦氏26代当主。肥前平戸藩初代藩主。隆信の子。慶長の役では陸海戦で数多の戦功を挙げた。関ヶ原の戦いでは東軍に与して所領を保ち、藩政の礎を築いた。,74,376,74,80,72,83,67,72,,,C,D,C,,B,,71,80,55,50,22,balanced,1549,1561,1614,,松浦隆信(道可)の子。26代,1056002,,,,,,56,0,155,,95,500,,,,,,
1056004,3453,松浦家,松浦|久信,まつら|ひさのぶ,松浦久信,,松浦家,平戸城,,0,,0,224,47,38,45,51,43,57,,,,,,,,,71,80,52,55,22,conservative,1571,1583,1601,,松浦鎮信の子。27代,1056003,,,,,,56,0,155,,95,0,,,,,,
1056005,3454,松浦家,松浦|隆信,まつら|たかのぶ,松浦隆信(28代),,松浦家,平戸城,肥前平戸藩三代藩主。松浦久信の長男。家督を継ぎ、オランダ・英国船を迎えて平戸貿易を推進。キリシタンだったが家康の命で棄教し教会を破却、交易で藩財政を支えた。,78,,0,225,40,23,52,59,51,61,,,,,,,,,71,80,63,38,22,conservative,1592,1604,1637,,松浦久信の子。28代,1056004,,,,,,56,0,155,,95,0,,,,,,
1056006,3455,松浦家,松浦|重信,まつら|しげのぶ,松浦重信,,松浦家,平戸城,平戸藩主。隆信の子。父の死後に家督を継ぎ、島原の乱では長崎警備にあたった。平戸オランダ商館閉鎖後はキリシタンを取り締まる一方、和漢の学に通じ茶や兵法も修めた。,79,,0,292,48,42,75,67,60,68,,,,,,,,,71,80,43,67,22,conservative,1622,1634,1703,,松浦隆信(28代)の子,1056005,,,,,,56,0,155,,95,0,,,,,,
1056007,3456,諸：後藤家,松浦|惟明,まつら|これあき,松浦惟明,1549:後藤|惟明:ごとう|これあき,後藤家,須古城,,0,,0,198,53,63,26,29,27,58,,,,,,,,,50,50,48,55,32,balanced,1550,1562,1598,,松浦隆信(道可)の子、大村佐純の養子,1056002,1057012,,,,,0,49,154,,50,0,,,,,,
1056008,3457,松浦家,松浦|親,まつら|ちかし,松浦親,,松浦家,平戸城,,0,,0,256,58,65,40,34,59,58,,,,,,,,,50,50,72,30,11,aggressive,1550,1562,1574,true,松浦隆信(道可)の子、松浦親(宗金)の養子,1056002,1056017,,,,,56,0,155,,95,0,,,,,,
1056009,3458,松浦家,松浦|定,まつら|さだむ,松浦定,,松浦家,平戸城,,0,,0,199,42,53,31,35,38,57,,,,,,,,,50,50,45,53,11,conservative,1571,1583,1593,true,松浦親の子,1056008,,,,,,56,0,155,,95,0,,,,,,
1056010,3459,松浦家,籠手田|安昌,こてだ|やすまさ,籠手田安昌,,松浦家,平戸城,松浦家臣。籠手田氏当主。平戸松浦氏では隆信の家督継承を支えて重用される。平戸で宣教師の布教が始まると子の安経らと洗礼を受け、ドン・ジェロニモと称した。,75,,0,282,62,50,58,57,55,56,,,,,,,,,71,80,61,42,20,conservative,1508,1520,1557,,,,,,,,,56,0,155,,95,0,,,,,,
1056011,3460,松浦家,籠手田|安経,こてだ|やすつね,籠手田安経,,松浦家,平戸城,松浦家臣。籠手田安昌の子。生月島南部や度島を領し、洗礼を受けドン・アントニオと称した。宣教師ヴィレラの勧めを受け、領内の家臣・領民約千五百人を一斉に改宗させた。,80,,0,277,51,45,59,58,64,42,D,,D,,,,C,,68,75,30,84,24,hermit,1532,1544,1582,,籠手田安昌の子,1056010,,,,,,56,0,155,,95,500,true,,,,,
1056012,3461,松浦家,佐川|信利,さがわ|のぶとし,佐川信利,,松浦家,平戸城,,0,,0,270,40,39,69,65,57,64,,,,,,,,,64,70,49,55,10,hermit,1580,1592,1624,,,,,,,,,56,0,155,,95,0,,,,,,
1056013,3462,松浦家,鶴田|伝,つるた|つたう,鶴田伝,,松浦家,平戸城,,0,,0,0,0,0,0,0,0,0,,,,,,,,,0,0,0,0,0,hermit,1470,9999,1516,,,,,,,,,56,0,155,,95,0,,,,,,
1056014,3463,松浦家,鶴田|前,つるた|すすむ,鶴田前,,松浦家,獅子ヶ城,,0,,0,211,49,64,32,31,35,60,,,,,,,,,57,60,51,58,76,aggressive,1509,1521,1576,,鶴田伝の子,1056013,,,,,,56,0,153,獅子ヶ城主,90,500,,,,,,
1056015,3464,松浦家,鶴田|賢,つるた|さかし,鶴田賢,,松浦家,獅子ヶ城,,0,,0,169,20,31,43,41,34,50,,,,,,,,,57,60,50,50,76,aggressive,1545,1557,1626,,鶴田前の子,1056014,,,,,,56,0,153,,90,0,,,,,,
1056016,3465,松浦家,鶴田|勝,つるた|すぐる,鶴田勝,,松浦家,獅子ヶ城,,0,,0,198,35,42,36,47,38,53,,,,,,,,,57,60,54,44,76,balanced,1521,1533,1571,,鶴田伝の子,1056013,,,,,,56,0,153,,90,0,,,,,,
1056017,3466,松浦家,松浦|親,まつら|ちかし,松浦親,1566:0|宗金:0|そうきん,松浦家,平戸城,相神浦松浦氏当主。父の政が平戸松浦氏に討たれた後、旧臣と旧領を回復して飯盛城を本拠とした。平戸の隆信と長く抗争して城を守ったが、のち隆信に屈して優位を認めた。,79,,0,281,62,54,51,59,55,62,,,,,,,,,57,60,35,72,11,balanced,1494,1506,1577,,,,,,,,,56,0,155,,95,0,,,,,,
1056201,3467,波多家,波多|興,はた|こう,波多興,,松浦家,亀丘城,,0,,0,0,0,0,0,0,0,0,,,,,,,,,0,0,0,0,93,hermit,1475,9999,1530,,,,,,,,,56,0,184,,95,0,,,,,,
1056202,3468,波多家,波多|盛,はた|さこう,波多盛,,松浦家,亀丘城,,0,,0,235,45,34,59,52,45,47,,,,,,,,,26,16,32,60,93,balanced,1502,1514,1547,,波多興の子,1056201,,,,,,56,0,184,,95,0,,,,,,
1056203,3469,波多家,波多|某,はた|なにがし,波多某,,松浦家,亀丘城,,0,,0,0,0,0,0,0,0,0,,,,,,,,,0,0,0,0,0,hermit,1504,9999,1530,,,,,,,,,56,0,184,,95,0,,,,,,
1056204,3470,波多家,波多|政,はた|せい,波多政,,松浦家,亀丘城,,0,,0,129,30,27,23,31,18,47,,,,,,,,,26,16,36,55,0,conservative,1530,1542,1570,true,波多某の子,1056203,,,,,,56,0,184,,95,0,,,,,,
1056205,3471,波多家,日高|資,ひだか|たすく,日高資,,松浦家,亀丘城,,0,,0,201,38,20,64,42,37,49,,,,,,,,,75,85,46,64,22,balanced,1501,1513,1564,true,日高家は波多家の宿老,,,,,,,56,0,184,,85,300,,,,,,
1056206,3472,波多家,日高|喜,ひだか|このむ,日高喜,,松浦家,亀丘城,,0,,0,262,32,51,54,60,65,58,,,,,,,,,75,85,53,55,22,balanced,1532,1544,1593,,日高資の子,1056205,,,,,,56,0,184,,85,0,,,,,,
1046001,3473,三浦家,三浦|貞国,みうら|さだくに,三浦貞国,,三浦家,高田城,,0,,0,0,0,0,0,0,0,0,,,,,,,,,0,0,0,0,25,hermit,1482,9999,1532,,,,,,,,,46,0,113,,95,0,,,,,,
1046002,3474,三浦家,三浦|貞久,みうら|さだひさ,三浦貞久,,三浦家,高田城,美作国衆。高田城主。尼子氏の侵攻に抗し、家臣の牧氏へ戦功を賞する感状を発給して家中を統率した。戦いが続く中で病没し、高田城はのち尼子方の手に陥落した。,75,,0,283,61,60,47,58,57,56,,,,,,,,,43,40,43,53,25,balanced,1508,1520,1548,,三浦貞国の子,1046001,,,,,,46,0,113,,95,0,,,,,,
1046003,3475,三浦家,三浦|貞勝,みうら|さだかつ,三浦貞勝,,三浦家,高田城,美作国人。高田城主。貞久の子。尼子方に奪われた高田城を旧臣らと奪還し、三浦氏を再興した。のち三村家親の攻撃を受け、一月に及ぶ籠城の末に落城し、自害したと伝わる。,80,,0,273,57,63,46,55,52,54,,,,,,,,,43,40,50,43,25,aggressive,1543,1555,1565,true,三浦貞久の子,1046002,,,,,,46,0,113,高田城主,100,1000,,,,,,
1046004,3476,三浦家,三浦|定勝,みうら|さだかつ,三浦定勝,,三浦家,高田城,,0,,0,213,40,36,45,48,44,47,,,,,,,,,48,47,20,60,25,aggressive,1563,1575,1584,true,三浦貞勝の子。別名：宇喜多定勝。三浦→宇喜多,1046003,,,,,,46,0,113,,95,500,,,,,,
1046005,3477,三浦家,三浦|貞広,みうら|さだひろ,三浦貞広,,三浦家,高田城,,0,,0,253,52,47,56,44,54,51,,,,,,,,,43,40,53,38,26,balanced,1544,1556,1582,,三浦貞久の子。三浦→宇喜多,1046002,,,,,,46,0,113,,95,300,,,,,,
1046006,3478,三浦家,大河原|貞尚,おおがわら|さだなお,大河原貞尚,,三浦家,高田城,,0,,0,218,33,33,55,49,48,45,,,,,,,,,36,30,20,54,20,conservative,1512,1524,1565,,三浦貞国の子,1046001,,,,,,46,0,113,,95,0,,true,,,,
1046007,3479,三浦家,三浦|貞盛,みうら|さだもり,三浦貞盛,,三浦家,高田城,,0,,0,219,50,48,40,42,39,47,,,,,,,,,43,40,45,50,27,aggressive,1518,1530,1568,true,三浦貞国の子,1046001,,,,,,46,0,113,,95,0,,true,,,,
1046008,3480,三浦家,金田|弘久,かねだ|ひろひさ,金田弘久,,三浦家,高田城,,0,,0,202,29,29,50,47,47,47,,,,,,,,,43,40,25,78,26,balanced,1525,1537,1564,,,,,,,,,46,0,113,,95,0,,,,,,
1046009,3481,三浦家,牧|尚春,まき|なおはる,牧尚春,,三浦家,高田城,美作三浦家臣。兵庫助。高田荘を治める三浦氏の重臣として活動し、美甘文書に本人の判物が残る。高田硯を豊後の大友宗麟へ贈った記録も伝わり、領国実務を支えた。,76,,0,313,65,53,63,67,65,60,,,,,,,,,36,30,73,64,31,balanced,1506,1518,1580,,三浦→羽柴,,,,,,,46,0,113,,95,300,true,,,,,
1046010,3482,三浦家,牧|菅兵衛,まき|かんべえ,牧菅兵衛,,三浦家,高田城,,0,,0,0,0,0,0,0,0,0,,,,,,,,,0,0,0,0,31,hermit,1525,9999,1547,,牧尚春の子,1046009,,,,,,46,0,113,,95,0,,,,,,
1046011,3483,三浦家,牧|清冬,まき|きよふゆ,牧清冬,,三浦家,高田城,,0,,0,294,60,64,52,56,62,60,,,,,,,,,44,42,50,72,16,balanced,1546,1558,1584,,牧菅兵衛の子。三浦→宇喜多,1046010,,,,,,46,0,113,,95,200,,,,,,
1046012,3484,三浦家,牧|良長,まき|よしなが,牧良長,,三浦家,高田城,,0,,0,271,58,67,46,47,53,56,,,,,,,,,43,40,25,78,11,aggressive,1537,1549,1590,,牧尚春の子。三浦→宇喜多,1046009,,,,,,46,0,113,,95,0,,,,,,
1046013,3485,三浦家,牧|左馬助,まき|さまのすけ,牧左馬助,,三浦家,高田城,,0,,0,0,0,0,0,0,0,0,,,,,,,,,0,0,0,0,11,hermit,1561,9999,1618,,牧良長の子,1046012,,,,,,46,0,113,,95,0,,,,,,
1046014,3486,三浦家,牧|国信,まき|くにのぶ,牧国信,,三浦家,高田城,,0,,0,275,59,52,58,55,51,58,,,,,,,,,43,40,50,80,6,aggressive,1543,1555,1605,,牧尚春の子。三浦→宇喜多,1046009,,,,,,46,0,113,,95,0,,,,,,
1010001,3487,三木家,三木|直頼,みつき|なおより,三木直頼,,三木家,松倉城,飛騨三木氏当主。桜洞城を拠点に姉小路諸家の内紛へ介入し、古川城を攻略するなど飛騨北部へ勢力を広げた。木曽・越中方面とも外交し、三木氏発展の基礎を築いた。,76,,0,319,63,56,71,68,61,57,D,D,,,,,,,26,16,52,32,48,balanced,1497,1509,1554,,三木重頼の子,,,,,,,10,0,29,,95,0,,,,,,
1010002,3488,三木家,三木|良頼,みつき|よしより,三木良頼,1562:姉小路|嗣頼:あねがこうじ|つぐより,三木家,松倉城,飛騨国衆。三木氏当主。古川盆地へ勢力を広げ、姉小路古川家の名跡を継いで姉小路嗣頼を称した。従四位下・飛騨守に叙任され、武田氏に対抗して上杉輝虎に支援を求めた。,79,,0,285,56,56,58,58,57,52,,,,,,,,,26,16,50,35,48,aggressive,1516,1528,1572,,三木直頼の子。別名：姉小路嗣頼,1010001,,,,,,10,0,29,,95,200,,true,,,,
1010003,3489,三木家,三木|光頼,みつき|よりつな,三木光頼,1560:三木|自綱:みつき|よりつな/1562:姉小路|頼綱:あねがこうじ|よりつな,三木家,松倉城,飛騨三木氏当主。姉小路家の名跡を継ぎ、頼綱と称して織田信長と結び飛騨統一を進めた。本能寺の変後は佐々成政と連携して秀吉に抗したが、金森長近に敗れて飛騨を失った。,80,,0,365,73,78,68,75,71,62,D,C,,,,,,,22,11,55,47,48,balanced,1540,1552,1587,,三木良頼の子。別名：姉小路頼綱,1010002,,,,,,10,0,29,松倉城主,100,1000,,,,116,侍従,
1010005,3490,三木家,姉小路|信綱,あねがこうじ|のぶつな,姉小路信綱,,三木家,松倉城,,0,,0,194,46,47,32,29,40,39,,,,,,,,,22,11,60,55,48,balanced,1559,1571,1583,true,三木光頼の長男,,,,,,,10,0,29,,85,0,,,,,,
1010006,3491,三木家,姉小路|秀綱,あねがこうじ|ひでつな,姉小路秀綱,,三木家,松倉城,,0,,0,220,55,49,41,45,30,45,,,,,,,,,26,16,31,62,49,balanced,1561,1573,1585,true,三木光頼の次男,1010003,,,,,,10,0,29,,95,0,,,,,,
1010007,3492,三木家,鍋山|季綱,なべやま|すえつな,鍋山季綱,,三木家,松倉城,,0,,0,193,31,40,42,44,36,41,,,,,,,,,26,16,33,59,58,conservative,1562,1574,1585,true,三木光頼の三男、鍋山顕綱の養子,1010003,1010004,,,,,10,0,29,,95,0,,,,,,
1010008,3493,三木家,三木|直綱,みつき|なおつな,三木直綱,,三木家,松倉城,,0,,0,187,40,40,33,38,36,37,,,,,,,,,20,8,27,64,46,balanced,1563,1575,1585,true,三木光頼の四男,1010003,,,,,,10,0,29,,95,0,,,,,,
1010009,3494,三木家,小島|基頼,こじま|もとより,小島基頼,,三木家,松倉城,,0,,0,186,40,36,41,34,35,39,,,,,,,,,26,16,33,58,42,conservative,1565,1577,1585,true,三木光頼の五男、小島時光の婿養子,1010003,1010017,,,,,10,0,29,,95,0,,,,,,
1010010,3495,三木家,三木|近綱,みつき|ちかつな,三木近綱,,三木家,松倉城,江戸幕府旗本。姉小路頼綱の子。飛騨征伐時には遠藤氏の人質であったため追討を逃れた。,41,江戸幕府旗本。姉小路頼綱の子。飛騨征伐時には遠藤氏の人質であったため追討を逃れた。,41,213,51,53,35,33,41,46,,,,,,,,,36,30,39,69,50,aggressive,1574,1586,1629,,三木光頼の末子,1010003,,,,,,10,0,29,,95,0,,,,,,
1010004,3496,三木家,鍋山|顕綱,なべやま|あきつな,鍋山顕綱,,三木家,松倉城,,0,,0,251,49,46,44,51,61,45,,,,,,,,,22,11,56,32,58,balanced,1544,1556,1583,true,三木良頼の子。別名：三木顕綱,1010002,,,,,,10,0,29,,95,500,,,,,,
1010011,3497,三木家,一宮|長綱,いちのみや|ながつな,一宮長綱,,三木家,松倉城,,0,,0,206,46,50,35,38,37,38,,,,,,,,,18,5,59,61,52,balanced,1518,1530,1569,,,,,,,,,10,0,29,,95,0,,,,,,
1010012,3498,三木家,三木|国綱,みつき|くにつな,三木国綱,,三木家,松倉城,,0,,0,224,27,42,44,51,60,40,,,,,,,,,22,11,60,12,52,balanced,1546,1558,1585,,一宮長綱の子、三木光頼の娘婿,1010011,1010003,,,,,10,0,29,,95,0,,,,,,
1010013,3499,三木家,姉小路|済継,あねがこうじ|なりつぐ,姉小路済継,,三木家,松倉城,,0,,0,0,0,0,0,0,0,0,,,,,,,,,0,0,0,0,44,hermit,1470,9999,1518,,,,,,,,,10,0,29,,95,0,,,,,,
1010014,3500,三木家,姉小路|高綱,あねがこうじ|たかつな,姉小路高綱,,三木家,松倉城,,0,,0,207,32,31,54,50,40,41,,,,,,,,,22,11,39,48,44,conservative,1506,1518,1576,,姉小路済継の子,1010013,,,,,,10,0,29,,95,0,,,,,,
1010015,3501,三木家,田向|重継,たむけ|しげつぐ,田向重継,,三木家,松倉城,,0,,0,207,41,35,40,45,46,54,,,,,,,,,20,8,31,59,43,balanced,1507,1519,1556,,姉小路済継の子、田向重治の養子,1010013,1010019,,,,,10,0,29,,95,0,,,,88,右近衛少将,
1010016,3502,三木家,向|宣政,むかい|のぶまさ,向宣政,,三木家,松倉城,,0,,0,243,31,40,67,54,51,47,,,,,,,,,22,11,29,62,43,aggressive,1560,1572,1618,,田向重継の子,1010015,,,,,,10,0,29,,95,0,,,,,,
1010017,3503,三木家,小島|時光,こじま|ときみつ,小島時光,,三木家,松倉城,,0,,0,254,52,45,54,46,57,49,,,,,,,,,26,16,36,55,42,conservative,1541,1553,1580,,別名：姉小路時光,,,,,,,10,0,29,,95,500,true,,,,,
1010018,3504,三木家,後藤|重元,ごとう|しげもと,後藤重元,,三木家,松倉城,,0,,0,213,30,40,47,40,56,43,,,,,,,,,26,16,38,51,48,balanced,1516,1528,1577,,,,,,,,,10,0,29,,95,0,,,,,,
1010019,3505,三木家,田向|重治,たむけ|しげはる,田向重治,,三木家,松倉城,,0,,0,188,36,21,35,48,48,57,,,,,,,,,20,8,22,64,43,conservative,1452,1464,1535,,,,,,,,,10,0,29,,95,0,,,,17,権中納言,
1010020,3506,三木家,広瀬|宗域,ひろせ|むねくに,広瀬宗域,,三木家,松倉城,,0,,0,248,56,54,41,40,57,47,,,,,,,,,26,16,66,54,49,balanced,1530,1542,1583,true,,,,,,,,10,0,29,,95,0,,,,,,
1010021,3507,三木家,広瀬|宗直,ひろせ|むねなお,広瀬宗直,,三木家,松倉城,,0,,0,206,48,48,35,34,41,41,,,,,,,,,26,16,71,47,49,balanced,1554,1566,1596,,広瀬宗域の子。三木→1583金森→1585井伊,1010020,,,,,,10,0,29,,95,0,,,,,,
1010022,3508,三木家,明叔|慶浚,みんしゅく|けいしゅん,明叔慶浚,,三木家,松倉城,妙心寺派の禅僧。飛騨三木氏出身。武田氏と関係が深く、遠山景前に招かれ岩村の大円寺を再興した。三木直頼の求めで飛騨の禅昌寺を開山するなど各地で活動した。,75,,0,293,46,24,76,76,71,54,,,,,,,,,22,11,18,78,48,hermit,1512,1524,1552,,,,,,,,,10,0,29,,95,0,,,,,,
1045001,3509,三村家,三村|宗親,みむら|むねちか,三村宗親,,三村家,松山城,,0,,0,0,0,0,0,0,0,0,,,,,,,,,0,0,0,0,54,hermit,1490,9999,1540,,,,,,,,,45,0,117,,95,0,,,,,,
1045002,3510,三村家,三村|家親,みむら|いえちか,三村家親,,三村家,松山城,三村氏当主。備中松山城を拠点に毛利氏と結び、尼子・宇喜多氏と争いながら備中一円へ勢力を拡大。美作攻略中、宇喜多直家の命を受けた刺客に鉄砲で暗殺された。,75,,0,320,72,68,55,62,63,64,C,D,,,,,,,26,16,52,32,54,balanced,1513,1525,1566,true,三村宗親の子,1045001,,,,,,45,0,117,松山城主,100,1500,,,,,,
1045003,3511,三村家,三村|元祐,みむら|もとすけ,三村元祐,1537:穂井田|元資:ほいだ|もとすけ,三村家,高松城,,0,,0,182,36,35,42,35,34,44,,,,,,,,,26,16,36,55,48,balanced,1538,1550,1571,true,三村家親の子、荘為資の養子。別名：荘元資、穂井田元祐,1045002,1045018,,,,,45,0,116,,95,300,,,,,,
1045004,3512,三村家,三村|元親,みむら|もとちか,三村元親,,三村家,高松城,備中松山城主。三村家親の子。父を暗殺した宇喜多直家に挑むが明禅寺合戦で大敗。毛利の助力で城を奪回。毛利・宇喜多和睦後に信長と結んで離反し、備中兵乱で自害した。,79,,0,255,48,53,44,51,59,34,D,,,,,,,,26,16,39,50,54,balanced,1541,1553,1575,true,三村家親の子,1045002,,,,,,45,0,116,高松城主,95,500,,,,,,
1045005,3513,三村家,三村|親成,みむら|ちかしげ,三村親成,,三村家,松山城,三村家臣。成羽城主。家親の弟。元親が毛利氏と断ち織田氏へ接近すると反対し、三村氏を離れて毛利方へ属した。備中兵乱後も成羽を領し、子の親宣とともに毛利氏を支えた。,80,,0,306,65,59,58,63,61,62,,,,,,,,,26,16,32,32,56,conservative,1532,1544,1609,,三村宗親の子,1045001,,,,,,45,0,117,,95,300,,,,,,
1045006,3514,三村家,三村|親宣,みむら|ちかのぶ,三村親宣,,三村家,松山城,三村氏一門。鶴首城主。毛利方に属し、備中高松城攻めでは城方を支えた。羽柴勢へ夜討ちし太刀打ちの功を立てた家臣・山下牛助に感状を発給し、太刀と青銅を与えて賞した。,80,,0,264,54,57,46,57,50,56,,,,,,,,,32,25,28,40,56,balanced,1555,1567,1627,,三村親成の子,1045005,,,,,,45,0,117,,95,0,,,,,,
1045007,3515,三村家,三村|政親,みむら|まさちか,三村政親,,三村家,松山城,,0,,0,120,14,7,44,32,23,22,,,,,,,,,22,11,18,35,58,hermit,1525,1537,1596,,三村家親の子,1045002,,,,,,45,0,117,,95,0,,,,,,
1045008,3516,三村家,三村|元範,みむら|もとのり,三村元範,,三村家,松山城,,0,,0,245,50,60,44,42,49,53,,,,,,,,,26,16,27,67,51,aggressive,1548,1560,1575,true,三村家親の子,1045002,,,,,,45,0,117,,95,0,,,,,,
1045009,3517,三村家,上田|実親,うえだ|さねちか,上田実親,,三村家,松山城,,0,,0,252,62,58,41,40,51,58,,,,,,,,,36,30,26,74,60,balanced,1556,1568,1575,true,三村家親の子。別名：三村実親,1045002,,,,,,45,0,117,,95,0,,,,,,
1045010,3518,三村家,石川|久智,いしかわ|ひさとも,石川久智,,三村家,松山城,,0,,0,245,50,44,47,50,54,48,,,,,,,,,29,21,44,44,60,aggressive,1509,1521,1567,,,,,,,,,45,0,117,,95,0,,,,,,
1045011,3519,三村家,石川|久式,いしかわ|ひさのり,石川久式,,三村家,松山城,,0,,0,226,43,42,50,46,45,45,,,,,,,,,29,21,44,44,60,aggressive,1538,1550,1575,true,石川久智の子,1045010,,,,,,45,0,117,,95,0,,,,,,
1045012,3520,三村家,上野|隆徳,うえの|たかのり,上野隆徳,,三村家,松山城,,0,,0,226,60,52,44,36,34,46,,,,,,,,,29,21,33,61,59,aggressive,1544,1556,1575,true,,,,,,,,45,0,117,,95,0,,,,,,
1045013,3521,三村家,清水|宗則,しみず|むねのり,清水宗則,,三村家,松山城,,0,,0,290,67,62,54,52,55,51,,,,D,,,,,18,5,22,70,54,aggressive,1511,1523,1567,true,,,,,,,,45,0,117,,95,200,,true,,,,
1045014,3522,三村家,清水|宗知,しみず|むねとも,清水宗知,1574:0|月清:0:げつしょう,三村家,松山城,,0,,0,237,48,76,33,40,40,54,,D,,,,,,,64,70,71,45,55,aggressive,1535,1547,1582,true,清水宗則の子。三村→毛利,1045013,,,,,,45,0,117,,95,0,,,,,,
1045015,3523,三村家,清水|宗治,しみず|むねはる,清水宗治,,三村家,松山城,毛利家臣。備中高松城主。羽柴秀吉の中国攻めで水攻めを受けても抗戦を続けた。毛利方の兵と城兵の助命を条件に開城を受け入れ、自ら切腹した。,67,,0,303,73,69,46,55,60,61,C,D,,D,,,,,26,16,30,77,54,aggressive,1537,1549,1582,true,清水宗則の子。三村→毛利,1045013,,,,,,45,0,117,,95,0,,,,,,
1045016,3524,三村家,清水|宗之,みむら|むねゆき,清水宗之,,三村家,松山城,,0,,0,220,55,57,37,37,34,43,,,,,,,,,20,8,50,75,53,aggressive,1562,1574,1600,true,清水宗治の子。三村→毛利,1045015,,,,,,45,0,117,,95,0,,,,,,
1045017,3525,三村家,清水|景治,しみず|かげはる,清水景治,,三村家,松山城,毛利家臣。清水宗治の子。朝鮮出兵では碧蹄館の戦いで功を立てた。のちに萩藩で当職を務め、毛利秀元の藩政を益田元祥と補佐して、逼迫した藩財政の再建に携わった。,77,,0,298,53,58,70,58,59,56,,,,,,,,,24,14,19,85,54,conservative,1571,1583,1649,,清水宗治の子。三村→毛利,1045015,,,,,,45,0,117,,95,0,,,,,,
1045018,3526,三村家,荘|為資,しょう|ためすけ,荘為資,,三村家,高松城,備中国衆。猿掛城主。上野氏の備中松山城を攻め、城主頼氏を自害させて同城を奪取した。猿掛から松山へ本拠を移して備中で勢力を広げ、のちに尼子氏に属して活動した。,78,,0,268,55,36,54,59,64,52,,,,,,,,,29,21,37,55,14,balanced,1478,1490,1564,,,,,,,,,45,0,116,,80,0,true,,,,,
1045019,3527,三村家,荘|高資,しょう|たかすけ,荘高資,,三村家,高松城,,0,,0,241,51,49,52,46,43,48,,,,,,,,,29,21,37,55,14,aggressive,1521,1533,1570,true,荘為資の子,1045018,,,,,,45,0,116,,80,0,,,,,,
1045020,3528,三村家,竹井|直定,たけい|なおさだ,竹井直定,,三村家,松山城,,0,,0,223,40,28,60,48,47,46,,,,,,,,,32,25,43,47,57,balanced,1530,1542,1585,,,,,,,,,45,0,117,,95,0,,,,,,
1045021,3529,三村家,田中|直重,たなか|なおしげ,田中直重,,三村家,松山城,,0,,0,176,38,44,32,29,33,35,,,,,,,,,22,11,25,39,54,balanced,1545,1557,1594,,,,,,,,,45,0,117,,95,0,,,,,,
1045022,3530,三村家,日幡|景教,ひばた|かげのり,日幡景教,,三村家,松山城,,0,,0,205,40,35,50,39,41,41,,,,,,,,,22,11,27,65,51,balanced,1520,1532,1569,,清水家臣,,,,,,,45,0,117,,95,0,,,,,,
1045023,3531,三村家,日幡|景親,ひばた|かげちか,日幡景親,,三村家,松山城,,0,,0,219,45,51,41,40,42,46,,,,,,,,,28,19,24,72,51,balanced,1547,1559,1582,true,日幡景教の子。清水家臣,1045022,,,,,,45,0,117,,95,0,,,,,,
1020001,3532,三好家,三好|長之,みよし|ながゆき,三好長之,,三好家,芥川山城,,0,,0,0,0,0,0,0,0,0,,,,,,,,,0,0,0,0,56,hermit,1425,9999,1500,,,,,,,,,20,0,181,,95,0,,,,,,
1020002,3533,三好家,三好|之長,みよし|ゆきなが,三好之長,,三好家,芥川山城,,0,,0,0,0,0,0,0,0,0,,,,,,,,,0,0,0,0,56,hermit,1458,9999,1520,,三好長之の子,1020001,,,,,,20,0,181,,95,0,,,,,,
1020003,3534,三好家,三好|長秀,みよし|ながひで,三好長秀,,三好家,芥川山城,,0,,0,0,0,0,0,0,0,0,,,,,,,,,0,0,0,0,56,hermit,1479,9999,1509,,三好之長の子,1020002,,,,,,20,0,181,,95,0,,,,,,
1020004,3535,三好家,三好|元長,みよし|もとなが,三好元長,,三好家,芥川山城,,0,,0,0,0,0,0,0,0,0,,,,,,,,,0,0,0,0,56,hermit,1501,9999,1531,,三好長秀の子,1020003,,,,,,20,0,181,,95,0,,,,,,
1020005,3536,三好家,三好|長慶,みよし|ながよし,三好長慶,,三好家,芥川山城,三好元長の子。細川晴元に仕えて台頭し、将軍・足利義輝と晴元を京から退けて畿内の実権を握る。摂津・河内・大和へ勢力を広げ、飯盛城を本拠に三好政権を築いた。,76,,0,456,95,80,93,94,94,92,B,C,,C,,,,,36,30,90,15,56,balanced,1523,1535,1564,,三好元長の子,1020004,,,,,,20,0,181,芥川山城主,100,1500,,,miyoshi_nagayoshi.webp|daimyo:miyoshi_nagayoshi2.webp,73,修理大夫,1041012:120
1020006,3537,三好家,三好|義興,みよし|よしおき,三好義興,,三好家,芥川山城,三好長慶の嫡男。父が飯盛城へ移ると家督と芥川山城を継ぎ、三好政権の政治拠点を担った。足利義輝から厚遇されたが父に先立ち病没し、長慶は甥の義継を後継とした。,77,,0,343,72,60,72,71,68,69,C,,D,,,,,,36,30,37,54,56,conservative,1542,1554,1563,,三好長慶の子,1020005,,,,,,20,0,181,,100,0,,,,,,
1020007,3538,三好家,三好|義資,みよし|よしすけ,三好義資,,三好家,芥川山城,,0,,0,252,48,32,61,57,54,52,,,,,,,,,36,30,33,63,55,conservative,1562,1574,1603,true,三好義興の子,1020006,,,,,,20,0,181,,100,0,,,,,,
1020008,3539,三好家,三好|之虎,みよし|ゆきとら,三好之虎,1558:0|実休:0|じっきゅう,三好家,勝瑞城,三好家臣。兄・長慶を支えて阿波・讃岐を統治し、畿内にも出兵して三好政権の四国方面を担った。長慶と対立する畠山高政らを攻めたが、久米田の戦いで敗れて討死した。,78,,0,391,74,81,83,82,71,71,,B,,,,,,,36,30,64,64,58,balanced,1527,1539,1562,true,三好元長の子。別名：三好実休、三好義賢,1020004,,,19,,,20,0,129,勝瑞城主,100,700,,,,,,
1020009,3540,三好家,三好|長治,みよし|ながはる,三好長治,,三好家,勝瑞城,,0,,0,134,25,41,18,21,29,13,,,,,,,,,50,50,48,50,58,aggressive,1553,1565,1577,,三好之虎と小少将の子,1020008,,19,,,,20,0,129,,100,500,,,,,,
1020010,3541,三好家,十河|存保,そごう|まさやす,十河存保,,三好家,勝瑞城,三好義賢の子。十河一存の養子。長宗我部元親の侵攻に十河城で抗戦するが、のち備前へ退去。秀吉の四国攻めで旧領に復帰し、九州征伐の戸次川で島津軍と戦い討死した。,78,,0,273,65,67,46,45,50,60,D,,D,,,,,,50,50,48,50,50,aggressive,1554,1566,1586,true,三好之虎の子、十河一存の養子,1020008,1020013,,,,,20,0,129,,100,0,,,,,,
1020011,3542,三好家,安宅|冬康,あたぎ|ふゆやす,安宅冬康,,三好家,洲本城,三好元長の子。淡路安宅氏を継いで水軍を率い、兄・長慶の畿内支配を海上から支えた。久米田・教興寺などを転戦し、和歌や禅にも通じたが、のちに長慶の命で殺害された。,79,,0,354,72,65,78,74,65,78,D,D,D,D,,,B,,50,50,22,64,48,conservative,1530,1542,1564,true,三好元長の子,1020004,,,,,,20,0,87,洲本城主,100,200,,,,140,摂津守,
1020012,3543,三好家,安宅|信康,あたぎ|のぶやす,安宅信康,,三好家,洲本城,三好家臣。淡路洲本城主。冬康の長男。通称甚太郎。父の死後に家督を継ぎ、淡路水軍の将として名を馳せた。織田信長に対抗したのち服属し、織田方として毛利水軍と戦った。,80,,0,256,51,56,47,53,49,56,D,,D,D,,,B,,50,50,40,61,48,balanced,1549,1561,1578,,安宅冬康の子,1020011,,,,,,20,0,87,,100,0,,,,,,
1020013,3544,三好家,十河|一存,そごう|かずまさ,十河一存,,三好家,十河城,三好元長の子。讃岐十河氏の養子となり十河城を継ぎ、讃岐一国を支配。兄・長慶に従い畿内を転戦し、江口の戦いで三好政長を敗死させた。勇猛さから「鬼十河」と呼ばれた。,80,,0,350,79,89,66,55,61,68,C,D,,C,,,C,鬼,43,40,68,52,52,balanced,1532,1544,1561,,三好元長の子、十河存春の養子,1020004,1020041,,,,,20,0,127,十河城主,100,200,,,,167,讃岐守,
1020014,3545,三好家,十河|重存,そごう|しげまさ,十河重存,daimyo:三好|義継:みよし|よしつぐ,三好家,十河城,三好家当主。十河一存の子。長慶の養子となり家督を継ぐ。松永久秀と結び、信長の上洛後は降伏して若江城主となる。のち足利義昭を匿って信長に反し、攻められ自害した。,79,,0,251,54,66,47,42,42,58,,,,,,,,,43,40,42,55,56,balanced,1549,1561,1573,true,十河一存の子、三好長慶の養子。別名：三好義継,1020013,1020005,,,,,20,0,127,,100,0,,,,,,
1020015,3546,三好家,十河|存之,そごう|まさゆき,十河存之,,三好家,十河城,,0,,0,277,54,50,61,54,58,56,,,,,,,,,24,14,33,58,52,conservative,1553,1565,1587,true,十河一存の子,1020013,,,,,,20,0,127,,100,0,,,,,,
1020016,3547,三好家,野口|冬長,のぐち|ふゆなが,野口冬長,,三好家,勝瑞城,,0,,0,311,67,64,57,63,60,57,D,,,,,,,,48,47,33,69,61,aggressive,1530,1542,1553,,三好元長の子,1020004,,,,,,20,0,129,,95,0,,,,,,
1020017,3548,三好家,三好|康長,みよし|やすなが,三好康長,,三好家,岸和田城,三好氏一門。阿波岩倉城主。長慶に従い、その死後は三好三人衆を支えた。織田信長に降伏後は四国政策に関与し、のち豊臣秀吉に接近。秀吉の甥・秀次を養子として迎えた。,79,,0,302,39,41,72,74,76,53,,,,,,,,,50,50,42,31,75,conservative,1508,1520,1587,,三好長秀の子,1020003,,,,,,20,0,38,,100,0,,,,,,
1020018,3549,三好家,三好|康俊,みよし|やすとし,三好康俊,,三好家,岸和田城,三好家臣。康長の子。阿波岩倉城主。長宗我部元親に一度は降り、脇城外で三好方を破った。のち父の説得で織田方へ戻るが、本能寺の変後に再侵攻を受け開城した。,75,,0,293,63,64,56,49,61,54,,D,,,,,,,32,25,44,46,75,aggressive,1533,1545,1582,true,三好康長の子。三好→織田,1020017,,,,,,20,0,38,,100,0,,,,,,
1020019,3550,三好家,三好|長則,みよし|ながのり,三好長則,,三好家,勝瑞城,,0,,0,0,0,0,0,0,0,0,,,,,,,,,0,0,0,0,0,hermit,1481,9999,1520,,三好之長の子,1020002,,,,,,20,0,129,,95,0,,,,,,
1020020,3551,三好家,三好|長尚,みよし|ながひさ,三好長尚,,三好家,勝瑞城,,0,,0,0,0,0,0,0,0,0,,,,,,,,,0,0,0,0,0,hermit,1470,9999,1540,,三好長之の子。別名：三好勝時,1020001,,,,,,20,0,129,,95,0,,,,,,
1020021,3552,三好家,三好|長逸,みよし|ながやす,三好長逸,,三好家,岸和田城,三好氏一族。長慶の没後、政康・岩成友通と三好三人衆となり義継を補佐。足利義輝を討ち義栄を擁立した。のちに松永久秀や信長と争い、反織田戦を続けた末に消息を絶つ。,79,,0,345,75,60,68,72,70,54,D,,D,,,,,,36,30,68,48,50,aggressive,1516,1528,1570,true,三好長則の子。三好三人衆,1020019,,,,,,20,0,38,岸和田城主,100,700,,,,214,日向守,
1020022,3553,三好家,三好|長虎,みよし|ながとら,三好長虎,,三好家,岸和田城,,0,,0,275,58,66,48,45,58,53,,,,,,,,,45,43,53,54,50,balanced,1535,1547,1570,true,三好長逸の子,1020021,,,,,,20,0,38,,100,0,,,,,,
1020023,3554,三好家,三好|政長,みよし|まさなが,三好政長,,三好家,勝瑞城,細川家臣。晴元の重臣として畿内で活動し、三好元長を讒言して排除。のちに元長の子・長慶と対立し、江口の戦いで敗れて討死した。茶人でもあり「付藻茄子」を所持した。,79,,0,356,68,54,74,85,75,73,D,,,,,,,,26,16,43,44,60,balanced,1508,1520,1549,,三好長尚の子,1020020,,,,,,20,0,129,,95,0,,,,,,
1020024,3555,三好家,三好|政勝,みよし|まさかつ,三好政勝,1565:0|宗渭:0|そうい,三好家,岸和田城,細川晴元家臣。父・政長と三好長慶に対立し、江口の戦い後も晴元方として畿内で抗戦した。のちに長慶方へ転じ、長慶の没後は三好三人衆として織田信長の上洛に抵抗した。,79,,0,306,69,74,52,55,56,59,D,,,,,D,,,36,30,34,62,41,aggressive,1528,1540,1615,true,三好政長の子。三好三人衆。別名：三好宗渭。細川→三好義継→真田,1020023,,,,,,20,0,38,,100,300,,,,,,
1020025,3556,三好家,三好|政康,みよし|まさやす,三好政康,1569:0|為三:0|いさ,三好家,岸和田城,三好家臣。三好三人衆の一人。長慶の没後は長逸・岩成友通と幼主義継を後見。松永久秀らと将軍足利義輝を襲撃した。のち久秀と争い、織田信長の上洛後は阿波へ退いた。,78,,0,296,62,69,52,49,64,60,C,C,D,,,D,,,36,30,30,68,45,aggressive,1536,1548,1632,,三好政長の子。別名：三好為三。細川→三好→織田→羽柴→徳川,1020023,,,,,,20,0,38,,100,300,,,,,,
1020026,3557,三好家,三好|可正,みよし|よしまさ,三好可正,,三好家,岸和田城,,0,,0,246,47,61,46,44,48,55,,,,,,,,,38,33,37,59,45,balanced,1568,1580,1634,,三好政康の子。三好→織田→羽柴→徳川,1020025,,,,,,20,0,38,,100,0,,,,,,
1020027,3558,三好家,伊勢|貞助,いせ|さだすけ,伊勢貞助,,三好家,勝瑞城,,0,,0,203,6,3,64,72,58,65,,,,,,,,,36,30,22,80,47,hermit,1504,1516,1575,,,,,,,,,20,0,129,,95,0,,,,,,
1020028,3559,三好家,一宮|成相,いちのみや|なりすけ,一宮成相,,三好家,牛岐城,,0,,0,238,63,57,34,38,46,48,D,D,,,,,,,36,30,66,28,63,balanced,1528,1540,1582,,,,,,,,,20,0,130,,95,0,,,,,,
1020029,3560,三好家,石成|友通,いわなり|ともみち,石成友通,,三好家,岸和田城,三好家臣。三好三人衆の一人。長慶の没後、松永久秀らと将軍足利義輝を殺害し、勝龍寺城を拠点に京都を押さえた。信長入京後も反織田戦線に加わり、淀城で敗死した。,77,,0,317,71,64,63,57,62,51,,,D,,,,,,36,30,65,58,51,aggressive,1529,1541,1573,,三好三人衆。別名：岩成友通,,,,,,,20,0,38,,100,200,,,,,,
1020030,3561,三好家,海部|友光,かいふ|ともみつ,海部友光,,三好家,勝瑞城,,0,,0,244,56,65,40,34,49,55,,,,,,,,,21,9,26,66,90,conservative,1512,1524,1577,true,,,,,,,,20,0,129,,100,0,,,,,,
1020031,3562,三好家,加地|久勝,かじ|ひさかつ,加地久勝,,三好家,岸和田城,,0,,0,245,34,21,69,63,58,56,,,,,,,,,46,44,41,57,60,hermit,1510,1522,1570,,,,,,,,,20,0,38,,95,0,,,,,,
1020032,3563,三好家,川島|惟忠,かわしま|これただ,川島惟忠,,三好家,勝瑞城,,0,,0,198,40,53,40,29,36,47,,,,,,,,,23,12,16,81,57,balanced,1539,1551,1579,true,,,,,,,,20,0,129,,95,0,,,,,,
1020033,3564,三好家,寒川|元隣,さんがわ|もとちか,寒川元隣,,三好家,芥川山城,,0,,0,236,44,47,48,48,49,51,,,,,,,,,36,30,29,65,59,balanced,1541,1553,1582,true,,,,,,,,20,0,181,,95,0,,,,,,
1020034,3565,三好家,七条|兼仲,しちじょう|かねなか,七条兼仲,,三好家,十河城,,0,,0,172,33,68,22,22,27,46,,,,D,D,,,,36,30,31,67,48,aggressive,1548,1560,1582,true,阿波七条家,,,,,,,20,0,127,,90,0,,,,,,
1020035,3566,三好家,篠原|長政,しのはら|ながまさ,篠原長政,,三好家,勝瑞城,三好家臣。大和守。妙蓮寺や西京法花寺へ禁制を発給し、寺院保護と秩序維持に携わった。三好氏が畿内へ勢力を伸ばす中、家中の重臣としてその統治の実務を支えた。,76,,0,305,61,60,61,59,64,56,,,,,,,,,32,25,22,77,55,balanced,1494,1506,1561,,,,,,,,,20,0,129,,95,0,,,,,,
1020036,3567,三好家,篠原|長房,しのはら|ながふさ,篠原長房,,三好家,勝瑞城,三好家臣。実休に仕え阿波・讃岐の軍事を担い、没後は長治を補佐。足利義栄の将軍擁立と分国法「新加制式」の制定に関与。のちに上桜城を攻められ一族とともに滅ぼされた。,80,,0,354,68,72,76,66,72,64,,,,D,,,,,78,90,41,74,55,hermit,1513,1525,1573,true,篠原長政の子,1020035,,,,,,20,0,129,,95,300,,,,,,
1020037,3568,三好家,篠原|長重,しのはら|ながしげ,篠原長重,,三好家,勝瑞城,,0,,0,277,60,66,52,45,54,60,D,,,,,,,,64,70,38,71,55,balanced,1555,1567,1573,true,篠原長房の子,1020036,,,,,,20,0,129,,95,0,,,,,,
1020038,3569,三好家,篠原|実長,しのはら|さねなが,篠原実長,1571:0|自遁:0|じとん,三好家,勝瑞城,,0,,0,262,51,37,63,51,60,55,,,,,,,,,28,19,39,51,64,conservative,1526,1538,1586,,篠原長房とは遠縁,,,,,,,20,0,129,,95,0,,,,,,
1020039,3570,三好家,篠原|長秀,しのはら|ながひで,篠原長秀,,三好家,勝瑞城,,0,,0,192,40,32,41,46,33,50,,,,,,,,,30,22,22,77,64,balanced,1548,1560,1576,true,篠原実長の子,1020038,,,,,,20,0,129,,95,0,,,,,,
1020040,3571,三好家,新開|実綱,しんがい|さねつな,新開実綱,1562:0|道然:0|どうぜん,三好家,牛岐城,三好家臣。牛岐城主。阿波南部の軍事・領国支配を担い、長宗我部元親の阿波侵攻に抗して難敵となった。のち元親に降伏したが三好方との通交を警戒され、丈六寺で死去した。,80,,0,216,64,47,24,30,51,48,,,,,,,,,29,21,40,50,63,aggressive,1543,1555,1582,true,,,,,,,,20,0,130,牛岐城主,95,200,,,,,,
1020041,3572,三好家,十河|存春,そごう|まさはる,十河存春,,三好家,十河城,讃岐国衆。十河城主。景滋とも。植田氏から分かれた十河氏の当主を継ぎ、弟・宗存を分家させて前田城に置いた。存春の後は阿波三好家から一存が当主に迎えられた。,76,,0,293,59,61,66,58,49,53,D,,,,,,,,36,30,23,78,53,aggressive,1510,1522,1559,,,,,,,,,20,0,127,,100,0,,,,,,
1020042,3573,三好家,鳥養|貞長,とりかい|さだなが,鳥養貞長,,三好家,芥川山城,,0,,0,250,23,15,75,68,69,59,,,,,,,,,18,5,23,69,60,hermit,1510,1522,1563,,,,,,,,,20,0,181,,95,300,,,,,,
1020043,3574,三好家,松山|重治,まつやま|しげはる,松山重治,,三好家,芥川山城,三好長慶家臣。長慶上洛を石谷光政へ伝える書状を発給したほか、真観寺へ禁制を出し寺院保護に関わった。三好政権下で軍政と在地勢力との折衝を担う実務家として活動した。,80,,0,315,64,71,57,61,62,67,D,,,D,,,,,69,77,47,61,58,balanced,1526,1538,1582,true,,,,,,,,20,0,181,,95,0,,,,,,
1020044,3575,三好家,藤沢|頼親,ふじさわ|よりちか,藤沢頼親,,三好家,勝瑞城,,0,,0,198,51,43,36,32,36,43,,,,,,,,,22,11,54,27,25,aggressive,1523,1535,1582,true,,,,,,,,20,0,129,,90,0,,,,,,
1020045,3576,三好家,森|元村,もり|もとむら,森元村,,三好家,勝瑞城,三好家臣。土佐泊城主。良港を押さえ長宗我部元親が阿波を平定しても従わなかった。羽柴秀吉の四国攻めでは先導を務め、のちに蜂須賀家政へ仕えて子・村春と椿泊へ移った。,80,,0,256,61,69,41,31,54,63,,D,,,,,,,51,51,37,66,70,aggressive,1515,1527,1594,,三好→蜂須賀,,,,,,,20,0,129,,95,0,,,,,,
1020046,3577,三好家,森|村春,もり|むらはる,森村春,,三好家,勝瑞城,,0,,0,240,59,66,38,29,48,59,D,,D,D,,,C,,56,59,32,74,85,balanced,1542,1554,1592,true,森元村の子。細川→三好→蜂須賀,1020045,,,,,,20,0,129,,95,0,,,,,,
1020047,3578,三好家,安富|盛方,やすとみ|もりかた,安富盛方,,三好家,十河城,,0,,0,210,30,34,50,48,48,47,,,,,,,,,26,16,36,55,18,aggressive,1511,1523,1565,,,,,,,,,20,0,127,,90,0,,,,,,
1020048,3579,三好家,和久|宗是,わく|そうぜ,和久宗是,,三好家,芥川山城,豊臣秀吉の右筆。もとは三好氏に仕え、足利義昭・織田信長を経て秀吉に仕えた。のちに伊達政宗に仕えるが、大坂冬の陣で伊達家を辞し大坂城へ入る。夏の陣で討死した。,78,,0,307,47,67,64,69,60,54,,D,D,,,,,,36,30,15,89,15,aggressive,1535,1547,1615,true,,,,,,,,20,0,181,,90,0,,,,,,
1205001,3580,細川京兆家,細川|政元,ほそかわ|まさもと,細川政元,,三好家,伊丹城,,0,,0,0,0,0,0,0,0,0,,,,,,,,,0,0,0,0,45,hermit,1466,9999,1507,,,,,,,,,20,0,51,,95,0,,,,,,
1205002,3581,細川讃州家,細川|義春,ほそかわ|よしはる,細川義春,,三好家,十河城,,0,,0,0,0,0,0,0,0,0,,,,,,,,,0,0,0,0,47,hermit,1468,9999,1495,,,,,,,,,20,0,127,,95,0,,,,,,
1205003,3582,細川讃州家,細川|之持,ほそかわ|ゆきもち,細川之持,,三好家,十河城,,0,,0,0,0,0,0,0,0,0,,,,,,,,,0,0,0,0,47,hermit,1486,9999,1533,,細川義春の子。阿波守護家,1205002,,,,,,20,0,127,,95,0,,,,,,
1205004,3583,細川讃州家,細川|氏之,ほそかわ|うじゆき,細川氏之,,三好家,十河城,阿波細川氏9代当主。細川晴元が三好元長を攻めようとすると反対し阿波へ帰国。足利義維を支え畿内復帰を図る。のち三好実休と対立し、勝瑞事件で見性寺にて殺害された。,79,,0,288,51,46,71,65,55,77,,,,,,,,,26,16,36,55,47,balanced,1516,1528,1553,,細川之持の子。別名：細川持隆,1205003,,,,,,20,0,127,,95,0,,,,,,
1205005,3584,細川讃州家,細川|真之,ほそかわ|さねゆき,細川真之,,三好家,十河城,,0,,0,169,32,33,39,32,33,70,,,,,,,,,29,21,30,28,47,aggressive,1538,1550,1582,,細川氏之と小少将の子。細川→三好,1205004,,19,,,,20,0,127,,95,0,,,,,,
1205006,3585,細川京兆家,細川|澄元,ほそかわ|すみもと,細川澄元,,三好家,伊丹城,,0,,0,0,0,0,0,0,0,0,,,,,,,,,0,0,0,0,48,hermit,1489,9999,1520,,細川義春の子、細川政元の養子,1205002,1205001,,,,,20,0,51,,95,0,,,,,,
1205007,3586,細川京兆家,細川|晴元,ほそかわ|はるもと,細川晴元,,三好家,伊丹城,細川京兆家当主。父・澄元の死後、三好元長らに支えられ高国を倒し畿内の実権を握る。のちに元長を討つが長慶が台頭すると対立。京都を追われ流浪し長慶と和睦、隠退した。,80,,0,278,56,46,69,59,48,82,,,,,,,,,26,16,55,27,48,aggressive,1514,1526,1563,,細川澄元の子。細川京兆家,1205006,,,,,,20,0,51,,95,0,,,,,,
1205008,3587,細川京兆家,細川|六郎,ほそかわ|ろくろう,細川六郎,1571:0|昭元:0|あきもと/1577:0|信元:0|のぶもと/1578:0|信良:0|のぶよし,三好家,伊丹城,,0,,0,171,23,23,34,62,29,81,,,,,,,,,22,11,26,67,48,balanced,1548,1560,1592,,細川晴元の子。別名：細川昭元。細川→三好→織田→羽柴,1205007,,,,,,20,0,51,,95,0,,,,41,右京大夫,
1205009,3588,細川京兆家,細川|元勝,ほそかわ|もとかつ,細川元勝,,三好家,伊丹城,,0,,0,235,39,53,47,59,37,66,,,,,,,,,22,11,30,61,48,balanced,1581,1593,1628,,細川六郎の子,1205008,,,,,,20,0,51,,95,0,,,,,,
1205010,3589,細川典厩家,細川|政春,ほそかわ|まさはる,細川政春,,三好家,勝瑞城,,0,,0,0,0,0,0,0,0,0,,,,,,,,,0,0,0,0,45,hermit,1456,9999,1518,,細川野州家,,,,,,,20,0,129,,95,0,,,,,,
1205011,3590,細川京兆家,細川|高国,ほそかわ|たかくに,細川高国,,三好家,伊丹城,,0,,0,0,0,0,0,0,0,0,,,,,,,,,0,0,0,0,45,hermit,1484,9999,1531,true,細川政春の子、細川政元の養子,1205010,1205001,,,,,20,0,51,,95,0,,,,,,
1205012,3591,細川典厩家,細川|通政,ほそかわ|みちまさ,細川通政,,三好家,勝瑞城,,0,,0,229,38,32,57,53,49,62,,,,,,,,,26,16,36,54,45,conservative,1504,1516,1553,,細川政春の子,1205010,,,,,,20,0,129,,95,0,,,,,,
1205013,3592,細川典厩家,細川|尹賢,ほそかわ|ただかた,細川尹賢,,三好家,勝瑞城,,0,,0,0,0,0,0,0,0,0,,,,,,,,,0,0,0,0,46,hermit,1480,9999,1531,,細川家臣,,,,,,,20,0,129,,95,0,,,,,,
1205014,3593,細川京兆家,細川|氏綱,ほそかわ|うじつな,細川氏綱,,三好家,勝瑞城,細川京兆家当主。尹賢の子で高国の養子。晴元に対抗して遊佐長教らと結び三好政長と戦う。のち三好長慶と提携して晴元を京都から追放し、室町幕府最後の管領となった。,78,,0,247,52,37,51,56,51,72,D,,,D,,,,,25,15,40,76,45,balanced,1514,1526,1563,,細川尹賢の子、細川高国の養子。細川→三好,1205013,1205011,,,,,20,0,129,,95,0,,,,,,
1205015,3594,細川典厩家,細川|藤賢,ほそかわ|ふじかた,細川藤賢,,三好家,勝瑞城,室町幕府奉公衆。細川尹賢の子。摂津中嶋城主。足利義輝の没後は松永久秀に従い、義昭上洛後は幕臣として復帰した。本圀寺の変では義昭方として三好三人衆の攻撃を防いだ。,80,,0,272,42,36,62,66,66,71,,,,,,,,,26,16,39,50,46,conservative,1517,1529,1590,,細川尹賢の子。細川→三好→松永→織田→羽柴,1205013,,,,,,20,0,129,,95,0,,,,,,
1205016,3595,細川和泉家,細川|元常,ほそかわ|もとつね,細川元常,,足利家,二条城,和泉上守護家当主。細川澄元方として和泉から堺へ進軍し、船岡山合戦で敗れた。澄元の死後も晴元を支持し、晴元が畿内の主導権を握ると和泉守護として政権を支えた。,77,,0,299,56,49,71,66,57,73,,,,,,,,,26,16,27,67,38,aggressive,1482,1494,1554,,和泉守護家。山城勝龍寺城城主,,,,,,,17,0,26,,95,0,,,,,,
1205017,3596,細川和泉家,細川|元春,ほそかわ|もとはる,細川元春,,足利家,二条城,,0,,0,176,18,13,54,51,40,79,,,,,,,,,16,2,14,81,38,hermit,1500,1512,1553,,細川元常の子。朝廷に仕えた,1205016,,,,,,17,0,26,,95,0,,,,,,
1205018,3597,細川和泉家,細川|常元,ほそかわ|つねもと,細川常元,,足利家,二条城,,0,,0,168,19,15,50,49,35,73,,,,,,,,,21,9,21,73,38,hermit,1523,1535,1579,,細川元春の子。朝廷に仕えた,1205017,,,,,,17,0,26,,95,0,,,,,,
1205019,3598,細川和泉家,細川|政勝,ほそかわ|まさかつ,細川政勝,,足利家,二条城,,0,,0,157,15,10,42,52,38,66,,,,,,,,,27,18,29,65,38,hermit,1542,1554,1614,,細川常元の子。朝廷に仕えた,1205018,,,,,,17,0,26,,95,0,,,,,,
1205020,3599,細川和泉家,細川|晴貞,ほそかわ|はるさだ,細川晴貞,,足利家,二条城,,0,,0,201,48,30,42,41,40,72,,,,,,,,,26,16,29,65,40,conservative,1502,1514,1550,,細川元常の子,1205016,,,,,,17,0,26,,95,0,,,,,,
1205021,3600,細川家,茨木|長隆,いばらぎ|ながたか,茨木長隆,,三好家,勝瑞城,,0,,0,242,47,46,46,49,54,50,,,,,,,,,36,30,47,44,48,balanced,1505,1517,1554,,,,,,,,,20,0,129,,95,0,,,,,,
1205022,3601,細川家,内藤|国貞,ないとう|くにさだ,内藤国貞,,三好家,勝瑞城,,0,,0,227,53,40,41,43,50,56,D,D,,,,,,,50,50,60,32,35,aggressive,1494,1506,1553,,,,,,,,,20,0,129,,95,0,,,,,,
1202001,3602,松永家,松永|久信,まつなが|ひさのぶ,松永久信,,三好家,信貴山城,,0,,0,0,0,0,0,0,0,0,,,,,,,,,0,0,0,0,64,hermit,1490,9999,1540,,,,,,,,,20,0,39,,100,0,,,,,,
1202002,3603,松永家,松永|久秀,まつなが|ひさひで,松永久秀,,三好家,信貴山城,三好家臣。長慶のもとで大和を平定して多聞山城を築き、幕政にも関与。長慶の没後は三好三人衆と争い、のち織田信長へ降伏した。再び離反し信貴山城を攻められて自害した。,80,,0,420,73,81,84,92,90,77,B,,,D,,,,,64,70,78,61,64,conservative,1511,1523,1577,true,松永久信の子,1202001,,,,,,20,0,39,信貴山城主,100,700,,,matsunaga_hisahide.webp,202,弾正少忠,
1202003,3604,松永家,松永|久通,まつなが|ひさみち,松永久通,,三好家,芥川山城,松永久秀の子。父に従って畿内で活動し、将軍足利義輝の謀殺に加わった。のち織田信長に攻められ信貴山城へ籠城。落城時に父とともに自害した。布留宮宛の書状も残る。,78,,0,289,49,47,64,58,71,57,,,C,D,,,,,50,50,72,45,64,conservative,1538,1550,1577,true,松永久秀の子,1202002,,,,,,20,0,181,,100,200,true,,,,,
1202004,3605,松永家,松永|長頼,まつなが|ながより,松永長頼,1554:内藤|宗勝:ないとう|むねかつ,三好家,八上城,三好家臣。久秀の弟。丹波へ進出して八木城を奪回し、内藤氏を継いで宗勝と称した。波多野氏らを攻めて丹波支配を広げたが、黒井城主・荻野直正との戦いで敗死した。,77,,0,307,77,71,46,52,61,64,D,D,,D,,,C,,50,50,58,80,67,aggressive,1516,1528,1565,true,松永久信の子,1202001,,,,,,20,0,22,八上城主,100,300,,,,,,
1202005,3606,松永家,内藤|貞弘,ないとう|さだひろ,内藤貞弘,1565:0|如安:0|じょあん,三好家,八上城,キリシタン武将。丹波八木城主。洗礼名ジョアンから如安と称し、義昭を経て小西行長に仕えた。朝鮮出兵では明との講和交渉を担い、禁教令で右近らとマニラへ追放された。,79,,0,259,39,43,62,60,55,52,,,,,,,,,71,80,47,61,67,conservative,1549,1561,1626,,松永長頼の子,1202004,,,,,,20,0,22,,100,0,,,,,,
1202006,3607,松永家,入江|盛重,いりえ|もりしげ,入江盛重,,三好家,伊丹城,,0,,0,0,0,0,0,0,0,0,,,,,,,,,0,0,0,0,69,hermit,1490,9999,1541,,妙精の配偶者,,,,18,,,20,0,51,,95,0,,,,,,
1202007,3608,松永家,入江|政重,いりえ|まさしげ,入江政重,,三好家,伊丹城,,0,,0,270,57,44,55,53,61,56,,,,,,,,,36,30,40,54,69,balanced,1515,1527,1573,,入江盛重と妙精の子,1202006,,18,,,,20,0,51,,95,0,,,,,,
1202008,3609,松永家,入江|永種,いりえ|ながたね,入江永種,1539:松永|0:まつなが|0,三好家,信貴山城,,0,,0,217,34,13,44,59,67,41,,,,,,,,,20,8,41,43,69,hermit,1540,1552,1589,,入江政重の子、松永久秀の養子,1202007,1202002,,,,,20,0,39,,95,0,,,,,,
1202009,3610,松永家,松永|勝熊,まつなが|かつくま,松永勝熊,1611:0|貞徳:0|ていとく,三好家,信貴山城,俳人・歌人。のちの松永貞徳。九条稙通・細川幽斎に和歌・歌学を、里村紹巴に連歌を学び、秀吉の右筆を務めた。関ヶ原後は私塾を開き、貞門俳諧の祖として門人を育てた。,79,,0,211,22,12,43,61,73,40,,,,,,,,,20,8,41,45,70,hermit,1571,1583,1654,,入江永種の子,1202008,,,,,,20,0,39,,95,0,,,,,,
1202010,3611,松永家,海老名|勝正,えびな|かつまさ,海老名勝正,,三好家,信貴山城,,0,,0,184,38,52,32,31,31,42,,,,,,,,,36,30,31,66,74,aggressive,1551,1563,1577,true,,,,,,,,20,0,39,,95,0,,,,,,
1202011,3612,松永家,岡|国高,おか|くにたか,岡国高,,三好家,信貴山城,,0,,0,250,50,49,47,50,54,65,,,,,,,,,64,70,37,72,73,balanced,1528,1540,1580,true,,,,,,,,20,0,39,,95,0,,,,,,
1202012,3613,松永家,奥田|忠高,おくだ|ただたか,奥田忠高,,三好家,信貴山城,,0,,0,195,35,44,40,39,37,45,,,,,,,,,46,44,45,52,70,balanced,1522,1534,1601,,松永→織田→羽柴→徳川,,,,,,,20,0,39,,95,0,,,,,,
1202013,3614,松永家,楠木|正虎,くすのき|まさとら,楠木正虎,,三好家,信貴山城,足利家臣。武士・書家。備前出身。初め大饗氏を称し、足利義輝に仕えた。のちに楠姓を名乗り、織田信長、豊臣秀吉の右筆を務めた。書は飯尾常房に学び、長諳と号した。,78,,0,260,31,27,82,68,52,53,,,,,,,,,26,16,47,38,5,balanced,1520,1532,1596,,足利→1553松永→羽柴,,,,,,,20,0,39,,95,0,,,,,,
1202014,3615,松永家,高山|友照,たかやま|ともてる,高山友照,,三好家,信貴山城,松永・和田家臣。沢城主。松永久秀の大和侵攻後に沢城を任され、宣教師の教えを受けて受洗しダリオと称した。のち和田惟政に属して摂津へ移り、高槻城主となった。,76,,0,256,44,48,53,55,56,61,,,,,,,,,71,80,36,32,84,conservative,1524,1536,1595,,,,,,,,,20,0,39,,95,0,,,,,,
1202015,3616,松永家,高山|重友,たかやま|しげとも,高山重友,,三好家,信貴山城,摂津高槻城主。キリシタンとして城下を整備し、教会を建てて布教を保護した。山崎の戦いでは秀吉方で戦い、伴天連追放令で領地を捨て、のちに国外追放されマニラで没した。,80,,0,365,68,67,83,70,77,67,D,,C,,,,,,71,80,55,50,91,conservative,1552,1564,1615,true,高山友照の子。松永→和田惟政→荒木村重→織田→羽柴→前田,1202014,,,,,,20,0,39,,95,0,,,,,,
1202016,3617,松永家,竹内|秀勝,たけうち|ひでかつ,竹内秀勝,,三好家,信貴山城,松永久秀家臣。三好長慶のもとで摂津沢上江の代官を務め、のち久秀の取次として活動。大和支配では奈良代官を担い、信長上洛後も佐久間信盛らと連署して政務に携わった。,79,,0,337,69,60,74,67,67,63,D,,,,,,,,50,50,37,65,78,balanced,1522,1534,1571,true,,,,,,,,20,0,39,,95,0,,,,,,
1202017,3618,松永家,多羅尾|綱知,たらお|つなとも,多羅尾綱知,,三好家,信貴山城,,0,,0,238,45,39,54,48,52,54,,,,,,,,,42,39,41,56,70,balanced,1528,1540,1590,,細川氏綱→三好→松永（義継）,,,,,,,20,0,39,,95,0,,,,,,
1202018,3619,松永家,三好|生勝,みよし|なりかつ,三好生勝,,三好家,信貴山城,三好家臣。多羅尾綱知の子。三好宗渭に養育され義継の名跡を継ぐ。信長に認められ河内五百四十石を領し、石山本願寺攻めで負傷しながら戦功を挙げ褒賞を受けた。,75,,0,287,53,62,51,60,61,64,,,,,,,,,71,80,48,60,41,conservative,1551,1563,1631,,多羅尾綱知の子、三好政勝の養子,1202017,1020024,,,,,20,0,39,,95,0,,,,,,
1202019,3620,松永家,多羅尾|光信,たらお|みつのぶ,多羅尾光信,,三好家,信貴山城,,0,,0,224,44,56,40,41,43,56,,,,,,,,,46,44,40,59,70,balanced,1559,1571,1618,,多羅尾綱知の子。三好→松永（義継）,1202017,,,,,,20,0,39,,95,0,,,,,,
1202020,3621,松永家,野間|長久,のま|ながひさ,野間長久,,三好家,信貴山城,,0,,0,252,42,39,62,54,55,51,,,,,,,,,36,30,38,57,87,conservative,1502,1514,1570,,,,,,,,,20,0,39,,95,0,,,,,,
1202021,3622,松永家,野間|康久,のま|やすひさ,野間康久,,三好家,信貴山城,三好家臣。野間長久の子。三好義継に仕えたが、池田教正・多羅尾綱知と織田信長方へ転じた。義継の敗死後は「若江三人衆」の一人として若江城を預かり、河内支配を担った。,80,,0,269,48,46,64,59,52,52,,,,,,,,,36,30,33,63,87,conservative,1531,1543,1582,true,野間長久の子。三好義継→織田,1202020,,,,,,20,0,39,,95,0,,,,,,
1202022,3623,松永家,森|秀満,もり|ひでみつ,森秀満,,三好家,信貴山城,,0,,0,197,51,36,34,35,41,46,,,,,,,,,22,11,25,68,74,balanced,1539,1551,1577,true,,,,,,,,20,0,39,,95,0,,,,,,
1202023,3624,松永家,山口|秀勝,やまぐち|ひでかつ,山口秀勝,,三好家,信貴山城,松永家臣。信貴在城衆。法隆寺との交渉を担い、年会衆・沙汰衆へ複数の書状を発給した。信貴山城を拠点に地域支配を担い、寺社との折衝を通じて松永氏の大和統治を支えた。,80,,0,327,63,75,63,70,56,60,D,,,,,,,,56,59,43,60,73,balanced,1535,1547,1572,,,,,,,,,20,0,39,,95,0,,,,,,
1202024,3625,松永家,結城|忠正,ゆうき|ただまさ,結城忠正,,三好家,信貴山城,,0,,0,245,52,51,57,46,39,61,,,,,,,,,68,75,46,61,73,conservative,1514,1526,1574,,,,,,,,,20,0,39,,95,0,,,,,,
1203001,3626,荒木家,池田|信正,いけだ|のぶまさ,池田信正,,三好家,伊丹城,摂津池田城主。池田貞正の子。池田城を奪回し、細川晴元のもとで勢力を保った。のち細川氏綱方へ転じたため晴元から切腹を命じられ、久安寺へ大般若経六百巻を寄進した。,79,,0,275,59,47,62,57,50,57,,,,,,,,,50,50,44,55,60,aggressive,1493,1505,1548,,,,,,,,,20,0,51,,100,0,,,,,,
1203002,3627,荒木家,池田|長正,いけだ|ながまさ,池田長正,,三好家,伊丹城,,0,,0,216,52,53,43,39,29,31,,,,,,,,,50,50,72,47,60,balanced,1519,1531,1563,,池田信正の子,1203001,,,,,,20,0,51,伊丹城主,100,300,,,,,,
1203003,3628,荒木家,池田|勝正,いけだ|かつまさ,池田勝正,,三好家,伊丹城,摂津国衆。池田氏当主。信長上洛時に城を攻められ降伏するも本領を安堵され、摂津三守護の一人となる。のち三好長逸と結んだ弟・知正らに追放され、城を失った。,75,,0,247,60,71,43,36,37,60,D,,,,,,,退き巧者,50,50,54,54,52,balanced,1539,1551,1578,,池田長正の子,1203002,,,,,,20,0,51,,100,0,,,,,,
1203004,3629,荒木家,池田|知正,いけだ|ともまさ,池田知正,,三好家,伊丹城,,0,,0,248,54,54,50,47,43,55,,,,,,,,,50,50,53,35,60,balanced,1544,1556,1603,,池田長正の子,1203002,,,,,,20,0,51,,100,0,,,,,,
1203005,3630,荒木家,荒木|某,あらき|なにがし,荒木某,,三好家,伊丹城,,0,,0,0,0,0,0,0,0,0,,,,,,,,,0,0,0,0,0,hermit,1000,9999,1050,,荒木一門の連結用,,,,,,,20,0,51,,100,0,,,,,,
1203006,3631,荒木家,荒木|村重,あらき|むらしげ,荒木村重,,三好家,伊丹城,摂津国衆。池田氏を経て信長に属し、伊丹城を攻略して有岡城と改称・大改修し摂津支配を任された。のちに信長へ反旗を翻して籠城。抗戦後は尼崎へ脱出し各地を転々とした。,80,,0,351,80,73,63,69,66,75,D,,D,,,,,,75,86,82,25,52,balanced,1535,1547,1586,true,荒木某の子孫,1203005,,,,,,20,0,51,,100,0,,,,,,
1203007,3632,荒木家,荒木|村次,あらき|むらつぐ,荒木村次,,三好家,伊丹城,,0,,0,183,42,34,38,34,35,65,,,,,,,,,71,80,68,32,52,aggressive,1561,1573,1599,,荒木村重の子,1203006,,,,,,20,0,51,,100,0,,,,,,
1203008,3633,荒木家,荒木|元清,あらき|もときよ,荒木元清,,三好家,伊丹城,,0,,0,180,46,43,30,27,34,65,,,,,,,,,71,80,68,32,51,aggressive,1535,1547,1610,,荒木某の子孫,1203005,,,,,,20,0,51,,100,0,,,,,,
1203009,3634,荒木家,池田|教正,いけだ|のりまさ,池田教正,,三好家,伊丹城,三好家臣。若江三人衆。飯盛城で受洗しシメアンと称す。若江城下に教会を建て、三箇が一向一揆に攻められると三百の兵を率いて救援。信長の加増を貧者救済にも用いた。,78,,0,274,51,52,62,55,54,54,,,,,,,,,42,39,41,56,24,conservative,1530,1542,1595,true,,,,,,,,20,0,51,,95,0,,,,,,
1203010,3635,荒木家,木下|重堅,きのした|しげかた,木下重堅,,三好家,伊丹城,,0,,0,162,38,30,37,28,29,54,,,,,,,,,68,75,58,44,52,balanced,1548,1560,1600,true,,,,,,,,20,0,51,,95,0,,,,,,
1203011,3636,荒木家,郡|宗保,こおり|むねやす,郡宗保,,三好家,伊丹城,,0,,0,257,62,54,50,47,44,52,D,D,,,,,,,36,30,31,67,10,aggressive,1546,1558,1615,true,,,,,,,,20,0,51,,95,0,,,,,,
1203012,3637,荒木家,庄林|一心,しょうばやし|かずただ,庄林一心,,三好家,伊丹城,加藤家臣。隼人佐。一心と号す。飯田直景・森本一久とともに加藤家三傑に数えられ、天草一揆の鎮圧に従軍。朝鮮出兵では先手大将を務め、肥後山鹿郡上内田村を給地された。,80,,0,303,59,73,49,57,65,53,,,D,,,,,,24,14,31,61,5,conservative,1563,1575,1631,,荒木→仙石→加藤清正,,,,,,,20,0,51,,95,0,,,,,,
1203013,3638,荒木家,中川|清秀,なかがわ|きよひで,中川清秀,,三好家,伊丹城,摂津茨木城主。荒木村重に従うが、謀反後は織田信長へ帰順してこれを攻めた。本能寺の変後は羽柴秀吉に属し山崎で先鋒を務める。賤ヶ岳で佐久間盛政の奇襲を受け討死。,78,,0,268,61,76,37,48,46,40,C,,D,D,,,,,36,30,39,44,49,conservative,1542,1554,1583,true,,,,,,,,20,0,51,,95,0,,,,,,
1203014,3639,荒木家,中川|秀政,なかがわ|ひでまさ,中川秀政,,三好家,伊丹城,,0,,0,201,50,68,29,24,30,36,,,,,,,,,24,14,36,53,49,aggressive,1568,1580,1592,true,中川清秀の子,1203013,,,,,,20,0,51,,95,0,,,,,,
1203015,3640,荒木家,中川|秀成,なかがわ|ひでしげ,中川秀成,,三好家,伊丹城,豊臣家臣。中川清秀の次男。父と兄の秀政の死後に家督を継ぎ、播磨三木から豊後岡へ移封。荒廃した領内を立て直し岡城と城下町竹田を整備し、関ヶ原後も所領を安堵された。,80,,0,295,66,67,55,54,53,61,D,,,,,,,,36,30,35,61,48,aggressive,1570,1582,1612,,中川清秀の子,1203013,,,,,,20,0,51,,95,0,,,,,,
1203016,3641,荒木家,中川|久盛,なかがわ|ひさもり,中川久盛,,三好家,伊丹城,豊後岡藩二代藩主。中川秀成の長男。父の死後に七万石余を継ぎ、藩政の基本法「御政事御定書」を制定。碧雲寺を建立し、大勝院に愛染堂を造営するなど寺社整備も進めた。,79,,0,233,42,38,54,50,49,52,,,,,,,,,44,42,21,85,48,conservative,1594,1606,1653,,中川秀成の子,1203015,,,,,,20,0,51,,95,0,,,,,,
1211001,3642,村上家,村上|義清,むらかみ|よしきよ,村上義清,,長尾家,飯山城,北信濃の国衆。葛尾城主。海野氏攻略で小県へ進出。武田晴信の侵攻に抗し、上田原で板垣信方らを討ち、砥石城でも勝利。所領を失うと長尾景虎を頼り、信濃出兵を促した。,79,,0,352,89,88,52,58,65,55,,A,,,,,,猛将,25,15,71,49,25,balanced,1503,1515,1573,,,,,,,,,2,0,70,,95,0,,,,233,左衛門大尉,
1211002,3643,村上家,村上|国清,むらかみ|くにきよ,村上国清,,長尾家,飯山城,上杉家臣。村上義清の子。武田氏滅亡後、景勝の北信濃進出に伴い父祖の旧領へ戻り海津城将となった。配下へ旧領と加増地を与え、槍・馬・小旗の軍役を命じる判物も残る。,79,,0,294,58,65,57,57,57,52,D,C,D,,,,,,26,16,36,55,25,balanced,1546,1558,1603,,村上義清の子,1211001,,,,,,2,0,70,,90,0,,,,,,
1211003,3644,村上家,楽巌寺|雅方,らくがんじ|まさかた,楽巌寺雅方,,武田家,躑躅ヶ崎館,,0,,0,256,67,69,44,38,38,46,,B,,,,,,,26,16,43,44,30,aggressive,1509,1521,1558,,望月→村上→武田,,,,,,,3,0,9,,95,0,,,,,,
1211004,3645,村上家,清野|清秀,きよの|きよひで,清野清秀,,長尾家,飯山城,村上家臣。北信濃清野氏。村上九家の筆頭格として鞍骨城を拠点に周辺九か村を領した。武田氏の進出で村上義清と越後へ退くが、のち旧領へ戻り武田信玄に仕えた。,75,,0,279,51,42,58,63,65,49,,D,,,,,,,29,21,28,67,25,balanced,1493,1505,1560,,村上家臣,,,,,,,2,0,70,,90,0,,,,,,
1212001,3646,能島村上家,村上|義胤,むらかみ|よしつぐ,村上義胤,,毛利家,能島城,,0,,0,0,0,0,0,0,0,0,,,,,,,,,0,0,0,0,36,hermit,1395,9999,1435,,,,,,,,,25,0,175,,90,0,,,,,,
1212002,3647,能島村上家,村上|義顕,むらかみ|よしあき,村上義顕,,毛利家,能島城,,0,,0,0,0,0,0,0,0,0,,,,,,,,,0,0,0,0,36,hermit,1420,9999,1460,,村上義胤の子,1212001,,,,,,25,0,175,,90,0,,,,,,
1212003,3648,能島村上家,村上|雅房,むらかみ|まさふさ,村上雅房,,毛利家,能島城,,0,,0,0,0,0,0,0,0,0,,,,,,,,,0,0,0,0,36,hermit,1455,9999,1495,,村上義顕の子,1212002,,,,,,25,0,175,,90,0,,,,,,
1212004,3649,能島村上家,村上|隆勝,むらかみ|たかかつ,村上隆勝,,毛利家,能島城,,0,,0,0,0,0,0,0,0,0,,,,,,,,,0,0,0,0,36,hermit,1480,9999,1532,,村上雅房の子。細川高国・河野・大内家臣,1212003,,,,,,25,0,175,,90,0,,,,,,
1212005,3650,能島村上家,村上|義忠,むらかみ|よしただ,村上義忠,,毛利家,能島城,,0,,0,271,57,46,55,56,57,54,,,,,,,C,,36,30,59,27,36,aggressive,1505,1517,1543,true,村上隆勝の子。大内,1212004,,,,,,25,0,175,,90,0,,,,,,
1212006,3651,能島村上家,村上|武吉,むらかみ|たけよし,村上武吉,,毛利家,能島城,能島村上氏当主。村上水軍を率い、厳島の戦いで毛利元就を支援。以後は毛利氏と結んで瀬戸内の海上戦を担ったが、豊臣秀吉の海賊停止令で独自の海上支配を失った。,76,,0,318,75,79,37,51,76,61,,,D,D,,,S,,36,30,25,75,36,balanced,1536,1548,1604,,村上義忠の子。大内→毛利輝元→大友→毛利,1212005,,,,,,25,0,175,能島城主,90,300,,,,,,
1212007,3652,能島村上家,村上|元吉,むらかみ|もとよし,村上元吉,,毛利家,能島城,毛利家臣。能島村上氏当主。武吉の子。毛利氏との結びつきを深め、海賊停止令後も一族を率いた。関ヶ原期には毛利軍の将として伊予三津へ出兵し、刈屋畑で討死した。,77,,0,297,71,69,59,52,46,58,D,,D,D,,,A,,36,30,31,67,36,conservative,1553,1565,1600,true,村上武吉の子。毛利,1212006,,,,,,25,0,175,,90,0,,,,,,
1212008,3653,能島村上家,村上|元武,むらかみ|もとたけ,村上元武,,毛利家,能島城,,0,,0,245,59,37,50,56,43,58,,,,,,,C,,50,50,38,63,36,conservative,1595,1607,1649,,村上元吉の子。毛利,1212007,,,,,,25,0,175,,90,0,,,,,,
1212009,3654,能島村上家,村上|景親,むらかみ|かげちか,村上景親,,毛利家,能島城,能島村上氏。村上武吉の次男。小早川秀秋から筑前の所領を与えられ、慶長の役の負担を担った。関ヶ原戦役で活躍し、有力大名の誘いを断って毛利輝元に忠節を尽くした。,78,,0,292,66,66,50,53,57,57,D,,,,,,B,,36,30,27,72,35,aggressive,1558,1570,1610,,村上武吉の子。小早川秀秋→毛利輝元,1212006,,,,,,25,0,175,,90,0,,,,,,
1212010,3655,能島村上家,村上|隆重,むらかみ|たかしげ,村上隆重,,毛利家,能島城,能島村上氏。村上隆勝の子。笠岡城主として吉田まで領地を広げ、小田政清と萌黄ヶ原で戦った。古城山に築城し稲富稲荷神社を鎮守に祀り、毛利方として笠岡を支配した。,78,,0,290,63,57,55,56,59,52,,,,,,,B,,28,19,45,64,66,balanced,1508,1520,1569,,村上隆勝の子,1212004,,,,,,25,0,175,,90,0,,,,,,
2060001,3656,来島村上家,村上|顕忠,むらかみ|あきただ,村上顕忠,,来島衆,能島城,,0,,0,0,0,0,0,0,0,0,,,,,,,,,0,0,0,0,0,hermit,1422,9999,1462,,村上義胤の子,1212001,,,,,,0,60,175,,50,0,,,,,,
2060002,3657,来島村上家,村上|吉元,むらかみ|よしもと,村上吉元,,来島衆,能島城,,0,,0,0,0,0,0,0,0,0,,,,,,,,,0,0,0,0,0,hermit,1459,9999,1499,,村上顕忠の子,2060001,,,,,,0,60,175,,50,0,,,,,,
2060003,3658,来島村上家,村上|康吉,むらかみ|やすよし,村上康吉,,来島衆,能島城,,0,,0,244,61,58,40,41,44,54,,,,,,,B,,44,42,50,44,28,balanced,1488,1500,1544,,村上吉元の子,2060002,,,,,,0,60,175,,50,0,,,,,,
2060004,3659,来島村上家,村上|通康,むらかみ|みちやす,村上通康,,来島衆,能島城,河野家臣。来島城主。村上水軍の一族。河野通直に属して娘婿となり、厳島の戦いでは毛利方の水軍として陶晴賢勢と戦った。来島村上氏を率い、河野氏の水軍を支えた。,77,,0,281,70,64,47,48,52,57,,,,D,,,A,,50,50,48,50,28,balanced,1519,1531,1567,,村上康吉の子。河野家臣,2060003,,,,,,0,60,175,来島衆当主,50,200,,,,,,
2060005,3660,来島村上家,得居|通幸,とくい|みちゆき,得居通幸,,来島衆,能島城,伊予国衆。村上通康の子。得居氏を継ぎ、風早郡を拠点とした。秀吉の四国平定後、小早川隆景の伊予入国に伴い三千石を得て、旧領周辺で検地を行い菊万荘の支配を進めた。,79,,0,295,69,71,36,51,68,57,,D,,,,,A,,64,70,42,36,26,conservative,1557,1569,1594,true,村上通康の子。河野→小早川→羽柴,2060004,,,,,,0,60,175,,50,0,,,,,,
2060006,3661,来島村上家,来島|通総,くるしま|みちふさ,来島通総,,来島衆,能島城,来島村上氏当主。村上通康の子。河野氏から離れて羽柴秀吉に属し、大名となった。船手衆として小田原攻めや朝鮮出兵で海上軍事を担い、慶長の役の鳴梁海戦で討死した。,78,,0,301,72,72,52,52,53,54,D,,C,B,,,A,,47,45,43,55,28,balanced,1561,1573,1597,true,村上通康の子。河野→羽柴,2060004,,,,,,0,60,175,,50,0,,,,,,
2060007,3662,来島村上家,来島|長親,くるしま|ながちか,来島長親,,来島衆,能島城,豊後森藩初代藩主。来島通総の子。父の戦死後に家督を継ぐ。関ヶ原の戦いで西軍に属して所領を失ったが、福島正則らの取り成しで赦免され、豊後森一万四千石を与えられた。,80,,0,189,49,63,24,16,37,58,,,,,,,B,,44,42,45,65,28,balanced,1582,1594,1612,,来島通総の子。河野→羽柴,2060006,,,,,,0,60,175,,50,0,,,,,,
2060008,3663,来島村上家,久留島|通春,くるしま|みちはる,久留島通春,,来島衆,能島城,豊後森藩主。来島長親の子。父の跡を継いで二代藩主となり、来島姓を久留島へ改めた。人材を登用して藩政を整え、島原の乱では幕命を受けて島原城の守備にあたった。,77,,0,277,47,48,61,62,59,53,,,,,,,C,,43,40,51,42,41,conservative,1607,1612,1655,,来島長親の子。毛利→徳川,2060007,,,,,,0,60,175,,50,0,,,,,,
2060009,3664,来島村上家,村上|通清,むらかみ|みちきよ,村上通清,,来島衆,能島城,,0,,0,309,70,62,60,54,63,61,,,,D,,,C,,36,30,43,50,22,balanced,1563,1575,1638,,村上通康の子。羽柴→徳川秀忠,2060004,,,,,,0,60,175,,50,0,,,,,,
2061001,3665,因島村上家,村上|顕長,むらかみ|あきなが,村上顕長,,因島衆,能島城,,0,,0,0,0,0,0,0,0,0,,,,,,,,,0,0,0,0,0,hermit,1424,9999,1464,,村上義胤の子,1212001,,,,,,0,61,175,,50,0,,,,,,
2061002,3666,因島村上家,村上|吉資,むらかみ|よしすけ,村上吉資,,因島衆,能島城,,0,,0,0,0,0,0,0,0,0,,,,,,,,,0,0,0,0,0,hermit,1449,9999,1484,,村上顕長の子,2061001,,,,,,0,61,175,,50,0,,,,,,
2061003,3667,因島村上家,村上|吉充,むらかみ|よしみつ,村上吉充(新蔵人),,因島衆,能島城,,0,,0,0,0,0,0,0,0,0,,,,,,,,,0,0,0,0,0,hermit,1474,9999,1514,,村上吉資の子,2061002,,,,,,0,61,175,,50,0,,,,,,
2061004,3668,因島村上家,村上|吉直,むらかみ|よしなお,村上吉直,,因島衆,能島城,,0,,0,210,48,52,31,38,41,49,,,,,,,C,,30,22,36,57,40,balanced,1499,1511,1551,,村上吉充(新蔵人)の子。大内,2061003,,,,,,0,61,175,,50,0,,,,,,
2061005,3669,因島村上家,村上|尚吉,むらかみ|なおよし,村上尚吉,,因島衆,能島城,,0,,0,207,41,53,32,42,39,52,,,,,,,B,,36,30,33,64,40,balanced,1524,1536,1567,,村上吉直の子。大内→毛利,2061004,,,,,,0,61,175,因島衆当主,50,200,,,,,,
2061006,3670,因島村上家,村上|吉充,むらかみ|よしみつ,村上吉充,,因島衆,能島城,,0,,0,237,53,67,35,39,43,51,,,,,,,B,,36,30,39,55,40,balanced,1549,1561,1608,,村上尚吉の子。毛利,2061005,,,,,,0,61,175,,50,0,,,,,,
2061007,3671,因島村上家,村上|亮康,むらかみ|すけやす,村上亮康,,因島衆,能島城,,0,,0,223,58,59,29,37,40,50,,,,,,,C,,32,25,35,59,41,balanced,1553,1565,1608,,村上尚吉の子。毛利,2061005,,,,,,0,61,175,,50,0,,,,,,
1025001,3672,毛利家,毛利|弘元,もうり|ひろもと,毛利弘元,,毛利家,吉田郡山城,,0,,0,0,0,0,0,0,0,0,,,,,,,,,0,0,0,0,36,hermit,1468,9999,1506,,,,,,,,,25,0,120,,95,0,,,,,,
1025002,3673,毛利家,毛利|元就,もうり|もとなり,毛利元就,,毛利家,吉田郡山城,毛利氏当主。吉田郡山城主。弘元の次男。尼子晴久の大軍を郡山城で退け、厳島で陶晴賢を破る。周防・長門を平定し、月山富田城の尼子氏も降して中国地方の大半を支配した。,80,,0,455,94,76,92,93,100,90,,,,B,,,C,謀神|悪天巧者,19,6,49,32,36,aggressive,1497,1509,1571,,毛利弘元の次男,1025001,,,22,,,25,0,120,吉田郡山城主,100,1500,,,mouri_motonari.webp|1546:mouri_motonari2.webp,101,右馬頭,1043003:999|1043004:999
1025003,3674,毛利家,毛利|隆元,もうり|たかもと,毛利隆元,,毛利家,吉田郡山城,毛利氏当主。元就の嫡男。父とともに大内・尼子両氏と戦い、厳島・防長攻略を進めた。家中を統率し弟の吉川元春・小早川隆景を束ねたが、出雲遠征へ向かう途上で急死した。,80,,0,383,76,68,84,80,75,78,D,,,D,,,,,19,6,33,55,36,balanced,1523,1535,1563,,毛利元就の嫡男,1025002,,22,,,,25,0,120,,95,500,,,,,,
1025004,3675,毛利家,毛利|輝元,もうり|てるもと,毛利輝元,,毛利家,吉田郡山城,毛利氏当主。元春・隆景の補佐で領国を維持。織田勢と抗争後、秀吉と和睦して広島城を築き五大老となる。関ヶ原では西軍総大将格となり、敗れて防長二国へ減封された。,78,,0,246,52,46,64,46,38,63,D,,,D,,,,,19,6,29,61,36,balanced,1553,1565,1625,,毛利隆元の子,1025003,,,,,,25,0,120,,95,500,,,mouri_terumoto.webp,,,
1025005,3676,毛利家,毛利|秀就,もうり|ひでなり,毛利秀就,,毛利家,吉田郡山城,長門萩藩初代藩主。毛利輝元の長男。関ヶ原後に父の隠居を受け家督を継ぐ。江戸で人質生活を送り、のち初めて領国入りを許され、大坂の陣では徳川方として出陣した。,77,,0,210,49,66,34,28,33,42,,,,,,,,,19,7,69,32,36,aggressive,1591,1599,1651,,毛利輝元の子,1025004,,,,,,25,0,120,,95,500,,,,,,
1025006,3677,安芸吉川家,毛利|元春,もうり|もとはる,毛利元春,1550:吉川|0:きっかわ|0,毛利家,日野山城,毛利元就の次男。吉川家を継ぎ、弟・小早川隆景と毛利両川として宗家を支える。山陰方面を担って尼子氏攻略や再興軍との戦いに従事し、織田軍の中国侵攻にも抗した。,77,,0,399,90,92,63,73,81,75,,A,,A,D,,,猛将,19,6,33,55,41,balanced,1530,1542,1586,,毛利元就の次男、吉川興経の養子。別名：吉川元春,1025002,1025021,22,,,,25,0,250,日野山城主,95,700,,,kikkawa_motoharu.webp,,,
1025007,3678,安芸吉川,吉川|元長,きっかわ|もとなが,吉川元長,,毛利家,日野山城,吉川元春の嫡男。富田城で初陣し、尼子再興軍や織田氏と戦う。家督を継ぎ秀吉の四国・九州平定に従軍。和歌や書物収集にも親しみ、九州陣中で病没。弟・広家を後継に指名。,80,,0,335,77,73,49,59,77,61,,B,,C,,,,,19,6,25,67,41,conservative,1548,1560,1587,,毛利元春の長男,,,,,,,25,0,250,,95,200,,,,,,
1025008,3679,毛利家,毛利|元氏,もうり|もとうじ,毛利元氏,,毛利家,日野山城,,0,,0,228,55,45,45,41,42,44,,,,,,,,,19,6,25,67,42,balanced,1556,1568,1631,,毛利元春の次男,1025006,,,,,,25,0,250,,95,0,,,,,,
1025009,3680,安芸吉川,吉川|広家,きっかわ|ひろいえ,吉川広家,,毛利家,日野山城,吉川元春の三男。父・兄の死後に家督を継ぎ、月山富田城を本拠に山陰支配を担う。朝鮮出兵でも活躍し、関ヶ原では徳川方と内通して毛利軍の参戦を抑え、戦後岩国を領した。,80,,0,364,65,57,78,86,78,70,,D,D,,,,C,,19,6,45,38,41,conservative,1561,1573,1625,,毛利元春の子,1025006,,,,,,25,0,250,,95,0,,,,,,
1025010,3681,安芸吉川,吉川|広正,きっかわ|ひろまさ,吉川広正,,毛利家,日野山城,岩国領二代領主。吉川広家の子。父の跡を継いで岩国を治め、錦川デルタの干拓による新田開発や和紙製造で財政基盤を整えた。明暦三年には横山と錦見を結ぶ橋を架けた。,78,,0,267,37,20,82,58,70,64,,,,,,,,,64,70,48,56,41,conservative,1601,1613,1666,,吉川広家の子,1025009,,,,,,25,0,250,,95,0,,,,,,
1025011,3682,竹原小早川家,小早川|隆景,こばやかわ|たかかげ,小早川隆景,,毛利家,鏡山城,小早川氏当主。毛利元就の三男。吉川元春と毛利両川として山陽・瀬戸内を担い、三原を拠点に水軍を統率。のちに秀吉に従い伊予・筑前を領し、五大老として政権を支えた。,79,,0,425,83,74,84,93,91,82,C,D,C,B,,,A,謀将,19,6,29,61,24,balanced,1533,1545,1597,,毛利元就の三男、小早川興景の養子。別名：小早川隆景,1025002,1025042,22,,,,25,0,121,鏡山城主,95,700,,,kobayakawa_takakage.webp|1578:kobayakawa_takakage2.webp,,,
1025012,3683,毛利家,毛利|元清,もうり|もときよ,穂井田元清,1575:穂井田|0:ほいだ|0,三村家,松山城,毛利元就の四男。穂井田氏を継いで猿掛城主となり、備中で毛利支配を担う。茶臼山城を整備し、九州平定にも出陣。隆元の死後は甥・輝元を補佐して毛利家中で重きをなした。,80,,0,383,79,80,68,73,83,48,D,C,D,,,,,,19,6,33,55,48,conservative,1551,1563,1597,,毛利元就の四男、三村元祐の養子。別名：穂井田元清,1025002,1045003,,,,,45,0,117,,95,0,,,,,,
1025013,3684,毛利家,毛利|秀元,もうり|ひでもと,毛利秀元,,毛利家,吉田郡山城,毛利家臣。元清の子で輝元の養子。朝鮮出兵では毛利軍を率い、関ヶ原では南宮山に布陣したが戦闘に加われなかった。戦後は長門長府を領し、長府毛利家の祖となった。,77,,0,308,72,80,49,42,65,56,D,,,,,,,,19,6,25,67,28,conservative,1579,1591,1650,,毛利元清の子、毛利輝元の養子,1025012,1025004,,,,,25,0,120,,95,0,,,,,,
1025014,3685,毛利家,毛利|元康,もうり|もとやす,毛利元康,,毛利家,吉田郡山城,毛利一門。元就の八男。末次氏を称す。元秋の死後に跡を継ぎ富田城主となる。富田では寺社領を召し上げ家臣へ配分し地域支配を進め、関ヶ原後は減封に従い長門厚狭へ移る。,80,,0,259,46,53,55,53,52,45,,,,,,,,,22,11,38,50,37,balanced,1560,1572,1601,,毛利元就の八男,,,,,,,25,0,120,,95,0,,,,,,
1025015,3686,小早川家,小早川|秀包,こばやかわ|ひでかね,小早川秀包,,毛利家,鏡山城,毛利元就の九男。小早川隆景の養子となり、毛利と秀吉の和睦では人質として大坂へ赴いた。四国・九州平定で戦功を挙げ久留米を領したが、関ヶ原で西軍に属して改易された。,80,,0,361,76,81,61,67,76,73,D,,C,D,,,B,,50,50,60,61,24,aggressive,1567,1579,1602,,毛利元就の九男、小早川隆景の養子,,1025011,,,,,25,0,121,,95,0,,,,,,
1025016,3687,小早川家,毛利|元鎮,もうり|もとしげ,毛利元鎮,,毛利家,鏡山城,毛利家臣。小早川秀包の子。父の跡を継ぎ長門の殿居へ移った。元鎮の代に小早川系から毛利姓に復して一門四席の吉敷毛利家となり、家督を次代の元包へつないだ。,75,,0,305,66,68,57,56,58,62,,,,D,,,,,71,80,32,54,24,balanced,1589,1601,1670,,小早川秀包の子,1025015,,,,,,25,0,121,,95,0,,,,,,
1025017,3688,安芸吉川家,吉川|経光,きっかわ|つねみつ,吉川経光,,毛利家,日野山城,,0,,0,0,0,0,0,0,0,0,,,,,,,,,0,0,0,0,40,hermit,1192,9999,1267,,,,,,,,,25,0,250,,95,0,,,,,,
1025018,3689,安芸吉川家,吉川|経高,きっかわ|つねたか,吉川経高,,毛利家,日野山城,,0,,0,0,0,0,0,0,0,0,,,,,,,,,0,0,0,0,40,hermit,1234,9999,1319,,吉川経光の子,1025017,,,,,,25,0,250,,95,0,,,,,,
1025019,3690,安芸吉川家,吉川|国経,きっかわ|くにつね,吉川国経,,毛利家,日野山城,,0,,0,0,0,0,0,0,0,0,,,,,,,,,0,0,0,0,40,hermit,1443,9999,1531,,吉川経高の子孫,1025018,,,,,,25,0,250,,95,0,,,,,,
1025020,3691,安芸吉川家,吉川|元経,きっかわ|っもとつね,吉川元経,,毛利家,日野山城,,0,,0,0,0,0,0,0,0,0,,,,,,,,,0,0,0,0,40,hermit,1459,9999,1522,,吉川国経の子,1025019,,,,,,25,0,250,,95,0,,,,,,
1025021,3692,安芸吉川家,吉川|興経,きっかわ|おきつね,吉川興経,,毛利家,日野山城,,0,,0,214,53,75,21,24,41,45,,B,,,,,,,29,21,68,10,41,aggressive,1508,1520,1550,,吉川元経の子,1025020,,,,,,25,0,250,,95,0,,,,,,
1025022,3693,安芸吉川家,吉川|経世,きっかわ|つねよ,吉川経世,,毛利家,日野山城,吉川氏一門。国経の子。親類衆・役人として家政を担い、当主・興経が毛利氏と対立すると反興経派をまとめた。与谷城を拠点に元就の次男・元春を擁立し、家督相続を進めた。,80,,0,311,68,54,64,64,61,46,D,C,,,,,,,22,11,26,67,38,aggressive,1474,1486,1555,,吉川国経の子,1025019,,,,,,25,0,250,,95,0,,,,,,
1025023,3694,安芸吉川家,市川|経好,いちかわ|つねよし,市川経好,,毛利家,高津城,毛利家臣。高嶺城番として山口支配を担った。大内輝弘が大友方の兵を率いて山口へ侵入した際は本人不在ながら妻・市川局が城を守り抜いた。毛利氏の周防支配を支えた。,78,,0,275,34,38,73,69,61,44,,,,,,,,,29,21,49,38,38,balanced,1520,1532,1584,,吉川経世の子,1025022,,,,,,25,0,111,高津城主,95,500,,,,,,
1025024,3695,安芸吉川家,市川|元教,いちかわ|もとのり,市川元教,,毛利家,高津城,,0,,0,198,48,56,33,33,28,56,,,,,,,,,44,42,70,30,38,aggressive,1546,1558,1578,true,市川経好の子,1025023,,,,,,25,0,111,,95,0,,,,,,
1025025,3696,石見吉川家,吉川|経茂,きっかわ|つねしげ,吉川経茂,,毛利家,高津城,,0,,0,0,0,0,0,0,0,0,,,,,,,,,0,0,0,0,42,hermit,1240,9999,1290,,吉川経光の子,1025017,,,,,,25,0,111,,95,0,,,,,,
1025026,3697,石見吉川家,吉川|経典,きっかわ|つねのり,吉川経典,,毛利家,高津城,,0,,0,0,0,0,0,0,0,0,,,,,,,,,0,0,0,0,42,hermit,1500,9999,1550,,吉川経茂の子孫,1025025,,,,,,25,0,111,,95,0,,,,,,
1025027,3698,石見吉川家,吉川|経安,きっかわ|つねやす,吉川経安,,毛利家,高津城,毛利家臣。吉川氏一族。吉川経家の父。吉川元春に従い、毛利元就から石見福光湊を与えられた。福光城を築いて海岸部を守り、福屋隆兼の攻撃を経家とともに撃退した。,77,,0,257,51,60,50,48,48,49,,D,,,,,,,29,21,33,61,42,aggressive,1525,1537,1574,,吉川経典の娘婿,,1025026,,,,,25,0,111,,95,0,,,,,,
1025028,3699,石見吉川家,吉川|経家,きっかわ|つねいえ,吉川経家,,毛利家,高津城,毛利家臣。山名氏に請われて鳥取城へ入り、羽柴秀吉の包囲に抗戦。兵糧が尽き城内が飢餓に陥ると、城兵の助命を条件に降伏し、自らは責任を負って自害した。,73,,0,308,73,69,51,48,67,73,,C,,D,,,,,29,21,16,84,42,balanced,1547,1559,1581,,吉川経安の子,1025027,,,,,,25,0,111,,95,0,,,,,,
1025029,3700,吉川家,熊谷|信直,くまがい|のぶなお,熊谷信直,,毛利家,日野山城,安芸三入荘の国衆。高松城主。安芸武田氏を離れ毛利元就に属し、高松山へ本拠を移す。娘を吉川元春に嫁がせ毛利氏との結び付きを強め、有力家臣として一万六千石を領した。,80,,0,257,63,65,38,41,50,42,C,D,,B,,,,,22,11,42,44,41,conservative,1507,1519,1593,,安芸武田→毛利,,,,,,,25,0,250,,95,0,,,,,,
1025030,3701,吉川家,熊谷|高直,くまがい|たかなお,熊谷高直,,毛利家,日野山城,毛利家臣。熊谷信直の子。安芸三入荘の高松城主。毛利元就に従い、厳島の戦いでは父とともに奮戦。三入神社を再造したと伝わり、三入八幡宮には奉納した梵鐘が残る。,77,,0,290,55,54,67,57,57,47,,,,,,,,,22,11,20,76,41,conservative,1527,1539,1579,,熊谷信直の子,1025029,,,,,,25,0,250,,95,0,,,,,,
1025031,3702,吉川家,熊谷|元直,くまがい|もとなお,熊谷元直,,毛利家,日野山城,,0,,0,210,50,46,43,36,35,46,,,D,,,,,,22,11,30,61,41,hermit,1555,1567,1605,,熊谷高直の子,1025030,,,,,,25,0,250,,95,0,,,,,,
1025032,3703,吉川家,手島|興信,てしま|おきのぶ,手島興信,,毛利家,日野山城,,0,,0,196,61,47,31,26,31,49,,,,,,,,,26,16,15,84,38,balanced,1526,1538,1550,true,,,,,,,,25,0,250,,95,0,,,,,,
1025033,3704,吉川家,森脇|祐有,もりわき|すけあり,森脇祐有,,毛利家,日野山城,吉川家臣。和泉守。興経期に直臣団を代表する役人を務めた。家中分裂では興経側に立ち、毛利元春の家督継承を認め反対派と協議。興経に先立つ日山城退去が条件となった。,79,,0,299,52,44,69,69,65,47,,,,,,,,,26,16,31,61,38,hermit,1498,1510,1552,,,,,,,,,25,0,250,,95,0,,,,,,
1025034,3705,沼田小早川家,小早川|茂平,こばやかわ|しげひら,小早川茂平,,毛利家,鏡山城,,0,,0,0,0,0,0,0,0,0,,,,,,,,,0,0,0,0,58,hermit,1210,9999,1264,,,,,,,,,25,0,121,,95,0,,,,,,
1025035,3706,沼田小早川家,小早川|雅平,こばやかわ|まさひら,小早川雅平,,毛利家,鏡山城,,0,,0,0,0,0,0,0,0,0,,,,,,,,,0,0,0,0,58,hermit,1230,9999,1280,,小早川茂平の子,1025034,,,,,,25,0,121,,95,0,,,,,,
1025036,3707,沼田小早川家,小早川|興平,こばやかわ|おきひら,小早川興平,,毛利家,鏡山城,,0,,0,0,0,0,0,0,0,0,,,,,,,,,0,0,0,0,58,hermit,1505,9999,1527,,小早川雅平の子孫,1025035,,,,,,25,0,121,,95,0,,,,,,
1025037,3708,沼田小早川家,小早川|正平,こばやかわ|まさひら,小早川正平,,毛利家,鏡山城,沼田小早川家当主。高山城主。大内義隆に従い、宛行状・安堵状を発給して所領支配にあたった。出雲月山富田城攻めに出陣して戦死し、幼い嫡男・繁平が跡を継いだ。,76,,0,267,47,49,53,57,61,48,,,,,,,,,26,16,27,67,58,balanced,1523,1534,1543,,小早川興平の子,1025036,,,,,,25,0,121,,95,0,,,,,,
1025038,3709,沼田小早川家,小早川|繁平,こばやかわ|しげひら,小早川繁平,,毛利家,鏡山城,,0,,0,187,25,21,53,46,42,49,,,,,,,,,26,16,15,84,58,conservative,1541,1543,1574,,小早川正平の子,1025037,,,,,,25,0,121,,95,0,,,,,,
1025039,3710,竹原小早川家,小早川|政景,こばやかわ|まさかげ,小早川政景,,毛利家,鏡山城,,0,,0,0,0,0,0,0,0,0,,,,,,,,,0,0,0,0,24,hermit,1231,9999,1281,,,,,,,,,25,0,121,,95,0,,,,,,
1025040,3711,竹原小早川家,小早川|弘景,こばやかわ|ひろかげ,小早川弘景,,毛利家,鏡山城,,0,,0,0,0,0,0,0,0,0,,,,,,,,,0,0,0,0,24,hermit,1465,9999,1515,,小早川政景の子孫,1025039,,,,,,25,0,121,,95,0,,,,,,
1025041,3712,竹原小早川家,小早川|弘平,こばやかわ|ひろひら,小早川弘平,,毛利家,鏡山城,,0,,0,0,0,0,0,0,0,0,,,,,,,,,0,0,0,0,24,hermit,1490,9999,1540,,小早川弘景の子,1025040,,,,,,25,0,121,,95,0,,,,,,
1025042,3713,竹原小早川家,小早川|興景,こばやかわ|おきかげ,小早川興景,,毛利家,鏡山城,,0,,0,233,46,49,49,44,45,46,,,,,,,,,26,16,39,50,24,aggressive,1519,1531,1541,,小早川弘平の子,1025041,,,,,,25,0,121,,95,0,,,,,,
1025043,3714,小早川家,田坂|全慶,たさか|ぜんけい,田坂全慶,,毛利家,鏡山城,,0,,0,219,36,36,69,47,31,50,,,,,,,,,29,21,21,78,28,conservative,1502,1514,1547,,,,,,,,,25,0,121,,95,0,,,,,,
1025044,3715,小早川家,乃美|隆興,のみ|たかおき,乃美隆興,,毛利家,鏡山城,安芸国衆。乃美地域を治めた。清武八幡宮を大檀那として再興し、安宿・清武両村から伊勢神宮へ米を進めた。署名・花押のある書簡も現存し、在地支配の実像を伝える。,77,,0,295,61,57,53,59,65,49,,,,,,,D,,29,21,31,63,36,conservative,1513,1525,1598,,,,,,,,,25,0,121,,95,0,,,,,,
1025045,3716,小早川家,乃美|景興,のみ|かげおき,乃美景興,,毛利家,鏡山城,小早川家臣。乃美隆興の子。父から所領を譲られ家督を継ぐ。秀吉の中国攻めでは毛利方の境目七城・宮路山城を守ったが、攻囲され開城した。子・元興に所領が与えられた。,79,,0,265,48,47,59,57,54,48,,,,,,,B,,29,21,37,55,36,aggressive,1534,1546,1583,,乃美隆興の子,1025044,,,,,,25,0,121,,95,0,,,,,,
1025046,3717,小早川家,乃美|賢勝,のみ|かたかつ,乃美賢勝,,毛利家,鏡山城,,0,,0,256,65,68,39,36,48,54,D,,,,,,C,,29,21,30,64,22,balanced,1488,1500,1555,true,,,,,,,,25,0,121,,95,0,,,,,,
1025047,3718,小早川家,乃美|宗勝,のみ|むねかつ,乃美宗勝,,毛利家,鏡山城,毛利家臣。小早川水軍の主力として厳島の戦いで活躍し、瀬戸内の制海権確保に貢献。織田氏との戦いでは木津川口で織田水軍を破り、石山本願寺への兵糧搬入を成功させた。,79,,0,352,78,82,36,78,78,57,,,C,D,,,B,,29,21,26,71,22,balanced,1527,1539,1592,true,乃美賢勝の子。別名：浦宗勝,1025046,,,,,,25,0,121,,95,200,,,,,,
1025048,3719,小早川家,椋梨|盛平,むくなし|もりひら,椋梨盛平,,毛利家,鏡山城,,0,,0,216,54,53,36,36,37,39,,,,,,,,,29,21,28,67,36,balanced,1509,1521,1548,,,,,,,,,25,0,121,,95,0,,,,,,
1025049,3720,小早川家,椋梨|弘平,むくなし|ひろひら,椋梨弘平,,毛利家,鏡山城,小早川家臣。椋梨盛平の子。毛利氏の杉山城攻略で戦功を挙げ、小早川隆景から感状を受けた。椋梨では五村の総鎮守として八幡社を建立し、地域の祭祀にも関わった。,76,,0,261,55,48,57,55,46,52,,,,,,,,,36,30,33,64,36,conservative,1533,1545,1589,,椋梨盛平の子,1025048,,,,,,25,0,121,,95,0,,,,,,
1025050,3721,毛利家,赤川|元保,あかがわ|もとやす,赤川元保,,毛利家,吉田郡山城,,0,,0,248,23,23,80,65,57,45,,,,,,,,,22,11,38,50,36,hermit,1508,1520,1567,,,,,,,,,25,0,120,,95,0,,,,,,
1025051,3722,毛利家,天野|隆重,あまの|たかしげ,天野隆重,,毛利家,高津城,毛利家臣。月山富田城督。尼子氏滅亡後の出雲支配を担った。尼子勝久ら再興軍が挙兵すると富田城に籠った。援軍が望めない中で攻撃を退け、毛利方の重要拠点を守り抜いた。,80,,0,302,68,58,50,59,67,47,D,,,D,,,,,50,50,44,55,42,conservative,1503,1515,1584,,大内→毛利,,,,,,,25,0,111,,95,0,,,,,,
1025052,3723,毛利家,粟屋|元親,あわや|もとちか,粟屋元親,,毛利家,吉田郡山城,毛利家臣。粟屋氏当主。元就・隆元に仕え吉田郡山城の戦いなどに従軍した。井上氏粛清後は赤川元保・国司元相らと五奉行を構成し、隆元を補佐して政務を担った。,75,,0,346,71,49,80,79,67,47,,,,,,,C,,22,11,14,84,36,balanced,1509,1521,1561,,安芸粟屋家,,,,,,,25,0,120,,95,0,,,,,,
1025053,3724,毛利家,井上|元兼,いのうえ|もとかね,井上元兼,,毛利家,吉田郡山城,,0,,0,219,61,56,22,30,50,17,D,,D,,,,,,22,11,54,27,43,aggressive,1486,1498,1550,true,,,,,,,,25,0,120,,95,0,,,,,,
1025054,3725,毛利家,堅田|元慶,かただ|もとよし,堅田元慶,,毛利家,高森城,,0,,0,227,32,39,58,52,46,31,,,,,,,,,29,21,28,67,36,conservative,1568,1580,1622,,,,,,,,,25,0,123,,95,0,,,,,,
1025055,3726,毛利家,桂|広澄,かつら|ひろずみ,桂広澄,,毛利家,佐東銀山城,,0,,0,0,0,0,0,0,0,0,,,,,,,,,0,0,0,0,35,hermit,1474,9999,1524,,,,,,,,,25,0,122,,95,0,,,,,,
1025056,3727,毛利家,桂|元澄,かつら|もとずみ,桂元澄,,毛利家,佐東銀山城,毛利家臣。桂氏当主。広澄の子。父が自害した後も元就の重臣として仕えた。毛利氏が桜尾城を攻略すると城主を任された。厳島合戦では毛利軍の本陣となる同城を守った。,78,,0,299,49,45,64,70,71,39,,,,,,,,,26,16,36,55,36,aggressive,1500,1512,1569,,桂広澄の子,1025055,,,,,,25,0,122,佐東銀山城主,95,300,,,,,,
1025057,3728,毛利家,桂|元延,かつら|もとのぶ,桂元延,,毛利家,佐東銀山城,,0,,0,234,34,22,60,68,50,45,,,,,,,,,26,16,21,61,36,balanced,1527,1539,1579,,桂元澄の子,1025056,,,,,,25,0,122,,95,0,,,,,,
1025058,3729,小早川家,桂|景信,かつら|かげのぶ,桂景信,,毛利家,鏡山城,,0,,0,237,41,44,53,56,43,47,,,,,,,,,26,16,17,53,34,balanced,1531,1543,1594,,桂元澄の子,1025056,,,,,,25,0,121,,95,0,,,,,,
1025059,3730,毛利家,桂|元忠,かつら|もとただ,桂元忠,,毛利家,佐東銀山城,,0,,0,242,35,26,67,61,53,50,,,,,,,,,45,43,20,58,38,balanced,1501,1513,1574,,桂広澄の子,1025055,,,,,,25,0,122,,95,0,,,,,,
1025060,3731,毛利家,川村|重吉,かわむら|しげよし,川村重吉,,毛利家,高津城,仙台藩士。もとは毛利輝元に仕え、のち伊達政宗に仕官した。北上川改修を指揮して本流を南へ導き、石巻湾へ注ぐ流路を完成。北上川水運を発展させ、仙台藩の物流を支えた。,80,,0,222,21,25,86,58,32,54,,,,,,,,,64,70,33,78,68,conservative,1575,1587,1648,,毛利家→関ヶ原以降伊達家,,,,,,,25,0,111,,90,0,,,,,,
1025061,3732,毛利家,国司|元相,くにし|もとすけ,国司元相,,毛利家,吉田郡山城,毛利家臣。毛利家五奉行の一人として政務を担い、厳島の戦いや石見・出雲方面の戦いでも活躍した。,46,,0,323,70,82,63,49,59,61,,B,,D,,,,,26,16,19,78,36,balanced,1515,1527,1592,,,,,,,,,25,0,120,,95,0,,,,,,
1025062,3733,毛利家,児玉|元実,こだま|もとざね,児玉元実,,毛利家,高嶺城,,0,,0,0,0,0,0,0,0,0,,,,,,,,,0,0,0,0,35,hermit,1470,9999,1520,,,,,,,,,25,0,124,,95,0,,,,,,
1025063,3734,毛利家,児玉|就忠,こだま|なりただ,児玉就忠,,毛利家,高嶺城,毛利家臣。元実の子。元就の側近として政務に携わり、桂元忠とともに奉行人を務めた。隆元の代には五奉行の一人となり、給地などの行政実務や元就・隆元間の連絡を担った。,80,,0,278,32,39,80,67,60,48,,,,,,,C,,29,21,37,55,35,conservative,1507,1519,1562,,児玉元実の子,1025062,,,,,,25,0,124,,95,200,,,,,,
1025064,3735,毛利家,児玉|就方,こだま|なりかた,児玉就方,,毛利家,高嶺城,毛利家臣。元実の子。草津城番となり草津町も支配した。川内警固衆を率いて厳島合戦で功を挙げ、北九州や山陰にも転戦。草津湊を毛利水軍の拠点として広島湾を守った。,78,,0,252,58,64,39,41,50,50,,D,D,B,,,C,,29,21,40,50,35,aggressive,1513,1525,1588,,児玉元実の子,1025062,,,,,,25,0,124,,95,0,,,,,,
1025065,3736,毛利家,佐波|隆秀,さは|たかひで,佐波隆秀,,毛利家,吉田郡山城,,0,,0,244,42,47,48,51,56,57,,,,,,,,,50,50,44,55,47,conservative,1522,1534,1596,,大内→毛利,,,,,,,25,0,120,,95,0,,,,,,
1025066,3737,毛利家,宍戸|隆家,ししど|たかいえ,宍戸隆家,,毛利家,高嶺城,安芸国衆。宍戸元家の子。父が早世し家督を継ぎ、毛利元就の娘・五龍局を娶って一門となった。折敷畑の戦いでは福原貞俊と敵側面を突き、元就・隆元・輝元を支えた。,77,,0,251,47,52,58,50,44,55,D,D,,D,,,,,26,16,43,44,43,balanced,1518,1530,1592,,大内→毛利,,,,,,,25,0,124,高嶺城主,95,500,,,,,,
1025067,3738,毛利家,宍戸|元秀,ししど|もとひで,宍戸元秀,,毛利家,高嶺城,,0,,0,186,42,31,40,39,34,47,,,,,,,,,26,16,36,55,43,conservative,1547,1559,1597,,宍戸隆家の子,1025066,,,,,,25,0,124,,95,0,,,,,,
1025068,3739,毛利家,宍戸|元続,ししど|もとつぐ,宍戸元続,,毛利家,高嶺城,毛利家臣。宍戸元秀の子。安芸宍戸氏を継ぎ五龍城主となり、四万七千石を領する一門重臣となった。関ヶ原前哨戦では安濃津城攻めに加わり、防長移封後も毛利家を支えた。,79,,0,250,42,48,61,53,46,57,,,,,,,,,26,16,27,67,37,conservative,1563,1575,1631,,宍戸元秀の子,1025067,,,,,,25,0,124,,95,0,,,,,,
1025069,3740,毛利家,内藤|元盛,ないとう|もともり,内藤元盛,1614:佐野|道可:さの|どうか,毛利家,高嶺城,,0,,0,202,34,41,48,42,37,48,,,,,,,,,26,16,25,70,14,aggressive,1566,1578,1615,true,宍戸元続の子、内藤隆春の養子。別名：佐野道可,1025068,1025079,,,,,25,0,124,,90,0,,,,,,
1025070,3741,毛利家,志道|広良,しじ|ひろよし,志道広良,,毛利家,鏡山城,毛利家臣。志道城主。興元の代から政務を担い、幸松丸の死後は元就の家督相続を支持した。元就の使者として大内方と交渉し、晩年は隆元の補佐を託され家中統制を説いた。,79,,0,287,43,27,73,77,67,56,,,,,,,,,26,16,39,50,35,conservative,1467,1479,1557,,,,,,,,,25,0,121,,95,0,,,,,,
1025071,3742,毛利家,志道|某,しじ|なにがし,志道某,,毛利家,鏡山城,,0,,0,0,0,0,0,0,0,0,,,,,,,,,0,0,0,0,35,hermit,1500,9999,1539,,志道広良の子,1025070,,,,,,25,0,121,,95,0,,,,,,
1025072,3743,毛利家,志道|元保,しじ|もとやす,志道元保,,毛利家,鏡山城,毛利家臣。志道氏一族。宮崎八幡宮に神田を寄進して本拠地の祭祀を支えた。のち志道・八幡原氏と軍勢狼藉禁止令を守る連署起請文に加わり、毛利氏の家臣団統制に従った。,79,,0,282,58,44,61,62,57,52,,,,,,,,,36,30,26,74,35,balanced,1534,1546,1582,,志道某の子,1025071,,,,,,25,0,121,,95,0,,,,,,
1025073,3744,毛利家,口羽|通良,くちば|みちよし,口羽通良,,毛利家,吉田郡山城,毛利家臣。志道広良の子。口羽氏を継ぎ、石見方面の支配を担った。元就の死後は吉川元春・小早川隆景・福原貞俊とともに輝元を補佐し、毛利氏の政務を支えた。,74,,0,318,44,44,80,80,70,59,,,,,,,,,26,16,24,72,42,conservative,1513,1525,1582,,志道広良の子,1025070,,,,,,25,0,120,,95,500,,,,,,
1025074,3745,毛利家,口羽|広通,くちば|ひでみち,口羽広通,,毛利家,吉田郡山城,,0,,0,268,55,58,50,51,54,52,,,,,,,,,22,11,40,75,43,aggressive,1534,1546,1578,,口羽通良の子,1025073,,,,,,25,0,120,,95,0,,,,,,
1025075,3746,毛利家,口羽|春良,くちば|はるよし,口羽春良,,毛利家,吉田郡山城,毛利家臣。口羽通良の子。備中国吉城の城番を務め、毛利輝元から手之庄七百貫を与えられた。三村氏滅亡後の備中支配拠点を預かり、毛利氏による在地統治の一翼を担った。,79,,0,277,42,43,67,64,61,53,,,,,,,,,26,16,21,69,42,conservative,1537,1549,1592,,口羽通良の子,1025073,,,,,,25,0,120,,95,0,,,,,,
1025076,3747,毛利家,杉原|理興,すぎはら|まさおき,杉原理興,,毛利家,神辺城,,0,,0,255,52,54,39,49,61,45,,,,,,,,,26,16,27,38,54,balanced,1508,1520,1557,,大内→1542尼子に寝返り→1552毛利に寝返り,,,,,,,25,0,118,,90,0,,,,,,
1025077,3748,毛利家,杉原|盛重,すぎはら|もりしげ,杉原盛重,,毛利家,神辺城,毛利家臣。神辺城主。杉原理興の後を継ぎ、毛利氏の勢力下で備後東部の要衝を守った。二宮大明神へ仏像を寄進するなど寺社保護にも関わった。晩年は一族の内紛が続いた。,79,,0,246,58,61,40,40,47,48,,D,,,,,,,29,21,40,50,55,aggressive,1532,1544,1581,,杉原理興の養子。神辺城主,,1025076,,,,,25,0,118,神辺城主,90,200,,,,,,
1025078,3749,毛利家,多賀山|通続,たかのやま|みちつぐ,多賀山通続,,毛利家,神辺城,,0,,0,217,39,39,46,45,48,45,,,,,,,,,22,11,34,55,55,conservative,1506,1518,1570,,,,,,,,,25,0,118,,90,0,,,,,,
1025079,3750,毛利家,内藤|隆春,ないとう|たかはる,内藤隆春,,毛利家,櫛崎城,大内家臣。内藤氏当主。荒滝山城主。長門守護代を世襲する家に生まれ、のち毛利氏に仕えて守護代となる。高嶺城で大内輝弘と戦った家臣を賞するなど、長門支配を担った。,79,,0,265,48,35,59,62,61,57,,,,,,,,,50,50,44,55,54,conservative,1528,1540,1600,,大内→毛利,,,,,,,25,0,126,櫛崎城主,90,200,,,,,,
1025080,3751,毛利家,南条|元清,なんじょう|もときよ,南条元清,1570:0|宗勝:0|そうしょう,毛利家,城ノ腰山城,伯耆国衆。羽衣石城主。尼子氏に敗れて従属したのち大内方へ転じ、敗戦で伯耆を離れた。毛利氏の支援で帰国すると鹿野城を攻略し、東伯耆三郡を任され山陰支配を支えた。,79,,0,289,61,57,45,57,69,62,D,D,,,,,,,50,50,65,51,98,aggressive,1498,1510,1575,,尼子→大内→毛利。別名：南条宗勝,,,,,,,25,0,125,,90,0,,,,,,
1025081,3752,毛利家,南条|元続,なんじょう|もとつぐ,南条元続,,毛利家,城ノ腰山城,伯耆国衆。羽衣石城主。宗勝の子。父の没後に家督を継ぎ、毛利方から織田方へ転じ秀吉の鳥取城攻めを支援。本能寺の変後、秀吉と毛利氏が和睦すると東伯耆三郡を領した。,79,,0,298,55,51,62,65,65,57,,,,,,,,,50,50,48,50,99,balanced,1549,1561,1591,,南条元清の子,1025080,,,,,,25,0,125,,90,0,,,,,,
1025082,3753,毛利家,南条|元忠,なんじょう|もとただ,南条元忠,,毛利家,城ノ腰山城,,0,,0,217,69,49,33,30,36,49,,D,,,,,,,36,30,55,32,85,balanced,1570,1582,1614,,南条元続の子,1025081,,,,,,25,0,125,,90,0,,,,,,
1025083,3754,毛利家,二宮|春久,にのみや|はるひさ,二宮春久,,毛利家,吉田郡山城,,0,,0,227,60,68,35,29,35,48,,,,D,,,,,26,16,24,72,36,balanced,1511,1523,1594,,,,,,,,,25,0,120,,95,0,,,,,,
1025084,3755,毛利家,仁保|隆慰,にほ|たかやす,仁保隆慰,,毛利家,櫛崎城,毛利家臣。もとは大内義長の奉行人。大内氏滅亡後に毛利氏へ従い、門司城の守備を任された。大友氏との門司城争奪戦で城兵を指揮し、毛利氏の北九州支配の前線を支えた。,79,,0,277,44,47,64,63,59,51,,,,,,,,,36,30,43,50,43,conservative,1513,1525,1577,,大内→陶→毛利,,,,,,,25,0,126,,95,0,,,,,,
1025085,3756,毛利家,平賀|広相,ひらが|ひろすけ,平賀広相,,毛利家,鏡山城,安芸国衆。平賀隆宗の弟。大内義隆滅亡後、毛利元就が小早川隆保を滅ぼすと平賀氏を再興。小早川隆景と兄弟契約を結び、翌年は毛利・吉川氏を加えた四家の盟約に参加した。,80,,0,272,57,51,51,55,58,51,,,,,,,,,36,30,43,50,36,aggressive,1528,1540,1567,,大内→毛利,,,,,,,25,0,121,,95,0,,,,,,
1025086,3757,毛利家,平賀|元相,ひらが|もとすけ,平賀元相,,毛利家,鏡山城,,0,,0,234,42,43,49,49,51,46,,,,,,,,,50,50,52,44,36,balanced,1547,1559,1645,,平賀広相の子,1025085,,,,,,25,0,121,,95,0,,,,,,
1025087,3758,毛利家,福井|元信,ふくい|もとのぶ,福井元信,,毛利家,能島城,毛利家臣。厳島合戦直前、元就の命で佐東衆を草津へ集結させ、児玉就方と仁保島に番衆を入れて海上警固を強化。村々から臨時人足を徴発するなど軍事動員も担った。,76,,0,280,60,63,58,46,53,49,,,,,,,,,29,21,25,72,35,aggressive,1519,1531,1579,,安芸武田→毛利,,,,,,,25,0,175,,95,0,,,,,,
1025088,3759,毛利家,福井|就信,ふくい|なりのぶ,福井就信,,毛利家,能島城,,0,,0,173,31,24,51,32,35,49,,,,,,,,,29,21,28,67,35,balanced,1542,1554,1615,,福井元信の子,1025087,,,,,,25,0,175,,95,0,,,,,,
1025089,3760,毛利家,福原|貞俊,ふくはら|さだとし,福原貞俊,,毛利家,高森城,毛利家臣。福原氏当主。元就・隆元に仕え軍事・政務を担った。九州撤退後は吉川元春と長門・周防の一揆鎮圧、大内輝弘討伐にあたった。輝元期にも重臣として活動した。,78,,0,342,64,52,79,74,73,54,D,,,,,,,,26,16,31,61,31,conservative,1512,1524,1593,,,,,,,,,25,0,123,高森城主,95,500,,,,,,
1025090,3761,毛利家,福原|元俊,ふくはら|もととし,福原元俊,,毛利家,高森城,,0,,0,232,27,18,67,59,61,52,,,,,,,,,26,16,34,57,31,conservative,1541,1553,1591,,福原貞俊の子,1025089,,,,,,25,0,123,,95,0,,,,,,
1025091,3762,毛利家,福原|広俊,ふくはら|ひろとし,福原広俊,,毛利家,高森城,毛利家臣。輝元に仕え関ヶ原後の防長移封に従った。秀就の代にも家老として江戸で幕府との折衝を担い、初参勤や国中検地などの政務に関与。毛利家の領国再編を支えた。,78,,0,309,57,36,71,73,72,47,,,,,,,,,26,16,36,55,31,balanced,1567,1579,1623,,福原元俊の子,1025090,,,,,,25,0,123,,95,0,,,,,,
1025092,3763,毛利家,三浦|元忠,みうら|もとただ,三浦元忠,,毛利家,高森城,,0,,0,235,50,26,59,53,47,45,,,,,,,,,22,11,38,50,29,conservative,1555,1567,1596,,,,,,,,,25,0,123,,95,0,,,,,,
1025093,3764,毛利家,南方|就正,みなかた|なりまさ,南方就正,,毛利家,高森城,,0,,0,245,48,49,45,49,54,51,,,,,,,,,36,30,39,55,38,balanced,1540,1552,1599,,,,,,,,,25,0,123,,95,0,,,,,,
1025094,3765,毛利家,三吉|隆亮,みよし|たかすけ,三吉隆亮,,毛利家,吉田郡山城,備後国衆。比叡尾山城主。三吉致高の子。大内氏から毛利氏へ帰属。大般若経を中之山神社へ寄進したと伝わる。出雲攻略にも関与し、子・広高と毛利輝元へ起請文を出した。,79,,0,259,61,55,44,46,53,46,,,,,,,,,22,11,30,61,55,aggressive,1506,1518,1588,,大内→毛利,,,,,,,25,0,120,,90,0,,,,,,
1025095,3766,毛利家,三吉|広高,みよし|ひろたか,三吉広高,,毛利家,吉田郡山城,,0,,0,249,49,48,61,50,41,46,,,,,,,,,22,11,22,72,55,aggressive,1558,1570,1634,,三吉隆亮の子。毛利→関ヶ原以降浅野長晟,1025094,,,,,,25,0,120,,90,0,,,,,,
1025096,3767,毛利家,山田|重直,やまだ|しげなお,山田重直,,毛利家,城ノ腰山城,,0,,0,255,51,50,46,51,57,58,,,,,,,,,50,50,40,61,98,aggressive,1524,1536,1592,,山名祐豊→1562毛利(南条宗勝)→1579吉川元春,,,,,,,25,0,125,,90,0,,,,,,
1025097,3768,毛利家,山内|隆通,やまのうち|たかみち,山内隆通,,毛利家,神辺城,,0,,0,159,24,23,38,35,39,46,,,,,,,,,22,11,30,61,47,balanced,1530,1542,1586,,,,,,,,,25,0,118,,95,0,,,,,,
1025098,3769,毛利家,吉見|正頼,よしみ|まさより,吉見正頼,,毛利家,城ノ腰山城,吉見氏11代当主。三本松城主。義隆を滅ぼした陶晴賢と対立し、三本松城を守って毛利元就と結んだ。のちに毛利軍と山口へ攻め入り、大内義長を退けて毛利氏の伸長を支えた。,80,,0,296,47,51,64,67,67,54,,,,,,,,,36,30,35,61,3,balanced,1513,1525,1588,,大内→毛利,,,,,,,25,0,125,城ノ腰山城主,90,300,,,,,,
1025099,3770,毛利家,吉見|広頼,よしみ|ひろより,吉見広頼,,毛利家,城ノ腰山城,,0,,0,235,34,41,61,53,46,52,,,,,,,,,36,30,27,72,3,conservative,1535,1547,1613,,吉見正頼の子,1025098,,,,,,25,0,125,,90,0,,,,,,
1025100,3771,毛利家,吉見|広長,よしみ|ひろなが,吉見広長,,毛利家,城ノ腰山城,,0,,0,213,55,32,43,40,43,50,,,,,,,,,36,30,51,38,3,balanced,1582,1594,1618,true,吉見広頼の子,1025099,,,,,,25,0,125,,90,0,,,,,,
1025101,3772,毛利家,渡辺|通,わたなべ|とおる,渡辺通,,毛利家,吉田郡山城,,0,,0,248,74,74,29,30,41,47,,D,,D,,,,,22,11,14,84,36,aggressive,1511,1523,1543,true,,,,,,,,25,0,120,,95,0,,,,,,
1025102,3773,毛利家,和智|誠春,わち|まさはる,和智誠春,,毛利家,神辺城,,0,,0,238,26,25,62,64,61,45,,,,,,,,,22,11,38,50,65,conservative,1529,1541,1568,,山名祐豊→1555毛利,,,,,,,25,0,118,,90,0,,,,,,
1089001,3774,最上家,最上|満直,もがみ|みちなお,最上満直,,最上家,山形城,,0,,0,0,0,0,0,0,0,0,,,,,,,,,0,0,0,0,99,hermit,1380,9999,1413,,,,,,,,,89,0,226,,95,0,,,,,,
1089002,3775,最上家,最上|満家,もがみ|みちいえ,最上満家,,最上家,山形城,,0,,0,0,0,0,0,0,0,0,,,,,,,,,0,0,0,0,2,hermit,1410,9999,1443,,最上満直の子,1089001,,,,,,89,0,226,,95,0,,,,,,
1089003,3776,最上家,最上|義春,もがみ|よしはる,最上義春,,最上家,山形城,,0,,0,0,0,0,0,0,0,0,,,,,,,,,0,0,0,0,2,hermit,1440,9999,1474,,最上満家の子,1089002,,,,,,89,0,226,,95,0,,,,,,
1089004,3777,最上家,成沢|義総,なりさわ|よしふさ,成沢義総,,最上家,山形城,,0,,0,0,0,0,0,0,0,0,,,,,,,,,0,0,0,0,2,hermit,1470,9999,1520,,最上義春の子,1089003,,,,,,89,0,226,,95,0,,,,,,
1089005,3778,最上家,中野|満基,なかの|みつもと,中野満基,,最上家,山形城,,0,,0,0,0,0,0,0,0,0,,,,,,,,,0,0,0,0,99,hermit,1415,9999,1465,,最上満直の子,1089001,,,,,,89,0,226,,95,0,,,,,,
1089006,3779,最上家,最上|満氏,もがみ|みつうじ,最上満氏,,最上家,山形城,,0,,0,0,0,0,0,0,0,0,,,,,,,,,0,0,0,0,99,hermit,1446,9999,1494,,中野満基の子,1089005,,,,,,89,0,226,,95,0,,,,,,
1089007,3780,最上家,最上|義淳,もがみ|よしあつ,最上義淳,,最上家,山形城,,0,,0,0,0,0,0,0,0,0,,,,,,,,,0,0,0,0,99,hermit,1465,9999,1504,,最上満氏の子,1089006,,,,,,89,0,226,,95,0,,,,,,
1089008,3781,最上家,最上|義定,もがみ|よしさだ,最上義定,,最上家,山形城,,0,,0,0,0,0,0,0,0,0,,,,,,,,,0,0,0,0,99,hermit,1492,9999,1520,,最上義淳の子。1492年生まれ説はやや怪しいがありえなくはないか,1089007,,,,,,89,0,226,,95,0,,,,,,
1089009,3782,最上家,中野|義建,なかの|よしたけ,中野義建,,最上家,山形城,,0,,0,0,0,0,0,0,0,0,,,,,,,,,0,0,0,0,8,hermit,1493,9999,1525,,最上義淳の子,1089007,,,,,,89,0,226,,95,0,,,,,,
1089010,3783,最上家,中野|義清,なかの|きよまさ,中野義清,,最上家,山形城,,0,,0,302,64,61,57,61,59,55,D,,,,,,,,22,11,64,55,8,balanced,1507,1519,1553,,中野義建の子,1089009,,,,,,89,0,226,,95,0,,,,,,
1089011,3784,最上家,最上|義守,もがみ|よしもり,最上義守,,最上家,山形城,最上氏10代当主。中野義清の子。伊達氏の支配下にあった最上氏の独力回復と勢力拡大を進めた。晩年は嫡男・義光と家督を巡って対立するも、のちに和解して隠居した。,77,最上氏10代当主。中野義清の子。伊達氏の支配下にあった最上氏の独力回復と勢力拡大を進めた。晩年は嫡男・義光と家督を巡って対立するも、のちに和解して隠居した。,77,298,68,62,57,54,57,55,,D,,D,,,,,29,21,49,38,99,conservative,1521,1533,1590,,中野義清の子。最上義定の養子,1089010,1089008,,,,,89,0,226,山形城主,100,1500,,,,,,
1089012,3785,最上家,最上|義光,もがみ|よしあき,最上義光,,最上家,山形城,最上氏11代当主。義守の子。家督争いを制して家中を統一。巧みな軍略と調略で出羽国に一大勢力を築き、「奥羽の驍将」と評される。関ヶ原では東軍に属し、57万石を領した。,80,最上氏11代当主。義守の子。家督争いを制して家中を統一。巧みな軍略と調略で出羽国に一大勢力を築き、「奥羽の驍将」と評される。関ヶ原では東軍に属し、57万石を領した。,80,418,84,76,81,84,93,79,C,B,B,,,,,奥羽の驍将,43,40,51,42,99,aggressive,1546,1558,1614,,最上義守の子,1089011,,,,,,89,0,226,,95,700,,,mogami_yoshiaki.webp,,,
1089013,3786,最上家,最上|義康,もがみ|よしやす,最上義康,,最上家,山形城,最上義光の嫡男。英邁の資質があり慕われていた。親子仲も良好だったが、家臣らの讒言により徐々に関係が悪化。高野山へ退去を命じられ、道中襲撃を受けて自刃した。,77,最上義光の嫡男。英邁の資質があり慕われていた。親子仲も良好だったが、家臣らの讒言により徐々に関係が悪化。高野山へ退去を命じられ、道中襲撃を受けて自刃した。,77,345,71,73,67,64,70,73,D,D,,,,,,,78,90,47,65,1,balanced,1575,1587,1603,true,最上義光の子,1089012,,,,,,89,0,226,,95,0,,,,,,
1089014,3787,最上家,最上|義親,もがみ|よしちか,最上義親,,最上家,山形城,山形藩主。最上義光の三男。家親とも称する。家督を継ぐ前は江戸におり、家臣へ一字状を送り関係を強めた。父の死後に家督を継ぐが在任短く死去し、子・義俊が継いだ。,78,,0,214,40,54,47,38,35,46,,,,,,,,,43,40,53,38,99,aggressive,1582,1594,1617,,最上義光の子。別名：最上家親,1089012,,,,,,89,0,226,,95,200,,,,,,
1089015,3788,最上家,最上|義俊,もがみ|よしとし,最上義俊,,最上家,山形城,,0,,0,165,44,34,43,12,32,41,,,,,,,,,43,40,37,61,99,balanced,1605,1617,1632,,最上義親の子,1089014,,,,,,89,0,226,,95,100,,,,,,
1089016,3789,最上家,最上|義智,もがみ|よしとも,最上義智,,最上家,山形城,近江大森藩主。最上義俊の子。父の死後、幼くして家督を継いだが、所領一万石のうち五千石を幕府に返上した。のちに高家となり、最上家は交代寄合として存続した。,76,,0,290,50,38,73,67,62,63,,,,,,,,,63,69,29,69,99,conservative,1631,1643,1697,,最上義俊の子,1089015,,,,,,89,0,226,,95,100,,,,,,
1089017,3790,最上家,清水|義親,しみず|よしちか,清水義親,,最上家,山形城,,0,,0,241,49,43,47,49,53,52,,,,,,,,,43,40,33,67,97,aggressive,1582,1594,1614,true,最上義光の子、清水義氏の養子,1089012,1089039,,,,,89,0,226,,95,0,,,,,,
1089018,3791,最上家,最上|義忠,もがみ|よしただ,最上義忠,,最上家,山形城,最上義光の四男。山野辺城主となり、城下整備や治水を進めた。最上家改易後は池田家預かりとなる。のち水戸徳川家の家老一万石となり、徳川光圀の教育にも当たった。,77,,0,288,62,46,60,61,59,57,D,D,D,,,,,,43,40,53,38,95,balanced,1588,1600,1664,,最上義光の子,1089012,,,,,,89,0,226,,95,0,,,,,,
1089019,3792,最上家,長瀞|義保,ながとろ|よしやす,長瀞義保,,最上家,山形城,最上家臣。最上氏庶流。最上義守の子。最上八楯の一員であった長瀞氏の名籍を継いだ。1591年「九戸政実の乱」で最上義光のもと九戸政実勢と戦い、討死した。,73,最上家臣。最上氏庶流。最上義守の子。最上八楯の一員であった長瀞氏の名籍を継いだ。1591年「九戸政実の乱」で最上義光のもと九戸政実勢と戦い、討死した。,73,224,46,43,49,42,44,49,,,,,,,,,36,30,35,75,93,balanced,1550,1562,1591,true,最上義守の子。別名：長瀞義保,1089011,,,,,,89,0,226,,95,0,,,,,,
1089020,3793,最上家,長瀞|光忠,ながとろ|あきただ,長瀞光忠,,最上家,山形城,最上家臣。最上氏庶流。長瀞義保の子。楯岡満茂が小野寺義道の攻撃を受けた際、小国光基とともに救援に赴いて撃退。その後、秋田仙北の増田城主となった。,72,最上家臣。最上氏庶流。長瀞義保の子。楯岡満茂が小野寺義道の攻撃を受けた際、小国光基とともに救援に赴いて撃退。その後、秋田仙北の増田城主となった。,72,253,52,58,56,41,46,52,,,,,,,,,36,30,21,66,93,balanced,1573,1585,1647,,長瀞義保の子,1089019,,,,,,89,0,226,,95,0,,,,,,
1089021,3794,最上家,松根|光広,まつね|みつひろ,松根光広,,最上家,山形城,最上家臣。最上氏庶流。長瀞義保の子。松根城１万２千石を領し、城下街の整備に尽力した。最上義親の没後、楯岡・鮭延と対立。敗れて筑後柳川に流罪となった。,74,最上家臣。最上氏庶流。長瀞義保の子。松根城１万２千石を領し、城下街の整備に尽力した。最上義親の没後、楯岡・鮭延と対立。敗れて筑後柳川に流罪となった。,74,230,43,47,54,40,46,49,,,,,,,,,36,30,47,58,92,conservative,1589,1601,1672,,長瀞義保の子,1089019,,,,,,89,0,226,,95,0,,,,,,
1089022,3795,最上家,最上|光直,もがみ|あきなお,最上光直,1618:楯岡|0:たておか|0,最上家,山形城,最上家一門。楯岡城主。義光の弟。一門家老として一万六千石を領す。立石寺へ鰐口を寄進し義光の長寿を祈願。改易後は細川忠利に預けられ、小倉で出家し哲斎と称した。,78,,0,267,53,65,46,38,65,52,,,,,,,,,28,19,29,65,6,balanced,1559,1571,1629,,最上義守の子、楯岡満茂の嗣子。別名：楯岡光直,1089011,1088014,,,,,89,0,226,,95,0,,,,,,
1089023,3796,最上家,中野|義政,なかの|よしまさ,中野義政,,最上家,山形城,最上家臣。最上氏庶流。中野義清の子。弟・最上義守は最上家の家督を相続した。,37,最上家臣。最上氏庶流。中野義清の子。弟・最上義守は最上家の家督を相続した。,37,232,45,38,51,50,48,46,,,,,,,,,26,16,40,63,8,balanced,1522,1534,1584,,中野義清の子,1089010,,,,,,89,0,226,,95,0,,,,,,
1089024,3797,最上家,中野|満兼,なかの|みつかね,中野満兼,,最上家,山形城,最上家臣。最上氏庶流。中野義政の子。,18,最上家臣。最上氏庶流。中野義政の子。,18,229,51,30,52,43,53,47,,,,,,,,,29,21,24,59,8,conservative,1549,1561,1616,,中野義政の子,1089023,,,,,,89,0,226,,95,0,,,,,,
1089025,3798,最上家,氏家|定直,うじいえ|さだなお,氏家定直,,最上家,中野城,最上家臣。伊達天文の乱では最上義守の陣代を務め、その後伊達晴宗との関係修復に尽力。最上父子の家督争いでは病身をおして調停に奔走し、義光への家督譲渡を実現させた。,80,最上家臣。伊達天文の乱では最上義守の陣代を務め、その後伊達晴宗との関係修復に尽力。最上父子の家督争いでは病身をおして調停に奔走し、義光への家督譲渡を実現させた。,80,315,55,48,67,72,73,63,,D,,,,,,,43,40,33,67,4,balanced,1504,1516,1570,,,,,,,,,89,0,253,中野城主,95,300,,,,,,
1089026,3799,最上家,成沢|義佑,なりさわ|よしすけ,成沢義佑,,最上家,中野城,最上家臣。成沢城主。氏家定直の子。5000石を領した。,25,最上家臣。成沢城主。氏家定直の子。5000石を領した。,25,247,53,43,53,50,48,53,,,,,,,,,43,40,48,60,3,balanced,1519,1531,1576,,氏家定直の子、成沢義総の養子,1089025,1089004,,,,,89,0,253,,95,0,,,,,,
1089027,3800,最上家,成沢|義清,なりさわ|よしきよ,成沢義清,,最上家,中野城,最上家臣。成沢義佑の子。,12,最上家臣。成沢義佑の子。,12,229,48,54,42,42,43,50,,,,,,,,,43,40,49,58,3,balanced,1533,1545,1590,,成沢義佑の子,1089026,,,,,,89,0,253,,95,0,,,,,,
1089028,3801,最上家,成沢|道忠,なりさわ|みちただ,成沢道忠,,最上家,中野城,最上家臣。成沢義清の子。最上義光に従って多くの戦功を挙げた。一栗高春とともに清水義親を擁立して最上家親と戦い、敗れて落ち延びた。,64,最上家臣。成沢義清の子。最上義光に従って多くの戦功を挙げた。一栗高春とともに清水義親を擁立して最上家親と戦い、敗れて落ち延びた。,64,310,65,69,57,58,61,60,,D,,,,,,,36,30,35,61,3,balanced,1548,1560,1617,,成沢義清の子,1089027,,,,,,89,0,253,,95,0,,,,,,
1089029,3802,最上家,氏家|光棟,うじいえ|みつむね,氏家光棟,,最上家,中野城,最上家臣。氏家守棟の子。1588年「十五里ヶ原の戦い」で長尾景勝の家臣・本庄繁長、武藤義勝と戦い討死した。,51,最上家臣。氏家守棟の子。1588年「十五里ヶ原の戦い」で長尾景勝の家臣・本庄繁長、武藤義勝と戦い討死した。,51,239,46,59,41,45,48,52,,,,,,,,,40,36,23,73,4,balanced,1566,1578,1588,true,成沢道忠の子、氏家守棟の養子,1089028,1089031,,,,,89,0,253,,95,0,,,,,,
1089030,3803,最上家,氏家|光氏,うじいえ|みつうじ,氏家光氏,,最上家,中野城,最上家臣。勇猛果敢で、最上義光の宿老として仕え多くの戦功を挙げた。関ヶ原の戦いでは長谷堂城で上杉勢を撃退。義光の死後は政務を担当し、改易後は毛利氏に仕官した。,79,最上家臣。勇猛果敢で、最上義光の宿老として仕え多くの戦功を挙げた。関ヶ原の戦いでは長谷堂城で上杉勢を撃退。義光の死後は政務を担当し、改易後は毛利氏に仕官した。,79,325,72,73,63,55,62,64,C,D,D,D,,,,,43,40,37,61,4,aggressive,1567,1579,1627,,成沢道忠の子、氏家守棟の養子。最上→1622毛利,1089028,1089031,,,,,89,0,253,,95,0,,,,,,
1089031,3804,最上家,氏家|守棟,うじいえ|もりむね,氏家守棟,,最上家,中野城,最上家臣。定直の子。最上義光の重臣として伊達氏との交渉や天童氏、白鳥氏の討伐などで活躍。延沢満延を引き抜き鮭延秀綱を降伏させるなど、謀略面でも手腕を発揮した。,79,最上家臣。定直の子。最上義光の重臣として伊達氏との交渉や天童氏、白鳥氏の討伐などで活躍。延沢満延を引き抜き鮭延秀綱を降伏させるなど、謀略面でも手腕を発揮した。,79,369,76,73,60,77,83,70,D,D,,,,,,,43,40,55,71,4,balanced,1534,1546,1595,,氏家定直の子,1089025,,,,,,89,0,253,,95,0,,,,,,
1089032,3805,最上家,江口|光清,えぐち|あききよ,江口光清,,最上家,山形城,最上家臣。畑谷城主。上杉軍の最上侵攻では三百余の城兵と籠城し、直江兼続の大軍を迎撃して討死した。武勇だけでなく連歌にも通じ、義光の使者として京へ赴いた。,76,,0,286,61,68,42,61,54,60,,D,,,,,,,43,40,37,90,99,balanced,1553,1565,1600,true,,,,,,,,89,0,226,,95,0,,,,,,
1089033,3806,最上家,江口|時直,えぐち|ときなお,江口時直,,最上家,山形城,,0,,0,256,53,57,43,55,48,55,,,,,,,,,43,40,31,85,99,balanced,1577,1589,1600,true,江口光清の子,1089032,,,,,,89,0,226,,95,0,,,,,,
1089034,3807,最上家,北楯|利長,きただて|としなが,北楯利長,,最上家,山形城,最上家臣。狩川城主。庄内三郡が最上領となると立谷沢・清川・狩川三千石を領した。水利の悪い田地を救うため北楯大堰を開削し、約八十カ村の原野を美田へ変えた。,76,,0,287,54,32,78,63,60,60,,,,,,,,,50,50,36,67,96,conservative,1548,1560,1625,,,,,,,,,89,0,226,,95,0,,,,,,
1089035,3808,最上家,里見|義近,さとみ|よしちか,里見義近,,最上家,山形城,最上家臣。最上義光に従い多くの戦功を挙げ上山城２万１千石を領した。最上義光の没後その遺言により、最上義康謀殺への加担を理由として連枝衆とともに粛清された。,77,最上家臣。最上義光に従い多くの戦功を挙げ上山城２万１千石を領した。最上義光の没後その遺言により、最上義康謀殺への加担を理由として連枝衆とともに粛清された。,77,324,64,69,59,67,65,58,,D,,,,,,,31,23,52,34,87,conservative,1542,1554,1614,true,,,,,,,,89,0,226,,95,300,true,,,,,
1089036,3809,最上家,里見|義正,さとみ|よしまさ,里見義正,,最上家,山形城,最上家臣。義近の子。里見民部。実名不詳。最上義親の擁立を画策し、最上義康を謀殺。最上義光による調査の中、危機を察知して山形を去ったが、捕縛され粛清された。,77,最上家臣。義近の子。里見民部。実名不詳。最上義親の擁立を画策し、最上義康を謀殺。最上義光による調査の中、危機を察知して山形を去ったが、捕縛され粛清された。,77,337,61,72,59,72,73,66,D,,,,,,,謀将,58,61,61,30,87,aggressive,1564,1576,1603,true,里見義近の子。別名：里見民部,1089035,,,,,,89,0,226,,95,0,,,,,,
1089037,3810,最上家,里見|正光,さとみ|まさみつ,里見正光,,最上家,山形城,最上家臣。里見義正の子。1603年、最上義康謀殺への加担を理由に捕縛された。最上義光の没後、その遺言を受けて連枝衆とともに粛清された。,65,最上家臣。里見義正の子。1603年、最上義康謀殺への加担を理由に捕縛された。最上義光の没後、その遺言を受けて連枝衆とともに粛清された。,65,248,51,57,45,43,52,54,,,,,,,,,58,61,47,40,87,balanced,1586,1598,1614,true,里見義正の子,1089036,,,,,,89,0,226,,95,0,,,,,,
1089038,3811,最上家,清水|義高,しみず|よしたか,清水義高,,最上家,山形城,,0,,0,235,56,47,41,40,51,44,,,,,,,,,20,8,34,55,96,balanced,1508,1520,1565,,,,,,,,,89,0,226,,95,0,,,,,,
1089039,3812,最上家,清水|義氏,しみず|よしうじ,清水義氏,,最上家,山形城,,0,,0,194,50,38,43,33,30,48,,,,,,,,,50,50,30,75,96,balanced,1547,1559,1586,,清水義高の子,1089038,,,,,,89,0,226,,95,0,,,,,,
1089040,3813,最上家,志村|光清,しむら|あききよ,志村光清,,最上家,山形城,,0,,0,256,56,59,47,43,51,52,,,,,,,,,36,30,47,58,97,balanced,1535,1547,1589,,,,,,,,,89,0,226,,95,0,,,,,,
1089041,3814,最上家,志村|光安,しむら|あきやす,志村光安,,最上家,山形城,最上家臣。長谷堂城主。義光の重臣。関ヶ原合戦時は長谷堂城を守り、直江兼続率いる上杉軍の猛攻を防いだ。撤退する上杉軍を追撃し、のちに庄内亀ヶ崎城代となった。,77,,0,353,80,72,58,69,74,56,,B,,D,,,,,43,40,30,72,97,balanced,1560,1572,1609,,志村光清の子,1089040,,,,,,89,0,226,,95,300,,,,,,
1089042,3815,最上家,志村|光惟,しむら|あきこれ,志村光惟,,最上家,山形城,,0,,0,268,53,51,48,57,59,58,,,,,,,,,50,50,44,70,97,aggressive,1596,1608,1614,true,志村光安の子,1089041,,,,,,89,0,226,,95,0,,,,,,
1089043,3816,最上家,新関|久正,にいぜき|ひさまさ,新関久正,,最上家,山形城,,0,,0,253,39,38,73,59,44,54,,,,,,,,,43,40,33,67,95,conservative,1582,1594,1642,,,,,,,,,89,0,226,,95,0,,,,,,
1089044,3817,最上家,谷柏|直家,やがしわ|なおいえ,谷柏直家,,最上家,山形城,最上家臣。谷柏館主。慶長出羽合戦では畑谷城救援へ向かい、落城後は逃れる領民を保護。殿軍で討死した飯田播磨の首を奪い返し、上杉軍に攻められた谷柏館も守り抜いた。,79,,0,314,65,63,59,63,64,61,,D,,,,,,,36,30,31,67,95,aggressive,1551,1563,1610,,,,,,,,,89,0,226,,95,0,,,,,,
1048001,3818,本山家,本山|実茂,もとやま|さねしげ,本山実茂,,本山家,本山城,,0,,0,0,0,0,0,0,0,0,,,,,,,,,0,0,0,0,25,hermit,1470,9999,1529,,別名本山養明,,,,,,,48,0,135,,95,0,,,,,,
1048002,3819,本山家,本山|茂宗,もとやま|しげむね,本山茂宗,,本山家,本山城,土佐国衆。本山氏当主。本山城主。土佐七雄でも一条氏に次ぐ勢力を誇り、平野部へ進出して所領を拡大。長宗我部国親が旧領へ戻ると和睦し、子の茂辰に国親の娘を迎えた。,79,,0,298,69,64,45,55,65,49,D,,,,,,,,29,21,61,21,25,balanced,1508,1520,1555,,本山実茂の子。家督。別名本山清茂。梅慶,1048001,,,,,,48,0,135,,95,0,,,,,,
1048003,3820,本山家,本山|茂辰,もとやま|しげとき,本山茂辰,,本山家,本山城,,0,,0,228,44,46,45,44,49,56,,,,,,,,,26,16,39,50,25,balanced,1525,1537,1587,true,本山茂宗の子。家督,1048002,,,,,,48,0,135,本山城主,100,1000,,,,,,
1048004,3821,本山家,本山|貞茂,もとやま|さだしげ,本山貞茂,1571:本山|親茂:もとやま|ちかしげ,本山家,本山城,本山氏当主。茂辰の子。父の死後も長宗我部元親への抗戦を続け、のち降伏して親茂と称した。長宗我部家臣として信親に仕え、戸次川の戦いで信親とともに討死した。,76,,0,259,61,64,44,39,51,52,,D,,,,,,,26,16,31,61,25,aggressive,1545,1557,1587,true,本山茂辰の子。長宗我部国親の養子。家督。本山→長宗我部,1048003,1042002,,,,,48,0,135,,95,500,true,,,,,
1048005,3822,本山家,本山|茂房,もとやま|しげふさ,本山茂房,,本山家,本山城,,0,,0,216,50,56,37,38,35,50,,,,,,,,,22,11,34,55,23,balanced,1564,1576,1620,,本山貞茂の子。本山→長宗我部,1048004,,,,,,48,0,135,,95,0,,,,,,
1048006,3823,本山家,本山|茂安,もとやま|しげやす,本山茂安,,本山家,本山城,,0,,0,264,60,64,44,45,51,51,,,,,,,,,33,26,28,70,23,balanced,1587,1599,1649,,本山茂房の子。本山→長宗我部,1048005,,,,,,48,0,135,,95,0,,,,,,
1048007,3824,本山家,本山|茂慶,もとやま|しげよし,本山茂慶,,本山家,本山城,,0,,0,241,36,46,53,59,47,47,,,,,,,,,26,16,29,64,24,conservative,1545,1557,1598,,本山茂辰の子。家督。本山内記。本山→長宗我部,1048003,,,,,,48,0,135,,95,500,,,,,,
1048008,3825,本山家,本山|茂直,もとやま|しげなお,本山茂直,,本山家,本山城,,0,,0,206,44,54,36,33,39,52,,,,,,,,,26,16,31,62,22,balanced,1546,1558,1599,,本山茂辰の三男。本山→長宗我部,1048003,,,,,,48,0,135,,95,0,,,,,,
1048009,3826,本山家,本山|茂定,もとやま|しげさだ,本山茂定,,本山家,本山城,,0,,0,0,0,0,0,0,0,0,,,,,,,,,0,0,0,0,0,hermit,1510,9999,1557,,本山実茂の子,1048001,,,,,,48,0,135,,95,0,,,,,,
1048010,3827,本山家,本山|政貞,もとやま|まささだ,本山政貞,,本山家,本山城,,0,,0,252,47,34,66,53,52,51,,,,,,,,,22,11,22,72,23,balanced,1532,1544,1595,,本山茂定の子。本山→長宗我部,1048009,,,,,,48,0,135,,95,500,,,,,,
1048011,3828,本山家,吉松|光久,よしまつ|みつひさ,吉松光久,,本山家,本山城,,0,,0,218,28,26,61,58,45,49,,,,,,,,,29,21,33,61,14,aggressive,1519,1531,1562,,本山→長宗我部,,,,,,,48,0,135,,90,0,,,,,,
1048012,3829,本山家,吉松|光勝,よしまつ|みつかつ,吉松光勝,,本山家,本山城,,0,,0,257,63,60,44,41,49,58,D,,,D,,,,,36,30,24,76,14,balanced,1553,1565,1587,,吉松光久の子。本山→長宗我部,1048011,,,,,,48,0,135,,90,0,,,,,,
1039001,3830,因幡山名家,山名|時氏,やまな|ときうじ,山名時氏,,山名家,鹿野城,,0,,0,0,0,0,0,0,0,0,,,,,,,,,0,0,0,0,70,hermit,1303,9999,1371,,,,,,,,,93,0,105,,100,0,,,,,,
1039002,3831,因幡山名家,山名|氏冬,やまな|うじふゆ,山名氏冬,,山名家,鹿野城,,0,,0,0,0,0,0,0,0,0,,,,,,,,,0,0,0,0,70,hermit,1341,9999,1370,,山名時氏の子,1039001,,,,,,93,0,105,,95,0,,,,,,
1039003,3832,因幡山名家,山名|豊時,やまな|とよとき,山名豊時,,山名家,鹿野城,,0,,0,0,0,0,0,0,0,0,,,,,,,,,0,0,0,0,70,hermit,1440,9999,1503,,山名氏冬の子孫,1039002,,,,,,93,0,105,,95,0,,,,,,
1039004,3833,因幡山名家,山名|豊頼,やまな|とよより,山名豊頼,,山名家,鹿野城,,0,,0,246,46,47,57,51,45,59,,,,,,,,,26,16,31,61,70,conservative,1464,1476,1537,,山名豊時の子,1039003,,,,,,93,0,105,,95,0,,,,,,
1039005,3834,因幡山名家,山名|誠通,やまな|のぶみち,山名誠通,,山名家,鹿野城,因幡国守護。因幡山名氏当主。豊頼の子。但馬山名氏・祐豊と対立し、尼子氏の支援を受けて争った。鳥取城を築いて侵攻に備えるも、祐豊勢の奇襲を受けて討死した。,76,因幡国守護。因幡山名氏当主。豊頼の子。但馬山名氏・祐豊と対立し、尼子氏の支援を受けて争った。鳥取城を築いて侵攻に備えるも、祐豊勢の奇襲を受けて討死した。,76,294,62,49,61,64,58,62,,,,,,,,,26,16,52,32,70,aggressive,1493,1505,1548,true,山名豊頼の子,1039004,,,,,,93,0,105,,95,0,,,,,,
1039006,3835,因幡山名家,山名|豊通,やまな|とよみち,山名豊通,,山名家,鹿野城,山名誠通の子。尼子晴久の支援を受けて鹿野城を拠点に但馬山名氏と争い、因幡山名氏再興を図った。晴久の没後は勢力を失い、武田高信の謀略により毒殺された。,74,山名誠通の子。尼子晴久の支援を受けて鹿野城を拠点に但馬山名氏と争い、因幡山名氏再興を図った。晴久没後は勢力を失い、武田高信の謀略により毒殺された。,73,186,35,33,37,42,39,53,,,,,,,,,26,16,37,53,70,balanced,1530,1542,1563,true,山名誠通の子。別名：山名豊成,1039005,,,,,,93,0,105,鹿野城主,95,1000,,,,205,上野介,
1039007,3836,因幡山名家,山名|豊次,やまな|とよつぐ,山名豊次,,山名家,鹿野城,山名誠通の子。兄・豊通が武田高信に謀殺され、家督を継ぐも武田高信に攻められ敗れて自害した。因幡山名氏嫡流最後の当主となった。,62,山名誠通の子。兄・豊通が武田高信に謀殺され、家督を継ぐも武田高信に攻められ敗れて自害した。因幡山名氏嫡流最後の当主となった。,62,190,41,38,35,34,42,57,,,,,,,,,26,16,24,72,69,aggressive,1531,1543,1564,true,山名誠通の子,1039005,,,,,,93,0,105,,95,500,,,,,,
1039008,3837,但馬山名家,山名|時義,やまな|ときよし,山名時義,,山名家,芦屋城,,0,,0,0,0,0,0,0,0,0,,,,,,,,,0,0,0,0,83,hermit,1346,9999,1389,,山名時氏の子,1039001,,,,,,39,0,238,,95,0,,,,,,
1039009,3838,但馬山名家,山名|致豊,やまな|むねとよ,山名致豊,,山名家,芦屋城,,0,,0,0,0,0,0,0,0,0,,,,,,,,,0,0,0,0,83,hermit,1468,9999,1536,,山名時義の子孫,1039008,,,,,,39,0,238,,95,0,,,,,,
1039010,3839,但馬山名家,山名|祐豊,やまな|すけとよ,山名祐豊,1569:0|韶凞:0|あきひろ,山名家,芦屋城,但馬国守護。致豊の子。生野銀山を基盤に勢力を築いた。山名氏の統一を図り因幡山名氏の誠通を討つも、尼子氏の勢力が因幡に及び、大内氏と結んで尼子氏と争った。,76,但馬国守護。致豊の子。生野銀山を基盤に勢力を築いた。山名氏の統一を図り因幡山名氏の誠通を討つも、尼子氏の勢力が因幡に及び、大内氏と結んで尼子氏と争った。,76,326,66,55,73,65,67,73,D,,,,,,,,25,15,62,45,83,balanced,1511,1523,1580,,山名致豊の子,1039009,,,,,,39,0,238,芦屋城主,100,1500,,,yamana_suketoyo.webp,57,右衛門督,
1039011,3840,但馬山名家,山名|氏政,やまな|うじまさ,山名氏政,1580:0|尭熙:0|あきひろ,山名家,芦屋城,但馬国守護。祐豊の子。有子山城主。秀吉の播磨侵攻に敗れて降伏。以降は豊臣氏に仕えた。関ヶ原の戦いでは西軍に属し、その後大阪城に迎え入れられた。,71,但馬国守護。祐豊の子。有子山城主。秀吉の播磨侵攻に敗れて降伏。以降は豊臣氏に仕えた。関ヶ原の戦いでは西軍に属し、その後大阪城に迎え入れられた。,71,200,40,41,43,40,36,56,,,,,,,,,50,50,41,60,83,balanced,1559,1571,1624,,山名祐豊の子,1039010,,,,,,39,0,238,,95,500,,,,,,
1039012,3841,但馬山名家,山名|豊定,やまな|とよさだ,山名豊定,,山名家,芦屋城,山名致豊の子。兄・祐豊の命を受けて因幡へ討ち入り、鳥取城・岩井城を中心として東因幡の支配を進めた。,49,山名致豊の子。兄・祐豊の命を受けて因幡へ討ち入り、鳥取城・岩井城を中心として東因幡の支配を進めた。,49,297,62,67,54,56,58,70,D,,,,,,,,25,15,51,63,80,balanced,1512,1524,1560,,山名致豊の子,1039009,,,,,,39,0,238,,95,200,,true,,91,中務少輔,
1039013,3842,但馬山名家,山名|豊数,やまな|とよかず,山名豊数,,山名家,芦屋城,因幡国守護。豊定の子。因幡国内は国衆の自立化が根強く国内統一に苦心するも、家中掌握もままならない中、重臣・武田高信が山名豊弘を擁立して挙兵。敗退し退去した。,78,因幡国守護。豊定の子。因幡国内は国衆の自立化が根強く国内統一に苦心するも、家中掌握もままならない中、重臣・武田高信が山名豊弘を擁立して挙兵。敗退し退去した。,78,175,33,34,44,31,33,48,,,,,,,,,25,15,46,40,80,conservative,1545,1557,1564,true,山名豊定の子,1039012,,,,,,39,0,238,,95,300,,,,,,
1039014,3843,但馬山名家,山名|豊国,やまな|とよくに,山名豊国,,山名家,芦屋城,因幡山名氏当主。豊定の子。鳥取城主。織田氏の侵攻に際し、単身陣中を訪れ秀吉を通して降伏した。関ヶ原では東軍に属し、家康・秀忠に仕えて信任を得た。,72,因幡山名氏当主。豊定の子。鳥取城主。織田氏の侵攻に際し、単身陣中を訪れ秀吉を通して降伏した。関ヶ原では東軍に属し、家康・秀忠に仕えて信任を得た。,72,281,44,47,57,68,65,63,,,,,,,,,25,15,26,74,78,conservative,1548,1560,1626,,山名豊定の子,1039012,,,,,,39,0,238,,95,0,,,,,,
1039015,3844,因幡山名家,山名|豊弘,やまな|とよひろ,山名豊弘,,山名家,鹿野城,山名致豊の子。武田高信の擁立により因幡守護となるも実権は高信が掌握した。国内抗争の激化により勢力を喪失し、高信が謀殺され失脚。晩年は豊国と和解した。,74,山名致豊の子。武田高信の擁立により因幡守護となるも実権は高信が掌握した。国内抗争の激化により勢力を喪失し、高信が謀殺され失脚。晩年は豊国と和解した。,74,156,31,29,26,34,36,49,,,,,,,,,36,30,48,42,5,conservative,1523,1535,1582,,山名致豊の子,1039009,,,,,,93,0,105,,85,700,,,,,,
1039016,3845,但馬山名家,太田垣|宗寿,おおたがき|むねひさ,太田垣宗寿,,山名家,竹田城,,0,,0,165,31,30,38,32,34,38,,,,,,,,,33,26,38,55,79,balanced,1479,1491,1538,,,,,,,,,39,0,85,,95,0,,,,,,
1039017,3846,但馬山名家,太田垣|朝延,おおたがき|とものぶ,太田垣朝延,,山名家,竹田城,山名家臣。竹田城主。太田垣氏六代の城主となり、但馬の要衝を守った。生野銀山の領有権を主君・山名祐豊から奪取。羽柴秀吉の但馬侵攻後、輝延が七代城主となった。,77,,0,276,50,49,59,60,58,54,,,,,,,,,33,26,38,55,79,balanced,1506,1518,1570,,太田垣宗寿の子,1039016,,,,,,39,0,85,竹田城主,95,500,,,,,,
1039018,3847,但馬山名家,太田垣|輝延,おおたがき|てるのぶ,太田垣輝延,,山名家,竹田城,,0,,0,226,45,47,42,43,49,47,,,,,,,,,33,26,38,55,79,aggressive,1536,1548,1585,,太田垣朝延の子,1039017,,,,,,39,0,85,,95,0,,,,,,
1039019,3848,但馬山名家,垣屋|続成,かきや|つぐなり,垣屋続成,,山名家,竹田城,山名家臣。但馬垣屋氏当主。垣屋政忠の子。幼くして父を失い、叔父・豊成の後見を受ける。守護・山名致豊と長年にわたり対立し、但馬此隅山城を攻め、のち和解した。,77,,0,270,45,44,56,61,64,50,,,,,,,,,25,15,83,31,80,balanced,1482,1494,1570,,,,,,,,,39,0,85,,95,300,,,,,,
1039020,3849,但馬山名家,垣屋|光成,かきや|みつなり,垣屋光成,,山名家,竹田城,,0,,0,251,49,53,48,49,52,27,D,,,D,,,,,25,15,69,50,80,balanced,1523,1535,1592,,垣屋続成の子,1039019,,,,,,39,0,85,,95,0,,,,,,
1039021,3850,但馬山名家,垣屋|恒総,かきや|つねふさ,垣屋恒総,,山名家,竹田城,,0,,0,219,45,46,45,41,42,46,,,,,,,,,36,30,43,50,80,aggressive,1563,1575,1600,true,垣屋光成の子,1039020,,,,,,39,0,85,,95,0,,,,,,
1039022,3851,但馬山名家,田結庄|是義,たいのしょう|これよし,田結庄是義,,山名家,芦屋城,,0,,0,246,42,49,44,51,60,46,,,,,,,,,25,15,77,38,89,balanced,1518,1530,1575,,,,,,,,,39,0,238,,95,0,,,,,,
1039023,3852,但馬山名家,中村|某,なかむら|なにがし,中村某,,山名家,芦屋城,,0,,0,0,0,0,0,0,0,0,,,,,,,,,0,0,0,0,79,hermit,1400,9999,1450,,,,,,,,,39,0,238,,95,0,,,,,,
1039024,3853,但馬山名家,中村|政重,なかむら|まさしげ,中村政重,,山名家,芦屋城,,0,,0,234,53,57,41,38,45,44,,,,,,,,,22,11,57,51,79,balanced,1493,1505,1561,true,中村某の子孫。因幡山名→1546但馬山名,,,,,,,39,0,238,,95,0,,,,,,
1039025,3854,但馬山名家,中村|豊重,なかむら|とよしげ,中村豊重,,山名家,芦屋城,,0,,0,258,59,58,42,42,57,51,,,,,,,,,26,16,48,59,79,aggressive,1516,1528,1563,true,中村政重の子。因幡山名→1546但馬山名,1039024,,,,,,39,0,238,,95,0,,,,,,
1039026,3855,但馬山名家,中村|国重,なかむら|くにしげ,中村国重,,山名家,芦屋城,,0,,0,212,43,35,56,35,43,44,,,,,,,,,26,16,28,80,79,balanced,1554,1566,1573,,中村豊重の子,1039025,,,,,,39,0,238,,95,0,,,,,,
1039027,3856,但馬山名家,中村|春続,なかむら|はるつぐ,中村春続,,山名家,芦屋城,,0,,0,260,45,52,45,55,63,49,D,,,,,,,,24,14,63,37,83,balanced,1529,1541,1581,true,中村某の子孫。山名→吉川経家,,,,,,,39,0,238,,90,300,true,,,,,
1039028,3857,因幡山名家,橋本|正頼,はしもと|まさより,橋本正頼,,山名家,鹿野城,,0,,0,211,41,39,45,47,39,41,,,,,,,,,22,11,54,55,89,balanced,1490,1502,1551,,,,,,,,,93,0,105,,95,0,,,,,,
1039029,3858,因幡山名家,橋本|正恒,はしもと|まさつね,橋本正恒,,山名家,鹿野城,,0,,0,196,40,46,39,34,37,41,,,,,,,,,26,16,15,84,89,aggressive,1507,1519,1563,true,橋本正頼の子,1039028,,,,,,93,0,105,,95,0,,,,,,
1039030,3859,因幡山名家,橋本|宗継,はしもと|むねつぐ,橋本宗継,,山名家,鹿野城,,0,,0,192,41,45,34,37,35,40,,,,,,,,,26,16,21,76,89,aggressive,1528,1540,1580,true,橋本正恒の子,1039029,,,,,,93,0,105,,95,0,,,,,,
1039031,3860,因幡山名家,橋本|宗信,はしもと|むねのぶ,橋本宗信,,山名家,鹿野城,,0,,0,195,40,43,43,36,33,42,,,,,,,,,36,30,10,53,89,balanced,1549,1561,1585,,橋本宗継の子。山名→浪人,1039030,,,,,,93,0,105,,95,0,,,,,,
1039032,3861,因幡山名家,橋本|長信,はしもと|ながのぶ,橋本長信,,山名家,鹿野城,,0,,0,201,43,50,35,37,36,46,,,,,,,,,50,50,58,56,88,aggressive,1555,1567,1615,true,橋本宗継の子。山名→豊臣秀頼,1039030,,,,,,93,0,105,,95,0,,,,,,
1039033,3862,但馬山名家,森下|通与,もりした|みちよ,森下通与,,山名家,芦屋城,,0,,0,250,47,53,41,49,60,46,D,,,,,,,,25,15,57,42,96,balanced,1537,1549,1581,true,山名→吉川経家,,,,,,,39,0,238,,90,0,,,,,,
1039034,3863,但馬山名家,八木|豊信,やぎ|とよのぶ,八木豊信,,山名家,竹田城,但馬国衆。八木城主。山名氏の四天王に数えられた八木氏最後の城主。秀長の但馬攻めに降伏して秀吉に仕え、鳥取城攻めでは若桜鬼ヶ城を守備した。のちに島津家久へ仕えた。,80,,0,257,47,45,59,55,51,56,,,,,,,,,50,50,32,72,79,conservative,1524,1536,1582,,,,,,,,,39,0,85,,95,0,,,,,,
1039035,3864,但馬山名家,吉岡|定勝,よしおか|さだかつ,吉岡定勝,,山名家,芦屋城,,0,,0,250,61,65,32,40,52,51,D,,,,,,,,36,30,61,48,91,aggressive,1532,1544,1606,,,,,,,,,39,0,238,,90,0,,,,,,
1226001,3865,因幡武田家,武田|国信,たけだ|くにのぶ,武田国信,,山名家,鳥取城,因幡山名氏家臣。主君・誠通の命でのちの鳥取城を改修するも、あまりに堅固であったため謀反の容疑をかけられ謀殺された。子の高信はのちに山名氏に対して反旗を翻した。,79,因幡山名氏家臣。主君・誠通の命でのちの鳥取城を改修するも、あまりに堅固であったため謀反の容疑をかけられ謀殺された。子の高信はのちに山名氏に対して反旗を翻した。,79,282,57,53,62,59,51,58,,,,,,,,,26,16,23,73,11,balanced,1497,1509,1545,true,,,,,,,,93,0,84,,95,0,,,,,,
1226002,3866,因幡武田家,武田|高信,たけだ|たかのぶ,武田高信,,山名家,鳥取城,武田国信の子。但馬山名氏・因幡山名氏の内紛に乗じて鳥取城で独立し、毛利氏の支援を受けて因幡国を事実上支配するも、山中幸盛ら率いる尼子氏再興軍に敗れて没落した。,79,武田国信の子。但馬山名氏・因幡山名氏の内紛に乗じて鳥取城で独立し、毛利氏の支援を受けて因幡国を事実上支配するも、山中幸盛ら率いる尼子氏再興軍に敗れて没落した。,79,332,67,64,60,66,75,69,D,D,,C,,,,,36,30,73,45,26,aggressive,1529,1541,1575,true,武田国信の子,1226001,,,,,,93,0,84,鳥取城主,75,500,,,,,,
1226003,3867,因幡武田家,武田|助信,たけだ|すけのぶ,武田助信,,山名家,鳥取城,武田高信の子。父・高信の没後は南条氏に引き取られ鹿野城番に任じられるも、同じく鹿野城番だった亀井茲矩に追放された。のちに山名豊国に誘いを受け仕官した。,75,武田高信の子。父・高信の没後は南条氏に引き取られ鹿野城番に任じられるも、同じく鹿野城番だった亀井茲矩に追放された。のちに山名豊国に誘いを受け仕官した。,75,265,54,45,53,54,59,57,,,,,,,,,36,30,56,45,26,balanced,1561,1573,1646,,武田高信の子,1226002,,,,,,93,0,84,,85,0,,,,,,
1226004,3868,因幡武田家,中島|正義,なかじま|まさよし,中島正義,,山名家,鳥取城,巨濃郡中島城主。知勇兼備の士で、武田高信と結んで勢力を拡大した。山名豊弘に従って軍功を挙げ、陸上・宇治・大野を領したが、秀吉来攻の際に落城。流浪の身となった。,79,巨濃郡中島城主。知勇兼備の士で、武田高信と結んで勢力を拡大した。山名豊弘に従って軍功を挙げ、陸上・宇治・大野を領したが、秀吉来攻の際に落城。流浪の身となった。,79,295,65,69,48,49,64,56,,,,D,,,,,31,23,33,61,29,aggressive,1528,1540,1590,,因幡武田→毛利,,,,,,,93,0,84,,85,0,true,,,,,
1226005,3869,因幡武田家,中島|正時,なかじま|まさとき,中島正時,,山名家,鳥取城,中島正義の子。巨濃郡で陸上・宇治・大野を領した。主君・高信の没落後は流浪し、のちに毛利氏に仕え、吉川経家に従って羽柴秀吉勢と戦った。,66,中島正義の子。巨濃郡で陸上・宇治・大野を領した。主君・高信の没落後は流浪し、のちに毛利氏に仕え、吉川経家に従って羽柴秀吉勢と戦った。,66,245,54,48,54,43,46,48,,,,,,,,,31,23,28,61,29,balanced,1545,1557,1611,,中島正義の子。因幡武田→毛利→浪人,1226004,,,,,,93,0,84,,85,0,,,,,,
1226006,3870,因幡武田家,広岡|国宣,ひろおか|くにのぶ,広岡国宣,,山名家,鳥取城,因幡武田家臣。主君・高信に従い橋本正恒と戦い戦功を挙げ、橋本城代に任じられた。高信の没後は帰農した。,50,因幡武田家臣。主君・高信に従い橋本正恒と戦い戦功を挙げ、橋本城代に任じられた。高信の没後は帰農した。,50,233,50,56,52,36,39,44,,,,,,,,,22,11,16,60,28,balanced,1527,1539,1579,,因幡武田→浪人,,,,,,,93,0,84,,85,0,,,,,,
1226007,3871,因幡武田家,福田|光信,ふくだ|みつのぶ,福田光信,,山名家,鳥取城,因幡武田家臣。法美郡津ノ井城主。津ノ井七ヶ村を領した。主君・高信に従って山名誠通と戦い戦功を挙げた。高信の没落後は毛利輝元に従って羽柴秀吉と争い敗退した。,77,因幡武田家臣。法美郡津ノ井城主。津ノ井七ヶ村を領した。主君・高信に従って山名誠通と戦い戦功を挙げた。高信の没落後は毛利輝元に従って羽柴秀吉と争い敗退した。,77,200,48,48,34,33,37,43,,,,,,,,,36,30,38,56,28,balanced,1541,1553,1580,true,因幡武田→毛利,,,,,,,93,0,84,,85,0,,,,,,
1226008,3872,因幡武田家,三上|豊範,みかみ|とよのり,三上豊範,,山名家,鳥取城,出石宝鏡寺住職。二上山城主。武田高信のリ版に呼応して山名豊国勢と争い戦功を挙げた。1564年・山名豊数勢の襲撃を受け、敗れて討死した。,65,出石宝鏡寺住職。二上山城主。武田高信のリ版に呼応して山名豊国勢と争い戦功を挙げた。1564年・山名豊数勢の襲撃を受け、敗れて討死した。,65,225,41,39,52,49,44,41,,,,,,,,,18,5,42,56,28,conservative,1520,1532,1564,true,,,,,,,,93,0,84,,85,0,,,,,,
1226009,3873,因幡武田家,矢田|幸佐,やだ|ゆきすけ,矢田幸佐,,山名家,鳥取城,因幡武田家臣。気多郡荒神山城主。主君・高信の没後は毛利輝元に仕え、羽柴秀吉家臣の亀井茲矩と戦って敗れ、倉吉城に落ち延びた。,61,因幡武田家臣。気多郡荒神山城主。主君・高信の没後は毛利輝元に仕え、羽柴秀吉家臣の亀井茲矩と戦って敗れ、倉吉城に落ち延びた。,61,206,47,47,38,36,38,44,,,,,,,,,36,30,40,54,27,balanced,1535,1547,1588,,因幡武田→毛利,,,,,,,93,0,84,,85,0,,,,,,
1029001,3874,結城家,結城|朝広,ゆうき|ともひろ,結城朝広,,結城家,結城城,,0,,0,0,0,0,0,0,0,0,,,,,,,,,0,0,0,0,42,hermit,1190,9999,1240,,結城・白河結城氏一門連結用,,,,,,,29,0,37,,95,0,,,,,,
1029002,3875,結城家,小山|泰朝,おやま|やすとも,小山泰朝,,結城家,結城城,,0,,0,0,0,0,0,0,0,0,,,,,,,,,0,0,0,0,42,hermit,1375,9999,1425,,結城朝広の子孫,1029001,,,,,,29,0,37,,95,0,,,,,,
1029003,3876,結城家,結城|氏朝,ゆうき|うじとも,結城氏朝,,結城家,結城城,,0,,0,0,0,0,0,0,0,0,,,,,,,,,0,0,0,0,42,hermit,1402,9999,1441,,小山泰朝の子,1029002,,,,,,29,0,37,,95,0,,,,,,
1029004,3877,結城家,結城|長朝,ゆうき|ながとも,結城長朝,,結城家,結城城,,0,,0,0,0,0,0,0,0,0,,,,,,,,,0,0,0,0,42,hermit,1440,9999,1490,,結城氏朝の子,1029003,,,,,,29,0,37,,95,0,,,,,,
1029005,3878,結城家,結城|氏広,ゆうき|うじひろ,結城氏広,,結城家,結城城,,0,,0,0,0,0,0,0,0,0,,,,,,,,,0,0,0,0,42,hermit,1451,9999,1481,,結城長朝の子,1029004,,,,,,29,0,37,,95,0,,,,,,
1029006,3879,結城家,結城|政朝,ゆうき|まさとも,結城政朝,,結城家,結城城,下総結城氏15代当主。幼くして家督を継ぎ、専横した重臣・多賀谷和泉守を討って家中を立て直した。宇都宮忠綱を鹿沼へ追い、芳賀興綱を宇都宮城主に据えて勢力を広げた。,79,,0,354,74,66,68,76,70,73,C,,,,,,,,36,30,51,38,42,balanced,1479,1491,1545,,結城氏広の子,1029005,,,,,,29,0,37,,95,0,,,,,,
1029007,3880,結城家,結城|政勝,ゆうき|まさかつ,結城政勝,,結城家,結城城,結城氏16代当主。小山・真壁・多賀谷氏らと連携し、海老島で小田氏治を破って最大の領域を築いた。家法「結城氏新法度」を定め、家臣の結束と領国支配を整えた。,75,,0,340,67,57,79,71,66,62,D,,,D,,,,,36,30,43,50,42,conservative,1503,1515,1559,,結城政朝の子,1029006,,,,,,29,0,37,,95,0,,,,,,
1029008,3881,結城家,小山|高朝,おやま|たかとも,小山高朝,,結城家,祇園城,結城政朝の子。小山政長の養子となり小山氏を継ぐ。古河公方足利晴氏に従い、宇都宮氏らと抗争。北条氏が義氏を公方に立てると所領を削られ、のち家督を子の秀綱に譲った。,80,,0,329,71,63,68,67,60,70,D,,,,,,,,36,30,43,50,35,balanced,1508,1520,1575,,結城政朝の子、小山政長の養子,1029006,1029011,,,,,29,0,232,祇園城主,95,500,,,,,,
1029009,3882,結城家,小山|秀綱,おやま|ひでつな,小山秀綱,,結城家,祇園城,下野国衆。小山城主。小山高朝の子。上杉氏と北条氏の間で立場を変えながら家の存続を図った。北条氏の攻勢で小山城を失って従属し、小田原征伐後に所領を失った。,76,,0,248,54,49,54,44,47,59,,,,,,,,,36,30,39,55,35,conservative,1529,1541,1603,,小山高朝の子,1029008,,,,,,29,0,232,,95,0,,,,,,
1029010,3883,結城家,結城|晴朝,ゆうき|はるとも,結城晴朝,,結城家,結城城,結城氏当主。佐竹・小山・宇都宮氏らと抗争しながら本領の結城を守った。小田原征伐では豊臣秀吉に従い、小山城を攻略。徳川家康の子・秀康を養子に迎えて家督を譲った。,79,,0,312,58,57,57,75,65,67,D,,,,,,,,36,30,51,38,37,balanced,1534,1546,1614,,小山高朝の子、結城政勝の養子,1029008,1029007,,,,,29,0,37,結城城主,100,1500,,,,65,中務大輔,
1029011,3884,結城家,小山|政長,おやま|まさなが,小山政長,,結城家,祇園城,,0,,0,0,0,0,0,0,0,0,,,,,,,,,0,0,0,0,35,hermit,1490,9999,1540,,小山泰朝の子孫,1029002,,,,,,29,0,232,,95,0,,,,,,
1029012,3885,結城家,山川|直貞,やまかわ|なおさだ,山川直貞,,結城家,祇園城,,0,,0,0,0,0,0,0,0,0,,,,,,,,,0,0,0,0,33,hermit,1515,9999,1565,,小山泰朝の子孫,1029002,,,,,,29,0,232,,95,0,,,,,,
1029013,3886,結城家,山川|氏重,やまかわ|うじしげ,山川氏重,,結城家,祇園城,,0,,0,243,39,48,54,50,52,46,,,,,,,,,22,11,58,49,33,conservative,1536,1548,1585,,山川直貞の子,1029012,,,,,,29,0,232,,95,200,,,,,,
1029014,3887,結城家,山川|朝信,やまがわ|とものぶ,山川朝信,,結城家,祇園城,,0,,0,269,35,47,69,58,60,55,,,,,,,,,24,14,44,71,33,conservative,1555,1567,1611,,山川氏重の子。結城四天王の一。別名：山川朝信？,1029013,,,,,,29,0,232,,95,100,,,,,,
1029015,3888,結城家,山川|朝貞,やまかわ|ともさだ,山川朝貞,,結城家,祇園城,,0,,0,240,37,36,64,54,49,49,,,,,,,,,28,19,15,78,33,conservative,1584,1596,1640,,山川朝信の子。結城→越前結城,1029014,,,,,,29,0,232,,95,0,,,,,,
1029016,3889,結城家,山川|晴重,やまかわ|はるしげ,山川晴重,,結城家,祇園城,,0,,0,244,54,49,51,45,45,46,,,,,,,,,20,8,48,63,32,conservative,1566,1578,1593,,山川氏重の子,1029013,,,,,,29,0,232,,95,0,,,,,,
1029017,3890,結城家,岩上|朝堅,いわかみ|ともかた,岩上朝堅,,結城家,結城城,結城家臣。もとは三浦義堅。功を認められて岩上氏を継ぎ、晴朝から一字を受け朝堅と称した。結城重臣として常陸方面を受け持ち、佐竹氏など周辺勢力との外交に携わった。,79,,0,275,49,33,58,72,63,56,,,,,,,,,26,16,24,72,29,conservative,1511,1523,1569,,結城四天王の一,,,,,,,29,0,37,,90,200,true,,,,,
1029018,3891,結城家,岩上|持家,いわかみ|もちいえ,岩上持家,,結城家,結城城,,0,,0,245,35,36,49,68,57,51,,,,,,,,,36,30,18,63,19,conservative,1543,1555,1607,,岩上朝堅の子。結城→越前結城,1029017,,,,,,29,0,37,,95,0,,,,,,
1029019,3892,結城家,片見|晴信,かたみ|はるのぶ,片見晴信,,結城家,結城城,,0,,0,267,61,58,48,46,54,55,,,,,,,,,35,29,26,73,39,balanced,1556,1568,1602,,,,,,,,,29,0,37,,95,0,,,,,,
1029020,3893,結城家,多賀谷|家稙,たがや|いえたね,多賀谷家稙,,結城家,結城城,,0,,0,262,49,40,46,60,67,50,,,,,,,,,22,11,52,72,34,balanced,1459,1471,1536,,別名：多賀谷基泰,,,,,,,29,0,37,,95,0,,,,,,
1029021,3894,結城家,多賀谷|家重,たがや|いえしげ,多賀谷家重,,結城家,結城城,,0,,0,236,57,55,40,38,46,46,,,,,,,,,22,11,57,65,34,aggressive,1480,1492,1554,,多賀谷家稙の子,1029020,,,,,,29,0,37,,90,0,,,,,,
1029022,3895,結城家,多賀谷|重政,たがや|しげまさ,多賀谷重政,,結城家,結城城,,0,,0,236,51,57,51,33,44,45,,,,,,,,,22,11,68,49,34,aggressive,1499,1511,1561,,多賀谷家重の子,1029021,,,,,,29,0,37,,90,100,,true,,,,
1029023,3896,結城家,多賀谷|政経,たがや|まさつね,多賀谷政経,,結城家,結城城,,0,,0,214,43,58,38,37,38,42,,,,,,,,,24,14,52,45,34,aggressive,1519,1531,1576,,多賀谷重政の子,1029022,,,,,,29,0,37,,90,200,,,,,,
1029024,3897,結城家,多賀谷|重経,たがや|しげつね,多賀谷重経,,結城家,結城城,多賀谷氏当主。下妻城主。政経の子。結城・佐竹氏と結び常陸西南部へ勢力を広げ、小田原征伐後に所領を安堵された。関ヶ原後は所領を失い、佐竹氏と出羽へ移った。,76,,0,274,67,74,39,40,54,52,D,,,,,,,,29,21,73,32,24,aggressive,1558,1570,1618,,多賀谷政経の子。結城四天王の一,1029023,,,,,,29,0,37,,90,0,,,,,,
1029025,3898,結城家,多賀谷|三経,たがや|みつつね,多賀谷三経,,結城家,結城城,結城家臣。多賀谷重経の子。関ヶ原では秀康の先陣として大田原に布陣し上杉氏に備えた。戦後は越前転封に従い、あわら周辺三万一千石を領してため池を築き領内を整えた。,79,,0,271,54,47,62,54,54,56,,,,,,,,,40,36,17,74,24,conservative,1578,1590,1607,,多賀谷重経の子,1029024,,,,,,29,0,37,,90,0,,,,,,
1029026,3899,結城家,多賀谷|為広,たがや|ためひろ,多賀谷為広,,結城家,結城城,,0,,0,220,40,38,47,48,47,46,,,,,,,,,29,21,25,65,30,balanced,1513,1525,1573,,多賀谷家重の子,1029021,,,,,,29,0,37,,90,0,,,,,,
1029027,3900,結城家,多賀谷|政広,たがや|まさひろ,多賀谷政広,,結城家,結城城,結城家臣。安芸守。政朝以来の家臣で、晴朝の代には北条・佐竹・宇都宮氏との外交使者を務め、小栗城に在番した。小田原征伐後、豊臣秀吉から小山領内に知行を与えられた。,80,,0,241,36,33,51,64,57,49,,,,,,,,,29,21,26,71,30,conservative,1537,1549,1595,,多賀谷為広の子,1029026,,,,,,29,0,37,,90,0,,,,,,
1029028,3901,結城家,玉岡|政清,たまおか|まさきよ,玉岡政清,,結城家,結城城,,0,,0,279,60,46,58,52,63,55,,,,,,,,,32,25,19,67,39,conservative,1512,1524,1559,,,,,,,,,29,0,37,,95,0,,,,,,
1029029,3902,結城家,玉岡|政広,たまおか|まさひろ,玉岡政広,,結城家,結城城,,0,,0,232,46,32,53,47,54,48,,,,,,,,,32,25,22,63,39,conservative,1534,1546,1576,,玉岡政清の子,1029028,,,,,,29,0,37,,95,0,,,,,,
1029030,3903,結城家,長田|持重,ながた|もちしげ,長田持重,,結城家,結城城,,0,,0,228,53,69,33,32,41,55,,,,,,,,,64,70,41,67,39,aggressive,1550,1562,1609,,,,,,,,,29,0,37,,95,0,,,,,,
1029031,3904,結城家,水谷|治持,みずたに|はるもち,水谷治持,,結城家,結城城,,0,,0,0,0,0,0,0,0,0,,,,,,,,,0,0,0,0,23,hermit,1490,9999,1530,,,,,,,,,29,0,37,,95,0,,,,,,
1029032,3905,結城家,水谷|正村,みずのや|まさむら,水谷正村,,結城家,結城城,結城家臣。下館城主。結城四天王の一人として宇都宮氏と戦い、久下田城を築いて領国北西の守りを固めた。小田原征伐後は秀吉から所領を認められ、家督を弟・勝俊へ譲った。,80,,0,341,70,74,53,76,68,60,,C,,D,,,,,26,16,47,38,23,aggressive,1524,1536,1598,,水谷治持の子。結城四天王の一。結城→越前結城→徳川,1029031,,,,,,29,0,37,,90,200,,,,,,
1029033,3906,結城家,水谷|勝俊,みずのや|かつとし,水谷勝俊,,結城家,結城城,結城家臣。水谷治持の子。兄・正村から家督を継ぎ、朝鮮出兵では肥前名護屋城を守備。のち徳川家康に仕え常陸下館三万一千石を領した。定林寺には勝俊寄進の銅鐘が残る。,79,,0,294,64,65,43,61,61,57,D,,,,,,,,50,50,38,64,23,balanced,1542,1554,1606,,水谷治持の子。結城→越前結城→徳川,1029031,,,,,,29,0,37,,90,0,,,,,,
1029034,3907,結城家,水谷|勝隆,みずのや|かつたか,水谷勝隆,,結城家,結城城,下館藩主を経て備中成羽へ移り、成羽川の水路変更と陣屋建設を進めた。のち備中松山五万石を領し、高梁川を改修して高瀬舟を通し、新田開発や鉱山振興にも力を注いだ。,78,,0,310,58,52,75,65,60,59,,,,,,,,,50,50,49,47,23,conservative,1597,1606,1664,,水谷勝俊の子。結城→越前結城→徳川,1029033,,,,,,29,0,37,,90,0,,,,,,
1078001,3908,白河結城家,白河|政朝,しらかわ|まさとも,白河政朝,,白河家,白河小峰城,白河結城氏７代当主。,10,白河結城氏７代当主。,10,0,0,0,0,0,0,0,,,,,,,,,0,0,0,0,35,hermit,1440,9999,1510,,結城朝広の子孫。別名：結城政朝,1029001,,,,,,78,0,213,,95,0,,,,,,
1078002,3909,白河結城家,白河|顕頼,しらかわ|あきより,白河顕頼,,白河家,白河小峰城,白河結城氏８代当主。,10,白河結城氏８代当主。,10,171,29,27,35,47,33,43,,,,,,,,,29,21,40,50,35,conservative,1475,1487,1543,,白河政朝の子。別名：結城顕頼,1078001,,,,,,78,0,213,,95,0,,,,,,
1078003,3910,白河結城家,白河|義綱,しらかわ|よしつな,白河義綱,1542:0|道海:0|どうかい,白河家,白河小峰城,白河結城氏９代当主。,10,白河結城氏９代当主。,10,203,39,34,38,49,43,48,,,,,,,,,29,21,37,55,35,balanced,1499,1511,1559,,白河顕頼の子。別名：白河道海。別名：結城義綱,1078002,,,,,,78,0,213,,95,0,,,,,,
1078004,3911,白河結城家,白河|晴綱,しらかわ|はるつな,白河晴綱,,白河家,白河小峰城,白河結城氏10代当主。,10,白河結城氏10代当主。,10,237,44,43,44,59,47,52,,,,,,,,,29,21,49,38,35,aggressive,1519,1531,1573,,白河道海の子。別名：結城晴綱,1078003,,,,,,78,0,213,白河小峰城主,95,1500,,,,39,左京大夫,
1078005,3912,白河結城家,中畠|晴常,なかはた|はるつね,中畠晴常,,白河家,白河小峰城,,0,,0,176,28,40,39,38,31,37,,,,,,,,,22,11,47,66,37,conservative,1543,1555,1579,true,白河晴綱の子,1078004,,,,,,78,0,213,,95,0,,,,,,
1078006,3913,白河結城家,中畠|晴辰,なかはた|はるとき,中畠晴辰,,白河家,白河小峰城,,0,,0,200,46,45,45,33,31,41,,,,,,,,,22,11,49,62,37,balanced,1564,1576,1590,true,中畠晴常の子,1078005,,,,,,78,0,213,,95,0,,,,,,
1078007,3914,白河結城家,中畠|晴時,なかはた|はるとき,中畠晴時,,白河家,白河小峰城,,0,,0,188,38,46,29,31,44,41,,,,,,,,,29,21,45,57,38,balanced,1570,1582,1590,true,中畠晴常の子,1078005,,,,,,78,0,213,,95,0,,,,,,
1078008,3915,白河結城家,中畠|晴倶,なかはた|はるとも,中畠晴倶,,白河家,白河小峰城,,0,,0,166,27,8,35,44,52,33,,,,,,,,,18,5,15,52,38,hermit,1589,1601,1643,,中畠晴時の子,1078007,,,,,,78,0,213,,95,0,,,,,,
1078009,3916,白河結城家,白河|義顕,ゆうき|よしあき,白河義顕,,白河家,白河小峰城,白河結城氏11代当主。,10,白河結城氏11代当主。,10,146,28,22,34,32,30,40,,,,,,,,,29,21,28,67,35,conservative,1567,1579,1613,,白河晴綱の子。別名：結城義顕。,1078004,,,,,,78,0,213,,95,500,,,,,,
1078010,3917,白河結城家,白河|朝綱,ゆうき|ともつな,白河朝綱,,白河家,白河小峰城,白河結城氏12代当主。,10,白河結城氏12代当主。,10,168,35,28,37,36,32,38,,,,,,,,,29,21,16,65,35,balanced,1595,1607,1656,,白河義顕の子。別名：結城朝綱,1078009,,,,,,78,0,213,,95,200,,,,,,
1078011,3918,白河結城家,小針|頼広,こばり|よりひろ,小針頼広,,白河家,白河小峰城,,0,,0,188,32,25,54,33,44,36,,,,,,,,,18,5,22,56,24,conservative,1569,1581,1588,true,白河晴綱の子,1078004,,,,,,78,0,213,,95,0,,,,,,
1078012,3919,白河結城家,小峰|義親,こみね|よしちか,小峰義親,daimyo:白河|0:しらかわ|0,白河家,白河小峰城,仙河白河氏初代当主。,10,仙河白河氏初代当主。,10,297,55,61,58,64,59,53,,D,,,,,,,29,21,81,21,11,balanced,1541,1553,1626,,白河道海の子。別名：白河義親,1078003,,,,,,78,0,213,,95,300,,,,,,
1078013,3920,白河結城家,小峰|義名,こみね|よしな,小峰義名,,白河家,白河小峰城,白河結城家臣。小峰氏,10,白河結城家臣。小峰氏,10,236,42,59,42,45,48,45,,,,,,,,,27,18,62,32,12,balanced,1544,1556,1589,true,白河道海の子,1078003,,,,,,78,0,213,,90,0,,,,,,
1078014,3921,白河結城家,白河|義綱,しらかわ|よしつな,白河義綱,,白河家,白河小峰城,,0,,0,186,33,26,45,43,39,37,,,,,,,,,20,8,14,62,12,conservative,1592,1604,1639,,小峰義名の子、小峰義親の婿養子,1078013,1078012,,,,,78,0,213,,90,0,,,,,,
1078015,3922,白河結城家,大塚|綱久,おおつか|つなひさ,大塚綱久,,白河家,白河小峰城,,0,,0,184,40,52,32,33,27,40,,,,,,,,,25,15,19,78,29,balanced,1478,1490,1541,,,,,,,,,78,0,213,,95,0,,,,,,
1078016,3923,白河結城家,大塚|国久,おおつか|くにひさ,大塚国久,,白河家,白河小峰城,,0,,0,188,38,28,42,41,39,40,,,,,,,,,27,18,47,53,24,balanced,1501,1513,1562,,,,,,,,,78,0,213,,95,0,,,,,,
1078017,3924,白河結城家,大塚|為久,おおつか|ためひさ,大塚為久,,白河家,白河小峰城,,0,,0,204,44,48,36,37,39,43,,,,,,,,,29,21,43,61,24,balanced,1538,1550,1578,true,,,,,,,,78,0,213,,95,0,,,,,,
1078018,3925,白河結城家,河東田|重治,かとだ|しげはる,河東田重治,,白河家,白河小峰城,,0,,0,218,30,36,56,52,44,45,,,,,,,,,29,21,25,57,30,conservative,1518,1530,1567,,,,,,,,,78,0,213,,95,0,,,,,,
1078019,3926,白河結城家,河東田|清重,かとうだ|きよしげ,河東田清重,,白河家,白河小峰城,白河結城家臣。天王館主。赤舘奪回では白河勢が天王館に集結し、夜討ちで佐竹方から奪取。のちに佐竹氏の攻撃で館を失い、白河領没収後は結城義親に従い伊達家臣となった。,80,,0,311,54,63,68,66,60,61,D,,,,,,,,34,28,27,72,20,aggressive,1542,1554,1606,,河東田重治の子,1078018,,,,,,78,0,213,,95,0,,,,,,
1078020,3927,白河結城家,河東田|親顕,かとうだ|ちかあき,河東田親顕,,白河家,白河小峰城,伊達家臣。仙台藩御船奉行。慶長遣欧使節船の建造で月浦へ駐在し、幕府船手頭・向井忠勝や秋保頼重らと造船を担った。完成した船は支倉常長らを乗せ太平洋を渡った。,77,,0,261,46,35,57,68,55,56,,,,,,,,,50,50,40,61,20,aggressive,1565,1577,1620,,河東田清重の子,1078019,,,,,,78,0,213,,95,0,,,,,,
1078021,3928,白河結城家,佐藤|忠秀,さとう|ただひで,佐藤忠秀,,白河家,白河小峰城,,0,,0,308,60,59,52,70,67,60,,,,,,,,,36,30,38,71,31,balanced,1493,1505,1579,true,,,,,,,,78,0,213,,95,0,true,,,,,
1078022,3929,白河結城家,佐藤|忠経,さとう|ただつね,佐藤忠経,,白河家,白河小峰城,,0,,0,244,38,41,49,59,57,50,,,,,,,,,32,25,21,65,21,balanced,1527,1539,1598,,佐藤忠秀の子。白河→伊達,1078021,,,,,,78,0,213,,95,0,,,,,,
1078023,3930,白河結城家,新小萱|篤綱,にこがや|あつつな,新小萱篤綱,,白河家,白河小峰城,,0,,0,204,55,54,33,34,28,45,,,,,,,,,29,21,38,82,34,aggressive,1512,1524,1560,true,,,,,,,,78,0,213,,95,0,,,,,,
1078024,3931,白河結城家,斑目|某,まだらめ|なにがし,斑目某,,白河家,白河小峰城,,0,,0,0,0,0,0,0,0,0,,,,,,,,,0,0,0,0,31,hermit,1490,9999,1540,,,,,,,,,78,0,213,,95,0,,,,,,
1078025,3932,白河結城家,斑目|広綱,まだらめ|ひろつな,斑目広綱,,白河家,白河小峰城,,0,,0,243,55,63,42,39,44,52,,,,,,,,,38,33,38,72,21,balanced,1521,1533,1576,true,斑目某の子,1078024,,,,,,78,0,213,,95,0,,,,,,
1078026,3933,白河結城家,斑目|広基,まだらめ|ひろもと,斑目広基,,白河家,白河小峰城,,0,,0,258,53,71,57,33,44,51,,,,,,,,,38,33,54,78,20,aggressive,1523,1535,1576,true,斑目某の子,1078024,,,,,,78,0,213,,95,0,,,,,,
1078027,3934,白河結城家,和知|直頼,わち|なおより,和知直頼,,白河家,白河小峰城,,0,,0,246,30,31,62,64,59,49,,,,,,,,,29,21,45,57,19,hermit,1496,1508,1562,,,,,,,,,78,0,213,,95,0,,,,,,
1054001,3935,龍造寺家,龍造寺|康家,りゅうぞうじ|やすいえ,龍造寺康家,,龍造寺家,佐嘉城,,0,,0,0,0,0,0,0,0,0,,,,,,,,,0,0,0,0,61,hermit,1420,9999,1470,,14代,,,,,,,54,0,152,,95,0,,,,,,
1054002,3936,龍造寺家,龍造寺|家和,りゅうぞうじ|いえかず,龍造寺家和,,龍造寺家,佐嘉城,,0,,0,0,0,0,0,0,0,0,,,,,,,,,0,0,0,0,61,hermit,1445,9999,1528,,龍造寺康家の次男。15/17代,1054001,,,,,,54,0,152,,95,0,,,,,,
1054003,3937,龍造寺家,龍造寺|胤和,りゅうぞうじ|たねかず,龍造寺胤和,,龍造寺家,佐嘉城,,0,,0,0,0,0,0,0,0,0,,,,,,,,,0,0,0,0,61,hermit,1495,9999,1525,,龍造寺家和の子。16代,1054002,,,,,,54,0,152,,95,0,,,,,,
1054004,3938,龍造寺家,龍造寺|胤久,りゅうぞうじ|たねひさ,龍造寺胤久,,龍造寺家,佐嘉城,,0,,0,0,0,0,0,0,0,0,,,,,,,,,0,0,0,0,62,hermit,1500,9999,1539,,龍造寺家和の子。18代,1054002,,,,,,54,0,152,,95,0,,,,,,
1054005,3939,龍造寺家,龍造寺|胤栄,りゅうぞうじ|たねみつ,龍造寺胤栄,,龍造寺家,佐嘉城,,0,,0,207,20,12,63,60,52,60,,,,,,,,,71,80,41,40,62,conservative,1524,1536,1548,,龍造寺胤久の子。19代,1054004,,,,,,54,0,152,,95,0,,,,,,
1054006,3940,龍造寺家,龍造寺|家就,りゅうぞうじ|いえなり,龍造寺家就,1589:0|夢菴:0|むあん,龍造寺家,佐嘉城,,0,,0,255,54,53,53,48,47,50,D,D,,D,,,,,71,80,52,55,57,balanced,1528,1540,1597,,龍造寺胤久の子,1054004,,,,,,54,0,152,,95,300,,,,,,
1054007,3941,龍造寺家,龍造寺|家兼,りゅうぞうじ|いえかね,龍造寺家兼,,龍造寺家,佐嘉城,肥前龍造寺氏の一族。水ヶ江城を築き、田手畷で大内軍を退けるなど戦乱を勝ち抜いた。一族の多くを失うと筑後へ逃れたが帰還し、曾孫・隆信を後継に据え再興の礎を築いた。,80,,0,384,82,60,76,81,85,62,C,D,,,,,,,61,65,51,50,62,balanced,1454,1466,1546,,龍造寺康家の五男,1054001,,,,,,54,0,152,,95,0,,,,,,
1054008,3942,龍造寺家,龍造寺|家純,りゅうぞうじ|いえずみ,龍造寺家純,,龍造寺家,佐嘉城,龍造寺一門。家兼の子。父から水ヶ江家の継承を求められたが固辞し、弟・家門が継いだ。水ヶ江館に住み、馬場頼周の策謀による川上・祇園原の戦いで一門とともに討死した。,80,,0,262,64,60,53,45,40,64,,D,,,,,,,64,70,41,67,59,aggressive,1479,1491,1545,true,龍造寺家兼の子,1054007,,,,,,54,0,152,,95,0,,,,,,
1054009,3943,龍造寺家,龍造寺|周家,りゅうぞうじ|ちかいえ,龍造寺周家,,龍造寺家,佐嘉城,,0,,0,248,60,55,49,43,41,59,,,,,,,,,68,75,38,72,59,aggressive,1504,1516,1545,true,龍造寺家純の子、龍造寺家門の養子,1054008,1054017,,,,,54,0,152,,95,0,,,,,,
1054010,3944,龍造寺家,龍造寺|隆信,りゅうぞうじ|たかのぶ,龍造寺隆信,,龍造寺家,佐嘉城,龍造寺氏当主。一時筑後へ逃れるが佐賀へ帰還し勢力を回復、少弐氏を滅ぼす。大友氏を退け肥前を平定し、五州二島に勢力を広げたが沖田畷で島津・有馬連合軍に敗死した。,79,,0,398,85,89,64,76,84,72,B,,C,C,,,,,75,85,81,15,62,balanced,1529,1541,1584,true,龍造寺周家の子。20代,1054009,,,,,,54,0,152,佐嘉城主,100,1500,,,ryuuzouji_takanobu.webp,,,
1054011,3945,龍造寺家,龍造寺|政家,りゅうぞうじ|まさいえ,龍造寺政家,,龍造寺家,佐嘉城,,0,,0,190,51,47,36,27,29,30,D,,D,,,,,,71,80,52,55,62,conservative,1556,1568,1607,,龍造寺隆信の子。21代,1054010,,,,,,54,0,152,,95,300,,,,,,
1054012,3946,龍造寺家,龍造寺|高房,りゅうぞうじ|たかふさ,龍造寺高房,,龍造寺家,佐嘉城,龍造寺氏22代当主。政家の子。龍造寺家を相続し、秀吉の朱印状で知行を定められた。実権を鍋島氏が握る中で江戸に奉公したが、支配回復を望み自害を図りのち死去した。,78,,0,284,67,69,53,51,44,63,,D,,,,,,,71,80,69,48,62,aggressive,1586,1598,1607,true,龍造寺政家の子。22代,1054011,,,,,,54,0,152,,95,0,,,,,,
1054013,3947,龍造寺家,江上|家種,えがみ|いえたね,江上家種,,龍造寺家,佐嘉城,,0,,0,213,73,70,24,21,25,54,,,D,D,,,,,71,80,43,67,69,aggressive,1558,1570,1593,,龍造寺隆信の子、江上武種の養子。別名：龍造寺家種,1054010,1218006,,,,,54,0,152,,95,0,,,,,,
1054014,3948,諸：後藤家,後藤|家信,ごとう|いえのぶ,後藤家信,,後藤家,須古城,龍造寺隆信の三男。後藤貴明の養子となり武雄後藤家を継ぐ。のち鍋島氏の傘下に入り、住吉城から武雄城へ本拠を移して寺院を城下へ集め、武雄領支配の基礎を整えた。,77,,0,267,61,62,39,44,61,64,D,,,,,,,,64,70,42,65,46,balanced,1563,1575,1622,,龍造寺隆信の子、大村佐純の養子。別名：龍造寺家信,1054010,1057012,,,,,0,49,154,,50,0,,,,,,
1054015,3949,龍造寺家,龍造寺|信周,りゅうぞうじ|のぶちか,龍造寺信周,,龍造寺家,佐嘉城,龍造寺家臣。周家の子で隆信の異母弟。隆信の戦死後、柳川に籠った鍋島直茂へ佐賀帰還を説得し、一門と起請文を差し出して国政を委ねた。のち須古鍋島家の祖となった。,78,,0,268,53,51,55,55,54,45,,,,D,,,,,71,80,47,61,62,balanced,1532,1544,1608,,龍造寺周家の子,1054009,,,,,,54,0,152,,95,300,,,,,,
1054016,3950,龍造寺家,龍造寺|長信,りゅうぞうじ|ながのぶ,龍造寺長信,,龍造寺家,佐嘉城,龍造寺家臣。龍造寺周家の子で隆信の弟。梶峰城攻略に参加して前多久氏を追放し、戦功により多久領を与えられた。梶峰城を拠点として多久を治め、後多久氏の祖となった。,79,,0,271,51,52,59,56,53,44,D,,D,D,,,,,71,80,47,61,62,balanced,1538,1550,1613,,龍造寺周家の子,1054009,,,,,,54,0,152,,95,300,,,,,,
1054017,3951,龍造寺家,龍造寺|家門,りゅうぞうじ|いえかど,龍造寺家門,,龍造寺家,佐嘉城,,0,,0,0,0,0,0,0,0,0,,,,,,,,,0,0,0,0,64,hermit,1485,9999,1545,,龍造寺家兼の子,1054007,,,,,,54,0,152,,95,0,,,,,,
1054018,3952,龍造寺家,龍造寺|鑑兼,りゅうぞうじ|あきかね,龍造寺鑑兼,,龍造寺家,佐嘉城,,0,,0,244,60,55,44,45,40,62,,,,,,,,,71,80,60,29,64,balanced,1542,1554,1607,,龍造寺家門の子,1054017,,,,,,54,0,152,,95,0,,,,,,
1054019,3953,龍造寺家,龍造寺|家晴,りゅうぞうじ|いえはる,龍造寺家晴,1587:諫早|0:いさはや|0,龍造寺家,佐嘉城,龍造寺家臣。龍造寺鑑兼の子。柳川城を守り、戸次道雪・高橋紹運の攻撃を退けた。九州平定後は伊佐早二万二千石を得て西郷氏を破り入部。のち諫早家の祖となった。,76,,0,251,52,55,46,47,51,56,D,,D,,,,,,71,80,59,44,64,aggressive,1547,1559,1613,,龍造寺鑑兼の子,1054018,,,,,,54,0,152,,95,0,,,,,,
1054020,3954,龍造寺家,龍造寺|直孝,りゅうぞうじ|なおたか,龍造寺直孝,1587:諫早|0:いさはや|0,龍造寺家,佐嘉城,,0,,0,209,41,43,42,47,36,54,,,,,,,,,71,80,43,53,64,balanced,1574,1586,1635,,龍造寺家晴の子,1054019,,,,,,54,0,152,,95,0,,,,,,
1054021,3955,石井家,石井|忠義,いしい|ただよし,石井忠義,,龍造寺家,佐嘉城,,0,,0,0,0,0,0,0,0,0,,,,,,,,,0,0,0,0,64,hermit,1450,9999,1500,,,,,,,,,54,0,152,,95,0,,,,,,
1054022,3956,石井長男家,石井|忠清,いしい|ただきよ,石井忠清,,龍造寺家,佐嘉城,龍造寺家臣。飯盛城主。石井忠義の子。もとは九州千葉氏に仕え、のち龍造寺家兼を支えた。田手畷の戦いでは鍋島清久・清房らと大内勢を破り、龍造寺氏の伸長を助けた。,78,,0,285,64,62,54,49,56,56,D,,,,,,,,50,50,27,65,63,balanced,1482,1494,1553,,石井忠義の子,1054021,,,,,,54,0,152,,95,0,,,,,,
1054023,3957,石井長男家,石井|常延,いしい|つねのぶ,石井常延,,龍造寺家,佐嘉城,龍造寺家臣。肥前石井氏当主。忠清の子。佐賀南部を拠点に家兼・隆信に仕えた。娘の彦鶴姫は鍋島直茂の正室となり、石井氏と鍋島氏の結びつきを強めた。菩提寺は常照院。,79,,0,339,71,61,69,66,72,60,,,,D,,,,,55,57,45,70,63,balanced,1503,1515,1581,,石井忠清の子,1054022,,,,,,54,0,152,,95,100,true,,,,,
1054024,3958,石井長男家,石井|常忠,いしい|つねただ,石井常忠,,龍造寺家,佐嘉城,,0,,0,251,49,74,32,43,53,62,,,,D,,,,,58,61,26,84,63,aggressive,1527,1539,1583,,石井常延の子,1054023,,,,,,54,0,152,,95,0,,,,,,
1054025,3959,石井長男家,石井|信易,いしい|のぶやす,石井信易,,龍造寺家,佐嘉城,,0,,0,223,46,55,39,44,39,64,,,,,,,,,60,64,50,80,63,balanced,1549,1561,1584,true,石井常忠の子,1054024,,,,,,54,0,152,,95,0,,,,,,
1054026,3960,石井長男家,石井|信忠,いしい|のぶただ,石井信忠,,龍造寺家,佐嘉城,龍造寺家臣。石井常忠の子。石井賢次の娘婿。隆信の近臣として須古に仕え、蒲池鎮漣誅殺にも関与した。沖田畷の戦いでは隆信に従って戦い、主君を守る中で討死した。,77,,0,289,62,69,52,41,65,55,D,,,,,,,,60,64,47,85,64,balanced,1555,1567,1584,true,石井常忠の子、石井賢次の娘婿,1054024,1054027,,,,,54,0,152,,95,0,,,,,,
1054027,3961,石井長男家,石井|賢次,いしい|ともつぐ,石井賢次,,龍造寺家,佐嘉城,,0,,0,225,43,44,50,49,39,54,,,,,,,,,60,64,31,78,61,balanced,1529,1541,1582,true,石井常延の子,1054023,,,,,,54,0,152,,95,0,,,,,,
1054028,3962,石井長男家,石井|茂成,いしい|しげなり,石井茂成,,龍造寺家,佐嘉城,龍造寺・鍋島家臣。石井賢次の子。龍造寺氏の衰退後は鍋島直茂・勝茂に仕え、朝鮮出兵に従軍した。佐賀藩では修理亮を称して千二百五十石を領し、藩政初期を支えた。,77,,0,274,61,58,52,48,55,58,,,,,,,,,64,70,46,60,61,balanced,1556,1568,1634,,石井賢次の子,1054027,,,,,,54,0,152,,95,0,,,,,,
1054029,3963,石井長男家,石井|忠信,いしい|ただのぶ,石井忠信,,龍造寺家,佐嘉城,,0,,0,223,49,57,37,39,41,62,,,,,,,,,64,70,49,55,65,balanced,1515,1527,1587,,石井忠清の子,1054022,,,,,,54,0,152,,95,0,,,,,,
1054030,3964,石井長男家,石井|忠時,いしい|ただとき,石井忠時,,龍造寺家,佐嘉城,,0,,0,222,45,40,50,41,46,53,,,,,,,,,67,74,53,51,65,conservative,1536,1548,1601,,石井忠信の子,1054029,,,,,,54,0,152,,95,0,,,,,,
1054031,3965,石井次男家,石井|忠繁,いしい|ただしげ,石井忠繁,,龍造寺家,佐嘉城,,0,,0,238,48,56,44,43,47,55,,,,,,,,,49,49,26,66,58,balanced,1484,1496,1550,,石井忠義の子,1054021,,,,,,54,0,152,,95,0,,,,,,
1054032,3966,石井次男家,石井|忠次,いしい|ただつぐ,石井忠次,,龍造寺家,佐嘉城,,0,,0,195,38,69,26,24,38,60,,,,,,,,,64,70,26,88,58,aggressive,1511,1523,1565,true,石井忠繁の子,1054031,,,,,,54,0,152,,95,0,,,,,,
1054033,3967,石井次男家,石井|信忠,いしい|のぶただ,石井信忠(安芸守),,龍造寺家,佐嘉城,,0,,0,249,50,62,50,42,45,59,,,,,,,,,64,70,32,79,58,balanced,1543,1555,1584,true,石井忠次の子,1054032,,,,,,54,0,152,,95,0,,,,,,
1054034,3968,石井次男家,鍋島|茂里,なべしま|しげさと,鍋島茂里,,龍造寺家,佐嘉城,龍造寺家臣。石井信忠の子。鍋島直茂の養子。直茂に男子がなく後嗣とされたが、勝茂誕生後に家督を辞した。鍋島姓を保って別家を立て、横岳鍋島家の祖となった。,75,,0,340,71,72,65,67,65,62,D,,,D,,,,,75,86,47,61,58,conservative,1569,1581,1610,,石井信忠(安芸守)の子、鍋島直茂の養子,1054033,1054504,,,,,54,0,152,,95,0,,,,,,
1054035,3969,石井次男家,深堀|茂賢,ふかぼり|しげかた,深堀茂賢,,龍造寺家,佐嘉城,龍造寺・鍋島家臣。石井信忠の次男。父の死後、母の再嫁で深堀純賢の養子となり名跡を継いだ。朝鮮出兵や柳川攻めに従い、深堀六千石の邑主となる。島原の乱にも出陣した。,80,,0,256,66,75,31,36,48,61,D,,,D,,,,,74,84,42,70,57,aggressive,1571,1583,1645,,石井信忠(安芸守)の子、深堀純賢の養子,1054033,1057018,,,,,54,0,152,,95,0,,,,,,
1054036,3970,龍造寺家,上瀧|信重,うわたき|のぶしげ,上瀧信重,,龍造寺家,佐嘉城,,0,,0,217,59,75,23,19,41,59,,D,,,,,,,50,50,28,78,62,aggressive,1519,1531,1588,,,,,,,,,54,0,152,,95,0,,,,,,
1054037,3971,龍造寺家,江里口|信常,えりぐち|のぶつね,江里口信常,,龍造寺家,佐嘉城,龍造寺家臣。「龍造寺四天王」の一人。隆信の勢力拡大を軍事面から支え、肥前から筑後へ進出する主家に従った。沖田畷の戦いにも出陣し、龍造寺軍が大敗する中で討死した。,80,,0,266,73,79,24,29,61,49,C,,,D,,,,,71,80,43,67,62,aggressive,1548,1560,1584,true,,,,,,,,54,0,152,,95,300,,,,,,
1054038,3972,龍造寺家,円城寺|信胤,えんじょうじ|のぶたね,円城寺信胤,,龍造寺家,佐嘉城,,0,,0,243,69,70,28,31,45,44,,B,,,,,,,71,80,47,61,62,aggressive,1541,1553,1584,true,,,,,,,,54,0,152,,95,300,,,,,,
1054039,3973,龍造寺家,小河|信安,おがわ|のぶやす,小河信安,,龍造寺家,佐嘉城,龍造寺家臣。家老・執権。隆信を支えて神代勝利との抗争にあたり、春日山城の城兵を失うと仇討ちに出陣した。山内で勝利本人と遭遇して一騎討ちとなり、討死した。,76,,0,342,72,54,73,73,70,63,D,,C,,,,,,64,70,29,84,65,balanced,1508,1520,1557,,,,,,,,,54,0,152,,95,0,,,,,,
1054040,3974,龍造寺家,成松|信勝,なりまつ|のぶかつ,成松信勝,,龍造寺家,佐嘉城,龍造寺家臣。龍造寺四天王の一人。今山合戦で大友方総大将・大友親貞を討ち取り危機を救った。隆信に従い転戦したが、沖田畷の戦いで主君や他の四天王とともに討死した。,79,,0,272,72,73,32,40,55,59,,,B,,,,,,71,80,35,78,62,balanced,1540,1552,1584,true,,,,,,,,54,0,152,,95,500,,,,,,
1054041,3975,龍造寺家,納富|栄房,のうとみ|みつふさ,納富栄房,,龍造寺家,佐嘉城,,0,,0,0,0,0,0,0,0,0,,,,,,,,,0,0,0,0,64,hermit,1500,9999,1550,,,,,,,,,54,0,152,,95,0,,,,,,
1054042,3976,龍造寺家,納富|信景,のうとみ|のぶかげ,納富信景,,龍造寺家,佐嘉城,龍造寺家臣。隆信を支えた重臣。神代勝利との河上合戦では南大門口の大将として兵を率いた。大友軍の佐嘉侵攻時には川上口を守り、鍋島信昌らと敵陣へ攻め出て抗戦した。,79,,0,329,69,59,68,68,65,65,,,D,,,,,,64,70,37,72,64,balanced,1529,1541,1585,,納富栄房の子,1054041,,,,,,54,0,152,,95,0,,,,,,
1054043,3977,龍造寺家,納富|信純,のうとみ|のぶずみ,納富信純,,龍造寺家,佐嘉城,,0,,0,245,47,60,49,50,39,62,,,,,,,,,69,77,42,68,63,aggressive,1537,1549,1566,true,納富栄房の子,1054041,,,23,,,54,0,152,,95,0,,,,,,
1054044,3978,龍造寺家,納富|家理,のうとみ|いえあき,納富家理,,龍造寺家,佐嘉城,龍造寺家臣。隆信に重用され、筑前荒平城攻めで先陣を務めた。のちに小河信俊・土肥信安と三老臣として起請文を連署。沖田畷でも先陣を率い、島津・有馬勢と戦死した。,78,,0,283,65,66,51,49,52,57,D,,,,,,,,74,84,25,94,63,aggressive,1556,1568,1584,true,納富信純の子,1054043,,23,,,,54,0,152,,95,0,,,,,,
1054045,3979,龍造寺家,百武|賢兼,ひゃくたけ|ともかね,百武賢兼,,龍造寺家,佐嘉城,,0,,0,244,72,78,30,28,36,40,C,,,,,,,,71,80,47,61,62,aggressive,1538,1550,1584,true,,,,,,,,54,0,152,,95,500,,,,,,
1054046,3980,龍造寺家,八戸|宗暘,やえ|むねてる,八戸宗暘,,龍造寺家,佐嘉城,,0,,0,252,58,66,30,53,45,56,,,,,,,,,30,22,77,26,57,aggressive,1512,1524,1570,true,,,,,,,,54,0,152,,95,0,,,,,,
1054501,3981,鍋島家,鍋島|清久,なべしま|きよひさ,鍋島清久,,龍造寺家,佐嘉城,肥前国衆。鍋島清房の父。龍造寺家兼と田手畷で大内軍を退け、少弐方の勝利に貢献した。この戦功で鍋島氏は戦国の表舞台へ進出し、龍造寺氏との結びつきを深めた。,76,,0,299,70,70,44,52,63,68,D,,,D,,,,,68,75,26,90,58,aggressive,1490,1502,1544,,,,,,,,,54,0,152,,95,0,,,,,,
1054502,3982,鍋島家,鍋島|清房,なべしま|きよふさ,鍋島清房,,龍造寺家,佐嘉城,龍造寺家臣。鍋島清久の子。田手畷の戦いでは父らと赤熊を着け、祭礼に見せて敵陣へ突入し戦功を挙げた。龍造寺家兼の孫娘を妻とし、鍋島直茂をもうけた。高伝寺を開基。,79,,0,270,52,59,50,53,56,50,,D,,B,,,,,64,70,45,61,58,balanced,1512,1524,1585,,鍋島清久の子。庶子,1054501,,,,,,54,0,152,,95,0,,,,,,
1054503,3983,鍋島家,鍋島|信房,なべしま|のぶふさ,鍋島信房,,龍造寺家,佐嘉城,龍造寺家臣。鍋島清房の子。大友軍の佐賀侵攻では佐賀城東口を守り、隆信が藤津へ進出すると鹿島に置かれ有馬氏を警戒した。高伝寺を創建し、子の直茂へ鍋島氏をつないだ。,80,,0,292,59,52,66,54,61,61,,,,,,,,,57,60,37,68,56,conservative,1529,1541,1609,,鍋島清房の子,1054502,,,,,,54,0,152,,95,0,,,,,,
1054504,3984,鍋島家,鍋島|直茂,なべしま|なおしげ,鍋島直茂,,龍造寺家,佐嘉城,龍造寺家臣。鍋島清房の子。今山の戦いで大友方を奇襲し勝利に貢献。沖田畷で隆信が戦死すると実権を握る。豊臣政権の承認を得て龍造寺氏から鍋島氏への移行を進めた。,78,,0,417,85,79,81,87,85,84,,B,B,D,,,C,,75,85,69,32,58,balanced,1538,1550,1618,,鍋島清房の子,1054502,,,23,,,54,0,152,,95,100,,,,,,
1054505,3985,鍋島家,鍋島|勝茂,なべしま|かつしげ,鍋島勝茂,,龍造寺家,佐嘉城,鍋島氏当主。直茂の子。関ヶ原では西軍に属したが、立花宗茂を攻めて徳川家康に帰順。龍造寺氏断絶後に佐賀藩主となり、検地や家臣団再編を進め支配体制を整えた。,76,,0,319,63,61,71,66,58,64,C,D,C,D,,,,,75,85,56,50,58,balanced,1580,1592,1657,,鍋島直茂の子,1054504,,23,,,,54,0,152,,95,0,,,,,,
1054506,3986,鍋島家,鍋島|忠茂,なべしま|ただしげ,鍋島忠茂,,龍造寺家,佐嘉城,鍋島直茂の次男。父と朝鮮に渡って転戦し、のち徳川秀忠の近習となり下総矢作五千石を得た。兄・勝茂から鹿島二万石を分与され鹿島藩の祖となる。大坂冬の陣で病み没した。,80,,0,280,57,48,63,59,53,60,,,,,,,,,75,86,38,76,60,conservative,1584,1596,1624,,鍋島直茂の子,1054504,,23,,,,54,0,152,,95,0,,,,,,
1054507,3987,鍋島家,小河|信俊,おがわ|のぶとし,小河信俊,,龍造寺家,佐嘉城,龍造寺家臣。鍋島清房の子。小河信安の養子となり名跡を継ぐ。隆信の各地攻略に従い、政家の代には宿老を務めた。沖田畷では先手を率い、島津・有馬勢と戦って討死した。,79,,0,284,58,51,61,60,54,60,,,,,,,,,55,57,42,61,55,balanced,1541,1553,1584,true,鍋島清房の子、小河信安の養子,1054502,1054039,,,,,54,0,152,,95,0,,,,,,
1054508,3988,鍋島家,神代|家良,くましろ|いえよし,神代家良,,大友家,柳川城,,0,,0,202,28,22,61,40,51,57,,,,,,,,,52,53,26,67,32,conservative,1567,1579,1629,,小河信俊の子、神代長良の養子。大友→1571龍造寺,1054507,1218009,,,,,53,0,150,,90,0,,,,,,
1054513,3989,鍋島家,木下|昌直,きのした|まさなお,木下昌直,,龍造寺家,佐嘉城,龍造寺家臣。鍋島直茂の麾下。梶峰城で敵将を討ち、梅尾城では小代親忠の降伏を仲介した。沖田畷では隆信の戦死を直茂へ報じて殿を務め、生還後は朝鮮出兵にも従軍した。,79,,0,256,71,69,31,36,49,58,,,D,D,,,,,64,70,53,50,62,balanced,1524,1536,1610,,,,,,,,,54,0,152,,95,500,,,,,,
1054514,3990,鍋島家,成富|信種,なりとみ|のぶたね,成富信種,,龍造寺家,佐嘉城,龍造寺家臣。隆信に仕えた勇将。筑後・肥後に所領を持ち、晩年には政家から子女への所領譲与を認められた。肥後内田や筑後徳益などを分与し、家産の継承を整えた。,76,,0,337,68,72,71,62,64,58,,D,,D,,,,,50,50,34,70,60,balanced,1509,1521,1584,,,,,,,,,54,0,152,,95,0,,,,,,
1054515,3991,鍋島家,成富|茂安,なりとみ|しげやす,成富茂安,1583:0|常三:0|じょうさん,龍造寺家,佐嘉城,龍造寺・鍋島氏に仕え、朝鮮出兵などで活躍。佐賀藩の治水・利水を担い、石井樋・千栗土居・市ノ江川を整備。巨勢野の新田開発も進め、佐賀平野の水利の基礎を築いた。,78,,0,332,51,53,85,76,67,61,,D,D,D,,,,,71,80,55,50,60,balanced,1560,1572,1634,,成富信種の子,1054514,,,,,,54,0,152,,95,0,,,,,,
1018001,3992,六角家,六角|高頼,ろっかく|たかより,六角高頼,,六角家,観音寺城,,0,,0,0,0,0,0,0,0,0,,,,,,,,,0,0,0,0,64,hermit,1470,9999,1520,,,,,,,,,18,0,35,,100,0,,,,,,
1018002,3993,六角家,六角|定頼,ろっかく|さだより,六角定頼,,六角家,観音寺城,南近江六角氏当主。足利義晴を支えて幕政に関与し、浅井氏を破って領国を安定させた。奉行人体制を整えて家臣団を統制し、観音寺城下の石寺新市では楽市が行われた。,77,,0,398,81,58,92,92,75,71,C,,D,B,,,,,47,45,46,50,33,conservative,1495,1507,1552,,六角高頼の子。足利→六角,1018001,,,,,,18,0,35,,100,0,,,,,,
1018003,3994,六角家,六角|義賢,ろっかく|よしかた,六角義賢,1558:六角|承禎:ろっかく|じょうてい,六角家,観音寺城,六角氏当主。父・定頼の死後に南近江を治め、のち家督を子の義治に譲った。織田信長の上洛を阻んで観音寺城を退き、甲賀へ逃亡。その後も反信長勢力と連携して抗戦した。,79,,0,282,62,66,47,63,44,62,,,,S,,,,,29,21,17,55,33,balanced,1521,1533,1598,,六角定頼の子。別名：六角承禎,1018002,,,,,,18,0,35,観音寺城主,100,1500,,,rokkaku_yoshikata.webp,,,
1018004,3995,六角家,六角|義弼,ろっかく|よしすけ,六角義弼,1563:六角|義治:ろっかく|よしはる,六角家,観音寺城,六角義賢の子。家督を継ぐも後藤賢豊父子を観音寺城内で謀殺し、観音寺騒動を招いて家臣団が離反。父と六角氏式目を制定したが、信長の侵攻で観音寺城を捨て流浪した。,78,,0,202,42,59,30,38,33,42,,,,A,,,,,29,21,54,45,33,aggressive,1545,1557,1612,,六角義賢の子。別名：六角義治,1018003,,,,,,18,0,35,,100,700,,,,,,
1018005,3996,六角家,六角|義定,ろっかく|よしはる,六角義定,,六角家,観音寺城,,0,,0,248,46,59,40,60,43,56,,,,,,,,,22,11,28,43,34,conservative,1547,1559,1620,,六角義賢の子。六角義治敗北後六角当主。六角→武田,1018003,,,,,,18,0,35,,100,0,,,,,,
1018006,3997,六角家,六角|高賢,ろっかく|たかかた,六角高賢,,六角家,観音寺城,,0,,0,206,48,47,37,35,39,52,,,,,,,,,25,15,33,58,34,balanced,1566,1578,1612,,六角義定の子,1018005,,,,,,18,0,35,,100,0,,,,,,
1018007,3998,六角家,六角|定治,ろっかく|さだはる,六角定治,,六角家,観音寺城,,0,,0,233,47,31,58,54,43,57,,,,,,,,,27,18,30,64,33,balanced,1591,1603,1656,,六角高賢の子、六角義弼の婿養子。六角→浪人→1614豊臣秀頼（大坂夏の陣）→前田利常,1018006,1018004,,,,,18,0,35,,100,0,,,,,,
1018008,3999,六角家,梅戸|高実,うめづ|たかざね,梅戸高実,,六角家,亀山城,,0,,0,248,51,42,44,58,53,46,,,,,,,,,18,5,40,73,36,balanced,1502,1514,1575,true,六角高頼の子,1018001,,,,,,18,0,77,,100,200,,true,,,,
1018009,4000,六角家,梅戸|実秀,うめづ|さねひで,梅戸実秀,,六角家,亀山城,,0,,0,225,45,51,45,40,44,45,,,,,,,,,22,11,20,75,36,balanced,1537,1549,1568,true,梅戸高実の子,1018008,,,,,,18,0,77,亀山城主,100,500,,,,,,
1018010,4001,蒲生党,岡|定俊,おか|さだとし,岡定俊,,六角家,日野城,蒲生家臣。岡左内。秀行の奉行人として領内の相論を裁許した。秀行の宇都宮移封後は上杉景勝に仕え、宮代合戦で伊達勢と戦う。秀行の会津復帰後は蒲生家へ戻った。,76,,0,350,67,70,72,72,69,66,D,,,,,,,,36,30,39,55,8,aggressive,1567,1579,1622,,蒲生→上杉,,,,,,,18,0,40,,95,0,,,,,,
1018011,4002,蒲生党,蒲生|定秀,がもう|さだひで,蒲生定秀,,六角家,日野城,六角家臣。近江日野城主。定頼・義賢に仕え、日野に中野城を築いて本拠を整えた。六角氏重臣として軍事を担い、子の賢秀とともに主家を支え、蒲生氏の地位を高めた。,77,,0,351,70,68,74,67,72,65,D,,,B,,,,謀将,36,30,30,50,7,balanced,1508,1520,1579,,,,,,,,,18,0,40,,100,200,,true,,,,
1018012,4003,蒲生党,青地|茂綱,あおち|しげつな,青地茂綱,,六角家,日野城,,0,,0,216,50,57,38,34,37,52,,,,,,,,,57,60,38,67,9,aggressive,1530,1542,1570,true,蒲生定秀の子,1018011,,,,,,18,0,40,,90,0,,,,,,
1018013,4004,蒲生党,蒲生|元珍,がもう|もとよし,蒲生元珍,,六角家,日野城,,0,,0,173,28,28,36,37,44,47,,,,,,,,,64,70,37,72,9,balanced,1560,1572,1633,,青地茂綱の子,1018012,,,,,,18,0,40,,90,0,,,,,,
1018014,4005,蒲生党,蒲生|賢秀,がもう|かたひで,蒲生賢秀,,六角家,日野城,蒲生定秀の子。六角氏に仕えたのちに織田信長に降伏して日野城を安堵された。本能寺の変では信長の妻子らを日野城に保護した。,59,,0,323,62,66,62,64,69,65,,D,,B,,,,,50,50,42,58,6,conservative,1534,1546,1584,,蒲生定秀の子,1018011,,,,,,18,0,40,日野城主,90,500,,,,,,
1018015,4006,蒲生党,蒲生|賦秀,がもう|やすひで,蒲生賦秀,1585:0|氏郷:0|うじさと,六角家,日野城,蒲生賢秀の子。信長の娘婿となり、秀吉に仕え賤ヶ岳・九州・小田原を転戦。松坂城下を築き、会津92万石で若松城を近世城郭化。キリシタン大名・茶人としても知られた。,78,,0,416,88,90,86,73,79,79,D,C,,,,,,,75,85,56,50,4,balanced,1556,1568,1595,,蒲生賢秀の子。別名：蒲生氏郷,1018014,,,,,,18,0,40,,90,0,,,,,,
1018016,4007,蒲生党,蒲生|秀行,がもう|ひでゆき,蒲生秀行,,六角家,日野城,蒲生氏郷の子。父の死後に会津を継いだが家中不和で宇都宮へ減封。関ヶ原では徳川方として上杉氏に備え、その功で会津に復帰し城郭や社寺を整備した。,70,,0,258,47,46,59,57,49,55,,,,,,,,,50,50,44,55,4,conservative,1583,1595,1612,,蒲生賦秀の子,1018015,,,,,,18,0,40,,90,0,,,,,,
1018017,4008,蒲生党,蒲生|忠郷,がもう|たださと,蒲生忠郷,,六角家,日野城,会津藩主。蒲生秀行の長男。母は徳川家康の娘・振姫。十歳で家督を継ぐ。若くして嗣子なく死去し会津六十万石は収公され、弟・忠知に伊予松山など二十四万石が与えられた。,80,,0,217,44,29,53,48,43,50,,,,,,,,,50,50,35,68,4,aggressive,1602,1612,1627,,蒲生秀行の子,1018016,,,,,,18,0,40,,90,0,,,,,,
1018018,4009,蒲生党,蒲生|忠知,がもう|ただとも,蒲生忠知,,六角家,日野城,蒲生秀行の子。兄の忠郷が嗣子なく没すると家督を継ぎ、会津から伊予松山24万石へ転封。松山城二之丸を完成させたが病没し、忠知にも嗣子がなく蒲生家は断絶した。,76,,0,214,47,25,60,44,38,48,,,,,,,,,50,50,28,42,3,conservative,1604,1616,1634,,蒲生秀行の子,1018016,,,,,,18,0,40,,90,0,,,,,,
1018019,4010,六角家,後藤|賢豊,ごとう|かたとよ,後藤賢豊,,六角家,観音寺城,六角家臣。宿老として義賢・義治を支えた。義治との対立から観音寺城内で子とともに殺害され、家臣団が反発して観音寺騒動へ発展した。,63,,0,331,63,65,69,65,69,52,,,,D,,,,,36,30,18,69,19,balanced,1519,1531,1563,true,,,,,,,,18,0,35,,95,500,true,,,,,
1018020,4011,六角家,後藤|高治,ごとう|たかはる,後藤高治,,六角家,観音寺城,,0,,0,172,25,28,40,39,40,37,,,,,,,,,36,30,53,24,19,conservative,1544,1556,1589,,後藤賢豊の子。六角→織田→明智→蒲生,1018019,,,,,,18,0,35,,90,0,,,,,,
1018021,4012,六角家,駒井|重勝,こまい|しげかつ,駒井重勝,,六角家,壺笠山城,豊臣家臣。秀吉・秀次の右筆。秀次政権の文書作成と政務を担った。「駒井日記」に秀吉・秀次の動静や関係文書を詳しく記した。関ヶ原では西軍に属して所領を失った。,77,,0,299,49,35,75,73,67,62,,,,,,,,,50,50,36,67,14,balanced,1568,1580,1635,,六角→羽柴,,,,,,,18,0,27,,90,0,,,,,,
1018022,4013,六角家,進藤|貞治,しんどう|さだはる,進藤貞治,,六角家,観音寺城,六角家臣。奉行人として平井高好らと連署し、寺社領支配や訴訟処理を担った。京都では法華宗諸寺と比叡山の和睦交渉に関わり、六角定頼の京都政策を実務面から支えた。,78,,0,315,54,56,74,70,61,59,D,,,,,,,,33,26,42,50,30,hermit,1497,1509,1551,,,,,,,,,18,0,35,,95,0,,,,,,
1018023,4014,六角家,進藤|賢盛,しんどう|かたもり,進藤賢盛,,六角家,観音寺城,六角家臣。義賢の近臣。本人の書状や連署状が残り、伊崎寺会式再興の取次を命じられた。上杉景虎から定頼への贈答では自らも太刀を贈られ、家中の政務を担った。,75,,0,287,54,64,43,66,60,56,,,,,,,,,33,26,34,61,13,balanced,1525,1537,1589,,進藤貞治の子,1018022,,,,,,18,0,35,,90,500,,,,,,
1018024,4015,蒲生党,関|盛雄,せき|もりかつ,関盛雄,,六角家,亀山城,,0,,0,238,48,47,52,47,44,47,,,,,,,,,26,16,36,55,40,aggressive,1490,1502,1549,,,,,,,,,18,0,77,,95,0,,,,,,
1018025,4016,蒲生党,関|盛信,せき|もりのぶ,関盛信,,六角家,亀山城,伊勢関氏当主。亀山城主。信長の伊勢侵攻に降伏し、亀山を追われたが本能寺の変後に復帰。新所城築城や中町の町立てを進めた。秀吉に従い蒲生氏郷に属して白河へ移った。,79,,0,275,49,53,61,58,54,52,,,,D,,,,,25,15,59,66,40,balanced,1515,1527,1593,,関盛雄の子,1018024,,,,,,18,0,77,,95,200,,,,,,
1018026,4017,蒲生党,関|一政,せき|かずまさ,関一政,,六角家,亀山城,蒲生・豊臣家臣。関盛信の子。蒲生氏郷、秀吉に仕えた。関ヶ原では東軍へ転じ旧領亀山を安堵された。のち伯耆黒坂五万石へ移り城下を整備するが、内紛で改易された。,77,,0,229,43,49,42,44,51,29,,,,,,,,,26,16,39,50,40,balanced,1551,1563,1625,,関盛信の子,1018025,,,,,,18,0,77,,95,0,,,,,,
1018027,4018,六角家,関|盛吉,せき|もりよし,関盛吉,,六角家,亀山城,,0,,0,222,57,46,43,38,38,44,D,,,,,,,,26,16,43,44,97,balanced,1559,1571,1623,,関盛信の子。柴田→蒲生→関一政→土井利勝家臣,1018025,,,,,,18,0,77,,95,0,,,,,,
1018028,4019,六角家,永原|重隆,ながはら|しげたか,永原重隆,,六角家,多喜山城,六角家臣。太郎左衛門。六角定頼が足利義晴の入洛を支援した際に供奉し、山崎惣庄へ書状を送った。近衛家とも所領維持をめぐって交渉し、定頼政権の実務を担った。,76,,0,318,68,62,67,60,61,59,,,,D,,,,,24,14,22,73,28,balanced,1496,1508,1550,true,,,,,,,,18,0,246,,95,0,,,,,,
1018029,4020,六角家,永原|重興,ながはら|しげおき,永原重興,,六角家,多喜山城,,0,,0,268,55,43,61,57,52,52,,,,,,,,,28,19,27,68,28,balanced,1519,1531,1560,true,永原重隆の子,1018028,,,,,,18,0,246,多喜山城主,95,300,,,,,,
1018030,4021,六角家,永原|重虎,ながはら|しげとら,永原重虎,,六角家,多喜山城,,0,,0,228,43,37,52,50,46,48,,,,,,,,,32,25,27,71,28,balanced,1543,1555,1568,true,永原重興の子,1018029,,,,,,18,0,246,,95,0,,,,,,
1018031,4022,六角家,平井|定武,ひらい|さだたけ,平井定武,,六角家,観音寺城,六角家臣。加賀守。重臣として政務を担い、娘を浅井賢政（長政）に嫁がせて北近江への支配を固めた。浅井氏の離反で娘は離縁され、のち六角氏式目の起請文にも名を連ねた。,80,,0,299,58,46,65,71,59,59,,,,,,,,,36,30,53,63,32,balanced,1497,1509,1574,,,,,,,,,18,0,35,,95,0,,,,,,
1018032,4023,六角家,布施|公雄,ふせ|きみお,布施公雄,,六角家,観音寺城,,0,,0,236,51,40,58,40,47,47,,,,,,,,,26,16,56,55,92,balanced,1518,1530,1581,,六角→織田,,,,,,,18,0,35,,90,0,,,,,,
1018033,4024,六角家,布施|公保,ふせ|きみやす,布施公保,,六角家,観音寺城,,0,,0,243,49,56,41,46,51,50,,,,,,,,,36,30,44,48,92,balanced,1547,1559,1582,true,布施公雄の子。六角→織田→1582明智→浪人,1018032,,,,,,18,0,35,,90,0,,,,,,
1018034,4025,六角家,三雲|定持,みくも|さだもち,三雲定持,,六角家,壺笠山城,六角家臣。三雲対馬守。六角義賢の取次を務め、三好長逸宛ての書状では青地茂綱・蒲生定秀とともに名を連ねた。主家の外交や贈答の取次を担ったことが文書から確認される。,80,,0,305,46,58,68,70,63,45,,,,,,,,,18,5,44,83,29,balanced,1509,1521,1570,true,,,,,,,,18,0,27,壺笠山城主,100,300,,,,,,
1018035,4026,六角家,三雲|賢持,みくも|かたもち,三雲賢持,,六角家,壺笠山城,,0,,0,217,44,52,34,38,49,35,,,,,,B,,,22,11,27,77,19,balanced,1538,1550,1566,true,三雲定持の子,1018034,,,,,,18,0,27,,100,0,,,,,,
1018036,4027,六角家,三雲|賢春,みくも|かたはる,三雲賢春,,六角家,壺笠山城,,0,,0,194,41,70,11,17,55,32,,,,,,S,,,18,5,54,95,45,aggressive,1561,1573,1615,true,三雲賢持の子。猿飛佐助。六角→真田,1018035,,,,,,18,0,27,,100,0,,,,,,
1018037,4028,六角家,三雲|成持,みくも|しげもち,三雲成持,,六角家,壺笠山城,六角家臣。近江菩提寺城主。兄・賢持の死後に家を継ぎ、六角氏式目へ連署した。主家の没落後も再起を支え、近郷の土豪と菩提寺城に籠ったが佐久間信盛軍に攻め落とされた。,80,,0,246,48,35,60,53,50,46,,,,,,,,,36,30,30,71,17,balanced,1540,1552,1603,,三雲定持の子。六角→織田信雄→蒲生氏郷→徳川,1018034,,,,,,18,0,27,,100,0,,,,,,
1018038,4029,六角家,山岡|景之,やまおか|かげゆき,山岡景之,,六角家,多喜山城,近江国衆。勢多城主。六角氏綱に仕え「湖南の旗頭」として栗太・甲賀郡に広く勢力を築き、要衝・瀬田唐橋を押さえた。足利将軍家にも仕え、子らも山岡氏を支えた。,76,,0,271,68,66,42,36,59,58,D,,,,,,,,36,30,52,65,28,aggressive,1494,1506,1556,,,,,,,,,18,0,246,,95,200,,,,,,
1018039,4030,六角家,山岡|景隆,やまおか|かげたか,山岡景隆,,六角家,多喜山城,織田家臣。瀬田城主。六角氏から信長に従い、命を受けて瀬田橋を架けた。本能寺の変では明智光秀を阻むため橋を焼き、勧誘も拒絶。柴田勝家への内通が露見し城を追われた。,80,,0,251,61,62,39,34,55,57,D,,,,,D,,,50,50,36,67,16,aggressive,1525,1537,1585,,山岡景之の子。六角→足利義昭→佐久間→1582柴田,1018038,,,,,,18,0,246,,95,0,,,,,,
1018040,4031,六角家,山岡|景宗,やまおか|かげむね,山岡景宗,,六角家,多喜山城,,0,,0,240,53,59,43,36,49,55,,,,,,D,,,50,50,38,63,16,balanced,1539,1551,1599,,山岡景隆の子。六角→織田→松永→1582柴田→1583羽柴,1018039,,,,,,18,0,246,,95,0,,,,,,
1018041,4032,六角家,山岡|景以,やまおか|かげもち,山岡景以,,六角家,多喜山城,豊臣・徳川家臣。山岡景隆の七男。秀次の側近となり、その自刃後は秀吉に仕えた。のち家康に属して叔父・景友の遺領を継ぎ、大坂の陣に従軍。晩年は近江水口城番を務めた。,80,,0,275,55,63,51,52,54,60,,,,,,D,,,54,56,41,76,14,balanced,1574,1586,1642,,山岡景隆の子、山岡景友の養子。羽柴秀次→秀吉→徳川,1018039,1018043,,,,,18,0,246,,95,0,,,,,,
1018042,4033,六角家,山岡|景佐,やまおか|かげすけ,山岡景佐,,六角家,多喜山城,織田家臣。近江膳所城主。山岡景之の次男。本願寺攻めに従軍し、本能寺の変では光秀の誘いを拒絶。のちに秀吉に従うが柴田勝家に内応して所領を失い、徳川家康に仕えた。,79,,0,248,48,64,41,42,53,54,,,,,,,,,48,47,26,66,18,conservative,1531,1543,1589,,山岡景之の子。六角（足利）→織田→松永→1582柴田→徳川,1018038,,,,,,18,0,246,,95,0,,,,,,
1018043,4034,六角家,山岡|景友,やまおか|かげとも,山岡景友,,六角家,多喜山城,六角家臣。瀬田城主。もとは三井寺光浄院の僧。還俗して信長に仕え、本能寺の変では勢多の船を押さえ光秀の安土入城を妨げた。のち秀吉・家康に仕え、近江九千石を領す。,79,,0,321,70,67,61,55,68,64,,,,D,,,,,46,44,43,61,14,balanced,1540,1552,1604,,山岡景之の子。六角→足利義昭→佐久間→柴田→織田信雄→羽柴→徳川,1018038,,,,,,18,0,246,,95,0,,,,,,
1018044,4035,六角家,山崎|片家,やまざき|かたいえ,山崎片家,,六角家,壺笠山城,,0,,0,222,43,45,41,43,50,21,,,,,,,,,50,50,48,50,32,balanced,1547,1559,1591,,,,,,,,,18,0,27,,95,0,,,,,,
1018045,4036,六角家,山崎|家盛,やまざき|いえもり,山崎家盛,,六角家,壺笠山城,,0,,0,215,34,40,49,46,46,49,,,,,,,,,50,50,48,50,32,balanced,1567,1579,1614,,山崎片家の子,1018044,,,,,,18,0,27,,95,0,,,,,,
1018046,4037,六角家,山崎|家治,やまざき|いえはる,山崎家治,,六角家,壺笠山城,丸亀藩初代藩主。家盛の子。若桜・成羽を経て天草富岡へ移り、島原の乱後の天草を治めた。のち西讃岐へ転封され、廃城となっていた丸亀城を再築し城下町の整備を進めた。,79,,0,288,48,47,77,55,61,68,,,,,,,,,70,79,61,41,32,conservative,1594,1606,1648,,山崎家盛の子,1018045,,,,,,18,0,27,,95,0,,,,,,
1018047,4038,六角家,山中|俊好,やまなか|としよし,山中俊好,,六角家,日野城,,0,,0,278,63,60,46,52,57,51,D,D,D,B,,C,,,19,7,36,73,28,balanced,1521,1533,1588,,,,,,,,,18,0,40,,95,300,,,,,,
1018048,4039,六角家,山中|長俊,やまなか|ながとし,山中長俊,,六角家,日野城,六角家臣。義賢に従ったのち信長・柴田勝家・丹羽長秀を経て秀吉に仕える。右筆として諸事を奉行し、北袋銀山の直領代官を務め1万石を領した。「中古日本治乱記」の著者。,80,,0,332,63,66,65,69,69,63,,,,D,,D,,,36,30,35,61,13,balanced,1547,1559,1608,,六角→柴田,,,,,,,18,0,40,,90,0,,,,,,
1018049,4040,蒲生党,横山|真令,よこやま|さねのり,横山真令,1587:蒲生|頼郷:がもう|よりさと,六角家,日野城,,0,,0,251,58,70,41,35,47,58,,D,,,,,,,64,70,34,76,18,aggressive,1550,1562,1613,,蒲生→石田。別名：蒲生頼郷、横山喜内,,,,,,,18,0,40,,90,0,,,,,,
1018050,4041,六角家,吉田|重賢,よしだ|しげかた,吉田重賢,,六角家,観音寺城,六角家臣。近江蒲生郡の佐々木氏一族。日置正次から射術を伝授され吉田流を開く。子の重政へ伝えた射法は、のち出雲派・雪荷派などに分かれ全国へ広く伝わった。,75,,0,224,50,68,29,31,46,53,,,,S,,,,,36,30,33,64,29,balanced,1463,1475,1543,,,,,,,,,18,0,35,,95,0,,,,,,
1018051,4042,六角家,吉田|重政,よしだ|しげまさ,吉田重政,,六角家,観音寺城,六角家臣。吉田重賢の子。父の吉田流を継ぐ。主君・六角義賢への秘伝伝授を拒んで朝倉氏へ身を寄せたが、六年後に帰参し義賢へ伝授。一門から出雲派・雪荷派が分立した。,79,,0,209,47,72,26,24,40,50,,,,S,,,,,36,30,39,55,29,balanced,1485,1497,1569,,,,,,,,,18,0,35,,95,0,,,,,,